symbol,nav_date,unit_nav,accumulated_nav,daily_growth_pct,subscription_status,redemption_status,source,source_priority,ingested_at_utc,published_at,available_at,availability_source,pit_verified,availability_verified,pit_usable
159501,2025-06-16,1.4789,1.4789,1.43,场内买入,场内卖出,akshare:eastmoney:fund_etf_fund_info_em,10,2026-09-08T01:23:13+00:00,,2025-06-18T23:59:59+08:00,earliest_safe_bound:first_seen_or_qdii_tplus2,False,False,True
159501,2025-06-17,1.4633,1.4633,-1.05,场内买入,场内卖出,akshare:eastmoney:fund_etf_fund_info_em,10,2026-09-08T01:23:13+00:00,,2025-06-19T23:59:59+08:00,earliest_safe_bound:first_seen_or_qdii_tplus2,False,False,True
159501,2025-06-18,1.4636,1.4636,0.02,场内买入,场内卖出,akshare:eastmoney:fund_etf_fund_info_em,10,2026-09-08T01:23:13+00:00,,2025-06-20T23:59:59+08:00,earliest_safe_bound:first_seen_or_qdii_tplus2,False,False,True
159501,2025-06-19,1.4629,1.4629,-0.05,暂停申购,暂停赎回,akshare:eastmoney:fund_etf_fund_info_em,10,2026-09-08T01:23:13+00:00,,2025-06-23T23:59:59+08:00,earliest_safe_bound:first_seen_or_qdii_tplus2,False,False,True
159501,2025-06-20,1.456,1.456,-0.47,场内买入,场内卖出,akshare:eastmoney:fund_etf_fund_info_em,10,2026-09-08T01:23:13+00:00,,2025-06-24T23:59:59+08:00,earliest_safe_bound:first_seen_or_qdii_tplus2,False,False,True
159501,2025-06-23,1.4717,1.4717,1.08,场内买入,场内卖出,akshare:eastmoney:fund_etf_fund_info_em,10,2026-09-08T01:23:13+00:00,,2025-06-25T23:59:59+08:00,earliest_safe_bound:first_seen_or_qdii_tplus2,False,False,True
159501,2025-06-24,1.493,1.493,1.45,场内买入,场内卖出,akshare:eastmoney:fund_etf_fund_info_em,10,2026-09-08T01:23:13+00:00,,2025-06-26T23:59:59+08:00,earliest_safe_bound:first_seen_or_qdii_tplus2,False,False,True
159501,2025-06-25,1.4964,1.4964,0.23,场内买入,场内卖出,akshare:eastmoney:fund_etf_fund_info_em,10,2026-09-08T01:23:13+00:00,,2025-06-27T23:59:59+08:00,earliest_safe_bound:first_seen_or_qdii_tplus2,False,False,True
159501,2025-06-26,1.5094,1.5094,0.87,场内买入,场内卖出,akshare:eastmoney:fund_etf_fund_info_em,10,2026-09-08T01:23:13+00:00,,2025-06-30T23:59:59+08:00,earliest_safe_bound:first_seen_or_qdii_tplus2,False,False,True
159501,2025-06-27,1.5154,1.5154,0.4,场内买入,场内卖出,akshare:eastmoney:fund_etf_fund_info_em,10,2026-09-08T01:23:13+00:00,,2025-07-01T23:59:59+08:00,earliest_safe_bound:first_seen_or_qdii_tplus2,False,False,True
159501,2025-06-30,1.5242,1.5242,0.58,场内买入,场内卖出,akshare:eastmoney:fund_etf_fund_info_em,10,2026-09-08T01:23:13+00:00,,2025-07-02T23:59:59+08:00,earliest_safe_bound:first_seen_or_qdii_tplus2,False,False,True
159501,2025-07-01,1.5096,1.5096,-0.96,场内买入,场内卖出,akshare:eastmoney:fund_etf_fund_info_em,10,2026-09-08T01:23:13+00:00,,2025-07-03T23:59:59+08:00,earliest_safe_bound:first_seen_or_qdii_tplus2,False,False,True
159501,2025-07-02,1.5209,1.5209,0.75,场内买入,场内卖出,akshare:eastmoney:fund_etf_fund_info_em,10,2026-09-08T01:23:13+00:00,,2025-07-04T23:59:59+08:00,earliest_safe_bound:first_seen_or_qdii_tplus2,False,False,True
159501,2025-07-03,1.5355,1.5355,0.96,场内买入,场内卖出,akshare:eastmoney:fund_etf_fund_info_em,10,2026-09-08T01:23:13+00:00,,2025-07-07T23:59:59+08:00,earliest_safe_bound:first_seen_or_qdii_tplus2,False,False,True
159501,2025-07-04,1.5358,1.5358,0.02,暂停申购,暂停赎回,akshare:eastmoney:fund_etf_fund_info_em,10,2026-09-08T01:23:13+00:00,,2025-07-08T23:59:59+08:00,earliest_safe_bound:first_seen_or_qdii_tplus2,False,False,True
159501,2025-07-07,1.5229,1.5229,-0.84,场内买入,场内卖出,akshare:eastmoney:fund_etf_fund_info_em,10,2026-09-08T01:23:13+00:00,,2025-07-09T23:59:59+08:00,earliest_safe_bound:first_seen_or_qdii_tplus2,False,False,True
159501,2025-07-08,1.5246,1.5246,0.11,场内买入,场内卖出,akshare:eastmoney:fund_etf_fund_info_em,10,2026-09-08T01:23:13+00:00,,2025-07-10T23:59:59+08:00,earliest_safe_bound:first_seen_or_qdii_tplus2,False,False,True
159501,2025-07-09,1.5356,1.5356,0.72,场内买入,场内卖出,akshare:eastmoney:fund_etf_fund_info_em,10,2026-09-08T01:23:13+00:00,,2025-07-11T23:59:59+08:00,earliest_safe_bound:first_seen_or_qdii_tplus2,False,False,True
159501,2025-07-10,1.5326,1.5326,-0.2,场内买入,场内卖出,akshare:eastmoney:fund_etf_fund_info_em,10,2026-09-08T01:23:13+00:00,,2025-07-14T23:59:59+08:00,earliest_safe_bound:first_seen_or_qdii_tplus2,False,False,True
159501,2025-07-11,1.5285,1.5285,-0.27,场内买入,场内卖出,akshare:eastmoney:fund_etf_fund_info_em,10,2026-09-08T01:23:13+00:00,,2025-07-15T23:59:59+08:00,earliest_safe_bound:first_seen_or_qdii_tplus2,False,False,True
159501,2025-07-14,1.5338,1.5338,0.35,场内买入,场内卖出,akshare:eastmoney:fund_etf_fund_info_em,10,2026-09-08T01:23:13+00:00,,2025-07-16T23:59:59+08:00,earliest_safe_bound:first_seen_or_qdii_tplus2,False,False,True
159501,2025-07-15,1.5358,1.5358,0.13,场内买入,场内卖出,akshare:eastmoney:fund_etf_fund_info_em,10,2026-09-08T01:23:13+00:00,,2025-07-17T23:59:59+08:00,earliest_safe_bound:first_seen_or_qdii_tplus2,False,False,True
159501,2025-07-16,1.5379,1.5379,0.14,场内买入,场内卖出,akshare:eastmoney:fund_etf_fund_info_em,10,2026-09-08T01:23:13+00:00,,2025-07-18T23:59:59+08:00,earliest_safe_bound:first_seen_or_qdii_tplus2,False,False,True
159501,2025-07-17,1.5479,1.5479,0.65,场内买入,场内卖出,akshare:eastmoney:fund_etf_fund_info_em,10,2026-09-08T01:23:13+00:00,,2025-07-21T23:59:59+08:00,earliest_safe_bound:first_seen_or_qdii_tplus2,False,False,True
159501,2025-07-18,1.5478,1.5478,-0.01,场内买入,场内卖出,akshare:eastmoney:fund_etf_fund_info_em,10,2026-09-08T01:23:13+00:00,,2025-07-22T23:59:59+08:00,earliest_safe_bound:first_seen_or_qdii_tplus2,False,False,True
159501,2025-07-21,1.556,1.556,0.53,场内买入,场内卖出,akshare:eastmoney:fund_etf_fund_info_em,10,2026-09-08T01:23:13+00:00,,2025-07-23T23:59:59+08:00,earliest_safe_bound:first_seen_or_qdii_tplus2,False,False,True
159501,2025-07-22,1.5468,1.5468,-0.59,场内买入,场内卖出,akshare:eastmoney:fund_etf_fund_info_em,10,2026-09-08T01:23:13+00:00,,2025-07-24T23:59:59+08:00,earliest_safe_bound:first_seen_or_qdii_tplus2,False,False,True
159501,2025-07-23,1.5524,1.5524,0.36,场内买入,场内卖出,akshare:eastmoney:fund_etf_fund_info_em,10,2026-09-08T01:23:13+00:00,,2025-07-25T23:59:59+08:00,earliest_safe_bound:first_seen_or_qdii_tplus2,False,False,True
159501,2025-07-24,1.5556,1.5556,0.21,场内买入,场内卖出,akshare:eastmoney:fund_etf_fund_info_em,10,2026-09-08T01:23:13+00:00,,2025-07-28T23:59:59+08:00,earliest_safe_bound:first_seen_or_qdii_tplus2,False,False,True
159501,2025-07-25,1.5598,1.5598,0.27,场内买入,场内卖出,akshare:eastmoney:fund_etf_fund_info_em,10,2026-09-08T01:23:13+00:00,,2025-07-29T23:59:59+08:00,earliest_safe_bound:first_seen_or_qdii_tplus2,False,False,True
159501,2025-07-28,1.5664,1.5664,0.42,场内买入,场内卖出,akshare:eastmoney:fund_etf_fund_info_em,10,2026-09-08T01:23:13+00:00,,2025-07-30T23:59:59+08:00,earliest_safe_bound:first_seen_or_qdii_tplus2,False,False,True
159501,2025-07-29,1.5642,1.5642,-0.14,场内买入,场内卖出,akshare:eastmoney:fund_etf_fund_info_em,10,2026-09-08T01:23:13+00:00,,2025-07-31T23:59:59+08:00,earliest_safe_bound:first_seen_or_qdii_tplus2,False,False,True
159501,2025-07-30,1.5651,1.5651,0.06,场内买入,场内卖出,akshare:eastmoney:fund_etf_fund_info_em,10,2026-09-08T01:23:13+00:00,,2025-08-01T23:59:59+08:00,earliest_safe_bound:first_seen_or_qdii_tplus2,False,False,True
159501,2025-07-31,1.5579,1.5579,-0.46,场内买入,场内卖出,akshare:eastmoney:fund_etf_fund_info_em,10,2026-09-08T01:23:13+00:00,,2025-08-04T23:59:59+08:00,earliest_safe_bound:first_seen_or_qdii_tplus2,False,False,True
159501,2025-08-01,1.5275,1.5275,-1.95,场内买入,场内卖出,akshare:eastmoney:fund_etf_fund_info_em,10,2026-09-08T01:23:13+00:00,,2025-08-05T23:59:59+08:00,earliest_safe_bound:first_seen_or_qdii_tplus2,False,False,True
159501,2025-08-04,1.5536,1.5536,1.71,场内买入,场内卖出,akshare:eastmoney:fund_etf_fund_info_em,10,2026-09-08T01:23:13+00:00,,2025-08-06T23:59:59+08:00,earliest_safe_bound:first_seen_or_qdii_tplus2,False,False,True
159501,2025-08-05,1.5416,1.5416,-0.77,场内买入,场内卖出,akshare:eastmoney:fund_etf_fund_info_em,10,2026-09-08T01:23:13+00:00,,2025-08-07T23:59:59+08:00,earliest_safe_bound:first_seen_or_qdii_tplus2,False,False,True
159501,2025-08-06,1.5623,1.5623,1.34,场内买入,场内卖出,akshare:eastmoney:fund_etf_fund_info_em,10,2026-09-08T01:23:13+00:00,,2025-08-08T23:59:59+08:00,earliest_safe_bound:first_seen_or_qdii_tplus2,False,False,True
159501,2025-08-07,1.5659,1.5659,0.23,场内买入,场内卖出,akshare:eastmoney:fund_etf_fund_info_em,10,2026-09-08T01:23:13+00:00,,2025-08-11T23:59:59+08:00,earliest_safe_bound:first_seen_or_qdii_tplus2,False,False,True
159501,2025-08-08,1.5816,1.5816,1.0,场内买入,场内卖出,akshare:eastmoney:fund_etf_fund_info_em,10,2026-09-08T01:23:13+00:00,,2025-08-12T23:59:59+08:00,earliest_safe_bound:first_seen_or_qdii_tplus2,False,False,True
159501,2025-08-11,1.5765,1.5765,-0.32,场内买入,场内卖出,akshare:eastmoney:fund_etf_fund_info_em,10,2026-09-08T01:23:13+00:00,,2025-08-13T23:59:59+08:00,earliest_safe_bound:first_seen_or_qdii_tplus2,False,False,True
159501,2025-08-12,1.5976,1.5976,1.34,场内买入,场内卖出,akshare:eastmoney:fund_etf_fund_info_em,10,2026-09-08T01:23:13+00:00,,2025-08-14T23:59:59+08:00,earliest_safe_bound:first_seen_or_qdii_tplus2,False,False,True
159501,2025-08-13,1.5967,1.5967,-0.06,场内买入,场内卖出,akshare:eastmoney:fund_etf_fund_info_em,10,2026-09-08T01:23:13+00:00,,2025-08-15T23:59:59+08:00,earliest_safe_bound:first_seen_or_qdii_tplus2,False,False,True
159501,2025-08-14,1.5954,1.5954,-0.08,场内买入,场内卖出,akshare:eastmoney:fund_etf_fund_info_em,10,2026-09-08T01:23:13+00:00,,2025-08-18T23:59:59+08:00,earliest_safe_bound:first_seen_or_qdii_tplus2,False,False,True
159501,2025-08-15,1.5881,1.5881,-0.46,场内买入,场内卖出,akshare:eastmoney:fund_etf_fund_info_em,10,2026-09-08T01:23:13+00:00,,2025-08-19T23:59:59+08:00,earliest_safe_bound:first_seen_or_qdii_tplus2,False,False,True
159501,2025-08-18,1.5871,1.5871,-0.06,场内买入,场内卖出,akshare:eastmoney:fund_etf_fund_info_em,10,2026-09-08T01:23:13+00:00,,2025-08-20T23:59:59+08:00,earliest_safe_bound:first_seen_or_qdii_tplus2,False,False,True
159501,2025-08-19,1.5659,1.5659,-1.34,场内买入,场内卖出,akshare:eastmoney:fund_etf_fund_info_em,10,2026-09-08T01:23:13+00:00,,2025-08-21T23:59:59+08:00,earliest_safe_bound:first_seen_or_qdii_tplus2,False,False,True
159501,2025-08-20,1.5574,1.5574,-0.54,场内买入,场内卖出,akshare:eastmoney:fund_etf_fund_info_em,10,2026-09-08T01:23:13+00:00,,2025-08-22T23:59:59+08:00,earliest_safe_bound:first_seen_or_qdii_tplus2,False,False,True
159501,2025-08-21,1.5483,1.5483,-0.58,场内买入,场内卖出,akshare:eastmoney:fund_etf_fund_info_em,10,2026-09-08T01:23:13+00:00,,2025-08-25T23:59:59+08:00,earliest_safe_bound:first_seen_or_qdii_tplus2,False,False,True
159501,2025-08-22,1.5728,1.5728,1.58,场内买入,场内卖出,akshare:eastmoney:fund_etf_fund_info_em,10,2026-09-08T01:23:13+00:00,,2025-08-26T23:59:59+08:00,earliest_safe_bound:first_seen_or_qdii_tplus2,False,False,True
159501,2025-08-25,1.5644,1.5644,-0.53,场内买入,场内卖出,akshare:eastmoney:fund_etf_fund_info_em,10,2026-09-08T01:23:13+00:00,,2025-08-27T23:59:59+08:00,earliest_safe_bound:first_seen_or_qdii_tplus2,False,False,True
159501,2025-08-26,1.5715,1.5715,0.45,场内买入,场内卖出,akshare:eastmoney:fund_etf_fund_info_em,10,2026-09-08T01:23:13+00:00,,2025-08-28T23:59:59+08:00,earliest_safe_bound:first_seen_or_qdii_tplus2,False,False,True
159501,2025-08-27,1.5724,1.5724,0.06,场内买入,场内卖出,akshare:eastmoney:fund_etf_fund_info_em,10,2026-09-08T01:23:13+00:00,,2025-08-29T23:59:59+08:00,earliest_safe_bound:first_seen_or_qdii_tplus2,False,False,True
159501,2025-08-28,1.5805,1.5805,0.52,场内买入,场内卖出,akshare:eastmoney:fund_etf_fund_info_em,10,2026-09-08T01:23:13+00:00,,2025-09-01T23:59:59+08:00,earliest_safe_bound:first_seen_or_qdii_tplus2,False,False,True
159501,2025-08-29,1.5606,1.5606,-1.26,场内买入,场内卖出,akshare:eastmoney:fund_etf_fund_info_em,10,2026-09-08T01:23:13+00:00,,2025-09-02T23:59:59+08:00,earliest_safe_bound:first_seen_or_qdii_tplus2,False,False,True
159501,2025-09-01,1.5614,1.5614,0.05,暂停申购,暂停赎回,akshare:eastmoney:fund_etf_fund_info_em,10,2026-09-08T01:23:13+00:00,,2025-09-03T23:59:59+08:00,earliest_safe_bound:first_seen_or_qdii_tplus2,False,False,True
159501,2025-09-02,1.5496,1.5496,-0.76,场内买入,场内卖出,akshare:eastmoney:fund_etf_fund_info_em,10,2026-09-08T01:23:13+00:00,,2025-09-04T23:59:59+08:00,earliest_safe_bound:first_seen_or_qdii_tplus2,False,False,True
159501,2025-09-03,1.5622,1.5622,0.81,场内买入,场内卖出,akshare:eastmoney:fund_etf_fund_info_em,10,2026-09-08T01:23:13+00:00,,2025-09-05T23:59:59+08:00,earliest_safe_bound:first_seen_or_qdii_tplus2,False,False,True
159501,2025-09-04,1.5756,1.5756,0.86,场内买入,场内卖出,akshare:eastmoney:fund_etf_fund_info_em,10,2026-09-08T01:23:13+00:00,,2025-09-08T23:59:59+08:00,earliest_safe_bound:first_seen_or_qdii_tplus2,False,False,True
159501,2025-09-05,1.5773,1.5773,0.11,场内买入,场内卖出,akshare:eastmoney:fund_etf_fund_info_em,10,2026-09-08T01:23:13+00:00,,2025-09-09T23:59:59+08:00,earliest_safe_bound:first_seen_or_qdii_tplus2,False,False,True
159501,2025-09-08,1.5838,1.5838,0.41,场内买入,场内卖出,akshare:eastmoney:fund_etf_fund_info_em,10,2026-09-08T01:23:13+00:00,,2025-09-10T23:59:59+08:00,earliest_safe_bound:first_seen_or_qdii_tplus2,False,False,True
159501,2025-09-09,1.5885,1.5885,0.3,场内买入,场内卖出,akshare:eastmoney:fund_etf_fund_info_em,10,2026-09-08T01:23:13+00:00,,2025-09-11T23:59:59+08:00,earliest_safe_bound:first_seen_or_qdii_tplus2,False,False,True
159501,2025-09-10,1.5903,1.5903,0.11,场内买入,场内卖出,akshare:eastmoney:fund_etf_fund_info_em,10,2026-09-08T01:23:13+00:00,,2025-09-12T23:59:59+08:00,earliest_safe_bound:first_seen_or_qdii_tplus2,False,False,True
159501,2025-09-11,1.5992,1.5992,0.56,场内买入,场内卖出,akshare:eastmoney:fund_etf_fund_info_em,10,2026-09-08T01:23:13+00:00,,2025-09-15T23:59:59+08:00,earliest_safe_bound:first_seen_or_qdii_tplus2,False,False,True
159501,2025-09-12,1.6054,1.6054,0.39,场内买入,场内卖出,akshare:eastmoney:fund_etf_fund_info_em,10,2026-09-08T01:23:13+00:00,,2025-09-16T23:59:59+08:00,earliest_safe_bound:first_seen_or_qdii_tplus2,False,False,True
159501,2025-09-15,1.6197,1.6197,0.89,场内买入,场内卖出,akshare:eastmoney:fund_etf_fund_info_em,10,2026-09-08T01:23:13+00:00,,2025-09-17T23:59:59+08:00,earliest_safe_bound:first_seen_or_qdii_tplus2,False,False,True
159501,2025-09-16,1.6177,1.6177,-0.12,场内买入,场内卖出,akshare:eastmoney:fund_etf_fund_info_em,10,2026-09-08T01:23:13+00:00,,2025-09-18T23:59:59+08:00,earliest_safe_bound:first_seen_or_qdii_tplus2,False,False,True
159501,2025-09-17,1.614,1.614,-0.23,场内买入,场内卖出,akshare:eastmoney:fund_etf_fund_info_em,10,2026-09-08T01:23:13+00:00,,2025-09-19T23:59:59+08:00,earliest_safe_bound:first_seen_or_qdii_tplus2,False,False,True
159501,2025-09-18,1.631,1.631,1.05,场内买入,场内卖出,akshare:eastmoney:fund_etf_fund_info_em,10,2026-09-08T01:23:13+00:00,,2025-09-22T23:59:59+08:00,earliest_safe_bound:first_seen_or_qdii_tplus2,False,False,True
159501,2025-09-19,1.6434,1.6434,0.76,场内买入,场内卖出,akshare:eastmoney:fund_etf_fund_info_em,10,2026-09-08T01:23:13+00:00,,2025-09-23T23:59:59+08:00,earliest_safe_bound:first_seen_or_qdii_tplus2,False,False,True
159501,2025-09-22,1.6519,1.6519,0.52,场内买入,场内卖出,akshare:eastmoney:fund_etf_fund_info_em,10,2026-09-08T01:23:13+00:00,,2025-09-24T23:59:59+08:00,earliest_safe_bound:first_seen_or_qdii_tplus2,False,False,True
159501,2025-09-23,1.6387,1.6387,-0.8,场内买入,场内卖出,akshare:eastmoney:fund_etf_fund_info_em,10,2026-09-08T01:23:13+00:00,,2025-09-25T23:59:59+08:00,earliest_safe_bound:first_seen_or_qdii_tplus2,False,False,True
159501,2025-09-24,1.634,1.634,-0.29,场内买入,场内卖出,akshare:eastmoney:fund_etf_fund_info_em,10,2026-09-08T01:23:13+00:00,,2025-09-26T23:59:59+08:00,earliest_safe_bound:first_seen_or_qdii_tplus2,False,False,True
159501,2025-09-25,1.6277,1.6277,-0.39,场内买入,场内卖出,akshare:eastmoney:fund_etf_fund_info_em,10,2026-09-08T01:23:13+00:00,,2025-09-29T23:59:59+08:00,earliest_safe_bound:first_seen_or_qdii_tplus2,False,False,True
159501,2025-09-26,1.6355,1.6355,0.48,场内买入,场内卖出,akshare:eastmoney:fund_etf_fund_info_em,10,2026-09-08T01:23:13+00:00,,2025-09-30T23:59:59+08:00,earliest_safe_bound:first_seen_or_qdii_tplus2,False,False,True
159501,2025-09-29,1.6411,1.6411,0.34,场内买入,场内卖出,akshare:eastmoney:fund_etf_fund_info_em,10,2026-09-08T01:23:13+00:00,,2025-10-09T23:59:59+08:00,earliest_safe_bound:first_seen_or_qdii_tplus2,False,False,True
159501,2025-09-30,1.6448,1.6448,0.23,场内买入,场内卖出,akshare:eastmoney:fund_etf_fund_info_em,10,2026-09-08T01:23:13+00:00,,2025-10-10T23:59:59+08:00,earliest_safe_bound:first_seen_or_qdii_tplus2,False,False,True
159501,2025-10-09,1.6737,1.6737,1.76,场内买入,场内卖出,akshare:eastmoney:fund_etf_fund_info_em,10,2026-09-08T01:23:13+00:00,,2025-10-13T23:59:59+08:00,earliest_safe_bound:first_seen_or_qdii_tplus2,False,False,True
159501,2025-10-10,1.614,1.614,-3.57,场内买入,场内卖出,akshare:eastmoney:fund_etf_fund_info_em,10,2026-09-08T01:23:13+00:00,,2025-10-14T23:59:59+08:00,earliest_safe_bound:first_seen_or_qdii_tplus2,False,False,True
159501,2025-10-13,1.6481,1.6481,2.11,场内买入,场内卖出,akshare:eastmoney:fund_etf_fund_info_em,10,2026-09-08T01:23:13+00:00,,2025-10-15T23:59:59+08:00,earliest_safe_bound:first_seen_or_qdii_tplus2,False,False,True
159501,2025-10-14,1.637,1.637,-0.67,场内买入,场内卖出,akshare:eastmoney:fund_etf_fund_info_em,10,2026-09-08T01:23:13+00:00,,2025-10-16T23:59:59+08:00,earliest_safe_bound:first_seen_or_qdii_tplus2,False,False,True
159501,2025-10-15,1.6474,1.6474,0.64,场内买入,场内卖出,akshare:eastmoney:fund_etf_fund_info_em,10,2026-09-08T01:23:13+00:00,,2025-10-17T23:59:59+08:00,earliest_safe_bound:first_seen_or_qdii_tplus2,False,False,True
159501,2025-10-16,1.6408,1.6408,-0.4,场内买入,场内卖出,akshare:eastmoney:fund_etf_fund_info_em,10,2026-09-08T01:23:13+00:00,,2025-10-20T23:59:59+08:00,earliest_safe_bound:first_seen_or_qdii_tplus2,False,False,True
159501,2025-10-17,1.651,1.651,0.62,场内买入,场内卖出,akshare:eastmoney:fund_etf_fund_info_em,10,2026-09-08T01:23:13+00:00,,2025-10-21T23:59:59+08:00,earliest_safe_bound:first_seen_or_qdii_tplus2,False,False,True
159501,2025-10-20,1.6729,1.6729,1.33,场内买入,场内卖出,akshare:eastmoney:fund_etf_fund_info_em,10,2026-09-08T01:23:13+00:00,,2025-10-22T23:59:59+08:00,earliest_safe_bound:first_seen_or_qdii_tplus2,False,False,True
159501,2025-10-21,1.6709,1.6709,-0.12,场内买入,场内卖出,akshare:eastmoney:fund_etf_fund_info_em,10,2026-09-08T01:23:13+00:00,,2025-10-23T23:59:59+08:00,earliest_safe_bound:first_seen_or_qdii_tplus2,False,False,True
159501,2025-10-22,1.6549,1.6549,-0.96,场内买入,场内卖出,akshare:eastmoney:fund_etf_fund_info_em,10,2026-09-08T01:23:13+00:00,,2025-10-24T23:59:59+08:00,earliest_safe_bound:first_seen_or_qdii_tplus2,False,False,True
159501,2025-10-23,1.6685,1.6685,0.82,场内买入,场内卖出,akshare:eastmoney:fund_etf_fund_info_em,10,2026-09-08T01:23:13+00:00,,2025-10-27T23:59:59+08:00,earliest_safe_bound:first_seen_or_qdii_tplus2,False,False,True
159501,2025-10-24,1.6859,1.6859,1.04,场内买入,场内卖出,akshare:eastmoney:fund_etf_fund_info_em,10,2026-09-08T01:23:13+00:00,,2025-10-28T23:59:59+08:00,earliest_safe_bound:first_seen_or_qdii_tplus2,False,False,True
159501,2025-10-27,1.7154,1.7154,1.75,场内买入,场内卖出,akshare:eastmoney:fund_etf_fund_info_em,10,2026-09-08T01:23:13+00:00,,2025-10-29T23:59:59+08:00,earliest_safe_bound:first_seen_or_qdii_tplus2,False,False,True
159501,2025-10-28,1.7274,1.7274,0.7,场内买入,场内卖出,akshare:eastmoney:fund_etf_fund_info_em,10,2026-09-08T01:23:13+00:00,,2025-10-30T23:59:59+08:00,earliest_safe_bound:first_seen_or_qdii_tplus2,False,False,True
159501,2025-10-29,1.7342,1.7342,0.39,场内买入,场内卖出,akshare:eastmoney:fund_etf_fund_info_em,10,2026-09-08T01:23:13+00:00,,2025-10-31T23:59:59+08:00,earliest_safe_bound:first_seen_or_qdii_tplus2,False,False,True
159501,2025-10-30,1.7091,1.7091,-1.45,场内买入,场内卖出,akshare:eastmoney:fund_etf_fund_info_em,10,2026-09-08T01:23:13+00:00,,2025-11-03T23:59:59+08:00,earliest_safe_bound:first_seen_or_qdii_tplus2,False,False,True
159501,2025-10-31,1.7178,1.7178,0.51,场内买入,场内卖出,akshare:eastmoney:fund_etf_fund_info_em,10,2026-09-08T01:23:13+00:00,,2025-11-04T23:59:59+08:00,earliest_safe_bound:first_seen_or_qdii_tplus2,False,False,True
159501,2025-11-03,1.725,1.725,0.42,场内买入,场内卖出,akshare:eastmoney:fund_etf_fund_info_em,10,2026-09-08T01:23:13+00:00,,2025-11-05T23:59:59+08:00,earliest_safe_bound:first_seen_or_qdii_tplus2,False,False,True
159501,2025-11-04,1.6898,1.6898,-2.04,场内买入,场内卖出,akshare:eastmoney:fund_etf_fund_info_em,10,2026-09-08T01:23:13+00:00,,2025-11-06T23:59:59+08:00,earliest_safe_bound:first_seen_or_qdii_tplus2,False,False,True
159501,2025-11-05,1.7024,1.7024,0.75,场内买入,场内卖出,akshare:eastmoney:fund_etf_fund_info_em,10,2026-09-08T01:23:13+00:00,,2025-11-07T23:59:59+08:00,earliest_safe_bound:first_seen_or_qdii_tplus2,False,False,True
159501,2025-11-06,1.669,1.669,-1.96,场内买入,场内卖出,akshare:eastmoney:fund_etf_fund_info_em,10,2026-09-08T01:23:13+00:00,,2025-11-10T23:59:59+08:00,earliest_safe_bound:first_seen_or_qdii_tplus2,False,False,True
159501,2025-11-07,1.6637,1.6637,-0.32,场内买入,场内卖出,akshare:eastmoney:fund_etf_fund_info_em,10,2026-09-08T01:23:13+00:00,,2025-11-11T23:59:59+08:00,earliest_safe_bound:first_seen_or_qdii_tplus2,False,False,True
159501,2025-11-10,1.7008,1.7008,2.23,场内买入,场内卖出,akshare:eastmoney:fund_etf_fund_info_em,10,2026-09-08T01:23:13+00:00,,2025-11-12T23:59:59+08:00,earliest_safe_bound:first_seen_or_qdii_tplus2,False,False,True
159501,2025-11-11,1.6959,1.6959,-0.29,场内买入,场内卖出,akshare:eastmoney:fund_etf_fund_info_em,10,2026-09-08T01:23:13+00:00,,2025-11-13T23:59:59+08:00,earliest_safe_bound:first_seen_or_qdii_tplus2,False,False,True
159501,2025-11-12,1.694,1.694,-0.11,场内买入,场内卖出,akshare:eastmoney:fund_etf_fund_info_em,10,2026-09-08T01:23:13+00:00,,2025-11-14T23:59:59+08:00,earliest_safe_bound:first_seen_or_qdii_tplus2,False,False,True
159501,2025-11-13,1.66,1.66,-2.01,场内买入,场内卖出,akshare:eastmoney:fund_etf_fund_info_em,10,2026-09-08T01:23:13+00:00,,2025-11-17T23:59:59+08:00,earliest_safe_bound:first_seen_or_qdii_tplus2,False,False,True
159501,2025-11-14,1.6602,1.6602,0.01,场内买入,场内卖出,akshare:eastmoney:fund_etf_fund_info_em,10,2026-09-08T01:23:13+00:00,,2025-11-18T23:59:59+08:00,earliest_safe_bound:first_seen_or_qdii_tplus2,False,False,True
159501,2025-11-17,1.6461,1.6461,-0.85,场内买入,场内卖出,akshare:eastmoney:fund_etf_fund_info_em,10,2026-09-08T01:23:13+00:00,,2025-11-19T23:59:59+08:00,earliest_safe_bound:first_seen_or_qdii_tplus2,False,False,True
159501,2025-11-18,1.6274,1.6274,-1.14,场内买入,场内卖出,akshare:eastmoney:fund_etf_fund_info_em,10,2026-09-08T01:23:13+00:00,,2025-11-20T23:59:59+08:00,earliest_safe_bound:first_seen_or_qdii_tplus2,False,False,True
159501,2025-11-19,1.6368,1.6368,0.58,场内买入,场内卖出,akshare:eastmoney:fund_etf_fund_info_em,10,2026-09-08T01:23:13+00:00,,2025-11-21T23:59:59+08:00,earliest_safe_bound:first_seen_or_qdii_tplus2,False,False,True
159501,2025-11-20,1.5989,1.5989,-2.32,场内买入,场内卖出,akshare:eastmoney:fund_etf_fund_info_em,10,2026-09-08T01:23:13+00:00,,2025-11-24T23:59:59+08:00,earliest_safe_bound:first_seen_or_qdii_tplus2,False,False,True
159501,2025-11-21,1.6106,1.6106,0.73,场内买入,场内卖出,akshare:eastmoney:fund_etf_fund_info_em,10,2026-09-08T01:23:13+00:00,,2025-11-25T23:59:59+08:00,earliest_safe_bound:first_seen_or_qdii_tplus2,False,False,True
159501,2025-11-24,1.652,1.652,2.57,场内买入,场内卖出,akshare:eastmoney:fund_etf_fund_info_em,10,2026-09-08T01:23:13+00:00,,2025-11-26T23:59:59+08:00,earliest_safe_bound:first_seen_or_qdii_tplus2,False,False,True
159501,2025-11-25,1.661,1.661,0.54,场内买入,场内卖出,akshare:eastmoney:fund_etf_fund_info_em,10,2026-09-08T01:23:13+00:00,,2025-11-27T23:59:59+08:00,earliest_safe_bound:first_seen_or_qdii_tplus2,False,False,True
159501,2025-11-26,1.6749,1.6749,0.84,场内买入,场内卖出,akshare:eastmoney:fund_etf_fund_info_em,10,2026-09-08T01:23:13+00:00,,2025-11-28T23:59:59+08:00,earliest_safe_bound:first_seen_or_qdii_tplus2,False,False,True
159501,2025-11-27,1.6745,1.6745,-0.02,暂停申购,暂停赎回,akshare:eastmoney:fund_etf_fund_info_em,10,2026-09-08T01:23:13+00:00,,2025-12-01T23:59:59+08:00,earliest_safe_bound:first_seen_or_qdii_tplus2,False,False,True
159501,2025-11-28,1.6878,1.6878,0.79,场内买入,场内卖出,akshare:eastmoney:fund_etf_fund_info_em,10,2026-09-08T01:23:13+00:00,,2025-12-02T23:59:59+08:00,earliest_safe_bound:first_seen_or_qdii_tplus2,False,False,True
159501,2025-12-01,1.6809,1.6809,-0.41,场内买入,场内卖出,akshare:eastmoney:fund_etf_fund_info_em,10,2026-09-08T01:23:13+00:00,,2025-12-03T23:59:59+08:00,earliest_safe_bound:first_seen_or_qdii_tplus2,False,False,True
159501,2025-12-02,1.6958,1.6958,0.89,场内买入,场内卖出,akshare:eastmoney:fund_etf_fund_info_em,10,2026-09-08T01:23:13+00:00,,2025-12-04T23:59:59+08:00,earliest_safe_bound:first_seen_or_qdii_tplus2,False,False,True
159501,2025-12-03,1.6983,1.6983,0.15,场内买入,场内卖出,akshare:eastmoney:fund_etf_fund_info_em,10,2026-09-08T01:23:13+00:00,,2025-12-05T23:59:59+08:00,earliest_safe_bound:first_seen_or_qdii_tplus2,False,False,True
159501,2025-12-04,1.6962,1.6962,-0.12,场内买入,场内卖出,akshare:eastmoney:fund_etf_fund_info_em,10,2026-09-08T01:23:13+00:00,,2025-12-08T23:59:59+08:00,earliest_safe_bound:first_seen_or_qdii_tplus2,False,False,True
159501,2025-12-05,1.704,1.704,0.46,场内买入,场内卖出,akshare:eastmoney:fund_etf_fund_info_em,10,2026-09-08T01:23:13+00:00,,2025-12-09T23:59:59+08:00,earliest_safe_bound:first_seen_or_qdii_tplus2,False,False,True
159501,2025-12-08,1.7001,1.7001,-0.23,场内买入,场内卖出,akshare:eastmoney:fund_etf_fund_info_em,10,2026-09-08T01:23:13+00:00,,2025-12-10T23:59:59+08:00,earliest_safe_bound:first_seen_or_qdii_tplus2,False,False,True
159501,2025-12-09,1.703,1.703,0.17,场内买入,场内卖出,akshare:eastmoney:fund_etf_fund_info_em,10,2026-09-08T01:23:13+00:00,,2025-12-11T23:59:59+08:00,earliest_safe_bound:first_seen_or_qdii_tplus2,False,False,True
159501,2025-12-10,1.7096,1.7096,0.39,场内买入,场内卖出,akshare:eastmoney:fund_etf_fund_info_em,10,2026-09-08T01:23:13+00:00,,2025-12-12T23:59:59+08:00,earliest_safe_bound:first_seen_or_qdii_tplus2,False,False,True
159501,2025-12-11,1.7021,1.7021,-0.44,场内买入,场内卖出,akshare:eastmoney:fund_etf_fund_info_em,10,2026-09-08T01:23:13+00:00,,2025-12-15T23:59:59+08:00,earliest_safe_bound:first_seen_or_qdii_tplus2,False,False,True
159501,2025-12-12,1.6686,1.6686,-1.97,场内买入,场内卖出,akshare:eastmoney:fund_etf_fund_info_em,10,2026-09-08T01:23:13+00:00,,2025-12-16T23:59:59+08:00,earliest_safe_bound:first_seen_or_qdii_tplus2,False,False,True
159501,2025-12-15,1.6605,1.6605,-0.49,场内买入,场内卖出,akshare:eastmoney:fund_etf_fund_info_em,10,2026-09-08T01:23:13+00:00,,2025-12-17T23:59:59+08:00,earliest_safe_bound:first_seen_or_qdii_tplus2,False,False,True
159501,2025-12-16,1.6635,1.6635,0.18,场内买入,场内卖出,akshare:eastmoney:fund_etf_fund_info_em,10,2026-09-08T01:23:13+00:00,,2025-12-18T23:59:59+08:00,earliest_safe_bound:first_seen_or_qdii_tplus2,False,False,True
159501,2025-12-17,1.6308,1.6308,-1.97,场内买入,场内卖出,akshare:eastmoney:fund_etf_fund_info_em,10,2026-09-08T01:23:13+00:00,,2025-12-19T23:59:59+08:00,earliest_safe_bound:first_seen_or_qdii_tplus2,False,False,True
159501,2025-12-18,1.6555,1.6555,1.51,场内买入,场内卖出,akshare:eastmoney:fund_etf_fund_info_em,10,2026-09-08T01:23:13+00:00,,2025-12-22T23:59:59+08:00,earliest_safe_bound:first_seen_or_qdii_tplus2,False,False,True
159501,2025-12-19,1.6762,1.6762,1.25,场内买入,场内卖出,akshare:eastmoney:fund_etf_fund_info_em,10,2026-09-08T01:23:13+00:00,,2025-12-23T23:59:59+08:00,earliest_safe_bound:first_seen_or_qdii_tplus2,False,False,True
159501,2025-12-22,1.6843,1.6843,0.48,场内买入,场内卖出,akshare:eastmoney:fund_etf_fund_info_em,10,2026-09-08T01:23:13+00:00,,2025-12-24T23:59:59+08:00,earliest_safe_bound:first_seen_or_qdii_tplus2,False,False,True
159501,2025-12-23,1.6915,1.6915,0.43,场内买入,场内卖出,akshare:eastmoney:fund_etf_fund_info_em,10,2026-09-08T01:23:13+00:00,,2025-12-25T23:59:59+08:00,earliest_safe_bound:first_seen_or_qdii_tplus2,False,False,True
159501,2025-12-24,1.6947,1.6947,0.19,场内买入,场内卖出,akshare:eastmoney:fund_etf_fund_info_em,10,2026-09-08T01:23:13+00:00,,2025-12-26T23:59:59+08:00,earliest_safe_bound:first_seen_or_qdii_tplus2,False,False,True
159501,2025-12-25,1.6929,1.6929,-0.11,暂停申购,暂停赎回,akshare:eastmoney:fund_etf_fund_info_em,10,2026-09-08T01:23:13+00:00,,2025-12-29T23:59:59+08:00,earliest_safe_bound:first_seen_or_qdii_tplus2,False,False,True
159501,2025-12-26,1.6913,1.6913,-0.09,场内买入,场内卖出,akshare:eastmoney:fund_etf_fund_info_em,10,2026-09-08T01:23:13+00:00,,2025-12-30T23:59:59+08:00,earliest_safe_bound:first_seen_or_qdii_tplus2,False,False,True
159501,2025-12-29,1.6828,1.6828,-0.5,场内买入,场内卖出,akshare:eastmoney:fund_etf_fund_info_em,10,2026-09-08T01:23:13+00:00,,2025-12-31T23:59:59+08:00,earliest_safe_bound:first_seen_or_qdii_tplus2,False,False,True
159501,2025-12-30,1.679,1.679,-0.23,场内买入,场内卖出,akshare:eastmoney:fund_etf_fund_info_em,10,2026-09-08T01:23:13+00:00,,2026-01-05T23:59:59+08:00,earliest_safe_bound:first_seen_or_qdii_tplus2,False,False,True
159501,2025-12-31,1.6636,1.6636,-0.92,场内买入,场内卖出,akshare:eastmoney:fund_etf_fund_info_em,10,2026-09-08T01:23:13+00:00,,2026-01-06T23:59:59+08:00,earliest_safe_bound:first_seen_or_qdii_tplus2,False,False,True
159501,2026-01-05,1.6721,1.6721,0.51,场内买入,场内卖出,akshare:eastmoney:fund_etf_fund_info_em,10,2026-09-08T01:23:13+00:00,,2026-01-07T23:59:59+08:00,earliest_safe_bound:first_seen_or_qdii_tplus2,False,False,True
159501,2026-01-06,1.6865,1.6865,0.86,场内买入,场内卖出,akshare:eastmoney:fund_etf_fund_info_em,10,2026-09-08T01:23:13+00:00,,2026-01-08T23:59:59+08:00,earliest_safe_bound:first_seen_or_qdii_tplus2,False,False,True
159501,2026-01-07,1.6877,1.6877,0.07,场内买入,场内卖出,akshare:eastmoney:fund_etf_fund_info_em,10,2026-09-08T01:23:13+00:00,,2026-01-09T23:59:59+08:00,earliest_safe_bound:first_seen_or_qdii_tplus2,False,False,True
159501,2026-01-08,1.6783,1.6783,-0.56,场内买入,场内卖出,akshare:eastmoney:fund_etf_fund_info_em,10,2026-09-08T01:23:13+00:00,,2026-01-12T23:59:59+08:00,earliest_safe_bound:first_seen_or_qdii_tplus2,False,False,True
159501,2026-01-09,1.6936,1.6936,0.91,场内买入,场内卖出,akshare:eastmoney:fund_etf_fund_info_em,10,2026-09-08T01:23:13+00:00,,2026-01-13T23:59:59+08:00,earliest_safe_bound:first_seen_or_qdii_tplus2,False,False,True
159501,2026-01-12,1.6945,1.6945,0.05,场内买入,场内卖出,akshare:eastmoney:fund_etf_fund_info_em,10,2026-09-08T01:23:13+00:00,,2026-01-14T23:59:59+08:00,earliest_safe_bound:first_seen_or_qdii_tplus2,False,False,True
159501,2026-01-13,1.6913,1.6913,-0.19,场内买入,场内卖出,akshare:eastmoney:fund_etf_fund_info_em,10,2026-09-08T01:23:13+00:00,,2026-01-15T23:59:59+08:00,earliest_safe_bound:first_seen_or_qdii_tplus2,False,False,True
159501,2026-01-14,1.6737,1.6737,-1.04,场内买入,场内卖出,akshare:eastmoney:fund_etf_fund_info_em,10,2026-09-08T01:23:13+00:00,,2026-01-16T23:59:59+08:00,earliest_safe_bound:first_seen_or_qdii_tplus2,False,False,True
159501,2026-01-15,1.6776,1.6776,0.23,场内买入,场内卖出,akshare:eastmoney:fund_etf_fund_info_em,10,2026-09-08T01:23:13+00:00,,2026-01-19T23:59:59+08:00,earliest_safe_bound:first_seen_or_qdii_tplus2,False,False,True
159501,2026-01-16,1.6767,1.6767,-0.05,场内买入,场内卖出,akshare:eastmoney:fund_etf_fund_info_em,10,2026-09-08T01:23:13+00:00,,2026-01-20T23:59:59+08:00,earliest_safe_bound:first_seen_or_qdii_tplus2,False,False,True
159501,2026-01-19,1.676,1.676,-0.04,暂停申购,暂停赎回,akshare:eastmoney:fund_etf_fund_info_em,10,2026-09-08T01:23:13+00:00,,2026-01-21T23:59:59+08:00,earliest_safe_bound:first_seen_or_qdii_tplus2,False,False,True
159501,2026-01-20,1.6394,1.6394,-2.18,场内买入,场内卖出,akshare:eastmoney:fund_etf_fund_info_em,10,2026-09-08T01:23:13+00:00,,2026-01-22T23:59:59+08:00,earliest_safe_bound:first_seen_or_qdii_tplus2,False,False,True
159501,2026-01-21,1.6618,1.6618,1.37,场内买入,场内卖出,akshare:eastmoney:fund_etf_fund_info_em,10,2026-09-08T01:23:13+00:00,,2026-01-23T23:59:59+08:00,earliest_safe_bound:first_seen_or_qdii_tplus2,False,False,True
159501,2026-01-22,1.6744,1.6744,0.76,场内买入,场内卖出,akshare:eastmoney:fund_etf_fund_info_em,10,2026-09-08T01:23:13+00:00,,2026-01-26T23:59:59+08:00,earliest_safe_bound:first_seen_or_qdii_tplus2,False,False,True
159501,2026-01-23,1.678,1.678,0.22,场内买入,场内卖出,akshare:eastmoney:fund_etf_fund_info_em,10,2026-09-08T01:23:13+00:00,,2026-01-27T23:59:59+08:00,earliest_safe_bound:first_seen_or_qdii_tplus2,False,False,True
159501,2026-01-26,1.683,1.683,0.3,场内买入,场内卖出,akshare:eastmoney:fund_etf_fund_info_em,10,2026-09-08T01:23:13+00:00,,2026-01-28T23:59:59+08:00,earliest_safe_bound:first_seen_or_qdii_tplus2,False,False,True
159501,2026-01-27,1.6981,1.6981,0.9,场内买入,场内卖出,akshare:eastmoney:fund_etf_fund_info_em,10,2026-09-08T01:23:13+00:00,,2026-01-29T23:59:59+08:00,earliest_safe_bound:first_seen_or_qdii_tplus2,False,False,True
159501,2026-01-28,1.7011,1.7011,0.18,场内买入,场内卖出,akshare:eastmoney:fund_etf_fund_info_em,10,2026-09-08T01:23:13+00:00,,2026-01-30T23:59:59+08:00,earliest_safe_bound:first_seen_or_qdii_tplus2,False,False,True
159501,2026-01-29,1.6924,1.6924,-0.51,场内买入,场内卖出,akshare:eastmoney:fund_etf_fund_info_em,10,2026-09-08T01:23:13+00:00,,2026-02-02T23:59:59+08:00,earliest_safe_bound:first_seen_or_qdii_tplus2,False,False,True
159501,2026-01-30,1.6687,1.6687,-1.4,场内买入,场内卖出,akshare:eastmoney:fund_etf_fund_info_em,10,2026-09-08T01:23:13+00:00,,2026-02-03T23:59:59+08:00,earliest_safe_bound:first_seen_or_qdii_tplus2,False,False,True
159501,2026-02-02,1.6811,1.6811,0.74,场内买入,场内卖出,akshare:eastmoney:fund_etf_fund_info_em,10,2026-09-08T01:23:13+00:00,,2026-02-04T23:59:59+08:00,earliest_safe_bound:first_seen_or_qdii_tplus2,False,False,True
159501,2026-02-03,1.653,1.653,-1.67,场内买入,场内卖出,akshare:eastmoney:fund_etf_fund_info_em,10,2026-09-08T01:23:13+00:00,,2026-02-05T23:59:59+08:00,earliest_safe_bound:first_seen_or_qdii_tplus2,False,False,True
159501,2026-02-04,1.6222,1.6222,-1.86,场内买入,场内卖出,akshare:eastmoney:fund_etf_fund_info_em,10,2026-09-08T01:23:13+00:00,,2026-02-06T23:59:59+08:00,earliest_safe_bound:first_seen_or_qdii_tplus2,False,False,True
159501,2026-02-05,1.6007,1.6007,-1.33,场内买入,场内卖出,akshare:eastmoney:fund_etf_fund_info_em,10,2026-09-08T01:23:13+00:00,,2026-02-09T23:59:59+08:00,earliest_safe_bound:first_seen_or_qdii_tplus2,False,False,True
159501,2026-02-06,1.6353,1.6353,2.16,场内买入,场内卖出,akshare:eastmoney:fund_etf_fund_info_em,10,2026-09-08T01:23:13+00:00,,2026-02-10T23:59:59+08:00,earliest_safe_bound:first_seen_or_qdii_tplus2,False,False,True
159501,2026-02-09,1.6463,1.6463,0.67,场内买入,场内卖出,akshare:eastmoney:fund_etf_fund_info_em,10,2026-09-08T01:23:13+00:00,,2026-02-11T23:59:59+08:00,earliest_safe_bound:first_seen_or_qdii_tplus2,False,False,True
159501,2026-02-10,1.6358,1.6358,-0.64,场内买入,场内卖出,akshare:eastmoney:fund_etf_fund_info_em,10,2026-09-08T01:23:13+00:00,,2026-02-12T23:59:59+08:00,earliest_safe_bound:first_seen_or_qdii_tplus2,False,False,True
159501,2026-02-11,1.6401,1.6401,0.26,场内买入,场内卖出,akshare:eastmoney:fund_etf_fund_info_em,10,2026-09-08T01:23:13+00:00,,2026-02-13T23:59:59+08:00,earliest_safe_bound:first_seen_or_qdii_tplus2,False,False,True
159501,2026-02-12,1.6071,1.6071,-2.01,场内买入,场内卖出,akshare:eastmoney:fund_etf_fund_info_em,10,2026-09-08T01:23:13+00:00,,2026-02-24T23:59:59+08:00,earliest_safe_bound:first_seen_or_qdii_tplus2,False,False,True
159501,2026-02-13,1.6088,1.6088,0.11,场内买入,场内卖出,akshare:eastmoney:fund_etf_fund_info_em,10,2026-09-08T01:23:13+00:00,,2026-02-25T23:59:59+08:00,earliest_safe_bound:first_seen_or_qdii_tplus2,False,False,True
159501,2026-02-24,1.6249,1.6249,1.0,场内买入,场内卖出,akshare:eastmoney:fund_etf_fund_info_em,10,2026-09-08T01:23:13+00:00,,2026-02-26T23:59:59+08:00,earliest_safe_bound:first_seen_or_qdii_tplus2,False,False,True
159501,2026-02-25,1.6456,1.6456,1.27,场内买入,场内卖出,akshare:eastmoney:fund_etf_fund_info_em,10,2026-09-08T01:23:13+00:00,,2026-02-27T23:59:59+08:00,earliest_safe_bound:first_seen_or_qdii_tplus2,False,False,True
159501,2026-02-26,1.6244,1.6244,-1.29,场内买入,场内卖出,akshare:eastmoney:fund_etf_fund_info_em,10,2026-09-08T01:23:13+00:00,,2026-03-02T23:59:59+08:00,earliest_safe_bound:first_seen_or_qdii_tplus2,False,False,True
159501,2026-02-27,1.6197,1.6197,-0.29,场内买入,场内卖出,akshare:eastmoney:fund_etf_fund_info_em,10,2026-09-08T01:23:13+00:00,,2026-03-03T23:59:59+08:00,earliest_safe_bound:first_seen_or_qdii_tplus2,False,False,True
159501,2026-03-02,1.6219,1.6219,0.14,场内买入,场内卖出,akshare:eastmoney:fund_etf_fund_info_em,10,2026-09-08T01:23:13+00:00,,2026-03-04T23:59:59+08:00,earliest_safe_bound:first_seen_or_qdii_tplus2,False,False,True
159501,2026-03-03,1.601,1.601,-1.29,场内买入,场内卖出,akshare:eastmoney:fund_etf_fund_info_em,10,2026-09-08T01:23:13+00:00,,2026-03-05T23:59:59+08:00,earliest_safe_bound:first_seen_or_qdii_tplus2,False,False,True
159501,2026-03-04,1.6259,1.6259,1.56,场内买入,场内卖出,akshare:eastmoney:fund_etf_fund_info_em,10,2026-09-08T01:23:13+00:00,,2026-03-06T23:59:59+08:00,earliest_safe_bound:first_seen_or_qdii_tplus2,False,False,True
159501,2026-03-05,1.6186,1.6186,-0.45,场内买入,场内卖出,akshare:eastmoney:fund_etf_fund_info_em,10,2026-09-08T01:23:13+00:00,,2026-03-09T23:59:59+08:00,earliest_safe_bound:first_seen_or_qdii_tplus2,False,False,True
159501,2026-03-06,1.5948,1.5948,-1.47,场内买入,场内卖出,akshare:eastmoney:fund_etf_fund_info_em,10,2026-09-08T01:23:13+00:00,,2026-03-10T23:59:59+08:00,earliest_safe_bound:first_seen_or_qdii_tplus2,False,False,True
159501,2026-03-09,1.6187,1.6187,1.5,场内买入,场内卖出,akshare:eastmoney:fund_etf_fund_info_em,10,2026-09-08T01:23:13+00:00,,2026-03-11T23:59:59+08:00,earliest_safe_bound:first_seen_or_qdii_tplus2,False,False,True
159501,2026-03-10,1.6141,1.6141,-0.28,场内买入,场内卖出,akshare:eastmoney:fund_etf_fund_info_em,10,2026-09-08T01:23:13+00:00,,2026-03-12T23:59:59+08:00,earliest_safe_bound:first_seen_or_qdii_tplus2,False,False,True
159501,2026-03-11,1.6132,1.6132,-0.06,场内买入,场内卖出,akshare:eastmoney:fund_etf_fund_info_em,10,2026-09-08T01:23:13+00:00,,2026-03-13T23:59:59+08:00,earliest_safe_bound:first_seen_or_qdii_tplus2,False,False,True
159501,2026-03-12,1.5863,1.5863,-1.67,场内买入,场内卖出,akshare:eastmoney:fund_etf_fund_info_em,10,2026-09-08T01:23:13+00:00,,2026-03-16T23:59:59+08:00,earliest_safe_bound:first_seen_or_qdii_tplus2,False,False,True
159501,2026-03-13,1.5776,1.5776,-0.55,场内买入,场内卖出,akshare:eastmoney:fund_etf_fund_info_em,10,2026-09-08T01:23:13+00:00,,2026-03-17T23:59:59+08:00,earliest_safe_bound:first_seen_or_qdii_tplus2,False,False,True
159501,2026-03-16,1.5964,1.5964,1.19,场内买入,场内卖出,akshare:eastmoney:fund_etf_fund_info_em,10,2026-09-08T01:23:13+00:00,,2026-03-18T23:59:59+08:00,earliest_safe_bound:first_seen_or_qdii_tplus2,False,False,True
159501,2026-03-17,1.6023,1.6023,0.37,场内买入,场内卖出,akshare:eastmoney:fund_etf_fund_info_em,10,2026-09-08T01:23:13+00:00,,2026-03-19T23:59:59+08:00,earliest_safe_bound:first_seen_or_qdii_tplus2,False,False,True
159501,2026-03-18,1.5782,1.5782,-1.5,场内买入,场内卖出,akshare:eastmoney:fund_etf_fund_info_em,10,2026-09-08T01:23:13+00:00,,2026-03-20T23:59:59+08:00,earliest_safe_bound:first_seen_or_qdii_tplus2,False,False,True
159501,2026-03-19,1.5751,1.5751,-0.2,场内买入,场内卖出,akshare:eastmoney:fund_etf_fund_info_em,10,2026-09-08T01:23:13+00:00,,2026-03-23T23:59:59+08:00,earliest_safe_bound:first_seen_or_qdii_tplus2,False,False,True
159501,2026-03-20,1.544,1.544,-1.97,场内买入,场内卖出,akshare:eastmoney:fund_etf_fund_info_em,10,2026-09-08T01:23:13+00:00,,2026-03-24T23:59:59+08:00,earliest_safe_bound:first_seen_or_qdii_tplus2,False,False,True
159501,2026-03-23,1.5659,1.5659,1.42,场内买入,场内卖出,akshare:eastmoney:fund_etf_fund_info_em,10,2026-09-08T01:23:13+00:00,,2026-03-25T23:59:59+08:00,earliest_safe_bound:first_seen_or_qdii_tplus2,False,False,True
159501,2026-03-24,1.5517,1.5517,-0.91,场内买入,场内卖出,akshare:eastmoney:fund_etf_fund_info_em,10,2026-09-08T01:23:13+00:00,,2026-03-26T23:59:59+08:00,earliest_safe_bound:first_seen_or_qdii_tplus2,False,False,True
159501,2026-03-25,1.5614,1.5614,0.63,场内买入,场内卖出,akshare:eastmoney:fund_etf_fund_info_em,10,2026-09-08T01:23:13+00:00,,2026-03-27T23:59:59+08:00,earliest_safe_bound:first_seen_or_qdii_tplus2,False,False,True
159501,2026-03-26,1.5273,1.5273,-2.18,场内买入,场内卖出,akshare:eastmoney:fund_etf_fund_info_em,10,2026-09-08T01:23:13+00:00,,2026-03-30T23:59:59+08:00,earliest_safe_bound:first_seen_or_qdii_tplus2,False,False,True
159501,2026-03-27,1.4997,1.4997,-1.81,场内买入,场内卖出,akshare:eastmoney:fund_etf_fund_info_em,10,2026-09-08T01:23:13+00:00,,2026-03-31T23:59:59+08:00,earliest_safe_bound:first_seen_or_qdii_tplus2,False,False,True
159501,2026-03-30,1.4897,1.4897,-0.67,场内买入,场内卖出,akshare:eastmoney:fund_etf_fund_info_em,10,2026-09-08T01:23:13+00:00,,2026-04-01T23:59:59+08:00,earliest_safe_bound:first_seen_or_qdii_tplus2,False,False,True
159501,2026-03-31,1.54,1.54,3.38,场内买入,场内卖出,akshare:eastmoney:fund_etf_fund_info_em,10,2026-09-08T01:23:13+00:00,,2026-04-02T23:59:59+08:00,earliest_safe_bound:first_seen_or_qdii_tplus2,False,False,True
159501,2026-04-01,1.5545,1.5545,0.94,场内买入,场内卖出,akshare:eastmoney:fund_etf_fund_info_em,10,2026-09-08T01:23:13+00:00,,2026-04-03T23:59:59+08:00,earliest_safe_bound:first_seen_or_qdii_tplus2,False,False,True
159501,2026-04-02,1.5531,1.5531,-0.09,场内买入,场内卖出,akshare:eastmoney:fund_etf_fund_info_em,10,2026-09-08T01:23:13+00:00,,2026-04-07T23:59:59+08:00,earliest_safe_bound:first_seen_or_qdii_tplus2,False,False,True
159501,2026-04-03,1.5541,1.5541,0.06,暂停申购,暂停赎回,akshare:eastmoney:fund_etf_fund_info_em,10,2026-09-08T01:23:13+00:00,,2026-04-08T23:59:59+08:00,earliest_safe_bound:first_seen_or_qdii_tplus2,False,False,True
159501,2026-04-07,1.5625,1.5625,0.54,场内买入,场内卖出,akshare:eastmoney:fund_etf_fund_info_em,10,2026-09-08T01:23:13+00:00,,2026-04-09T23:59:59+08:00,earliest_safe_bound:first_seen_or_qdii_tplus2,False,False,True
159501,2026-04-08,1.6037,1.6037,2.64,场内买入,场内卖出,akshare:eastmoney:fund_etf_fund_info_em,10,2026-09-08T01:23:13+00:00,,2026-04-10T23:59:59+08:00,earliest_safe_bound:first_seen_or_qdii_tplus2,False,False,True
159501,2026-04-09,1.6145,1.6145,0.67,场内买入,场内卖出,akshare:eastmoney:fund_etf_fund_info_em,10,2026-09-08T01:23:13+00:00,,2026-04-13T23:59:59+08:00,earliest_safe_bound:first_seen_or_qdii_tplus2,False,False,True
159501,2026-04-10,1.6168,1.6168,0.14,场内买入,场内卖出,akshare:eastmoney:fund_etf_fund_info_em,10,2026-09-08T01:23:13+00:00,,2026-04-14T23:59:59+08:00,earliest_safe_bound:first_seen_or_qdii_tplus2,False,False,True
159501,2026-04-13,1.6339,1.6339,1.06,场内买入,场内卖出,akshare:eastmoney:fund_etf_fund_info_em,10,2026-09-08T01:23:13+00:00,,2026-04-15T23:59:59+08:00,earliest_safe_bound:first_seen_or_qdii_tplus2,False,False,True
159501,2026-04-14,1.6619,1.6619,1.71,场内买入,场内卖出,akshare:eastmoney:fund_etf_fund_info_em,10,2026-09-08T01:23:13+00:00,,2026-04-16T23:59:59+08:00,earliest_safe_bound:first_seen_or_qdii_tplus2,False,False,True
159501,2026-04-15,1.6849,1.6849,1.38,场内买入,场内卖出,akshare:eastmoney:fund_etf_fund_info_em,10,2026-09-08T01:23:13+00:00,,2026-04-17T23:59:59+08:00,earliest_safe_bound:first_seen_or_qdii_tplus2,False,False,True
159501,2026-04-16,1.6939,1.6939,0.53,场内买入,场内卖出,akshare:eastmoney:fund_etf_fund_info_em,10,2026-09-08T01:23:13+00:00,,2026-04-20T23:59:59+08:00,earliest_safe_bound:first_seen_or_qdii_tplus2,False,False,True
159501,2026-04-17,1.7158,1.7158,1.29,场内买入,场内卖出,akshare:eastmoney:fund_etf_fund_info_em,10,2026-09-08T01:23:13+00:00,,2026-04-21T23:59:59+08:00,earliest_safe_bound:first_seen_or_qdii_tplus2,False,False,True
159501,2026-04-20,1.7111,1.7111,-0.27,场内买入,场内卖出,akshare:eastmoney:fund_etf_fund_info_em,10,2026-09-08T01:23:13+00:00,,2026-04-22T23:59:59+08:00,earliest_safe_bound:first_seen_or_qdii_tplus2,False,False,True
159501,2026-04-21,1.7026,1.7026,-0.5,场内买入,场内卖出,akshare:eastmoney:fund_etf_fund_info_em,10,2026-09-08T01:23:13+00:00,,2026-04-23T23:59:59+08:00,earliest_safe_bound:first_seen_or_qdii_tplus2,False,False,True
159501,2026-04-22,1.7329,1.7329,1.78,场内买入,场内卖出,akshare:eastmoney:fund_etf_fund_info_em,10,2026-09-08T01:23:13+00:00,,2026-04-24T23:59:59+08:00,earliest_safe_bound:first_seen_or_qdii_tplus2,False,False,True
159501,2026-04-23,1.7233,1.7233,-0.55,场内买入,场内卖出,akshare:eastmoney:fund_etf_fund_info_em,10,2026-09-08T01:23:13+00:00,,2026-04-27T23:59:59+08:00,earliest_safe_bound:first_seen_or_qdii_tplus2,False,False,True
159501,2026-04-24,1.7573,1.7573,1.97,场内买入,场内卖出,akshare:eastmoney:fund_etf_fund_info_em,10,2026-09-08T01:23:13+00:00,,2026-04-28T23:59:59+08:00,earliest_safe_bound:first_seen_or_qdii_tplus2,False,False,True
159501,2026-04-27,1.755,1.755,-0.13,场内买入,场内卖出,akshare:eastmoney:fund_etf_fund_info_em,10,2026-09-08T01:23:13+00:00,,2026-04-29T23:59:59+08:00,earliest_safe_bound:first_seen_or_qdii_tplus2,False,False,True
159501,2026-04-28,1.7375,1.7375,-1.0,场内买入,场内卖出,akshare:eastmoney:fund_etf_fund_info_em,10,2026-09-08T01:23:13+00:00,,2026-04-30T23:59:59+08:00,earliest_safe_bound:first_seen_or_qdii_tplus2,False,False,True
159501,2026-04-29,1.7481,1.7481,0.61,场内买入,场内卖出,akshare:eastmoney:fund_etf_fund_info_em,10,2026-09-08T01:23:13+00:00,,2026-05-06T23:59:59+08:00,earliest_safe_bound:first_seen_or_qdii_tplus2,False,False,True
159501,2026-04-30,1.7656,1.7656,1.0,场内买入,场内卖出,akshare:eastmoney:fund_etf_fund_info_em,10,2026-09-08T01:23:13+00:00,,2026-05-07T23:59:59+08:00,earliest_safe_bound:first_seen_or_qdii_tplus2,False,False,True
159501,2026-05-06,1.8374,1.8374,4.07,场内买入,场内卖出,akshare:eastmoney:fund_etf_fund_info_em,10,2026-09-08T01:23:13+00:00,,2026-05-08T23:59:59+08:00,earliest_safe_bound:first_seen_or_qdii_tplus2,False,False,True
159501,2026-05-07,1.8332,1.8332,-0.23,场内买入,场内卖出,akshare:eastmoney:fund_etf_fund_info_em,10,2026-09-08T01:23:13+00:00,,2026-05-11T23:59:59+08:00,earliest_safe_bound:first_seen_or_qdii_tplus2,False,False,True
159501,2026-05-08,1.8766,1.8766,2.37,场内买入,场内卖出,akshare:eastmoney:fund_etf_fund_info_em,10,2026-09-08T01:23:13+00:00,,2026-05-12T23:59:59+08:00,earliest_safe_bound:first_seen_or_qdii_tplus2,False,False,True
159501,2026-05-11,1.8811,1.8811,0.24,场内买入,场内卖出,akshare:eastmoney:fund_etf_fund_info_em,10,2026-09-08T01:23:13+00:00,,2026-05-13T23:59:59+08:00,earliest_safe_bound:first_seen_or_qdii_tplus2,False,False,True
159501,2026-05-12,1.8636,1.8636,-0.93,场内买入,场内卖出,akshare:eastmoney:fund_etf_fund_info_em,10,2026-09-08T01:23:13+00:00,,2026-05-14T23:59:59+08:00,earliest_safe_bound:first_seen_or_qdii_tplus2,False,False,True
159501,2026-05-13,1.8832,1.8832,1.05,场内买入,场内卖出,akshare:eastmoney:fund_etf_fund_info_em,10,2026-09-08T01:23:13+00:00,,2026-05-15T23:59:59+08:00,earliest_safe_bound:first_seen_or_qdii_tplus2,False,False,True
159501,2026-05-14,1.896,1.896,0.68,场内买入,场内卖出,akshare:eastmoney:fund_etf_fund_info_em,10,2026-09-08T01:23:13+00:00,,2026-05-18T23:59:59+08:00,earliest_safe_bound:first_seen_or_qdii_tplus2,False,False,True
159501,2026-05-15,1.8675,1.8675,-1.5,场内买入,场内卖出,akshare:eastmoney:fund_etf_fund_info_em,10,2026-09-08T01:23:13+00:00,,2026-05-19T23:59:59+08:00,earliest_safe_bound:first_seen_or_qdii_tplus2,False,False,True
159501,2026-05-18,1.8595,1.8595,-0.43,场内买入,场内卖出,akshare:eastmoney:fund_etf_fund_info_em,10,2026-09-08T01:23:13+00:00,,2026-05-20T23:59:59+08:00,earliest_safe_bound:first_seen_or_qdii_tplus2,False,False,True
159501,2026-05-19,1.8467,1.8467,-0.69,场内买入,场内卖出,akshare:eastmoney:fund_etf_fund_info_em,10,2026-09-08T01:23:13+00:00,,2026-05-21T23:59:59+08:00,earliest_safe_bound:first_seen_or_qdii_tplus2,False,False,True
159501,2026-05-20,1.8779,1.8779,1.69,场内买入,场内卖出,akshare:eastmoney:fund_etf_fund_info_em,10,2026-09-08T01:23:13+00:00,,2026-05-22T23:59:59+08:00,earliest_safe_bound:first_seen_or_qdii_tplus2,False,False,True
159501,2026-05-21,1.8806,1.8806,0.14,场内买入,场内卖出,akshare:eastmoney:fund_etf_fund_info_em,10,2026-09-08T01:23:13+00:00,,2026-05-25T23:59:59+08:00,earliest_safe_bound:first_seen_or_qdii_tplus2,False,False,True
159501,2026-05-22,1.8892,1.8892,0.46,场内买入,场内卖出,akshare:eastmoney:fund_etf_fund_info_em,10,2026-09-08T01:23:13+00:00,,2026-05-26T23:59:59+08:00,earliest_safe_bound:first_seen_or_qdii_tplus2,False,False,True
159501,2026-05-25,1.8876,1.8876,-0.08,暂停申购,暂停赎回,akshare:eastmoney:fund_etf_fund_info_em,10,2026-09-08T01:23:13+00:00,,2026-05-27T23:59:59+08:00,earliest_safe_bound:first_seen_or_qdii_tplus2,False,False,True
159501,2026-05-26,1.9199,1.9199,1.71,场内买入,场内卖出,akshare:eastmoney:fund_etf_fund_info_em,10,2026-09-08T01:23:13+00:00,,2026-05-28T23:59:59+08:00,earliest_safe_bound:first_seen_or_qdii_tplus2,False,False,True
159501,2026-05-27,1.9182,1.9182,-0.09,场内买入,场内卖出,akshare:eastmoney:fund_etf_fund_info_em,10,2026-09-08T01:23:13+00:00,,2026-05-29T23:59:59+08:00,earliest_safe_bound:first_seen_or_qdii_tplus2,False,False,True
159501,2026-05-28,1.9328,1.9328,0.76,场内买入,场内卖出,akshare:eastmoney:fund_etf_fund_info_em,10,2026-09-08T01:23:13+00:00,,2026-06-01T23:59:59+08:00,earliest_safe_bound:first_seen_or_qdii_tplus2,False,False,True
159501,2026-05-29,1.9381,1.9381,0.27,场内买入,场内卖出,akshare:eastmoney:fund_etf_fund_info_em,10,2026-09-08T01:23:13+00:00,,2026-06-02T23:59:59+08:00,earliest_safe_bound:first_seen_or_qdii_tplus2,False,False,True
159501,2026-06-01,1.9492,1.9492,0.57,场内买入,场内卖出,akshare:eastmoney:fund_etf_fund_info_em,10,2026-09-08T01:23:13+00:00,,2026-06-03T23:59:59+08:00,earliest_safe_bound:first_seen_or_qdii_tplus2,False,False,True
159501,2026-06-02,1.9591,1.9591,0.51,场内买入,场内卖出,akshare:eastmoney:fund_etf_fund_info_em,10,2026-09-08T01:23:13+00:00,,2026-06-04T23:59:59+08:00,earliest_safe_bound:first_seen_or_qdii_tplus2,False,False,True
159501,2026-06-03,1.9533,1.9533,-0.3,场内买入,场内卖出,akshare:eastmoney:fund_etf_fund_info_em,10,2026-09-08T01:23:13+00:00,,2026-06-05T23:59:59+08:00,earliest_safe_bound:first_seen_or_qdii_tplus2,False,False,True
159501,2026-06-04,1.9438,1.9438,-0.49,场内买入,场内卖出,akshare:eastmoney:fund_etf_fund_info_em,10,2026-09-08T01:23:13+00:00,,2026-06-08T23:59:59+08:00,earliest_safe_bound:first_seen_or_qdii_tplus2,False,False,True
159501,2026-06-05,1.8502,1.8502,-4.82,场内买入,场内卖出,akshare:eastmoney:fund_etf_fund_info_em,10,2026-09-08T01:23:13+00:00,,2026-06-09T23:59:59+08:00,earliest_safe_bound:first_seen_or_qdii_tplus2,False,False,True
159501,2026-06-08,1.8803,1.8803,1.63,场内买入,场内卖出,akshare:eastmoney:fund_etf_fund_info_em,10,2026-09-08T01:23:13+00:00,,2026-06-10T23:59:59+08:00,earliest_safe_bound:first_seen_or_qdii_tplus2,False,False,True
159501,2026-06-09,1.8578,1.8578,-1.2,场内买入,场内卖出,akshare:eastmoney:fund_etf_fund_info_em,10,2026-09-08T01:23:13+00:00,,2026-06-11T23:59:59+08:00,earliest_safe_bound:first_seen_or_qdii_tplus2,False,False,True
159501,2026-06-10,1.8206,1.8206,-2.0,场内买入,场内卖出,akshare:eastmoney:fund_etf_fund_info_em,10,2026-09-08T01:23:13+00:00,,2026-06-12T23:59:59+08:00,earliest_safe_bound:first_seen_or_qdii_tplus2,False,False,True
159501,2026-06-11,1.8809,1.8809,3.31,场内买入,场内卖出,akshare:eastmoney:fund_etf_fund_info_em,10,2026-09-08T01:23:13+00:00,,2026-06-15T23:59:59+08:00,earliest_safe_bound:first_seen_or_qdii_tplus2,False,False,True
159501,2026-06-12,1.8919,1.8919,0.58,场内买入,场内卖出,akshare:eastmoney:fund_etf_fund_info_em,10,2026-09-08T01:23:13+00:00,,2026-06-16T23:59:59+08:00,earliest_safe_bound:first_seen_or_qdii_tplus2,False,False,True
159501,2026-06-15,1.9487,1.9487,3.0,场内买入,场内卖出,akshare:eastmoney:fund_etf_fund_info_em,10,2026-09-08T01:23:13+00:00,,2026-06-17T23:59:59+08:00,earliest_safe_bound:first_seen_or_qdii_tplus2,False,False,True
159501,2026-06-16,1.9127,1.9127,-1.85,场内买入,场内卖出,akshare:eastmoney:fund_etf_fund_info_em,10,2026-09-08T01:23:13+00:00,,2026-06-18T23:59:59+08:00,earliest_safe_bound:first_seen_or_qdii_tplus2,False,False,True
159501,2026-06-17,1.8933,1.8933,-1.01,场内买入,场内卖出,akshare:eastmoney:fund_etf_fund_info_em,10,2026-09-08T01:23:13+00:00,,2026-06-22T23:59:59+08:00,earliest_safe_bound:first_seen_or_qdii_tplus2,False,False,True
159501,2026-06-18,1.941,1.941,2.52,场内买入,场内卖出,akshare:eastmoney:fund_etf_fund_info_em,10,2026-09-08T01:23:13+00:00,,2026-06-23T23:59:59+08:00,earliest_safe_bound:first_seen_or_qdii_tplus2,False,False,True
159501,2026-06-22,1.9377,1.9377,-0.17,场内买入,场内卖出,akshare:eastmoney:fund_etf_fund_info_em,10,2026-09-08T01:23:13+00:00,,2026-06-24T23:59:59+08:00,earliest_safe_bound:first_seen_or_qdii_tplus2,False,False,True
159501,2026-06-23,1.8745,1.8745,-3.26,场内买入,场内卖出,akshare:eastmoney:fund_etf_fund_info_em,10,2026-09-08T01:23:13+00:00,,2026-06-25T23:59:59+08:00,earliest_safe_bound:first_seen_or_qdii_tplus2,False,False,True
159501,2026-06-24,1.8669,1.8669,-0.41,场内买入,场内卖出,akshare:eastmoney:fund_etf_fund_info_em,10,2026-09-08T01:23:13+00:00,,2026-06-26T23:59:59+08:00,earliest_safe_bound:first_seen_or_qdii_tplus2,False,False,True
159501,2026-06-25,1.8813,1.8813,0.77,场内买入,场内卖出,akshare:eastmoney:fund_etf_fund_info_em,10,2026-09-08T01:23:13+00:00,,2026-06-29T23:59:59+08:00,earliest_safe_bound:first_seen_or_qdii_tplus2,False,False,True
159501,2026-06-26,1.8594,1.8594,-1.16,场内买入,场内卖出,akshare:eastmoney:fund_etf_fund_info_em,10,2026-09-08T01:23:13+00:00,,2026-06-30T23:59:59+08:00,earliest_safe_bound:first_seen_or_qdii_tplus2,False,False,True
159501,2026-06-29,1.9016,1.9016,2.27,场内买入,场内卖出,akshare:eastmoney:fund_etf_fund_info_em,10,2026-09-08T01:23:13+00:00,,2026-07-01T23:59:59+08:00,earliest_safe_bound:first_seen_or_qdii_tplus2,False,False,True
159501,2026-06-30,1.9317,1.9317,1.58,场内买入,场内卖出,akshare:eastmoney:fund_etf_fund_info_em,10,2026-09-08T01:23:13+00:00,,2026-07-02T23:59:59+08:00,earliest_safe_bound:first_seen_or_qdii_tplus2,False,False,True
159501,2026-07-01,1.901,1.901,-1.59,场内买入,场内卖出,akshare:eastmoney:fund_etf_fund_info_em,10,2026-09-08T01:23:13+00:00,,2026-07-03T23:59:59+08:00,earliest_safe_bound:first_seen_or_qdii_tplus2,False,False,True
159501,2026-07-02,1.8707,1.8707,-1.59,场内买入,场内卖出,akshare:eastmoney:fund_etf_fund_info_em,10,2026-09-08T01:23:13+00:00,,2026-07-06T23:59:59+08:00,earliest_safe_bound:first_seen_or_qdii_tplus2,False,False,True
159501,2026-07-03,1.8696,1.8696,-0.06,暂停申购,暂停赎回,akshare:eastmoney:fund_etf_fund_info_em,10,2026-09-08T01:23:13+00:00,,2026-07-07T23:59:59+08:00,earliest_safe_bound:first_seen_or_qdii_tplus2,False,False,True
159501,2026-07-06,1.8937,1.8937,1.29,场内买入,场内卖出,akshare:eastmoney:fund_etf_fund_info_em,10,2026-09-08T01:23:13+00:00,,2026-07-08T23:59:59+08:00,earliest_safe_bound:first_seen_or_qdii_tplus2,False,False,True
159501,2026-07-07,1.8598,1.8598,-1.79,场内买入,场内卖出,akshare:eastmoney:fund_etf_fund_info_em,10,2026-09-08T01:23:13+00:00,,2026-07-09T23:59:59+08:00,earliest_safe_bound:first_seen_or_qdii_tplus2,False,False,True
159501,2026-07-08,1.8654,1.8654,0.3,场内买入,场内卖出,akshare:eastmoney:fund_etf_fund_info_em,10,2026-09-08T01:23:13+00:00,,2026-07-10T23:59:59+08:00,earliest_safe_bound:first_seen_or_qdii_tplus2,False,False,True
159501,2026-07-09,1.8945,1.8945,1.56,场内买入,场内卖出,akshare:eastmoney:fund_etf_fund_info_em,10,2026-09-08T01:23:13+00:00,,2026-07-13T23:59:59+08:00,earliest_safe_bound:first_seen_or_qdii_tplus2,False,False,True
159501,2026-07-10,1.8994,1.8994,0.26,场内买入,场内卖出,akshare:eastmoney:fund_etf_fund_info_em,10,2026-09-08T01:23:13+00:00,,2026-07-14T23:59:59+08:00,earliest_safe_bound:first_seen_or_qdii_tplus2,False,False,True
159501,2026-07-13,1.8632,1.8632,-1.91,场内买入,场内卖出,akshare:eastmoney:fund_etf_fund_info_em,10,2026-09-08T01:23:13+00:00,,2026-07-15T23:59:59+08:00,earliest_safe_bound:first_seen_or_qdii_tplus2,False,False,True
159501,2026-07-14,1.8841,1.8841,1.12,场内买入,场内卖出,akshare:eastmoney:fund_etf_fund_info_em,10,2026-09-08T01:23:13+00:00,,2026-07-16T23:59:59+08:00,earliest_safe_bound:first_seen_or_qdii_tplus2,False,False,True
159501,2026-07-15,1.8765,1.8765,-0.4,场内买入,场内卖出,akshare:eastmoney:fund_etf_fund_info_em,10,2026-09-08T01:23:13+00:00,,2026-07-17T23:59:59+08:00,earliest_safe_bound:first_seen_or_qdii_tplus2,False,False,True
159501,2026-07-16,1.8462,1.8462,-1.61,场内买入,场内卖出,akshare:eastmoney:fund_etf_fund_info_em,10,2026-09-08T01:23:13+00:00,,2026-07-20T23:59:59+08:00,earliest_safe_bound:first_seen_or_qdii_tplus2,False,False,True
159501,2026-07-17,1.8192,1.8192,-1.46,场内买入,场内卖出,akshare:eastmoney:fund_etf_fund_info_em,10,2026-09-08T01:23:13+00:00,,2026-07-21T23:59:59+08:00,earliest_safe_bound:first_seen_or_qdii_tplus2,False,False,True
159501,2026-07-20,1.8202,1.8202,0.05,场内买入,场内卖出,akshare:eastmoney:fund_etf_fund_info_em,10,2026-09-08T01:23:13+00:00,,2026-07-22T23:59:59+08:00,earliest_safe_bound:first_seen_or_qdii_tplus2,False,False,True
159501,2026-07-21,1.8543,1.8543,1.87,场内买入,场内卖出,akshare:eastmoney:fund_etf_fund_info_em,10,2026-09-08T01:23:13+00:00,,2026-07-23T23:59:59+08:00,earliest_safe_bound:first_seen_or_qdii_tplus2,False,False,True
159501,2026-07-22,1.8448,1.8448,-0.51,场内买入,场内卖出,akshare:eastmoney:fund_etf_fund_info_em,10,2026-09-08T01:23:13+00:00,,2026-07-24T23:59:59+08:00,earliest_safe_bound:first_seen_or_qdii_tplus2,False,False,True
159501,2026-07-23,1.8095,1.8095,-1.91,场内买入,场内卖出,akshare:eastmoney:fund_etf_fund_info_em,10,2026-09-08T01:23:13+00:00,,2026-07-27T23:59:59+08:00,earliest_safe_bound:first_seen_or_qdii_tplus2,False,False,True
159501,2026-07-24,1.7896,1.7896,-1.1,场内买入,场内卖出,akshare:eastmoney:fund_etf_fund_info_em,10,2026-09-08T01:23:13+00:00,,2026-07-28T23:59:59+08:00,earliest_safe_bound:first_seen_or_qdii_tplus2,False,False,True
159501,2026-07-27,1.7831,1.7831,-0.36,场内买入,场内卖出,akshare:eastmoney:fund_etf_fund_info_em,10,2026-09-08T01:23:13+00:00,,2026-07-29T23:59:59+08:00,earliest_safe_bound:first_seen_or_qdii_tplus2,False,False,True
159501,2026-07-28,1.766,1.766,-0.96,场内买入,场内卖出,akshare:eastmoney:fund_etf_fund_info_em,10,2026-09-08T01:23:13+00:00,,2026-07-30T23:59:59+08:00,earliest_safe_bound:first_seen_or_qdii_tplus2,False,False,True
159501,2026-07-29,1.729,1.729,-2.1,场内买入,场内卖出,akshare:eastmoney:fund_etf_fund_info_em,10,2026-09-08T01:23:13+00:00,,2026-07-31T23:59:59+08:00,earliest_safe_bound:first_seen_or_qdii_tplus2,False,False,True
159501,2026-07-30,1.7867,1.7867,3.34,场内买入,场内卖出,akshare:eastmoney:fund_etf_fund_info_em,10,2026-09-08T01:23:13+00:00,,2026-08-03T23:59:59+08:00,earliest_safe_bound:first_seen_or_qdii_tplus2,False,False,True
159501,2026-07-31,1.7975,1.7975,0.6,场内买入,场内卖出,akshare:eastmoney:fund_etf_fund_info_em,10,2026-09-08T01:23:13+00:00,,2026-08-04T23:59:59+08:00,earliest_safe_bound:first_seen_or_qdii_tplus2,False,False,True
159501,2026-08-03,1.8294,1.8294,1.77,场内买入,场内卖出,akshare:eastmoney:fund_etf_fund_info_em,10,2026-09-08T01:23:13+00:00,,2026-08-05T23:59:59+08:00,earliest_safe_bound:first_seen_or_qdii_tplus2,False,False,True
159501,2026-08-04,1.8907,1.8907,3.35,场内买入,场内卖出,akshare:eastmoney:fund_etf_fund_info_em,10,2026-09-08T01:23:13+00:00,,2026-08-06T23:59:59+08:00,earliest_safe_bound:first_seen_or_qdii_tplus2,False,False,True
159501,2026-08-05,1.8743,1.8743,-0.87,场内买入,场内卖出,akshare:eastmoney:fund_etf_fund_info_em,10,2026-09-08T01:23:13+00:00,,2026-08-07T23:59:59+08:00,earliest_safe_bound:first_seen_or_qdii_tplus2,False,False,True
159501,2026-08-06,1.8671,1.8671,-0.38,场内买入,场内卖出,akshare:eastmoney:fund_etf_fund_info_em,10,2026-09-08T01:23:13+00:00,,2026-08-10T23:59:59+08:00,earliest_safe_bound:first_seen_or_qdii_tplus2,False,False,True
159501,2026-08-07,1.8895,1.8895,1.2,场内买入,场内卖出,akshare:eastmoney:fund_etf_fund_info_em,10,2026-09-08T01:23:13+00:00,,2026-08-11T23:59:59+08:00,earliest_safe_bound:first_seen_or_qdii_tplus2,False,False,True
159501,2026-08-10,1.8826,1.8826,-0.37,场内买入,场内卖出,akshare:eastmoney:fund_etf_fund_info_em,10,2026-09-08T01:23:13+00:00,,2026-08-12T23:59:59+08:00,earliest_safe_bound:first_seen_or_qdii_tplus2,False,False,True
159501,2026-08-11,1.8768,1.8768,-0.31,场内买入,场内卖出,akshare:eastmoney:fund_etf_fund_info_em,10,2026-09-08T01:23:13+00:00,,2026-08-13T23:59:59+08:00,earliest_safe_bound:first_seen_or_qdii_tplus2,False,False,True
159501,2026-08-12,1.8901,1.8901,0.71,场内买入,场内卖出,akshare:eastmoney:fund_etf_fund_info_em,10,2026-09-08T01:23:13+00:00,,2026-08-14T23:59:59+08:00,earliest_safe_bound:first_seen_or_qdii_tplus2,False,False,True
159501,2026-08-13,1.912,1.912,1.16,场内买入,场内卖出,akshare:eastmoney:fund_etf_fund_info_em,10,2026-09-08T01:23:13+00:00,,2026-08-17T23:59:59+08:00,earliest_safe_bound:first_seen_or_qdii_tplus2,False,False,True
159501,2026-08-14,1.9093,1.9093,-0.14,场内买入,场内卖出,akshare:eastmoney:fund_etf_fund_info_em,10,2026-09-08T01:23:13+00:00,,2026-08-18T23:59:59+08:00,earliest_safe_bound:first_seen_or_qdii_tplus2,False,False,True
159501,2026-08-17,1.9058,1.9058,-0.18,场内买入,场内卖出,akshare:eastmoney:fund_etf_fund_info_em,10,2026-09-08T01:23:13+00:00,,2026-08-19T23:59:59+08:00,earliest_safe_bound:first_seen_or_qdii_tplus2,False,False,True
159501,2026-08-18,1.8746,1.8746,-1.64,场内买入,场内卖出,akshare:eastmoney:fund_etf_fund_info_em,10,2026-09-08T01:23:13+00:00,,2026-08-20T23:59:59+08:00,earliest_safe_bound:first_seen_or_qdii_tplus2,False,False,True
159501,2026-08-19,1.8691,1.8691,-0.29,场内买入,场内卖出,akshare:eastmoney:fund_etf_fund_info_em,10,2026-09-08T01:23:13+00:00,,2026-08-21T23:59:59+08:00,earliest_safe_bound:first_seen_or_qdii_tplus2,False,False,True
159501,2026-08-20,1.8546,1.8546,-0.78,场内买入,场内卖出,akshare:eastmoney:fund_etf_fund_info_em,10,2026-09-08T01:23:13+00:00,,2026-08-24T23:59:59+08:00,earliest_safe_bound:first_seen_or_qdii_tplus2,False,False,True
159501,2026-08-21,1.861,1.861,0.35,场内买入,场内卖出,akshare:eastmoney:fund_etf_fund_info_em,10,2026-09-08T01:42:34+00:00,,2026-08-25T23:59:59+08:00,earliest_safe_bound:first_seen_or_qdii_tplus2,False,False,True
159501,2026-08-24,1.8434,1.8434,-0.95,场内买入,场内卖出,akshare:eastmoney:fund_etf_fund_info_em,10,2026-09-08T01:42:34+00:00,,2026-08-26T23:59:59+08:00,earliest_safe_bound:first_seen_or_qdii_tplus2,False,False,True
159501,2026-08-25,1.8555,1.8555,0.66,场内买入,场内卖出,akshare:eastmoney:fund_etf_fund_info_em,10,2026-09-08T01:42:34+00:00,,2026-08-27T23:59:59+08:00,earliest_safe_bound:first_seen_or_qdii_tplus2,False,False,True
159501,2026-08-26,1.8558,1.8558,0.02,场内买入,场内卖出,akshare:eastmoney:fund_etf_fund_info_em,10,2026-09-08T01:42:34+00:00,,2026-08-28T23:59:59+08:00,earliest_safe_bound:first_seen_or_qdii_tplus2,False,False,True
159501,2026-08-27,1.8825,1.8825,1.44,场内买入,场内卖出,akshare:eastmoney:fund_etf_fund_info_em,10,2026-09-08T01:42:34+00:00,,2026-08-31T23:59:59+08:00,earliest_safe_bound:first_seen_or_qdii_tplus2,False,False,True
159501,2026-08-28,1.8685,1.8685,-0.74,场内买入,场内卖出,akshare:eastmoney:fund_etf_fund_info_em,10,2026-09-08T01:42:34+00:00,,2026-09-01T23:59:59+08:00,earliest_safe_bound:first_seen_or_qdii_tplus2,False,False,True
159501,2026-08-31,1.8704,1.8704,0.1,场内买入,场内卖出,akshare:eastmoney:fund_etf_fund_info_em,10,2026-09-08T01:42:34+00:00,,2026-09-02T23:59:59+08:00,earliest_safe_bound:first_seen_or_qdii_tplus2,False,False,True
159501,2026-09-01,1.8458,1.8458,-1.32,场内买入,场内卖出,akshare:eastmoney:fund_etf_fund_info_em,10,2026-09-08T01:42:34+00:00,,2026-09-03T23:59:59+08:00,earliest_safe_bound:first_seen_or_qdii_tplus2,False,False,True
159501,2026-09-02,1.8505,1.8505,0.25,场内买入,场内卖出,akshare:eastmoney:fund_etf_fund_info_em,10,2026-09-08T01:42:34+00:00,,2026-09-04T23:59:59+08:00,earliest_safe_bound:first_seen_or_qdii_tplus2,False,False,True
159501,2026-09-03,1.8715,1.8715,1.13,场内买入,场内卖出,akshare:eastmoney:fund_etf_fund_info_em,10,2026-09-08T01:42:34+00:00,,2026-09-07T23:59:59+08:00,earliest_safe_bound:first_seen_or_qdii_tplus2,False,False,True
159501,2026-09-04,1.875,1.875,0.19,场内买入,场内卖出,akshare:eastmoney:fund_etf_fund_info_em,10,2026-09-08T02:20:36+00:00,,2026-09-08T10:20:36+08:00,first_seen_ingestion_bound,False,False,True
159513,2025-06-16,1.324,1.324,1.41,场内买入,场内卖出,akshare:eastmoney:fund_etf_fund_info_em,10,2026-09-08T01:23:38+00:00,,2025-06-18T23:59:59+08:00,earliest_safe_bound:first_seen_or_qdii_tplus2,False,False,True
159513,2025-06-17,1.3103,1.3103,-1.03,场内买入,场内卖出,akshare:eastmoney:fund_etf_fund_info_em,10,2026-09-08T01:23:38+00:00,,2025-06-19T23:59:59+08:00,earliest_safe_bound:first_seen_or_qdii_tplus2,False,False,True
159513,2025-06-18,1.3105,1.3105,0.02,场内买入,场内卖出,akshare:eastmoney:fund_etf_fund_info_em,10,2026-09-08T01:23:38+00:00,,2025-06-20T23:59:59+08:00,earliest_safe_bound:first_seen_or_qdii_tplus2,False,False,True
159513,2025-06-19,1.3099,1.3099,-0.05,暂停申购,暂停赎回,akshare:eastmoney:fund_etf_fund_info_em,10,2026-09-08T01:23:38+00:00,,2025-06-23T23:59:59+08:00,earliest_safe_bound:first_seen_or_qdii_tplus2,False,False,True
159513,2025-06-20,1.3038,1.3038,-0.47,场内买入,场内卖出,akshare:eastmoney:fund_etf_fund_info_em,10,2026-09-08T01:23:38+00:00,,2025-06-24T23:59:59+08:00,earliest_safe_bound:first_seen_or_qdii_tplus2,False,False,True
159513,2025-06-23,1.3177,1.3177,1.07,场内买入,场内卖出,akshare:eastmoney:fund_etf_fund_info_em,10,2026-09-08T01:23:38+00:00,,2025-06-25T23:59:59+08:00,earliest_safe_bound:first_seen_or_qdii_tplus2,False,False,True
159513,2025-06-24,1.3368,1.3368,1.45,场内买入,场内卖出,akshare:eastmoney:fund_etf_fund_info_em,10,2026-09-08T01:23:38+00:00,,2025-06-26T23:59:59+08:00,earliest_safe_bound:first_seen_or_qdii_tplus2,False,False,True
159513,2025-06-25,1.3398,1.3398,0.22,场内买入,场内卖出,akshare:eastmoney:fund_etf_fund_info_em,10,2026-09-08T01:23:38+00:00,,2025-06-27T23:59:59+08:00,earliest_safe_bound:first_seen_or_qdii_tplus2,False,False,True
159513,2025-06-26,1.3516,1.3516,0.88,场内买入,场内卖出,akshare:eastmoney:fund_etf_fund_info_em,10,2026-09-08T01:23:38+00:00,,2025-06-30T23:59:59+08:00,earliest_safe_bound:first_seen_or_qdii_tplus2,False,False,True
159513,2025-06-27,1.3568,1.3568,0.38,场内买入,场内卖出,akshare:eastmoney:fund_etf_fund_info_em,10,2026-09-08T01:23:38+00:00,,2025-07-01T23:59:59+08:00,earliest_safe_bound:first_seen_or_qdii_tplus2,False,False,True
159513,2025-06-30,1.3647,1.3647,0.58,场内买入,场内卖出,akshare:eastmoney:fund_etf_fund_info_em,10,2026-09-08T01:23:38+00:00,,2025-07-02T23:59:59+08:00,earliest_safe_bound:first_seen_or_qdii_tplus2,False,False,True
159513,2025-07-01,1.3519,1.3519,-0.94,场内买入,场内卖出,akshare:eastmoney:fund_etf_fund_info_em,10,2026-09-08T01:23:38+00:00,,2025-07-03T23:59:59+08:00,earliest_safe_bound:first_seen_or_qdii_tplus2,False,False,True
159513,2025-07-02,1.3617,1.3617,0.72,场内买入,场内卖出,akshare:eastmoney:fund_etf_fund_info_em,10,2026-09-08T01:23:38+00:00,,2025-07-04T23:59:59+08:00,earliest_safe_bound:first_seen_or_qdii_tplus2,False,False,True
159513,2025-07-03,1.3747,1.3747,0.95,场内买入,场内卖出,akshare:eastmoney:fund_etf_fund_info_em,10,2026-09-08T01:23:38+00:00,,2025-07-07T23:59:59+08:00,earliest_safe_bound:first_seen_or_qdii_tplus2,False,False,True
159513,2025-07-04,1.3749,1.3749,0.01,暂停申购,暂停赎回,akshare:eastmoney:fund_etf_fund_info_em,10,2026-09-08T01:23:38+00:00,,2025-07-08T23:59:59+08:00,earliest_safe_bound:first_seen_or_qdii_tplus2,False,False,True
159513,2025-07-07,1.3635,1.3635,-0.83,场内买入,场内卖出,akshare:eastmoney:fund_etf_fund_info_em,10,2026-09-08T01:23:38+00:00,,2025-07-09T23:59:59+08:00,earliest_safe_bound:first_seen_or_qdii_tplus2,False,False,True
159513,2025-07-08,1.3649,1.3649,0.1,场内买入,场内卖出,akshare:eastmoney:fund_etf_fund_info_em,10,2026-09-08T01:23:38+00:00,,2025-07-10T23:59:59+08:00,earliest_safe_bound:first_seen_or_qdii_tplus2,False,False,True
159513,2025-07-09,1.3745,1.3745,0.7,场内买入,场内卖出,akshare:eastmoney:fund_etf_fund_info_em,10,2026-09-08T01:23:38+00:00,,2025-07-11T23:59:59+08:00,earliest_safe_bound:first_seen_or_qdii_tplus2,False,False,True
159513,2025-07-10,1.3718,1.3718,-0.2,场内买入,场内卖出,akshare:eastmoney:fund_etf_fund_info_em,10,2026-09-08T01:23:38+00:00,,2025-07-14T23:59:59+08:00,earliest_safe_bound:first_seen_or_qdii_tplus2,False,False,True
159513,2025-07-11,1.3682,1.3682,-0.26,场内买入,场内卖出,akshare:eastmoney:fund_etf_fund_info_em,10,2026-09-08T01:23:38+00:00,,2025-07-15T23:59:59+08:00,earliest_safe_bound:first_seen_or_qdii_tplus2,False,False,True
159513,2025-07-14,1.3729,1.3729,0.34,场内买入,场内卖出,akshare:eastmoney:fund_etf_fund_info_em,10,2026-09-08T01:23:38+00:00,,2025-07-16T23:59:59+08:00,earliest_safe_bound:first_seen_or_qdii_tplus2,False,False,True
159513,2025-07-15,1.3746,1.3746,0.12,场内买入,场内卖出,akshare:eastmoney:fund_etf_fund_info_em,10,2026-09-08T01:23:38+00:00,,2025-07-17T23:59:59+08:00,earliest_safe_bound:first_seen_or_qdii_tplus2,False,False,True
159513,2025-07-16,1.3764,1.3764,0.13,场内买入,场内卖出,akshare:eastmoney:fund_etf_fund_info_em,10,2026-09-08T01:23:38+00:00,,2025-07-18T23:59:59+08:00,earliest_safe_bound:first_seen_or_qdii_tplus2,False,False,True
159513,2025-07-17,1.3854,1.3854,0.65,场内买入,场内卖出,akshare:eastmoney:fund_etf_fund_info_em,10,2026-09-08T01:23:38+00:00,,2025-07-21T23:59:59+08:00,earliest_safe_bound:first_seen_or_qdii_tplus2,False,False,True
159513,2025-07-18,1.3851,1.3851,-0.02,场内买入,场内卖出,akshare:eastmoney:fund_etf_fund_info_em,10,2026-09-08T01:23:38+00:00,,2025-07-22T23:59:59+08:00,earliest_safe_bound:first_seen_or_qdii_tplus2,False,False,True
159513,2025-07-21,1.3924,1.3924,0.53,场内买入,场内卖出,akshare:eastmoney:fund_etf_fund_info_em,10,2026-09-08T01:23:38+00:00,,2025-07-23T23:59:59+08:00,earliest_safe_bound:first_seen_or_qdii_tplus2,False,False,True
159513,2025-07-22,1.3843,1.3843,-0.58,场内买入,场内卖出,akshare:eastmoney:fund_etf_fund_info_em,10,2026-09-08T01:23:38+00:00,,2025-07-24T23:59:59+08:00,earliest_safe_bound:first_seen_or_qdii_tplus2,False,False,True
159513,2025-07-23,1.3892,1.3892,0.35,场内买入,场内卖出,akshare:eastmoney:fund_etf_fund_info_em,10,2026-09-08T01:23:38+00:00,,2025-07-25T23:59:59+08:00,earliest_safe_bound:first_seen_or_qdii_tplus2,False,False,True
159513,2025-07-24,1.3922,1.3922,0.22,场内买入,场内卖出,akshare:eastmoney:fund_etf_fund_info_em,10,2026-09-08T01:23:38+00:00,,2025-07-28T23:59:59+08:00,earliest_safe_bound:first_seen_or_qdii_tplus2,False,False,True
159513,2025-07-25,1.3958,1.3958,0.26,场内买入,场内卖出,akshare:eastmoney:fund_etf_fund_info_em,10,2026-09-08T01:23:38+00:00,,2025-07-29T23:59:59+08:00,earliest_safe_bound:first_seen_or_qdii_tplus2,False,False,True
159513,2025-07-28,1.4015,1.4015,0.41,场内买入,场内卖出,akshare:eastmoney:fund_etf_fund_info_em,10,2026-09-08T01:23:38+00:00,,2025-07-30T23:59:59+08:00,earliest_safe_bound:first_seen_or_qdii_tplus2,False,False,True
159513,2025-07-29,1.3995,1.3995,-0.14,场内买入,场内卖出,akshare:eastmoney:fund_etf_fund_info_em,10,2026-09-08T01:23:38+00:00,,2025-07-31T23:59:59+08:00,earliest_safe_bound:first_seen_or_qdii_tplus2,False,False,True
159513,2025-07-30,1.4003,1.4003,0.06,场内买入,场内卖出,akshare:eastmoney:fund_etf_fund_info_em,10,2026-09-08T01:23:38+00:00,,2025-08-01T23:59:59+08:00,earliest_safe_bound:first_seen_or_qdii_tplus2,False,False,True
159513,2025-07-31,1.3938,1.3938,-0.46,场内买入,场内卖出,akshare:eastmoney:fund_etf_fund_info_em,10,2026-09-08T01:23:38+00:00,,2025-08-04T23:59:59+08:00,earliest_safe_bound:first_seen_or_qdii_tplus2,False,False,True
159513,2025-08-01,1.3664,1.3664,-1.97,场内买入,场内卖出,akshare:eastmoney:fund_etf_fund_info_em,10,2026-09-08T01:23:38+00:00,,2025-08-05T23:59:59+08:00,earliest_safe_bound:first_seen_or_qdii_tplus2,False,False,True
159513,2025-08-04,1.3899,1.3899,1.72,场内买入,场内卖出,akshare:eastmoney:fund_etf_fund_info_em,10,2026-09-08T01:23:38+00:00,,2025-08-06T23:59:59+08:00,earliest_safe_bound:first_seen_or_qdii_tplus2,False,False,True
159513,2025-08-05,1.3792,1.3792,-0.77,场内买入,场内卖出,akshare:eastmoney:fund_etf_fund_info_em,10,2026-09-08T01:23:38+00:00,,2025-08-07T23:59:59+08:00,earliest_safe_bound:first_seen_or_qdii_tplus2,False,False,True
159513,2025-08-06,1.3976,1.3976,1.33,场内买入,场内卖出,akshare:eastmoney:fund_etf_fund_info_em,10,2026-09-08T01:23:38+00:00,,2025-08-08T23:59:59+08:00,earliest_safe_bound:first_seen_or_qdii_tplus2,False,False,True
159513,2025-08-07,1.4009,1.4009,0.24,场内买入,场内卖出,akshare:eastmoney:fund_etf_fund_info_em,10,2026-09-08T01:23:38+00:00,,2025-08-11T23:59:59+08:00,earliest_safe_bound:first_seen_or_qdii_tplus2,False,False,True
159513,2025-08-08,1.4147,1.4147,0.99,场内买入,场内卖出,akshare:eastmoney:fund_etf_fund_info_em,10,2026-09-08T01:23:38+00:00,,2025-08-12T23:59:59+08:00,earliest_safe_bound:first_seen_or_qdii_tplus2,False,False,True
159513,2025-08-11,1.4102,1.4102,-0.32,场内买入,场内卖出,akshare:eastmoney:fund_etf_fund_info_em,10,2026-09-08T01:23:38+00:00,,2025-08-13T23:59:59+08:00,earliest_safe_bound:first_seen_or_qdii_tplus2,False,False,True
159513,2025-08-12,1.4288,1.4288,1.32,场内买入,场内卖出,akshare:eastmoney:fund_etf_fund_info_em,10,2026-09-08T01:23:38+00:00,,2025-08-14T23:59:59+08:00,earliest_safe_bound:first_seen_or_qdii_tplus2,False,False,True
159513,2025-08-13,1.4281,1.4281,-0.05,场内买入,场内卖出,akshare:eastmoney:fund_etf_fund_info_em,10,2026-09-08T01:23:38+00:00,,2025-08-15T23:59:59+08:00,earliest_safe_bound:first_seen_or_qdii_tplus2,False,False,True
159513,2025-08-14,1.4267,1.4267,-0.1,场内买入,场内卖出,akshare:eastmoney:fund_etf_fund_info_em,10,2026-09-08T01:23:38+00:00,,2025-08-18T23:59:59+08:00,earliest_safe_bound:first_seen_or_qdii_tplus2,False,False,True
159513,2025-08-15,1.4201,1.4201,-0.46,场内买入,场内卖出,akshare:eastmoney:fund_etf_fund_info_em,10,2026-09-08T01:23:38+00:00,,2025-08-19T23:59:59+08:00,earliest_safe_bound:first_seen_or_qdii_tplus2,False,False,True
159513,2025-08-18,1.4191,1.4191,-0.07,场内买入,场内卖出,akshare:eastmoney:fund_etf_fund_info_em,10,2026-09-08T01:23:38+00:00,,2025-08-20T23:59:59+08:00,earliest_safe_bound:first_seen_or_qdii_tplus2,False,False,True
159513,2025-08-19,1.4002,1.4002,-1.33,场内买入,场内卖出,akshare:eastmoney:fund_etf_fund_info_em,10,2026-09-08T01:23:38+00:00,,2025-08-21T23:59:59+08:00,earliest_safe_bound:first_seen_or_qdii_tplus2,False,False,True
159513,2025-08-20,1.3925,1.3925,-0.55,场内买入,场内卖出,akshare:eastmoney:fund_etf_fund_info_em,10,2026-09-08T01:23:38+00:00,,2025-08-22T23:59:59+08:00,earliest_safe_bound:first_seen_or_qdii_tplus2,False,False,True
159513,2025-08-21,1.3846,1.3846,-0.57,场内买入,场内卖出,akshare:eastmoney:fund_etf_fund_info_em,10,2026-09-08T01:23:38+00:00,,2025-08-25T23:59:59+08:00,earliest_safe_bound:first_seen_or_qdii_tplus2,False,False,True
159513,2025-08-22,1.4063,1.4063,1.57,场内买入,场内卖出,akshare:eastmoney:fund_etf_fund_info_em,10,2026-09-08T01:23:38+00:00,,2025-08-26T23:59:59+08:00,earliest_safe_bound:first_seen_or_qdii_tplus2,False,False,True
159513,2025-08-25,1.399,1.399,-0.52,场内买入,场内卖出,akshare:eastmoney:fund_etf_fund_info_em,10,2026-09-08T01:23:38+00:00,,2025-08-27T23:59:59+08:00,earliest_safe_bound:first_seen_or_qdii_tplus2,False,False,True
159513,2025-08-26,1.4054,1.4054,0.46,场内买入,场内卖出,akshare:eastmoney:fund_etf_fund_info_em,10,2026-09-08T01:23:38+00:00,,2025-08-28T23:59:59+08:00,earliest_safe_bound:first_seen_or_qdii_tplus2,False,False,True
159513,2025-08-27,1.4063,1.4063,0.06,场内买入,场内卖出,akshare:eastmoney:fund_etf_fund_info_em,10,2026-09-08T01:23:38+00:00,,2025-08-29T23:59:59+08:00,earliest_safe_bound:first_seen_or_qdii_tplus2,False,False,True
159513,2025-08-28,1.4136,1.4136,0.52,场内买入,场内卖出,akshare:eastmoney:fund_etf_fund_info_em,10,2026-09-08T01:23:38+00:00,,2025-09-01T23:59:59+08:00,earliest_safe_bound:first_seen_or_qdii_tplus2,False,False,True
159513,2025-08-29,1.3959,1.3959,-1.25,场内买入,场内卖出,akshare:eastmoney:fund_etf_fund_info_em,10,2026-09-08T01:23:38+00:00,,2025-09-02T23:59:59+08:00,earliest_safe_bound:first_seen_or_qdii_tplus2,False,False,True
159513,2025-09-01,1.3966,1.3966,0.05,暂停申购,暂停赎回,akshare:eastmoney:fund_etf_fund_info_em,10,2026-09-08T01:23:38+00:00,,2025-09-03T23:59:59+08:00,earliest_safe_bound:first_seen_or_qdii_tplus2,False,False,True
159513,2025-09-02,1.3861,1.3861,-0.75,场内买入,场内卖出,akshare:eastmoney:fund_etf_fund_info_em,10,2026-09-08T01:23:38+00:00,,2025-09-04T23:59:59+08:00,earliest_safe_bound:first_seen_or_qdii_tplus2,False,False,True
159513,2025-09-03,1.3972,1.3972,0.8,场内买入,场内卖出,akshare:eastmoney:fund_etf_fund_info_em,10,2026-09-08T01:23:38+00:00,,2025-09-05T23:59:59+08:00,earliest_safe_bound:first_seen_or_qdii_tplus2,False,False,True
159513,2025-09-04,1.4092,1.4092,0.86,场内买入,场内卖出,akshare:eastmoney:fund_etf_fund_info_em,10,2026-09-08T01:23:38+00:00,,2025-09-08T23:59:59+08:00,earliest_safe_bound:first_seen_or_qdii_tplus2,False,False,True
159513,2025-09-05,1.4106,1.4106,0.1,场内买入,场内卖出,akshare:eastmoney:fund_etf_fund_info_em,10,2026-09-08T01:23:38+00:00,,2025-09-09T23:59:59+08:00,earliest_safe_bound:first_seen_or_qdii_tplus2,False,False,True
159513,2025-09-08,1.4166,1.4166,0.43,场内买入,场内卖出,akshare:eastmoney:fund_etf_fund_info_em,10,2026-09-08T01:23:38+00:00,,2025-09-10T23:59:59+08:00,earliest_safe_bound:first_seen_or_qdii_tplus2,False,False,True
159513,2025-09-09,1.4207,1.4207,0.29,场内买入,场内卖出,akshare:eastmoney:fund_etf_fund_info_em,10,2026-09-08T01:23:38+00:00,,2025-09-11T23:59:59+08:00,earliest_safe_bound:first_seen_or_qdii_tplus2,False,False,True
159513,2025-09-10,1.4221,1.4221,0.1,场内买入,场内卖出,akshare:eastmoney:fund_etf_fund_info_em,10,2026-09-08T01:23:38+00:00,,2025-09-12T23:59:59+08:00,earliest_safe_bound:first_seen_or_qdii_tplus2,False,False,True
159513,2025-09-11,1.4301,1.4301,0.56,场内买入,场内卖出,akshare:eastmoney:fund_etf_fund_info_em,10,2026-09-08T01:23:38+00:00,,2025-09-15T23:59:59+08:00,earliest_safe_bound:first_seen_or_qdii_tplus2,False,False,True
159513,2025-09-12,1.4357,1.4357,0.39,场内买入,场内卖出,akshare:eastmoney:fund_etf_fund_info_em,10,2026-09-08T01:23:38+00:00,,2025-09-16T23:59:59+08:00,earliest_safe_bound:first_seen_or_qdii_tplus2,False,False,True
159513,2025-09-15,1.4476,1.4476,0.83,场内买入,场内卖出,akshare:eastmoney:fund_etf_fund_info_em,10,2026-09-08T01:23:38+00:00,,2025-09-17T23:59:59+08:00,earliest_safe_bound:first_seen_or_qdii_tplus2,False,False,True
159513,2025-09-16,1.4458,1.4458,-0.12,场内买入,场内卖出,akshare:eastmoney:fund_etf_fund_info_em,10,2026-09-08T01:23:38+00:00,,2025-09-18T23:59:59+08:00,earliest_safe_bound:first_seen_or_qdii_tplus2,False,False,True
159513,2025-09-17,1.4424,1.4424,-0.24,场内买入,场内卖出,akshare:eastmoney:fund_etf_fund_info_em,10,2026-09-08T01:23:38+00:00,,2025-09-19T23:59:59+08:00,earliest_safe_bound:first_seen_or_qdii_tplus2,False,False,True
159513,2025-09-18,1.4575,1.4575,1.05,场内买入,场内卖出,akshare:eastmoney:fund_etf_fund_info_em,10,2026-09-08T01:23:38+00:00,,2025-09-22T23:59:59+08:00,earliest_safe_bound:first_seen_or_qdii_tplus2,False,False,True
159513,2025-09-19,1.4683,1.4683,0.74,场内买入,场内卖出,akshare:eastmoney:fund_etf_fund_info_em,10,2026-09-08T01:23:38+00:00,,2025-09-23T23:59:59+08:00,earliest_safe_bound:first_seen_or_qdii_tplus2,False,False,True
159513,2025-09-22,1.476,1.476,0.52,场内买入,场内卖出,akshare:eastmoney:fund_etf_fund_info_em,10,2026-09-08T01:23:38+00:00,,2025-09-24T23:59:59+08:00,earliest_safe_bound:first_seen_or_qdii_tplus2,False,False,True
159513,2025-09-23,1.4644,1.4644,-0.79,场内买入,场内卖出,akshare:eastmoney:fund_etf_fund_info_em,10,2026-09-08T01:23:38+00:00,,2025-09-25T23:59:59+08:00,earliest_safe_bound:first_seen_or_qdii_tplus2,False,False,True
159513,2025-09-24,1.4601,1.4601,-0.29,场内买入,场内卖出,akshare:eastmoney:fund_etf_fund_info_em,10,2026-09-08T01:23:38+00:00,,2025-09-26T23:59:59+08:00,earliest_safe_bound:first_seen_or_qdii_tplus2,False,False,True
159513,2025-09-25,1.4545,1.4545,-0.38,场内买入,场内卖出,akshare:eastmoney:fund_etf_fund_info_em,10,2026-09-08T01:23:38+00:00,,2025-09-29T23:59:59+08:00,earliest_safe_bound:first_seen_or_qdii_tplus2,False,False,True
159513,2025-09-26,1.4613,1.4613,0.47,场内买入,场内卖出,akshare:eastmoney:fund_etf_fund_info_em,10,2026-09-08T01:23:38+00:00,,2025-09-30T23:59:59+08:00,earliest_safe_bound:first_seen_or_qdii_tplus2,False,False,True
159513,2025-09-29,1.4664,1.4664,0.35,场内买入,场内卖出,akshare:eastmoney:fund_etf_fund_info_em,10,2026-09-08T01:23:38+00:00,,2025-10-09T23:59:59+08:00,earliest_safe_bound:first_seen_or_qdii_tplus2,False,False,True
159513,2025-09-30,1.4699,1.4699,0.24,场内买入,场内卖出,akshare:eastmoney:fund_etf_fund_info_em,10,2026-09-08T01:23:38+00:00,,2025-10-10T23:59:59+08:00,earliest_safe_bound:first_seen_or_qdii_tplus2,False,False,True
159513,2025-10-09,1.495,1.495,1.71,场内买入,场内卖出,akshare:eastmoney:fund_etf_fund_info_em,10,2026-09-08T01:23:38+00:00,,2025-10-13T23:59:59+08:00,earliest_safe_bound:first_seen_or_qdii_tplus2,False,False,True
159513,2025-10-10,1.4419,1.4419,-3.55,场内买入,场内卖出,akshare:eastmoney:fund_etf_fund_info_em,10,2026-09-08T01:23:38+00:00,,2025-10-14T23:59:59+08:00,earliest_safe_bound:first_seen_or_qdii_tplus2,False,False,True
159513,2025-10-13,1.4723,1.4723,2.11,场内买入,场内卖出,akshare:eastmoney:fund_etf_fund_info_em,10,2026-09-08T01:23:38+00:00,,2025-10-15T23:59:59+08:00,earliest_safe_bound:first_seen_or_qdii_tplus2,False,False,True
159513,2025-10-14,1.4625,1.4625,-0.67,场内买入,场内卖出,akshare:eastmoney:fund_etf_fund_info_em,10,2026-09-08T01:23:38+00:00,,2025-10-16T23:59:59+08:00,earliest_safe_bound:first_seen_or_qdii_tplus2,False,False,True
159513,2025-10-15,1.4719,1.4719,0.64,场内买入,场内卖出,akshare:eastmoney:fund_etf_fund_info_em,10,2026-09-08T01:23:38+00:00,,2025-10-17T23:59:59+08:00,earliest_safe_bound:first_seen_or_qdii_tplus2,False,False,True
159513,2025-10-16,1.4661,1.4661,-0.39,场内买入,场内卖出,akshare:eastmoney:fund_etf_fund_info_em,10,2026-09-08T01:23:38+00:00,,2025-10-20T23:59:59+08:00,earliest_safe_bound:first_seen_or_qdii_tplus2,False,False,True
159513,2025-10-17,1.4753,1.4753,0.63,场内买入,场内卖出,akshare:eastmoney:fund_etf_fund_info_em,10,2026-09-08T01:23:38+00:00,,2025-10-21T23:59:59+08:00,earliest_safe_bound:first_seen_or_qdii_tplus2,False,False,True
159513,2025-10-20,1.4947,1.4947,1.31,场内买入,场内卖出,akshare:eastmoney:fund_etf_fund_info_em,10,2026-09-08T01:23:38+00:00,,2025-10-22T23:59:59+08:00,earliest_safe_bound:first_seen_or_qdii_tplus2,False,False,True
159513,2025-10-21,1.4931,1.4931,-0.11,场内买入,场内卖出,akshare:eastmoney:fund_etf_fund_info_em,10,2026-09-08T01:23:38+00:00,,2025-10-23T23:59:59+08:00,earliest_safe_bound:first_seen_or_qdii_tplus2,False,False,True
159513,2025-10-22,1.4787,1.4787,-0.96,场内买入,场内卖出,akshare:eastmoney:fund_etf_fund_info_em,10,2026-09-08T01:23:38+00:00,,2025-10-24T23:59:59+08:00,earliest_safe_bound:first_seen_or_qdii_tplus2,False,False,True
159513,2025-10-23,1.491,1.491,0.83,场内买入,场内卖出,akshare:eastmoney:fund_etf_fund_info_em,10,2026-09-08T01:23:38+00:00,,2025-10-27T23:59:59+08:00,earliest_safe_bound:first_seen_or_qdii_tplus2,False,False,True
159513,2025-10-24,1.5065,1.5065,1.04,场内买入,场内卖出,akshare:eastmoney:fund_etf_fund_info_em,10,2026-09-08T01:23:38+00:00,,2025-10-28T23:59:59+08:00,earliest_safe_bound:first_seen_or_qdii_tplus2,False,False,True
159513,2025-10-27,1.5328,1.5328,1.75,场内买入,场内卖出,akshare:eastmoney:fund_etf_fund_info_em,10,2026-09-08T01:23:38+00:00,,2025-10-29T23:59:59+08:00,earliest_safe_bound:first_seen_or_qdii_tplus2,False,False,True
159513,2025-10-28,1.5437,1.5437,0.71,场内买入,场内卖出,akshare:eastmoney:fund_etf_fund_info_em,10,2026-09-08T01:23:38+00:00,,2025-10-30T23:59:59+08:00,earliest_safe_bound:first_seen_or_qdii_tplus2,False,False,True
159513,2025-10-29,1.5497,1.5497,0.39,场内买入,场内卖出,akshare:eastmoney:fund_etf_fund_info_em,10,2026-09-08T01:23:38+00:00,,2025-10-31T23:59:59+08:00,earliest_safe_bound:first_seen_or_qdii_tplus2,False,False,True
159513,2025-10-30,1.5274,1.5274,-1.44,场内买入,场内卖出,akshare:eastmoney:fund_etf_fund_info_em,10,2026-09-08T01:23:38+00:00,,2025-11-03T23:59:59+08:00,earliest_safe_bound:first_seen_or_qdii_tplus2,False,False,True
159513,2025-10-31,1.535,1.535,0.5,场内买入,场内卖出,akshare:eastmoney:fund_etf_fund_info_em,10,2026-09-08T01:23:38+00:00,,2025-11-04T23:59:59+08:00,earliest_safe_bound:first_seen_or_qdii_tplus2,False,False,True
159513,2025-11-03,1.5412,1.5412,0.4,场内买入,场内卖出,akshare:eastmoney:fund_etf_fund_info_em,10,2026-09-08T01:23:38+00:00,,2025-11-05T23:59:59+08:00,earliest_safe_bound:first_seen_or_qdii_tplus2,False,False,True
159513,2025-11-04,1.5099,1.5099,-2.03,场内买入,场内卖出,akshare:eastmoney:fund_etf_fund_info_em,10,2026-09-08T01:23:38+00:00,,2025-11-06T23:59:59+08:00,earliest_safe_bound:first_seen_or_qdii_tplus2,False,False,True
159513,2025-11-05,1.5209,1.5209,0.73,场内买入,场内卖出,akshare:eastmoney:fund_etf_fund_info_em,10,2026-09-08T01:23:38+00:00,,2025-11-07T23:59:59+08:00,earliest_safe_bound:first_seen_or_qdii_tplus2,False,False,True
159513,2025-11-06,1.4911,1.4911,-1.96,场内买入,场内卖出,akshare:eastmoney:fund_etf_fund_info_em,10,2026-09-08T01:23:38+00:00,,2025-11-10T23:59:59+08:00,earliest_safe_bound:first_seen_or_qdii_tplus2,False,False,True
159513,2025-11-07,1.4863,1.4863,-0.32,场内买入,场内卖出,akshare:eastmoney:fund_etf_fund_info_em,10,2026-09-08T01:23:38+00:00,,2025-11-11T23:59:59+08:00,earliest_safe_bound:first_seen_or_qdii_tplus2,False,False,True
159513,2025-11-10,1.5193,1.5193,2.22,场内买入,场内卖出,akshare:eastmoney:fund_etf_fund_info_em,10,2026-09-08T01:23:38+00:00,,2025-11-12T23:59:59+08:00,earliest_safe_bound:first_seen_or_qdii_tplus2,False,False,True
159513,2025-11-11,1.5148,1.5148,-0.3,场内买入,场内卖出,akshare:eastmoney:fund_etf_fund_info_em,10,2026-09-08T01:23:38+00:00,,2025-11-13T23:59:59+08:00,earliest_safe_bound:first_seen_or_qdii_tplus2,False,False,True
159513,2025-11-12,1.5133,1.5133,-0.1,场内买入,场内卖出,akshare:eastmoney:fund_etf_fund_info_em,10,2026-09-08T01:23:38+00:00,,2025-11-14T23:59:59+08:00,earliest_safe_bound:first_seen_or_qdii_tplus2,False,False,True
159513,2025-11-13,1.4828,1.4828,-2.02,场内买入,场内卖出,akshare:eastmoney:fund_etf_fund_info_em,10,2026-09-08T01:23:38+00:00,,2025-11-17T23:59:59+08:00,earliest_safe_bound:first_seen_or_qdii_tplus2,False,False,True
159513,2025-11-14,1.4828,1.4828,0.0,场内买入,场内卖出,akshare:eastmoney:fund_etf_fund_info_em,10,2026-09-08T01:23:38+00:00,,2025-11-18T23:59:59+08:00,earliest_safe_bound:first_seen_or_qdii_tplus2,False,False,True
159513,2025-11-17,1.4702,1.4702,-0.85,场内买入,场内卖出,akshare:eastmoney:fund_etf_fund_info_em,10,2026-09-08T01:23:38+00:00,,2025-11-19T23:59:59+08:00,earliest_safe_bound:first_seen_or_qdii_tplus2,False,False,True
159513,2025-11-18,1.4535,1.4535,-1.14,场内买入,场内卖出,akshare:eastmoney:fund_etf_fund_info_em,10,2026-09-08T01:23:38+00:00,,2025-11-20T23:59:59+08:00,earliest_safe_bound:first_seen_or_qdii_tplus2,False,False,True
159513,2025-11-19,1.4618,1.4618,0.57,场内买入,场内卖出,akshare:eastmoney:fund_etf_fund_info_em,10,2026-09-08T01:23:38+00:00,,2025-11-21T23:59:59+08:00,earliest_safe_bound:first_seen_or_qdii_tplus2,False,False,True
159513,2025-11-20,1.4278,1.4278,-2.33,场内买入,场内卖出,akshare:eastmoney:fund_etf_fund_info_em,10,2026-09-08T01:23:38+00:00,,2025-11-24T23:59:59+08:00,earliest_safe_bound:first_seen_or_qdii_tplus2,False,False,True
159513,2025-11-21,1.4382,1.4382,0.73,场内买入,场内卖出,akshare:eastmoney:fund_etf_fund_info_em,10,2026-09-08T01:23:38+00:00,,2025-11-25T23:59:59+08:00,earliest_safe_bound:first_seen_or_qdii_tplus2,False,False,True
159513,2025-11-24,1.4752,1.4752,2.57,场内买入,场内卖出,akshare:eastmoney:fund_etf_fund_info_em,10,2026-09-08T01:23:38+00:00,,2025-11-26T23:59:59+08:00,earliest_safe_bound:first_seen_or_qdii_tplus2,False,False,True
159513,2025-11-25,1.4832,1.4832,0.54,场内买入,场内卖出,akshare:eastmoney:fund_etf_fund_info_em,10,2026-09-08T01:23:38+00:00,,2025-11-27T23:59:59+08:00,earliest_safe_bound:first_seen_or_qdii_tplus2,False,False,True
159513,2025-11-26,1.4956,1.4956,0.84,场内买入,场内卖出,akshare:eastmoney:fund_etf_fund_info_em,10,2026-09-08T01:23:38+00:00,,2025-11-28T23:59:59+08:00,earliest_safe_bound:first_seen_or_qdii_tplus2,False,False,True
159513,2025-11-27,1.4952,1.4952,-0.03,暂停申购,暂停赎回,akshare:eastmoney:fund_etf_fund_info_em,10,2026-09-08T01:23:38+00:00,,2025-12-01T23:59:59+08:00,earliest_safe_bound:first_seen_or_qdii_tplus2,False,False,True
159513,2025-11-28,1.5069,1.5069,0.78,场内买入,场内卖出,akshare:eastmoney:fund_etf_fund_info_em,10,2026-09-08T01:23:38+00:00,,2025-12-02T23:59:59+08:00,earliest_safe_bound:first_seen_or_qdii_tplus2,False,False,True
159513,2025-12-01,1.5008,1.5008,-0.4,场内买入,场内卖出,akshare:eastmoney:fund_etf_fund_info_em,10,2026-09-08T01:23:38+00:00,,2025-12-03T23:59:59+08:00,earliest_safe_bound:first_seen_or_qdii_tplus2,False,False,True
159513,2025-12-02,1.5139,1.5139,0.87,场内买入,场内卖出,akshare:eastmoney:fund_etf_fund_info_em,10,2026-09-08T01:23:38+00:00,,2025-12-04T23:59:59+08:00,earliest_safe_bound:first_seen_or_qdii_tplus2,False,False,True
159513,2025-12-03,1.5162,1.5162,0.15,场内买入,场内卖出,akshare:eastmoney:fund_etf_fund_info_em,10,2026-09-08T01:23:38+00:00,,2025-12-05T23:59:59+08:00,earliest_safe_bound:first_seen_or_qdii_tplus2,False,False,True
159513,2025-12-04,1.5142,1.5142,-0.13,场内买入,场内卖出,akshare:eastmoney:fund_etf_fund_info_em,10,2026-09-08T01:23:38+00:00,,2025-12-08T23:59:59+08:00,earliest_safe_bound:first_seen_or_qdii_tplus2,False,False,True
159513,2025-12-05,1.5211,1.5211,0.46,场内买入,场内卖出,akshare:eastmoney:fund_etf_fund_info_em,10,2026-09-08T01:23:38+00:00,,2025-12-09T23:59:59+08:00,earliest_safe_bound:first_seen_or_qdii_tplus2,False,False,True
159513,2025-12-08,1.5174,1.5174,-0.24,场内买入,场内卖出,akshare:eastmoney:fund_etf_fund_info_em,10,2026-09-08T01:23:38+00:00,,2025-12-10T23:59:59+08:00,earliest_safe_bound:first_seen_or_qdii_tplus2,False,False,True
159513,2025-12-09,1.5198,1.5198,0.16,场内买入,场内卖出,akshare:eastmoney:fund_etf_fund_info_em,10,2026-09-08T01:23:38+00:00,,2025-12-11T23:59:59+08:00,earliest_safe_bound:first_seen_or_qdii_tplus2,False,False,True
159513,2025-12-10,1.5256,1.5256,0.38,场内买入,场内卖出,akshare:eastmoney:fund_etf_fund_info_em,10,2026-09-08T01:23:38+00:00,,2025-12-12T23:59:59+08:00,earliest_safe_bound:first_seen_or_qdii_tplus2,False,False,True
159513,2025-12-11,1.5192,1.5192,-0.42,场内买入,场内卖出,akshare:eastmoney:fund_etf_fund_info_em,10,2026-09-08T01:23:38+00:00,,2025-12-15T23:59:59+08:00,earliest_safe_bound:first_seen_or_qdii_tplus2,False,False,True
159513,2025-12-12,1.4894,1.4894,-1.96,场内买入,场内卖出,akshare:eastmoney:fund_etf_fund_info_em,10,2026-09-08T01:23:38+00:00,,2025-12-16T23:59:59+08:00,earliest_safe_bound:first_seen_or_qdii_tplus2,False,False,True
159513,2025-12-15,1.4821,1.4821,-0.49,场内买入,场内卖出,akshare:eastmoney:fund_etf_fund_info_em,10,2026-09-08T01:23:38+00:00,,2025-12-17T23:59:59+08:00,earliest_safe_bound:first_seen_or_qdii_tplus2,False,False,True
159513,2025-12-16,1.4846,1.4846,0.17,场内买入,场内卖出,akshare:eastmoney:fund_etf_fund_info_em,10,2026-09-08T01:23:38+00:00,,2025-12-18T23:59:59+08:00,earliest_safe_bound:first_seen_or_qdii_tplus2,False,False,True
159513,2025-12-17,1.4556,1.4556,-1.95,场内买入,场内卖出,akshare:eastmoney:fund_etf_fund_info_em,10,2026-09-08T01:23:38+00:00,,2025-12-19T23:59:59+08:00,earliest_safe_bound:first_seen_or_qdii_tplus2,False,False,True
159513,2025-12-18,1.4775,1.4775,1.5,场内买入,场内卖出,akshare:eastmoney:fund_etf_fund_info_em,10,2026-09-08T01:23:38+00:00,,2025-12-22T23:59:59+08:00,earliest_safe_bound:first_seen_or_qdii_tplus2,False,False,True
159513,2025-12-19,1.4959,1.4959,1.25,场内买入,场内卖出,akshare:eastmoney:fund_etf_fund_info_em,10,2026-09-08T01:23:38+00:00,,2025-12-23T23:59:59+08:00,earliest_safe_bound:first_seen_or_qdii_tplus2,False,False,True
159513,2025-12-22,1.5033,1.5033,0.49,场内买入,场内卖出,akshare:eastmoney:fund_etf_fund_info_em,10,2026-09-08T01:23:38+00:00,,2025-12-24T23:59:59+08:00,earliest_safe_bound:first_seen_or_qdii_tplus2,False,False,True
159513,2025-12-23,1.5107,1.5107,0.49,场内买入,场内卖出,akshare:eastmoney:fund_etf_fund_info_em,10,2026-09-08T01:23:38+00:00,,2025-12-25T23:59:59+08:00,earliest_safe_bound:first_seen_or_qdii_tplus2,False,False,True
159513,2025-12-24,1.5138,1.5138,0.21,场内买入,场内卖出,akshare:eastmoney:fund_etf_fund_info_em,10,2026-09-08T01:23:38+00:00,,2025-12-26T23:59:59+08:00,earliest_safe_bound:first_seen_or_qdii_tplus2,False,False,True
159513,2025-12-25,1.5123,1.5123,-0.1,暂停申购,暂停赎回,akshare:eastmoney:fund_etf_fund_info_em,10,2026-09-08T01:23:38+00:00,,2025-12-29T23:59:59+08:00,earliest_safe_bound:first_seen_or_qdii_tplus2,False,False,True
159513,2025-12-26,1.5109,1.5109,-0.09,场内买入,场内卖出,akshare:eastmoney:fund_etf_fund_info_em,10,2026-09-08T01:23:38+00:00,,2025-12-30T23:59:59+08:00,earliest_safe_bound:first_seen_or_qdii_tplus2,False,False,True
159513,2025-12-29,1.5033,1.5033,-0.5,场内买入,场内卖出,akshare:eastmoney:fund_etf_fund_info_em,10,2026-09-08T01:23:38+00:00,,2025-12-31T23:59:59+08:00,earliest_safe_bound:first_seen_or_qdii_tplus2,False,False,True
159513,2025-12-30,1.4999,1.4999,-0.23,场内买入,场内卖出,akshare:eastmoney:fund_etf_fund_info_em,10,2026-09-08T01:23:38+00:00,,2026-01-05T23:59:59+08:00,earliest_safe_bound:first_seen_or_qdii_tplus2,False,False,True
159513,2025-12-31,1.4863,1.4863,-0.91,场内买入,场内卖出,akshare:eastmoney:fund_etf_fund_info_em,10,2026-09-08T01:23:38+00:00,,2026-01-06T23:59:59+08:00,earliest_safe_bound:first_seen_or_qdii_tplus2,False,False,True
159513,2026-01-05,1.4938,1.4938,0.5,场内买入,场内卖出,akshare:eastmoney:fund_etf_fund_info_em,10,2026-09-08T01:23:38+00:00,,2026-01-07T23:59:59+08:00,earliest_safe_bound:first_seen_or_qdii_tplus2,False,False,True
159513,2026-01-06,1.5067,1.5067,0.86,场内买入,场内卖出,akshare:eastmoney:fund_etf_fund_info_em,10,2026-09-08T01:23:38+00:00,,2026-01-08T23:59:59+08:00,earliest_safe_bound:first_seen_or_qdii_tplus2,False,False,True
159513,2026-01-07,1.5077,1.5077,0.07,场内买入,场内卖出,akshare:eastmoney:fund_etf_fund_info_em,10,2026-09-08T01:23:38+00:00,,2026-01-09T23:59:59+08:00,earliest_safe_bound:first_seen_or_qdii_tplus2,False,False,True
159513,2026-01-08,1.4992,1.4992,-0.56,场内买入,场内卖出,akshare:eastmoney:fund_etf_fund_info_em,10,2026-09-08T01:23:38+00:00,,2026-01-12T23:59:59+08:00,earliest_safe_bound:first_seen_or_qdii_tplus2,False,False,True
159513,2026-01-09,1.513,1.513,0.92,场内买入,场内卖出,akshare:eastmoney:fund_etf_fund_info_em,10,2026-09-08T01:23:38+00:00,,2026-01-13T23:59:59+08:00,earliest_safe_bound:first_seen_or_qdii_tplus2,False,False,True
159513,2026-01-12,1.5138,1.5138,0.05,场内买入,场内卖出,akshare:eastmoney:fund_etf_fund_info_em,10,2026-09-08T01:23:38+00:00,,2026-01-14T23:59:59+08:00,earliest_safe_bound:first_seen_or_qdii_tplus2,False,False,True
159513,2026-01-13,1.5109,1.5109,-0.19,场内买入,场内卖出,akshare:eastmoney:fund_etf_fund_info_em,10,2026-09-08T01:23:38+00:00,,2026-01-15T23:59:59+08:00,earliest_safe_bound:first_seen_or_qdii_tplus2,False,False,True
159513,2026-01-14,1.4951,1.4951,-1.05,场内买入,场内卖出,akshare:eastmoney:fund_etf_fund_info_em,10,2026-09-08T01:23:38+00:00,,2026-01-16T23:59:59+08:00,earliest_safe_bound:first_seen_or_qdii_tplus2,False,False,True
159513,2026-01-15,1.4987,1.4987,0.24,场内买入,场内卖出,akshare:eastmoney:fund_etf_fund_info_em,10,2026-09-08T01:23:38+00:00,,2026-01-19T23:59:59+08:00,earliest_safe_bound:first_seen_or_qdii_tplus2,False,False,True
159513,2026-01-16,1.4979,1.4979,-0.05,场内买入,场内卖出,akshare:eastmoney:fund_etf_fund_info_em,10,2026-09-08T01:23:38+00:00,,2026-01-20T23:59:59+08:00,earliest_safe_bound:first_seen_or_qdii_tplus2,False,False,True
159513,2026-01-19,1.4973,1.4973,-0.04,暂停申购,暂停赎回,akshare:eastmoney:fund_etf_fund_info_em,10,2026-09-08T01:23:38+00:00,,2026-01-21T23:59:59+08:00,earliest_safe_bound:first_seen_or_qdii_tplus2,False,False,True
159513,2026-01-20,1.4641,1.4641,-2.22,场内买入,场内卖出,akshare:eastmoney:fund_etf_fund_info_em,10,2026-09-08T01:23:38+00:00,,2026-01-22T23:59:59+08:00,earliest_safe_bound:first_seen_or_qdii_tplus2,False,False,True
159513,2026-01-21,1.4843,1.4843,1.38,场内买入,场内卖出,akshare:eastmoney:fund_etf_fund_info_em,10,2026-09-08T01:23:38+00:00,,2026-01-23T23:59:59+08:00,earliest_safe_bound:first_seen_or_qdii_tplus2,False,False,True
159513,2026-01-22,1.4961,1.4961,0.79,场内买入,场内卖出,akshare:eastmoney:fund_etf_fund_info_em,10,2026-09-08T01:23:38+00:00,,2026-01-26T23:59:59+08:00,earliest_safe_bound:first_seen_or_qdii_tplus2,False,False,True
159513,2026-01-23,1.4994,1.4994,0.22,场内买入,场内卖出,akshare:eastmoney:fund_etf_fund_info_em,10,2026-09-08T01:23:38+00:00,,2026-01-27T23:59:59+08:00,earliest_safe_bound:first_seen_or_qdii_tplus2,False,False,True
159513,2026-01-26,1.5041,1.5041,0.31,场内买入,场内卖出,akshare:eastmoney:fund_etf_fund_info_em,10,2026-09-08T01:23:38+00:00,,2026-01-28T23:59:59+08:00,earliest_safe_bound:first_seen_or_qdii_tplus2,False,False,True
159513,2026-01-27,1.5175,1.5175,0.89,场内买入,场内卖出,akshare:eastmoney:fund_etf_fund_info_em,10,2026-09-08T01:23:38+00:00,,2026-01-29T23:59:59+08:00,earliest_safe_bound:first_seen_or_qdii_tplus2,False,False,True
159513,2026-01-28,1.5204,1.5204,0.19,场内买入,场内卖出,akshare:eastmoney:fund_etf_fund_info_em,10,2026-09-08T01:23:38+00:00,,2026-01-30T23:59:59+08:00,earliest_safe_bound:first_seen_or_qdii_tplus2,False,False,True
159513,2026-01-29,1.5124,1.5124,-0.53,场内买入,场内卖出,akshare:eastmoney:fund_etf_fund_info_em,10,2026-09-08T01:23:38+00:00,,2026-02-02T23:59:59+08:00,earliest_safe_bound:first_seen_or_qdii_tplus2,False,False,True
159513,2026-01-30,1.4916,1.4916,-1.38,场内买入,场内卖出,akshare:eastmoney:fund_etf_fund_info_em,10,2026-09-08T01:23:38+00:00,,2026-02-03T23:59:59+08:00,earliest_safe_bound:first_seen_or_qdii_tplus2,False,False,True
159513,2026-02-02,1.5025,1.5025,0.73,场内买入,场内卖出,akshare:eastmoney:fund_etf_fund_info_em,10,2026-09-08T01:23:38+00:00,,2026-02-04T23:59:59+08:00,earliest_safe_bound:first_seen_or_qdii_tplus2,False,False,True
159513,2026-02-03,1.4778,1.4778,-1.64,场内买入,场内卖出,akshare:eastmoney:fund_etf_fund_info_em,10,2026-09-08T01:23:38+00:00,,2026-02-05T23:59:59+08:00,earliest_safe_bound:first_seen_or_qdii_tplus2,False,False,True
159513,2026-02-04,1.4505,1.4505,-1.85,场内买入,场内卖出,akshare:eastmoney:fund_etf_fund_info_em,10,2026-09-08T01:23:38+00:00,,2026-02-06T23:59:59+08:00,earliest_safe_bound:first_seen_or_qdii_tplus2,False,False,True
159513,2026-02-05,1.4311,1.4311,-1.34,场内买入,场内卖出,akshare:eastmoney:fund_etf_fund_info_em,10,2026-09-08T01:23:38+00:00,,2026-02-09T23:59:59+08:00,earliest_safe_bound:first_seen_or_qdii_tplus2,False,False,True
159513,2026-02-06,1.4618,1.4618,2.15,场内买入,场内卖出,akshare:eastmoney:fund_etf_fund_info_em,10,2026-09-08T01:23:38+00:00,,2026-02-10T23:59:59+08:00,earliest_safe_bound:first_seen_or_qdii_tplus2,False,False,True
159513,2026-02-09,1.4717,1.4717,0.68,场内买入,场内卖出,akshare:eastmoney:fund_etf_fund_info_em,10,2026-09-08T01:23:38+00:00,,2026-02-11T23:59:59+08:00,earliest_safe_bound:first_seen_or_qdii_tplus2,False,False,True
159513,2026-02-10,1.4625,1.4625,-0.63,场内买入,场内卖出,akshare:eastmoney:fund_etf_fund_info_em,10,2026-09-08T01:23:38+00:00,,2026-02-12T23:59:59+08:00,earliest_safe_bound:first_seen_or_qdii_tplus2,False,False,True
159513,2026-02-11,1.4663,1.4663,0.26,场内买入,场内卖出,akshare:eastmoney:fund_etf_fund_info_em,10,2026-09-08T01:23:38+00:00,,2026-02-13T23:59:59+08:00,earliest_safe_bound:first_seen_or_qdii_tplus2,False,False,True
159513,2026-02-12,1.4368,1.4368,-2.01,场内买入,场内卖出,akshare:eastmoney:fund_etf_fund_info_em,10,2026-09-08T01:23:38+00:00,,2026-02-24T23:59:59+08:00,earliest_safe_bound:first_seen_or_qdii_tplus2,False,False,True
159513,2026-02-13,1.4383,1.4383,0.1,场内买入,场内卖出,akshare:eastmoney:fund_etf_fund_info_em,10,2026-09-08T01:23:38+00:00,,2026-02-25T23:59:59+08:00,earliest_safe_bound:first_seen_or_qdii_tplus2,False,False,True
159513,2026-02-24,1.4525,1.4525,0.99,场内买入,场内卖出,akshare:eastmoney:fund_etf_fund_info_em,10,2026-09-08T01:23:38+00:00,,2026-02-26T23:59:59+08:00,earliest_safe_bound:first_seen_or_qdii_tplus2,False,False,True
159513,2026-02-25,1.4711,1.4711,1.28,场内买入,场内卖出,akshare:eastmoney:fund_etf_fund_info_em,10,2026-09-08T01:23:38+00:00,,2026-02-27T23:59:59+08:00,earliest_safe_bound:first_seen_or_qdii_tplus2,False,False,True
159513,2026-02-26,1.4524,1.4524,-1.27,场内买入,场内卖出,akshare:eastmoney:fund_etf_fund_info_em,10,2026-09-08T01:23:38+00:00,,2026-03-02T23:59:59+08:00,earliest_safe_bound:first_seen_or_qdii_tplus2,False,False,True
159513,2026-02-27,1.4482,1.4482,-0.29,场内买入,场内卖出,akshare:eastmoney:fund_etf_fund_info_em,10,2026-09-08T01:23:38+00:00,,2026-03-03T23:59:59+08:00,earliest_safe_bound:first_seen_or_qdii_tplus2,False,False,True
159513,2026-03-02,1.45,1.45,0.12,场内买入,场内卖出,akshare:eastmoney:fund_etf_fund_info_em,10,2026-09-08T01:23:38+00:00,,2026-03-04T23:59:59+08:00,earliest_safe_bound:first_seen_or_qdii_tplus2,False,False,True
159513,2026-03-03,1.4316,1.4316,-1.27,场内买入,场内卖出,akshare:eastmoney:fund_etf_fund_info_em,10,2026-09-08T01:23:38+00:00,,2026-03-05T23:59:59+08:00,earliest_safe_bound:first_seen_or_qdii_tplus2,False,False,True
159513,2026-03-04,1.4538,1.4538,1.55,场内买入,场内卖出,akshare:eastmoney:fund_etf_fund_info_em,10,2026-09-08T01:23:38+00:00,,2026-03-06T23:59:59+08:00,earliest_safe_bound:first_seen_or_qdii_tplus2,False,False,True
159513,2026-03-05,1.4475,1.4475,-0.43,场内买入,场内卖出,akshare:eastmoney:fund_etf_fund_info_em,10,2026-09-08T01:23:38+00:00,,2026-03-09T23:59:59+08:00,earliest_safe_bound:first_seen_or_qdii_tplus2,False,False,True
159513,2026-03-06,1.4261,1.4261,-1.48,场内买入,场内卖出,akshare:eastmoney:fund_etf_fund_info_em,10,2026-09-08T01:23:38+00:00,,2026-03-10T23:59:59+08:00,earliest_safe_bound:first_seen_or_qdii_tplus2,False,False,True
159513,2026-03-09,1.4471,1.4471,1.47,场内买入,场内卖出,akshare:eastmoney:fund_etf_fund_info_em,10,2026-09-08T01:23:38+00:00,,2026-03-11T23:59:59+08:00,earliest_safe_bound:first_seen_or_qdii_tplus2,False,False,True
159513,2026-03-10,1.4433,1.4433,-0.26,场内买入,场内卖出,akshare:eastmoney:fund_etf_fund_info_em,10,2026-09-08T01:23:38+00:00,,2026-03-12T23:59:59+08:00,earliest_safe_bound:first_seen_or_qdii_tplus2,False,False,True
159513,2026-03-11,1.4426,1.4426,-0.05,场内买入,场内卖出,akshare:eastmoney:fund_etf_fund_info_em,10,2026-09-08T01:23:38+00:00,,2026-03-13T23:59:59+08:00,earliest_safe_bound:first_seen_or_qdii_tplus2,False,False,True
159513,2026-03-12,1.4185,1.4185,-1.67,场内买入,场内卖出,akshare:eastmoney:fund_etf_fund_info_em,10,2026-09-08T01:23:38+00:00,,2026-03-16T23:59:59+08:00,earliest_safe_bound:first_seen_or_qdii_tplus2,False,False,True
159513,2026-03-13,1.4105,1.4105,-0.56,场内买入,场内卖出,akshare:eastmoney:fund_etf_fund_info_em,10,2026-09-08T01:23:38+00:00,,2026-03-17T23:59:59+08:00,earliest_safe_bound:first_seen_or_qdii_tplus2,False,False,True
159513,2026-03-16,1.4273,1.4273,1.19,场内买入,场内卖出,akshare:eastmoney:fund_etf_fund_info_em,10,2026-09-08T01:23:38+00:00,,2026-03-18T23:59:59+08:00,earliest_safe_bound:first_seen_or_qdii_tplus2,False,False,True
159513,2026-03-17,1.4327,1.4327,0.38,场内买入,场内卖出,akshare:eastmoney:fund_etf_fund_info_em,10,2026-09-08T01:23:38+00:00,,2026-03-19T23:59:59+08:00,earliest_safe_bound:first_seen_or_qdii_tplus2,False,False,True
159513,2026-03-18,1.4112,1.4112,-1.5,场内买入,场内卖出,akshare:eastmoney:fund_etf_fund_info_em,10,2026-09-08T01:23:38+00:00,,2026-03-20T23:59:59+08:00,earliest_safe_bound:first_seen_or_qdii_tplus2,False,False,True
159513,2026-03-19,1.4083,1.4083,-0.21,场内买入,场内卖出,akshare:eastmoney:fund_etf_fund_info_em,10,2026-09-08T01:23:38+00:00,,2026-03-23T23:59:59+08:00,earliest_safe_bound:first_seen_or_qdii_tplus2,False,False,True
159513,2026-03-20,1.3804,1.3804,-1.98,场内买入,场内卖出,akshare:eastmoney:fund_etf_fund_info_em,10,2026-09-08T01:23:38+00:00,,2026-03-24T23:59:59+08:00,earliest_safe_bound:first_seen_or_qdii_tplus2,False,False,True
159513,2026-03-23,1.3997,1.3997,1.4,场内买入,场内卖出,akshare:eastmoney:fund_etf_fund_info_em,10,2026-09-08T01:23:38+00:00,,2026-03-25T23:59:59+08:00,earliest_safe_bound:first_seen_or_qdii_tplus2,False,False,True
159513,2026-03-24,1.3871,1.3871,-0.9,场内买入,场内卖出,akshare:eastmoney:fund_etf_fund_info_em,10,2026-09-08T01:23:38+00:00,,2026-03-26T23:59:59+08:00,earliest_safe_bound:first_seen_or_qdii_tplus2,False,False,True
159513,2026-03-25,1.3957,1.3957,0.62,场内买入,场内卖出,akshare:eastmoney:fund_etf_fund_info_em,10,2026-09-08T01:23:38+00:00,,2026-03-27T23:59:59+08:00,earliest_safe_bound:first_seen_or_qdii_tplus2,False,False,True
159513,2026-03-26,1.3651,1.3651,-2.19,场内买入,场内卖出,akshare:eastmoney:fund_etf_fund_info_em,10,2026-09-08T01:23:38+00:00,,2026-03-30T23:59:59+08:00,earliest_safe_bound:first_seen_or_qdii_tplus2,False,False,True
159513,2026-03-27,1.3403,1.3403,-1.82,场内买入,场内卖出,akshare:eastmoney:fund_etf_fund_info_em,10,2026-09-08T01:23:38+00:00,,2026-03-31T23:59:59+08:00,earliest_safe_bound:first_seen_or_qdii_tplus2,False,False,True
159513,2026-03-30,1.3312,1.3312,-0.68,场内买入,场内卖出,akshare:eastmoney:fund_etf_fund_info_em,10,2026-09-08T01:23:38+00:00,,2026-04-01T23:59:59+08:00,earliest_safe_bound:first_seen_or_qdii_tplus2,False,False,True
159513,2026-03-31,1.3759,1.3759,3.36,场内买入,场内卖出,akshare:eastmoney:fund_etf_fund_info_em,10,2026-09-08T01:23:38+00:00,,2026-04-02T23:59:59+08:00,earliest_safe_bound:first_seen_or_qdii_tplus2,False,False,True
159513,2026-04-01,1.3892,1.3892,0.97,场内买入,场内卖出,akshare:eastmoney:fund_etf_fund_info_em,10,2026-09-08T01:23:38+00:00,,2026-04-03T23:59:59+08:00,earliest_safe_bound:first_seen_or_qdii_tplus2,False,False,True
159513,2026-04-02,1.3879,1.3879,-0.09,场内买入,场内卖出,akshare:eastmoney:fund_etf_fund_info_em,10,2026-09-08T01:23:38+00:00,,2026-04-07T23:59:59+08:00,earliest_safe_bound:first_seen_or_qdii_tplus2,False,False,True
159513,2026-04-03,1.3888,1.3888,0.06,暂停申购,暂停赎回,akshare:eastmoney:fund_etf_fund_info_em,10,2026-09-08T01:23:38+00:00,,2026-04-08T23:59:59+08:00,earliest_safe_bound:first_seen_or_qdii_tplus2,False,False,True
159513,2026-04-07,1.3963,1.3963,0.54,场内买入,场内卖出,akshare:eastmoney:fund_etf_fund_info_em,10,2026-09-08T01:23:38+00:00,,2026-04-09T23:59:59+08:00,earliest_safe_bound:first_seen_or_qdii_tplus2,False,False,True
159513,2026-04-08,1.4332,1.4332,2.64,场内买入,场内卖出,akshare:eastmoney:fund_etf_fund_info_em,10,2026-09-08T01:23:38+00:00,,2026-04-10T23:59:59+08:00,earliest_safe_bound:first_seen_or_qdii_tplus2,False,False,True
159513,2026-04-09,1.4428,1.4428,0.67,场内买入,场内卖出,akshare:eastmoney:fund_etf_fund_info_em,10,2026-09-08T01:23:38+00:00,,2026-04-13T23:59:59+08:00,earliest_safe_bound:first_seen_or_qdii_tplus2,False,False,True
159513,2026-04-10,1.4448,1.4448,0.14,场内买入,场内卖出,akshare:eastmoney:fund_etf_fund_info_em,10,2026-09-08T01:23:38+00:00,,2026-04-14T23:59:59+08:00,earliest_safe_bound:first_seen_or_qdii_tplus2,False,False,True
159513,2026-04-13,1.4601,1.4601,1.06,场内买入,场内卖出,akshare:eastmoney:fund_etf_fund_info_em,10,2026-09-08T01:23:38+00:00,,2026-04-15T23:59:59+08:00,earliest_safe_bound:first_seen_or_qdii_tplus2,False,False,True
159513,2026-04-14,1.485,1.485,1.71,场内买入,场内卖出,akshare:eastmoney:fund_etf_fund_info_em,10,2026-09-08T01:23:38+00:00,,2026-04-16T23:59:59+08:00,earliest_safe_bound:first_seen_or_qdii_tplus2,False,False,True
159513,2026-04-15,1.5056,1.5056,1.39,场内买入,场内卖出,akshare:eastmoney:fund_etf_fund_info_em,10,2026-09-08T01:23:38+00:00,,2026-04-17T23:59:59+08:00,earliest_safe_bound:first_seen_or_qdii_tplus2,False,False,True
159513,2026-04-16,1.5136,1.5136,0.53,场内买入,场内卖出,akshare:eastmoney:fund_etf_fund_info_em,10,2026-09-08T01:23:38+00:00,,2026-04-20T23:59:59+08:00,earliest_safe_bound:first_seen_or_qdii_tplus2,False,False,True
159513,2026-04-17,1.5331,1.5331,1.29,场内买入,场内卖出,akshare:eastmoney:fund_etf_fund_info_em,10,2026-09-08T01:23:38+00:00,,2026-04-21T23:59:59+08:00,earliest_safe_bound:first_seen_or_qdii_tplus2,False,False,True
159513,2026-04-20,1.529,1.529,-0.27,场内买入,场内卖出,akshare:eastmoney:fund_etf_fund_info_em,10,2026-09-08T01:23:38+00:00,,2026-04-22T23:59:59+08:00,earliest_safe_bound:first_seen_or_qdii_tplus2,False,False,True
159513,2026-04-21,1.5215,1.5215,-0.49,场内买入,场内卖出,akshare:eastmoney:fund_etf_fund_info_em,10,2026-09-08T01:23:38+00:00,,2026-04-23T23:59:59+08:00,earliest_safe_bound:first_seen_or_qdii_tplus2,False,False,True
159513,2026-04-22,1.5479,1.5479,1.74,场内买入,场内卖出,akshare:eastmoney:fund_etf_fund_info_em,10,2026-09-08T01:23:38+00:00,,2026-04-24T23:59:59+08:00,earliest_safe_bound:first_seen_or_qdii_tplus2,False,False,True
159513,2026-04-23,1.5397,1.5397,-0.53,场内买入,场内卖出,akshare:eastmoney:fund_etf_fund_info_em,10,2026-09-08T01:23:38+00:00,,2026-04-27T23:59:59+08:00,earliest_safe_bound:first_seen_or_qdii_tplus2,False,False,True
159513,2026-04-24,1.5695,1.5695,1.94,场内买入,场内卖出,akshare:eastmoney:fund_etf_fund_info_em,10,2026-09-08T01:23:38+00:00,,2026-04-28T23:59:59+08:00,earliest_safe_bound:first_seen_or_qdii_tplus2,False,False,True
159513,2026-04-27,1.5667,1.5667,-0.18,场内买入,场内卖出,akshare:eastmoney:fund_etf_fund_info_em,10,2026-09-08T01:23:38+00:00,,2026-04-29T23:59:59+08:00,earliest_safe_bound:first_seen_or_qdii_tplus2,False,False,True
159513,2026-04-28,1.5517,1.5517,-0.96,场内买入,场内卖出,akshare:eastmoney:fund_etf_fund_info_em,10,2026-09-08T01:23:38+00:00,,2026-04-30T23:59:59+08:00,earliest_safe_bound:first_seen_or_qdii_tplus2,False,False,True
159513,2026-04-29,1.5605,1.5605,0.57,场内买入,场内卖出,akshare:eastmoney:fund_etf_fund_info_em,10,2026-09-08T01:23:38+00:00,,2026-05-06T23:59:59+08:00,earliest_safe_bound:first_seen_or_qdii_tplus2,False,False,True
159513,2026-04-30,1.5759,1.5759,0.99,场内买入,场内卖出,akshare:eastmoney:fund_etf_fund_info_em,10,2026-09-08T01:23:38+00:00,,2026-05-07T23:59:59+08:00,earliest_safe_bound:first_seen_or_qdii_tplus2,False,False,True
159513,2026-05-06,1.6376,1.6376,3.92,场内买入,场内卖出,akshare:eastmoney:fund_etf_fund_info_em,10,2026-09-08T01:23:38+00:00,,2026-05-08T23:59:59+08:00,earliest_safe_bound:first_seen_or_qdii_tplus2,False,False,True
159513,2026-05-07,1.6345,1.6345,-0.19,场内买入,场内卖出,akshare:eastmoney:fund_etf_fund_info_em,10,2026-09-08T01:23:38+00:00,,2026-05-11T23:59:59+08:00,earliest_safe_bound:first_seen_or_qdii_tplus2,False,False,True
159513,2026-05-08,1.6713,1.6713,2.25,场内买入,场内卖出,akshare:eastmoney:fund_etf_fund_info_em,10,2026-09-08T01:23:38+00:00,,2026-05-12T23:59:59+08:00,earliest_safe_bound:first_seen_or_qdii_tplus2,False,False,True
159513,2026-05-11,1.6755,1.6755,0.25,场内买入,场内卖出,akshare:eastmoney:fund_etf_fund_info_em,10,2026-09-08T01:23:38+00:00,,2026-05-13T23:59:59+08:00,earliest_safe_bound:first_seen_or_qdii_tplus2,False,False,True
159513,2026-05-12,1.6607,1.6607,-0.88,场内买入,场内卖出,akshare:eastmoney:fund_etf_fund_info_em,10,2026-09-08T01:23:38+00:00,,2026-05-14T23:59:59+08:00,earliest_safe_bound:first_seen_or_qdii_tplus2,False,False,True
159513,2026-05-13,1.6782,1.6782,1.05,场内买入,场内卖出,akshare:eastmoney:fund_etf_fund_info_em,10,2026-09-08T01:23:38+00:00,,2026-05-15T23:59:59+08:00,earliest_safe_bound:first_seen_or_qdii_tplus2,False,False,True
159513,2026-05-14,1.6903,1.6903,0.72,场内买入,场内卖出,akshare:eastmoney:fund_etf_fund_info_em,10,2026-09-08T01:23:38+00:00,,2026-05-18T23:59:59+08:00,earliest_safe_bound:first_seen_or_qdii_tplus2,False,False,True
159513,2026-05-15,1.6644,1.6644,-1.53,场内买入,场内卖出,akshare:eastmoney:fund_etf_fund_info_em,10,2026-09-08T01:23:38+00:00,,2026-05-19T23:59:59+08:00,earliest_safe_bound:first_seen_or_qdii_tplus2,False,False,True
159513,2026-05-18,1.6583,1.6583,-0.37,场内买入,场内卖出,akshare:eastmoney:fund_etf_fund_info_em,10,2026-09-08T01:23:38+00:00,,2026-05-20T23:59:59+08:00,earliest_safe_bound:first_seen_or_qdii_tplus2,False,False,True
159513,2026-05-19,1.6464,1.6464,-0.72,场内买入,场内卖出,akshare:eastmoney:fund_etf_fund_info_em,10,2026-09-08T01:23:38+00:00,,2026-05-21T23:59:59+08:00,earliest_safe_bound:first_seen_or_qdii_tplus2,False,False,True
159513,2026-05-20,1.6742,1.6742,1.69,场内买入,场内卖出,akshare:eastmoney:fund_etf_fund_info_em,10,2026-09-08T01:23:38+00:00,,2026-05-22T23:59:59+08:00,earliest_safe_bound:first_seen_or_qdii_tplus2,False,False,True
159513,2026-05-21,1.6748,1.6748,0.04,场内买入,场内卖出,akshare:eastmoney:fund_etf_fund_info_em,10,2026-09-08T01:23:38+00:00,,2026-05-25T23:59:59+08:00,earliest_safe_bound:first_seen_or_qdii_tplus2,False,False,True
159513,2026-05-22,1.683,1.683,0.49,场内买入,场内卖出,akshare:eastmoney:fund_etf_fund_info_em,10,2026-09-08T01:23:38+00:00,,2026-05-26T23:59:59+08:00,earliest_safe_bound:first_seen_or_qdii_tplus2,False,False,True
159513,2026-05-25,1.6816,1.6816,-0.08,暂停申购,暂停赎回,akshare:eastmoney:fund_etf_fund_info_em,10,2026-09-08T01:23:38+00:00,,2026-05-27T23:59:59+08:00,earliest_safe_bound:first_seen_or_qdii_tplus2,False,False,True
159513,2026-05-26,1.7098,1.7098,1.68,场内买入,场内卖出,akshare:eastmoney:fund_etf_fund_info_em,10,2026-09-08T01:23:38+00:00,,2026-05-28T23:59:59+08:00,earliest_safe_bound:first_seen_or_qdii_tplus2,False,False,True
159513,2026-05-27,1.7083,1.7083,-0.09,场内买入,场内卖出,akshare:eastmoney:fund_etf_fund_info_em,10,2026-09-08T01:23:38+00:00,,2026-05-29T23:59:59+08:00,earliest_safe_bound:first_seen_or_qdii_tplus2,False,False,True
159513,2026-05-28,1.7213,1.7213,0.76,场内买入,场内卖出,akshare:eastmoney:fund_etf_fund_info_em,10,2026-09-08T01:23:38+00:00,,2026-06-01T23:59:59+08:00,earliest_safe_bound:first_seen_or_qdii_tplus2,False,False,True
159513,2026-05-29,1.7257,1.7257,0.26,场内买入,场内卖出,akshare:eastmoney:fund_etf_fund_info_em,10,2026-09-08T01:23:38+00:00,,2026-06-02T23:59:59+08:00,earliest_safe_bound:first_seen_or_qdii_tplus2,False,False,True
159513,2026-06-01,1.7349,1.7349,0.53,场内买入,场内卖出,akshare:eastmoney:fund_etf_fund_info_em,10,2026-09-08T01:23:38+00:00,,2026-06-03T23:59:59+08:00,earliest_safe_bound:first_seen_or_qdii_tplus2,False,False,True
159513,2026-06-02,1.7436,1.7436,0.5,场内买入,场内卖出,akshare:eastmoney:fund_etf_fund_info_em,10,2026-09-08T01:23:38+00:00,,2026-06-04T23:59:59+08:00,earliest_safe_bound:first_seen_or_qdii_tplus2,False,False,True
159513,2026-06-03,1.7385,1.7385,-0.29,场内买入,场内卖出,akshare:eastmoney:fund_etf_fund_info_em,10,2026-09-08T01:23:38+00:00,,2026-06-05T23:59:59+08:00,earliest_safe_bound:first_seen_or_qdii_tplus2,False,False,True
159513,2026-06-04,1.73,1.73,-0.49,场内买入,场内卖出,akshare:eastmoney:fund_etf_fund_info_em,10,2026-09-08T01:23:38+00:00,,2026-06-08T23:59:59+08:00,earliest_safe_bound:first_seen_or_qdii_tplus2,False,False,True
159513,2026-06-05,1.6466,1.6466,-4.82,场内买入,场内卖出,akshare:eastmoney:fund_etf_fund_info_em,10,2026-09-08T01:23:38+00:00,,2026-06-09T23:59:59+08:00,earliest_safe_bound:first_seen_or_qdii_tplus2,False,False,True
159513,2026-06-08,1.6731,1.6731,1.61,场内买入,场内卖出,akshare:eastmoney:fund_etf_fund_info_em,10,2026-09-08T01:23:38+00:00,,2026-06-10T23:59:59+08:00,earliest_safe_bound:first_seen_or_qdii_tplus2,False,False,True
159513,2026-06-09,1.6531,1.6531,-1.2,场内买入,场内卖出,akshare:eastmoney:fund_etf_fund_info_em,10,2026-09-08T01:23:38+00:00,,2026-06-11T23:59:59+08:00,earliest_safe_bound:first_seen_or_qdii_tplus2,False,False,True
159513,2026-06-10,1.6201,1.6201,-2.0,场内买入,场内卖出,akshare:eastmoney:fund_etf_fund_info_em,10,2026-09-08T01:23:38+00:00,,2026-06-12T23:59:59+08:00,earliest_safe_bound:first_seen_or_qdii_tplus2,False,False,True
159513,2026-06-11,1.6732,1.6732,3.28,场内买入,场内卖出,akshare:eastmoney:fund_etf_fund_info_em,10,2026-09-08T01:23:38+00:00,,2026-06-15T23:59:59+08:00,earliest_safe_bound:first_seen_or_qdii_tplus2,False,False,True
159513,2026-06-12,1.683,1.683,0.59,场内买入,场内卖出,akshare:eastmoney:fund_etf_fund_info_em,10,2026-09-08T01:23:38+00:00,,2026-06-16T23:59:59+08:00,earliest_safe_bound:first_seen_or_qdii_tplus2,False,False,True
159513,2026-06-15,1.7328,1.7328,2.96,场内买入,场内卖出,akshare:eastmoney:fund_etf_fund_info_em,10,2026-09-08T01:23:38+00:00,,2026-06-17T23:59:59+08:00,earliest_safe_bound:first_seen_or_qdii_tplus2,False,False,True
159513,2026-06-16,1.7003,1.7003,-1.88,场内买入,场内卖出,akshare:eastmoney:fund_etf_fund_info_em,10,2026-09-08T01:23:38+00:00,,2026-06-18T23:59:59+08:00,earliest_safe_bound:first_seen_or_qdii_tplus2,False,False,True
159513,2026-06-17,1.683,1.683,-1.02,场内买入,场内卖出,akshare:eastmoney:fund_etf_fund_info_em,10,2026-09-08T01:23:38+00:00,,2026-06-22T23:59:59+08:00,earliest_safe_bound:first_seen_or_qdii_tplus2,False,False,True
159513,2026-06-18,1.7252,1.7252,2.51,场内买入,场内卖出,akshare:eastmoney:fund_etf_fund_info_em,10,2026-09-08T01:23:38+00:00,,2026-06-23T23:59:59+08:00,earliest_safe_bound:first_seen_or_qdii_tplus2,False,False,True
159513,2026-06-22,1.7225,1.7225,-0.16,场内买入,场内卖出,akshare:eastmoney:fund_etf_fund_info_em,10,2026-09-08T01:23:38+00:00,,2026-06-24T23:59:59+08:00,earliest_safe_bound:first_seen_or_qdii_tplus2,False,False,True
159513,2026-06-23,1.6672,1.6672,-3.21,场内买入,场内卖出,akshare:eastmoney:fund_etf_fund_info_em,10,2026-09-08T01:23:38+00:00,,2026-06-25T23:59:59+08:00,earliest_safe_bound:first_seen_or_qdii_tplus2,False,False,True
159513,2026-06-24,1.6601,1.6601,-0.43,场内买入,场内卖出,akshare:eastmoney:fund_etf_fund_info_em,10,2026-09-08T01:23:38+00:00,,2026-06-26T23:59:59+08:00,earliest_safe_bound:first_seen_or_qdii_tplus2,False,False,True
159513,2026-06-25,1.6737,1.6737,0.82,场内买入,场内卖出,akshare:eastmoney:fund_etf_fund_info_em,10,2026-09-08T01:23:38+00:00,,2026-06-29T23:59:59+08:00,earliest_safe_bound:first_seen_or_qdii_tplus2,False,False,True
159513,2026-06-26,1.6541,1.6541,-1.17,场内买入,场内卖出,akshare:eastmoney:fund_etf_fund_info_em,10,2026-09-08T01:23:38+00:00,,2026-06-30T23:59:59+08:00,earliest_safe_bound:first_seen_or_qdii_tplus2,False,False,True
159513,2026-06-29,1.6916,1.6916,2.27,场内买入,场内卖出,akshare:eastmoney:fund_etf_fund_info_em,10,2026-09-08T01:23:38+00:00,,2026-07-01T23:59:59+08:00,earliest_safe_bound:first_seen_or_qdii_tplus2,False,False,True
159513,2026-06-30,1.7182,1.7182,1.57,场内买入,场内卖出,akshare:eastmoney:fund_etf_fund_info_em,10,2026-09-08T01:23:38+00:00,,2026-07-02T23:59:59+08:00,earliest_safe_bound:first_seen_or_qdii_tplus2,False,False,True
159513,2026-07-01,1.6912,1.6912,-1.57,场内买入,场内卖出,akshare:eastmoney:fund_etf_fund_info_em,10,2026-09-08T01:23:38+00:00,,2026-07-03T23:59:59+08:00,earliest_safe_bound:first_seen_or_qdii_tplus2,False,False,True
159513,2026-07-02,1.6639,1.6639,-1.61,场内买入,场内卖出,akshare:eastmoney:fund_etf_fund_info_em,10,2026-09-08T01:23:38+00:00,,2026-07-06T23:59:59+08:00,earliest_safe_bound:first_seen_or_qdii_tplus2,False,False,True
159513,2026-07-03,1.663,1.663,-0.05,暂停申购,暂停赎回,akshare:eastmoney:fund_etf_fund_info_em,10,2026-09-08T01:23:38+00:00,,2026-07-07T23:59:59+08:00,earliest_safe_bound:first_seen_or_qdii_tplus2,False,False,True
159513,2026-07-06,1.6844,1.6844,1.29,场内买入,场内卖出,akshare:eastmoney:fund_etf_fund_info_em,10,2026-09-08T01:23:38+00:00,,2026-07-08T23:59:59+08:00,earliest_safe_bound:first_seen_or_qdii_tplus2,False,False,True
159513,2026-07-07,1.6551,1.6551,-1.74,场内买入,场内卖出,akshare:eastmoney:fund_etf_fund_info_em,10,2026-09-08T01:23:38+00:00,,2026-07-09T23:59:59+08:00,earliest_safe_bound:first_seen_or_qdii_tplus2,False,False,True
159513,2026-07-08,1.6602,1.6602,0.31,场内买入,场内卖出,akshare:eastmoney:fund_etf_fund_info_em,10,2026-09-08T01:23:38+00:00,,2026-07-10T23:59:59+08:00,earliest_safe_bound:first_seen_or_qdii_tplus2,False,False,True
159513,2026-07-09,1.686,1.686,1.55,场内买入,场内卖出,akshare:eastmoney:fund_etf_fund_info_em,10,2026-09-08T01:23:38+00:00,,2026-07-13T23:59:59+08:00,earliest_safe_bound:first_seen_or_qdii_tplus2,False,False,True
159513,2026-07-10,1.6905,1.6905,0.27,场内买入,场内卖出,akshare:eastmoney:fund_etf_fund_info_em,10,2026-09-08T01:23:38+00:00,,2026-07-14T23:59:59+08:00,earliest_safe_bound:first_seen_or_qdii_tplus2,False,False,True
159513,2026-07-13,1.6583,1.6583,-1.9,场内买入,场内卖出,akshare:eastmoney:fund_etf_fund_info_em,10,2026-09-08T01:23:38+00:00,,2026-07-15T23:59:59+08:00,earliest_safe_bound:first_seen_or_qdii_tplus2,False,False,True
159513,2026-07-14,1.6768,1.6768,1.12,场内买入,场内卖出,akshare:eastmoney:fund_etf_fund_info_em,10,2026-09-08T01:23:38+00:00,,2026-07-16T23:59:59+08:00,earliest_safe_bound:first_seen_or_qdii_tplus2,False,False,True
159513,2026-07-15,1.6701,1.6701,-0.4,场内买入,场内卖出,akshare:eastmoney:fund_etf_fund_info_em,10,2026-09-08T01:23:38+00:00,,2026-07-17T23:59:59+08:00,earliest_safe_bound:first_seen_or_qdii_tplus2,False,False,True
159513,2026-07-16,1.6432,1.6432,-1.61,场内买入,场内卖出,akshare:eastmoney:fund_etf_fund_info_em,10,2026-09-08T01:23:38+00:00,,2026-07-20T23:59:59+08:00,earliest_safe_bound:first_seen_or_qdii_tplus2,False,False,True
159513,2026-07-17,1.6191,1.6191,-1.47,场内买入,场内卖出,akshare:eastmoney:fund_etf_fund_info_em,10,2026-09-08T01:23:38+00:00,,2026-07-21T23:59:59+08:00,earliest_safe_bound:first_seen_or_qdii_tplus2,False,False,True
159513,2026-07-20,1.6198,1.6198,0.04,场内买入,场内卖出,akshare:eastmoney:fund_etf_fund_info_em,10,2026-09-08T01:23:38+00:00,,2026-07-22T23:59:59+08:00,earliest_safe_bound:first_seen_or_qdii_tplus2,False,False,True
159513,2026-07-21,1.6501,1.6501,1.87,场内买入,场内卖出,akshare:eastmoney:fund_etf_fund_info_em,10,2026-09-08T01:23:38+00:00,,2026-07-23T23:59:59+08:00,earliest_safe_bound:first_seen_or_qdii_tplus2,False,False,True
159513,2026-07-22,1.6417,1.6417,-0.51,场内买入,场内卖出,akshare:eastmoney:fund_etf_fund_info_em,10,2026-09-08T01:23:38+00:00,,2026-07-24T23:59:59+08:00,earliest_safe_bound:first_seen_or_qdii_tplus2,False,False,True
159513,2026-07-23,1.6102,1.6102,-1.92,场内买入,场内卖出,akshare:eastmoney:fund_etf_fund_info_em,10,2026-09-08T01:23:38+00:00,,2026-07-27T23:59:59+08:00,earliest_safe_bound:first_seen_or_qdii_tplus2,False,False,True
159513,2026-07-24,1.5923,1.5923,-1.11,场内买入,场内卖出,akshare:eastmoney:fund_etf_fund_info_em,10,2026-09-08T01:23:38+00:00,,2026-07-28T23:59:59+08:00,earliest_safe_bound:first_seen_or_qdii_tplus2,False,False,True
159513,2026-07-27,1.5866,1.5866,-0.36,场内买入,场内卖出,akshare:eastmoney:fund_etf_fund_info_em,10,2026-09-08T01:23:38+00:00,,2026-07-29T23:59:59+08:00,earliest_safe_bound:first_seen_or_qdii_tplus2,False,False,True
159513,2026-07-28,1.5714,1.5714,-0.96,场内买入,场内卖出,akshare:eastmoney:fund_etf_fund_info_em,10,2026-09-08T01:23:38+00:00,,2026-07-30T23:59:59+08:00,earliest_safe_bound:first_seen_or_qdii_tplus2,False,False,True
159513,2026-07-29,1.5384,1.5384,-2.1,场内买入,场内卖出,akshare:eastmoney:fund_etf_fund_info_em,10,2026-09-08T01:23:38+00:00,,2026-07-31T23:59:59+08:00,earliest_safe_bound:first_seen_or_qdii_tplus2,False,False,True
159513,2026-07-30,1.5897,1.5897,3.33,场内买入,场内卖出,akshare:eastmoney:fund_etf_fund_info_em,10,2026-09-08T01:23:38+00:00,,2026-08-03T23:59:59+08:00,earliest_safe_bound:first_seen_or_qdii_tplus2,False,False,True
159513,2026-07-31,1.5992,1.5992,0.6,场内买入,场内卖出,akshare:eastmoney:fund_etf_fund_info_em,10,2026-09-08T01:23:38+00:00,,2026-08-04T23:59:59+08:00,earliest_safe_bound:first_seen_or_qdii_tplus2,False,False,True
159513,2026-08-03,1.6275,1.6275,1.77,场内买入,场内卖出,akshare:eastmoney:fund_etf_fund_info_em,10,2026-09-08T01:23:38+00:00,,2026-08-05T23:59:59+08:00,earliest_safe_bound:first_seen_or_qdii_tplus2,False,False,True
159513,2026-08-04,1.682,1.682,3.35,场内买入,场内卖出,akshare:eastmoney:fund_etf_fund_info_em,10,2026-09-08T01:23:38+00:00,,2026-08-06T23:59:59+08:00,earliest_safe_bound:first_seen_or_qdii_tplus2,False,False,True
159513,2026-08-05,1.6675,1.6675,-0.86,场内买入,场内卖出,akshare:eastmoney:fund_etf_fund_info_em,10,2026-09-08T01:23:38+00:00,,2026-08-07T23:59:59+08:00,earliest_safe_bound:first_seen_or_qdii_tplus2,False,False,True
159513,2026-08-06,1.6611,1.6611,-0.38,场内买入,场内卖出,akshare:eastmoney:fund_etf_fund_info_em,10,2026-09-08T01:23:38+00:00,,2026-08-10T23:59:59+08:00,earliest_safe_bound:first_seen_or_qdii_tplus2,False,False,True
159513,2026-08-07,1.6809,1.6809,1.19,场内买入,场内卖出,akshare:eastmoney:fund_etf_fund_info_em,10,2026-09-08T01:23:38+00:00,,2026-08-11T23:59:59+08:00,earliest_safe_bound:first_seen_or_qdii_tplus2,False,False,True
159513,2026-08-10,1.6748,1.6748,-0.36,场内买入,场内卖出,akshare:eastmoney:fund_etf_fund_info_em,10,2026-09-08T01:23:38+00:00,,2026-08-12T23:59:59+08:00,earliest_safe_bound:first_seen_or_qdii_tplus2,False,False,True
159513,2026-08-11,1.6695,1.6695,-0.32,场内买入,场内卖出,akshare:eastmoney:fund_etf_fund_info_em,10,2026-09-08T01:23:38+00:00,,2026-08-13T23:59:59+08:00,earliest_safe_bound:first_seen_or_qdii_tplus2,False,False,True
159513,2026-08-12,1.6814,1.6814,0.71,场内买入,场内卖出,akshare:eastmoney:fund_etf_fund_info_em,10,2026-09-08T01:23:38+00:00,,2026-08-14T23:59:59+08:00,earliest_safe_bound:first_seen_or_qdii_tplus2,False,False,True
159513,2026-08-13,1.7007,1.7007,1.15,场内买入,场内卖出,akshare:eastmoney:fund_etf_fund_info_em,10,2026-09-08T01:23:38+00:00,,2026-08-17T23:59:59+08:00,earliest_safe_bound:first_seen_or_qdii_tplus2,False,False,True
159513,2026-08-14,1.6983,1.6983,-0.14,场内买入,场内卖出,akshare:eastmoney:fund_etf_fund_info_em,10,2026-09-08T01:23:38+00:00,,2026-08-18T23:59:59+08:00,earliest_safe_bound:first_seen_or_qdii_tplus2,False,False,True
159513,2026-08-17,1.6952,1.6952,-0.18,场内买入,场内卖出,akshare:eastmoney:fund_etf_fund_info_em,10,2026-09-08T01:23:38+00:00,,2026-08-19T23:59:59+08:00,earliest_safe_bound:first_seen_or_qdii_tplus2,False,False,True
159513,2026-08-18,1.6673,1.6673,-1.65,场内买入,场内卖出,akshare:eastmoney:fund_etf_fund_info_em,10,2026-09-08T01:23:38+00:00,,2026-08-20T23:59:59+08:00,earliest_safe_bound:first_seen_or_qdii_tplus2,False,False,True
159513,2026-08-19,1.6625,1.6625,-0.29,场内买入,场内卖出,akshare:eastmoney:fund_etf_fund_info_em,10,2026-09-08T01:23:38+00:00,,2026-08-21T23:59:59+08:00,earliest_safe_bound:first_seen_or_qdii_tplus2,False,False,True
159513,2026-08-20,1.6496,1.6496,-0.78,场内买入,场内卖出,akshare:eastmoney:fund_etf_fund_info_em,10,2026-09-08T01:23:38+00:00,,2026-08-24T23:59:59+08:00,earliest_safe_bound:first_seen_or_qdii_tplus2,False,False,True
159513,2026-08-21,1.6552,1.6552,0.34,场内买入,场内卖出,akshare:eastmoney:fund_etf_fund_info_em,10,2026-09-08T01:42:40+00:00,,2026-08-25T23:59:59+08:00,earliest_safe_bound:first_seen_or_qdii_tplus2,False,False,True
159513,2026-08-24,1.6395,1.6395,-0.95,场内买入,场内卖出,akshare:eastmoney:fund_etf_fund_info_em,10,2026-09-08T01:42:40+00:00,,2026-08-26T23:59:59+08:00,earliest_safe_bound:first_seen_or_qdii_tplus2,False,False,True
159513,2026-08-25,1.65,1.65,0.64,场内买入,场内卖出,akshare:eastmoney:fund_etf_fund_info_em,10,2026-09-08T01:42:40+00:00,,2026-08-27T23:59:59+08:00,earliest_safe_bound:first_seen_or_qdii_tplus2,False,False,True
159513,2026-08-26,1.6503,1.6503,0.02,场内买入,场内卖出,akshare:eastmoney:fund_etf_fund_info_em,10,2026-09-08T01:42:40+00:00,,2026-08-28T23:59:59+08:00,earliest_safe_bound:first_seen_or_qdii_tplus2,False,False,True
159513,2026-08-27,1.674,1.674,1.44,场内买入,场内卖出,akshare:eastmoney:fund_etf_fund_info_em,10,2026-09-08T01:42:40+00:00,,2026-08-31T23:59:59+08:00,earliest_safe_bound:first_seen_or_qdii_tplus2,False,False,True
159513,2026-08-28,1.6616,1.6616,-0.74,场内买入,场内卖出,akshare:eastmoney:fund_etf_fund_info_em,10,2026-09-08T01:42:40+00:00,,2026-09-01T23:59:59+08:00,earliest_safe_bound:first_seen_or_qdii_tplus2,False,False,True
159513,2026-08-31,1.6632,1.6632,0.1,场内买入,场内卖出,akshare:eastmoney:fund_etf_fund_info_em,10,2026-09-08T01:42:40+00:00,,2026-09-02T23:59:59+08:00,earliest_safe_bound:first_seen_or_qdii_tplus2,False,False,True
159513,2026-09-01,1.6412,1.6412,-1.32,场内买入,场内卖出,akshare:eastmoney:fund_etf_fund_info_em,10,2026-09-08T01:42:40+00:00,,2026-09-03T23:59:59+08:00,earliest_safe_bound:first_seen_or_qdii_tplus2,False,False,True
159513,2026-09-02,1.6453,1.6453,0.25,场内买入,场内卖出,akshare:eastmoney:fund_etf_fund_info_em,10,2026-09-08T01:42:40+00:00,,2026-09-04T23:59:59+08:00,earliest_safe_bound:first_seen_or_qdii_tplus2,False,False,True
159513,2026-09-03,1.664,1.664,1.14,场内买入,场内卖出,akshare:eastmoney:fund_etf_fund_info_em,10,2026-09-08T01:42:40+00:00,,2026-09-07T23:59:59+08:00,earliest_safe_bound:first_seen_or_qdii_tplus2,False,False,True
159513,2026-09-04,1.6669,1.6669,0.17,场内买入,场内卖出,akshare:eastmoney:fund_etf_fund_info_em,10,2026-09-08T02:20:41+00:00,,2026-09-08T10:20:41+08:00,first_seen_ingestion_bound,False,False,True
159632,2025-06-16,1.7903,1.7903,1.43,暂停申购,场内卖出,akshare:eastmoney:fund_etf_fund_info_em,10,2026-09-08T01:24:01+00:00,,2025-06-18T23:59:59+08:00,earliest_safe_bound:first_seen_or_qdii_tplus2,False,False,True
159632,2025-06-17,1.7714,1.7714,-1.06,暂停申购,场内卖出,akshare:eastmoney:fund_etf_fund_info_em,10,2026-09-08T01:24:01+00:00,,2025-06-19T23:59:59+08:00,earliest_safe_bound:first_seen_or_qdii_tplus2,False,False,True
159632,2025-06-18,1.7717,1.7717,0.02,暂停申购,场内卖出,akshare:eastmoney:fund_etf_fund_info_em,10,2026-09-08T01:24:01+00:00,,2025-06-20T23:59:59+08:00,earliest_safe_bound:first_seen_or_qdii_tplus2,False,False,True
159632,2025-06-19,1.7709,1.7709,-0.05,暂停申购,暂停赎回,akshare:eastmoney:fund_etf_fund_info_em,10,2026-09-08T01:24:01+00:00,,2025-06-23T23:59:59+08:00,earliest_safe_bound:first_seen_or_qdii_tplus2,False,False,True
159632,2025-06-20,1.7626,1.7626,-0.47,暂停申购,场内卖出,akshare:eastmoney:fund_etf_fund_info_em,10,2026-09-08T01:24:01+00:00,,2025-06-24T23:59:59+08:00,earliest_safe_bound:first_seen_or_qdii_tplus2,False,False,True
159632,2025-06-23,1.7816,1.7816,1.08,暂停申购,场内卖出,akshare:eastmoney:fund_etf_fund_info_em,10,2026-09-08T01:24:01+00:00,,2025-06-25T23:59:59+08:00,earliest_safe_bound:first_seen_or_qdii_tplus2,False,False,True
159632,2025-06-24,1.8074,1.8074,1.45,暂停申购,场内卖出,akshare:eastmoney:fund_etf_fund_info_em,10,2026-09-08T01:24:01+00:00,,2025-06-26T23:59:59+08:00,earliest_safe_bound:first_seen_or_qdii_tplus2,False,False,True
159632,2025-06-25,1.8115,1.8115,0.23,暂停申购,场内卖出,akshare:eastmoney:fund_etf_fund_info_em,10,2026-09-08T01:24:01+00:00,,2025-06-27T23:59:59+08:00,earliest_safe_bound:first_seen_or_qdii_tplus2,False,False,True
159632,2025-06-26,1.8273,1.8273,0.87,暂停申购,场内卖出,akshare:eastmoney:fund_etf_fund_info_em,10,2026-09-08T01:24:01+00:00,,2025-06-30T23:59:59+08:00,earliest_safe_bound:first_seen_or_qdii_tplus2,False,False,True
159632,2025-06-27,1.8346,1.8346,0.4,暂停申购,场内卖出,akshare:eastmoney:fund_etf_fund_info_em,10,2026-09-08T01:24:01+00:00,,2025-07-01T23:59:59+08:00,earliest_safe_bound:first_seen_or_qdii_tplus2,False,False,True
159632,2025-06-30,1.8452,1.8452,0.58,暂停申购,场内卖出,akshare:eastmoney:fund_etf_fund_info_em,10,2026-09-08T01:24:01+00:00,,2025-07-02T23:59:59+08:00,earliest_safe_bound:first_seen_or_qdii_tplus2,False,False,True
159632,2025-07-01,1.8277,1.8277,-0.95,暂停申购,场内卖出,akshare:eastmoney:fund_etf_fund_info_em,10,2026-09-08T01:24:01+00:00,,2025-07-03T23:59:59+08:00,earliest_safe_bound:first_seen_or_qdii_tplus2,False,False,True
159632,2025-07-02,1.8412,1.8412,0.74,暂停申购,场内卖出,akshare:eastmoney:fund_etf_fund_info_em,10,2026-09-08T01:24:01+00:00,,2025-07-04T23:59:59+08:00,earliest_safe_bound:first_seen_or_qdii_tplus2,False,False,True
159632,2025-07-03,1.8589,1.8589,0.96,场内买入,场内卖出,akshare:eastmoney:fund_etf_fund_info_em,10,2026-09-08T01:24:01+00:00,,2025-07-07T23:59:59+08:00,earliest_safe_bound:first_seen_or_qdii_tplus2,False,False,True
159632,2025-07-04,1.8592,1.8592,0.02,暂停申购,暂停赎回,akshare:eastmoney:fund_etf_fund_info_em,10,2026-09-08T01:24:01+00:00,,2025-07-08T23:59:59+08:00,earliest_safe_bound:first_seen_or_qdii_tplus2,False,False,True
159632,2025-07-07,1.8436,1.8436,-0.84,场内买入,场内卖出,akshare:eastmoney:fund_etf_fund_info_em,10,2026-09-08T01:24:01+00:00,,2025-07-09T23:59:59+08:00,earliest_safe_bound:first_seen_or_qdii_tplus2,False,False,True
159632,2025-07-08,1.8457,1.8457,0.11,场内买入,场内卖出,akshare:eastmoney:fund_etf_fund_info_em,10,2026-09-08T01:24:01+00:00,,2025-07-10T23:59:59+08:00,earliest_safe_bound:first_seen_or_qdii_tplus2,False,False,True
159632,2025-07-09,1.8589,1.8589,0.72,场内买入,场内卖出,akshare:eastmoney:fund_etf_fund_info_em,10,2026-09-08T01:24:01+00:00,,2025-07-11T23:59:59+08:00,earliest_safe_bound:first_seen_or_qdii_tplus2,False,False,True
159632,2025-07-10,1.8552,1.8552,-0.2,场内买入,场内卖出,akshare:eastmoney:fund_etf_fund_info_em,10,2026-09-08T01:24:01+00:00,,2025-07-14T23:59:59+08:00,earliest_safe_bound:first_seen_or_qdii_tplus2,False,False,True
159632,2025-07-11,1.8499,1.8499,-0.29,场内买入,场内卖出,akshare:eastmoney:fund_etf_fund_info_em,10,2026-09-08T01:24:01+00:00,,2025-07-15T23:59:59+08:00,earliest_safe_bound:first_seen_or_qdii_tplus2,False,False,True
159632,2025-07-14,1.8563,1.8563,0.35,场内买入,场内卖出,akshare:eastmoney:fund_etf_fund_info_em,10,2026-09-08T01:24:01+00:00,,2025-07-16T23:59:59+08:00,earliest_safe_bound:first_seen_or_qdii_tplus2,False,False,True
159632,2025-07-15,1.8587,1.8587,0.13,场内买入,场内卖出,akshare:eastmoney:fund_etf_fund_info_em,10,2026-09-08T01:24:01+00:00,,2025-07-17T23:59:59+08:00,earliest_safe_bound:first_seen_or_qdii_tplus2,False,False,True
159632,2025-07-16,1.8619,1.8619,0.17,场内买入,场内卖出,akshare:eastmoney:fund_etf_fund_info_em,10,2026-09-08T01:24:01+00:00,,2025-07-18T23:59:59+08:00,earliest_safe_bound:first_seen_or_qdii_tplus2,False,False,True
159632,2025-07-17,1.874,1.874,0.65,场内买入,场内卖出,akshare:eastmoney:fund_etf_fund_info_em,10,2026-09-08T01:24:01+00:00,,2025-07-21T23:59:59+08:00,earliest_safe_bound:first_seen_or_qdii_tplus2,False,False,True
159632,2025-07-18,1.8737,1.8737,-0.02,场内买入,场内卖出,akshare:eastmoney:fund_etf_fund_info_em,10,2026-09-08T01:24:01+00:00,,2025-07-22T23:59:59+08:00,earliest_safe_bound:first_seen_or_qdii_tplus2,False,False,True
159632,2025-07-21,1.8835,1.8835,0.52,场内买入,场内卖出,akshare:eastmoney:fund_etf_fund_info_em,10,2026-09-08T01:24:01+00:00,,2025-07-23T23:59:59+08:00,earliest_safe_bound:first_seen_or_qdii_tplus2,False,False,True
159632,2025-07-22,1.8725,1.8725,-0.58,场内买入,场内卖出,akshare:eastmoney:fund_etf_fund_info_em,10,2026-09-08T01:24:01+00:00,,2025-07-24T23:59:59+08:00,earliest_safe_bound:first_seen_or_qdii_tplus2,False,False,True
159632,2025-07-23,1.8791,1.8791,0.35,场内买入,场内卖出,akshare:eastmoney:fund_etf_fund_info_em,10,2026-09-08T01:24:01+00:00,,2025-07-25T23:59:59+08:00,earliest_safe_bound:first_seen_or_qdii_tplus2,False,False,True
159632,2025-07-24,1.883,1.883,0.21,场内买入,场内卖出,akshare:eastmoney:fund_etf_fund_info_em,10,2026-09-08T01:24:01+00:00,,2025-07-28T23:59:59+08:00,earliest_safe_bound:first_seen_or_qdii_tplus2,False,False,True
159632,2025-07-25,1.8881,1.8881,0.27,场内买入,场内卖出,akshare:eastmoney:fund_etf_fund_info_em,10,2026-09-08T01:24:01+00:00,,2025-07-29T23:59:59+08:00,earliest_safe_bound:first_seen_or_qdii_tplus2,False,False,True
159632,2025-07-28,1.8961,1.8961,0.42,场内买入,场内卖出,akshare:eastmoney:fund_etf_fund_info_em,10,2026-09-08T01:24:01+00:00,,2025-07-30T23:59:59+08:00,earliest_safe_bound:first_seen_or_qdii_tplus2,False,False,True
159632,2025-07-29,1.8934,1.8934,-0.14,场内买入,场内卖出,akshare:eastmoney:fund_etf_fund_info_em,10,2026-09-08T01:24:01+00:00,,2025-07-31T23:59:59+08:00,earliest_safe_bound:first_seen_or_qdii_tplus2,False,False,True
159632,2025-07-30,1.8945,1.8945,0.06,场内买入,场内卖出,akshare:eastmoney:fund_etf_fund_info_em,10,2026-09-08T01:24:01+00:00,,2025-08-01T23:59:59+08:00,earliest_safe_bound:first_seen_or_qdii_tplus2,False,False,True
159632,2025-07-31,1.8858,1.8858,-0.46,场内买入,场内卖出,akshare:eastmoney:fund_etf_fund_info_em,10,2026-09-08T01:24:01+00:00,,2025-08-04T23:59:59+08:00,earliest_safe_bound:first_seen_or_qdii_tplus2,False,False,True
159632,2025-08-01,1.8489,1.8489,-1.96,场内买入,场内卖出,akshare:eastmoney:fund_etf_fund_info_em,10,2026-09-08T01:24:01+00:00,,2025-08-05T23:59:59+08:00,earliest_safe_bound:first_seen_or_qdii_tplus2,False,False,True
159632,2025-08-04,1.8806,1.8806,1.71,场内买入,场内卖出,akshare:eastmoney:fund_etf_fund_info_em,10,2026-09-08T01:24:01+00:00,,2025-08-06T23:59:59+08:00,earliest_safe_bound:first_seen_or_qdii_tplus2,False,False,True
159632,2025-08-05,1.8661,1.8661,-0.77,场内买入,场内卖出,akshare:eastmoney:fund_etf_fund_info_em,10,2026-09-08T01:24:01+00:00,,2025-08-07T23:59:59+08:00,earliest_safe_bound:first_seen_or_qdii_tplus2,False,False,True
159632,2025-08-06,1.8911,1.8911,1.34,场内买入,场内卖出,akshare:eastmoney:fund_etf_fund_info_em,10,2026-09-08T01:24:01+00:00,,2025-08-08T23:59:59+08:00,earliest_safe_bound:first_seen_or_qdii_tplus2,False,False,True
159632,2025-08-07,1.8954,1.8954,0.23,场内买入,场内卖出,akshare:eastmoney:fund_etf_fund_info_em,10,2026-09-08T01:24:01+00:00,,2025-08-11T23:59:59+08:00,earliest_safe_bound:first_seen_or_qdii_tplus2,False,False,True
159632,2025-08-08,1.9144,1.9144,1.0,场内买入,场内卖出,akshare:eastmoney:fund_etf_fund_info_em,10,2026-09-08T01:24:01+00:00,,2025-08-12T23:59:59+08:00,earliest_safe_bound:first_seen_or_qdii_tplus2,False,False,True
159632,2025-08-11,1.9082,1.9082,-0.32,场内买入,场内卖出,akshare:eastmoney:fund_etf_fund_info_em,10,2026-09-08T01:24:01+00:00,,2025-08-13T23:59:59+08:00,earliest_safe_bound:first_seen_or_qdii_tplus2,False,False,True
159632,2025-08-12,1.9338,1.9338,1.34,场内买入,场内卖出,akshare:eastmoney:fund_etf_fund_info_em,10,2026-09-08T01:24:01+00:00,,2025-08-14T23:59:59+08:00,earliest_safe_bound:first_seen_or_qdii_tplus2,False,False,True
159632,2025-08-13,1.9327,1.9327,-0.06,场内买入,场内卖出,akshare:eastmoney:fund_etf_fund_info_em,10,2026-09-08T01:24:01+00:00,,2025-08-15T23:59:59+08:00,earliest_safe_bound:first_seen_or_qdii_tplus2,False,False,True
159632,2025-08-14,1.931,1.931,-0.09,场内买入,场内卖出,akshare:eastmoney:fund_etf_fund_info_em,10,2026-09-08T01:24:01+00:00,,2025-08-18T23:59:59+08:00,earliest_safe_bound:first_seen_or_qdii_tplus2,False,False,True
159632,2025-08-15,1.9223,1.9223,-0.45,场内买入,场内卖出,akshare:eastmoney:fund_etf_fund_info_em,10,2026-09-08T01:24:01+00:00,,2025-08-19T23:59:59+08:00,earliest_safe_bound:first_seen_or_qdii_tplus2,False,False,True
159632,2025-08-18,1.921,1.921,-0.07,场内买入,场内卖出,akshare:eastmoney:fund_etf_fund_info_em,10,2026-09-08T01:24:01+00:00,,2025-08-20T23:59:59+08:00,earliest_safe_bound:first_seen_or_qdii_tplus2,False,False,True
159632,2025-08-19,1.8953,1.8953,-1.34,场内买入,场内卖出,akshare:eastmoney:fund_etf_fund_info_em,10,2026-09-08T01:24:01+00:00,,2025-08-21T23:59:59+08:00,earliest_safe_bound:first_seen_or_qdii_tplus2,False,False,True
159632,2025-08-20,1.885,1.885,-0.54,场内买入,场内卖出,akshare:eastmoney:fund_etf_fund_info_em,10,2026-09-08T01:24:01+00:00,,2025-08-22T23:59:59+08:00,earliest_safe_bound:first_seen_or_qdii_tplus2,False,False,True
159632,2025-08-21,1.874,1.874,-0.58,场内买入,场内卖出,akshare:eastmoney:fund_etf_fund_info_em,10,2026-09-08T01:24:01+00:00,,2025-08-25T23:59:59+08:00,earliest_safe_bound:first_seen_or_qdii_tplus2,False,False,True
159632,2025-08-22,1.9038,1.9038,1.59,场内买入,场内卖出,akshare:eastmoney:fund_etf_fund_info_em,10,2026-09-08T01:24:01+00:00,,2025-08-26T23:59:59+08:00,earliest_safe_bound:first_seen_or_qdii_tplus2,False,False,True
159632,2025-08-25,1.8936,1.8936,-0.54,场内买入,场内卖出,akshare:eastmoney:fund_etf_fund_info_em,10,2026-09-08T01:24:01+00:00,,2025-08-27T23:59:59+08:00,earliest_safe_bound:first_seen_or_qdii_tplus2,False,False,True
159632,2025-08-26,1.9023,1.9023,0.46,场内买入,场内卖出,akshare:eastmoney:fund_etf_fund_info_em,10,2026-09-08T01:24:01+00:00,,2025-08-28T23:59:59+08:00,earliest_safe_bound:first_seen_or_qdii_tplus2,False,False,True
159632,2025-08-27,1.9034,1.9034,0.06,场内买入,场内卖出,akshare:eastmoney:fund_etf_fund_info_em,10,2026-09-08T01:24:01+00:00,,2025-08-29T23:59:59+08:00,earliest_safe_bound:first_seen_or_qdii_tplus2,False,False,True
159632,2025-08-28,1.9133,1.9133,0.52,场内买入,场内卖出,akshare:eastmoney:fund_etf_fund_info_em,10,2026-09-08T01:24:01+00:00,,2025-09-01T23:59:59+08:00,earliest_safe_bound:first_seen_or_qdii_tplus2,False,False,True
159632,2025-08-29,1.8892,1.8892,-1.26,场内买入,场内卖出,akshare:eastmoney:fund_etf_fund_info_em,10,2026-09-08T01:24:01+00:00,,2025-09-02T23:59:59+08:00,earliest_safe_bound:first_seen_or_qdii_tplus2,False,False,True
159632,2025-09-01,1.8901,1.8901,0.05,暂停申购,暂停赎回,akshare:eastmoney:fund_etf_fund_info_em,10,2026-09-08T01:24:01+00:00,,2025-09-03T23:59:59+08:00,earliest_safe_bound:first_seen_or_qdii_tplus2,False,False,True
159632,2025-09-02,1.8757,1.8757,-0.76,场内买入,场内卖出,akshare:eastmoney:fund_etf_fund_info_em,10,2026-09-08T01:24:01+00:00,,2025-09-04T23:59:59+08:00,earliest_safe_bound:first_seen_or_qdii_tplus2,False,False,True
159632,2025-09-03,1.8909,1.8909,0.81,场内买入,场内卖出,akshare:eastmoney:fund_etf_fund_info_em,10,2026-09-08T01:24:01+00:00,,2025-09-05T23:59:59+08:00,earliest_safe_bound:first_seen_or_qdii_tplus2,False,False,True
159632,2025-09-04,1.9072,1.9072,0.86,场内买入,场内卖出,akshare:eastmoney:fund_etf_fund_info_em,10,2026-09-08T01:24:01+00:00,,2025-09-08T23:59:59+08:00,earliest_safe_bound:first_seen_or_qdii_tplus2,False,False,True
159632,2025-09-05,1.9092,1.9092,0.1,场内买入,场内卖出,akshare:eastmoney:fund_etf_fund_info_em,10,2026-09-08T01:24:01+00:00,,2025-09-09T23:59:59+08:00,earliest_safe_bound:first_seen_or_qdii_tplus2,False,False,True
159632,2025-09-08,1.9171,1.9171,0.41,场内买入,场内卖出,akshare:eastmoney:fund_etf_fund_info_em,10,2026-09-08T01:24:01+00:00,,2025-09-10T23:59:59+08:00,earliest_safe_bound:first_seen_or_qdii_tplus2,False,False,True
159632,2025-09-09,1.9227,1.9227,0.29,场内买入,场内卖出,akshare:eastmoney:fund_etf_fund_info_em,10,2026-09-08T01:24:01+00:00,,2025-09-11T23:59:59+08:00,earliest_safe_bound:first_seen_or_qdii_tplus2,False,False,True
159632,2025-09-10,1.9248,1.9248,0.11,场内买入,场内卖出,akshare:eastmoney:fund_etf_fund_info_em,10,2026-09-08T01:24:01+00:00,,2025-09-12T23:59:59+08:00,earliest_safe_bound:first_seen_or_qdii_tplus2,False,False,True
159632,2025-09-11,1.9355,1.9355,0.56,场内买入,场内卖出,akshare:eastmoney:fund_etf_fund_info_em,10,2026-09-08T01:24:01+00:00,,2025-09-15T23:59:59+08:00,earliest_safe_bound:first_seen_or_qdii_tplus2,False,False,True
159632,2025-09-12,1.9431,1.9431,0.39,场内买入,场内卖出,akshare:eastmoney:fund_etf_fund_info_em,10,2026-09-08T01:24:01+00:00,,2025-09-16T23:59:59+08:00,earliest_safe_bound:first_seen_or_qdii_tplus2,False,False,True
159632,2025-09-15,1.9603,1.9603,0.89,场内买入,场内卖出,akshare:eastmoney:fund_etf_fund_info_em,10,2026-09-08T01:24:01+00:00,,2025-09-17T23:59:59+08:00,earliest_safe_bound:first_seen_or_qdii_tplus2,False,False,True
159632,2025-09-16,1.9578,1.9578,-0.13,场内买入,场内卖出,akshare:eastmoney:fund_etf_fund_info_em,10,2026-09-08T01:24:01+00:00,,2025-09-18T23:59:59+08:00,earliest_safe_bound:first_seen_or_qdii_tplus2,False,False,True
159632,2025-09-17,1.9533,1.9533,-0.23,场内买入,场内卖出,akshare:eastmoney:fund_etf_fund_info_em,10,2026-09-08T01:24:01+00:00,,2025-09-19T23:59:59+08:00,earliest_safe_bound:first_seen_or_qdii_tplus2,False,False,True
159632,2025-09-18,1.974,1.974,1.06,场内买入,场内卖出,akshare:eastmoney:fund_etf_fund_info_em,10,2026-09-08T01:24:01+00:00,,2025-09-22T23:59:59+08:00,earliest_safe_bound:first_seen_or_qdii_tplus2,False,False,True
159632,2025-09-19,1.9889,1.9889,0.75,场内买入,场内卖出,akshare:eastmoney:fund_etf_fund_info_em,10,2026-09-08T01:24:01+00:00,,2025-09-23T23:59:59+08:00,earliest_safe_bound:first_seen_or_qdii_tplus2,False,False,True
159632,2025-09-22,1.9994,1.9994,0.53,场内买入,场内卖出,akshare:eastmoney:fund_etf_fund_info_em,10,2026-09-08T01:24:01+00:00,,2025-09-24T23:59:59+08:00,earliest_safe_bound:first_seen_or_qdii_tplus2,False,False,True
159632,2025-09-23,1.9835,1.9835,-0.8,场内买入,场内卖出,akshare:eastmoney:fund_etf_fund_info_em,10,2026-09-08T01:24:01+00:00,,2025-09-25T23:59:59+08:00,earliest_safe_bound:first_seen_or_qdii_tplus2,False,False,True
159632,2025-09-24,1.9777,1.9777,-0.29,场内买入,场内卖出,akshare:eastmoney:fund_etf_fund_info_em,10,2026-09-08T01:24:01+00:00,,2025-09-26T23:59:59+08:00,earliest_safe_bound:first_seen_or_qdii_tplus2,False,False,True
159632,2025-09-25,1.9703,1.9703,-0.37,场内买入,场内卖出,akshare:eastmoney:fund_etf_fund_info_em,10,2026-09-08T01:24:01+00:00,,2025-09-29T23:59:59+08:00,earliest_safe_bound:first_seen_or_qdii_tplus2,False,False,True
159632,2025-09-26,1.9798,1.9798,0.48,场内买入,场内卖出,akshare:eastmoney:fund_etf_fund_info_em,10,2026-09-08T01:24:01+00:00,,2025-09-30T23:59:59+08:00,earliest_safe_bound:first_seen_or_qdii_tplus2,False,False,True
159632,2025-09-29,1.9866,1.9866,0.34,场内买入,场内卖出,akshare:eastmoney:fund_etf_fund_info_em,10,2026-09-08T01:24:01+00:00,,2025-10-09T23:59:59+08:00,earliest_safe_bound:first_seen_or_qdii_tplus2,False,False,True
159632,2025-09-30,1.9912,1.9912,0.23,场内买入,场内卖出,akshare:eastmoney:fund_etf_fund_info_em,10,2026-09-08T01:24:01+00:00,,2025-10-10T23:59:59+08:00,earliest_safe_bound:first_seen_or_qdii_tplus2,False,False,True
159632,2025-10-09,2.0259,2.0259,1.74,场内买入,场内卖出,akshare:eastmoney:fund_etf_fund_info_em,10,2026-09-08T01:24:01+00:00,,2025-10-13T23:59:59+08:00,earliest_safe_bound:first_seen_or_qdii_tplus2,False,False,True
159632,2025-10-10,1.9537,1.9537,-3.56,场内买入,场内卖出,akshare:eastmoney:fund_etf_fund_info_em,10,2026-09-08T01:24:01+00:00,,2025-10-14T23:59:59+08:00,earliest_safe_bound:first_seen_or_qdii_tplus2,False,False,True
159632,2025-10-13,1.9949,1.9949,2.11,场内买入,场内卖出,akshare:eastmoney:fund_etf_fund_info_em,10,2026-09-08T01:24:01+00:00,,2025-10-15T23:59:59+08:00,earliest_safe_bound:first_seen_or_qdii_tplus2,False,False,True
159632,2025-10-14,1.9816,1.9816,-0.67,场内买入,场内卖出,akshare:eastmoney:fund_etf_fund_info_em,10,2026-09-08T01:24:01+00:00,,2025-10-16T23:59:59+08:00,earliest_safe_bound:first_seen_or_qdii_tplus2,False,False,True
159632,2025-10-15,1.9942,1.9942,0.64,场内买入,场内卖出,akshare:eastmoney:fund_etf_fund_info_em,10,2026-09-08T01:24:01+00:00,,2025-10-17T23:59:59+08:00,earliest_safe_bound:first_seen_or_qdii_tplus2,False,False,True
159632,2025-10-16,1.9863,1.9863,-0.4,场内买入,场内卖出,akshare:eastmoney:fund_etf_fund_info_em,10,2026-09-08T01:24:01+00:00,,2025-10-20T23:59:59+08:00,earliest_safe_bound:first_seen_or_qdii_tplus2,False,False,True
159632,2025-10-17,1.9986,1.9986,0.62,场内买入,场内卖出,akshare:eastmoney:fund_etf_fund_info_em,10,2026-09-08T01:24:01+00:00,,2025-10-21T23:59:59+08:00,earliest_safe_bound:first_seen_or_qdii_tplus2,False,False,True
159632,2025-10-20,2.0252,2.0252,1.33,场内买入,场内卖出,akshare:eastmoney:fund_etf_fund_info_em,10,2026-09-08T01:24:01+00:00,,2025-10-22T23:59:59+08:00,earliest_safe_bound:first_seen_or_qdii_tplus2,False,False,True
159632,2025-10-21,2.0228,2.0228,-0.12,场内买入,场内卖出,akshare:eastmoney:fund_etf_fund_info_em,10,2026-09-08T01:24:01+00:00,,2025-10-23T23:59:59+08:00,earliest_safe_bound:first_seen_or_qdii_tplus2,False,False,True
159632,2025-10-22,2.0034,2.0034,-0.96,场内买入,场内卖出,akshare:eastmoney:fund_etf_fund_info_em,10,2026-09-08T01:24:01+00:00,,2025-10-24T23:59:59+08:00,earliest_safe_bound:first_seen_or_qdii_tplus2,False,False,True
159632,2025-10-23,2.0199,2.0199,0.82,场内买入,场内卖出,akshare:eastmoney:fund_etf_fund_info_em,10,2026-09-08T01:24:01+00:00,,2025-10-27T23:59:59+08:00,earliest_safe_bound:first_seen_or_qdii_tplus2,False,False,True
159632,2025-10-24,2.0411,2.0411,1.05,场内买入,场内卖出,akshare:eastmoney:fund_etf_fund_info_em,10,2026-09-08T01:24:01+00:00,,2025-10-28T23:59:59+08:00,earliest_safe_bound:first_seen_or_qdii_tplus2,False,False,True
159632,2025-10-27,2.0769,2.0769,1.75,场内买入,场内卖出,akshare:eastmoney:fund_etf_fund_info_em,10,2026-09-08T01:24:01+00:00,,2025-10-29T23:59:59+08:00,earliest_safe_bound:first_seen_or_qdii_tplus2,False,False,True
159632,2025-10-28,2.0916,2.0916,0.71,场内买入,场内卖出,akshare:eastmoney:fund_etf_fund_info_em,10,2026-09-08T01:24:01+00:00,,2025-10-30T23:59:59+08:00,earliest_safe_bound:first_seen_or_qdii_tplus2,False,False,True
159632,2025-10-29,2.0998,2.0998,0.39,场内买入,场内卖出,akshare:eastmoney:fund_etf_fund_info_em,10,2026-09-08T01:24:01+00:00,,2025-10-31T23:59:59+08:00,earliest_safe_bound:first_seen_or_qdii_tplus2,False,False,True
159632,2025-10-30,2.0696,2.0696,-1.44,场内买入,场内卖出,akshare:eastmoney:fund_etf_fund_info_em,10,2026-09-08T01:24:01+00:00,,2025-11-03T23:59:59+08:00,earliest_safe_bound:first_seen_or_qdii_tplus2,False,False,True
159632,2025-10-31,2.0801,2.0801,0.51,场内买入,场内卖出,akshare:eastmoney:fund_etf_fund_info_em,10,2026-09-08T01:24:01+00:00,,2025-11-04T23:59:59+08:00,earliest_safe_bound:first_seen_or_qdii_tplus2,False,False,True
159632,2025-11-03,2.0887,2.0887,0.41,场内买入,场内卖出,akshare:eastmoney:fund_etf_fund_info_em,10,2026-09-08T01:24:01+00:00,,2025-11-05T23:59:59+08:00,earliest_safe_bound:first_seen_or_qdii_tplus2,False,False,True
159632,2025-11-04,2.0461,2.0461,-2.04,场内买入,场内卖出,akshare:eastmoney:fund_etf_fund_info_em,10,2026-09-08T01:24:01+00:00,,2025-11-06T23:59:59+08:00,earliest_safe_bound:first_seen_or_qdii_tplus2,False,False,True
159632,2025-11-05,2.0612,2.0612,0.74,场内买入,场内卖出,akshare:eastmoney:fund_etf_fund_info_em,10,2026-09-08T01:24:01+00:00,,2025-11-07T23:59:59+08:00,earliest_safe_bound:first_seen_or_qdii_tplus2,False,False,True
159632,2025-11-06,2.0208,2.0208,-1.96,场内买入,场内卖出,akshare:eastmoney:fund_etf_fund_info_em,10,2026-09-08T01:24:01+00:00,,2025-11-10T23:59:59+08:00,earliest_safe_bound:first_seen_or_qdii_tplus2,False,False,True
159632,2025-11-07,2.0143,2.0143,-0.32,场内买入,场内卖出,akshare:eastmoney:fund_etf_fund_info_em,10,2026-09-08T01:24:01+00:00,,2025-11-11T23:59:59+08:00,earliest_safe_bound:first_seen_or_qdii_tplus2,False,False,True
159632,2025-11-10,2.0593,2.0593,2.23,场内买入,场内卖出,akshare:eastmoney:fund_etf_fund_info_em,10,2026-09-08T01:24:01+00:00,,2025-11-12T23:59:59+08:00,earliest_safe_bound:first_seen_or_qdii_tplus2,False,False,True
159632,2025-11-11,2.0533,2.0533,-0.29,场内买入,场内卖出,akshare:eastmoney:fund_etf_fund_info_em,10,2026-09-08T01:24:01+00:00,,2025-11-13T23:59:59+08:00,earliest_safe_bound:first_seen_or_qdii_tplus2,False,False,True
159632,2025-11-12,2.0511,2.0511,-0.11,场内买入,场内卖出,akshare:eastmoney:fund_etf_fund_info_em,10,2026-09-08T01:24:01+00:00,,2025-11-14T23:59:59+08:00,earliest_safe_bound:first_seen_or_qdii_tplus2,False,False,True
159632,2025-11-13,2.0099,2.0099,-2.01,场内买入,场内卖出,akshare:eastmoney:fund_etf_fund_info_em,10,2026-09-08T01:24:01+00:00,,2025-11-17T23:59:59+08:00,earliest_safe_bound:first_seen_or_qdii_tplus2,False,False,True
159632,2025-11-14,2.01,2.01,0.0,场内买入,场内卖出,akshare:eastmoney:fund_etf_fund_info_em,10,2026-09-08T01:24:01+00:00,,2025-11-18T23:59:59+08:00,earliest_safe_bound:first_seen_or_qdii_tplus2,False,False,True
159632,2025-11-17,1.9928,1.9928,-0.86,场内买入,场内卖出,akshare:eastmoney:fund_etf_fund_info_em,10,2026-09-08T01:24:01+00:00,,2025-11-19T23:59:59+08:00,earliest_safe_bound:first_seen_or_qdii_tplus2,False,False,True
159632,2025-11-18,1.9702,1.9702,-1.13,场内买入,场内卖出,akshare:eastmoney:fund_etf_fund_info_em,10,2026-09-08T01:24:01+00:00,,2025-11-20T23:59:59+08:00,earliest_safe_bound:first_seen_or_qdii_tplus2,False,False,True
159632,2025-11-19,1.9817,1.9817,0.58,场内买入,场内卖出,akshare:eastmoney:fund_etf_fund_info_em,10,2026-09-08T01:24:01+00:00,,2025-11-21T23:59:59+08:00,earliest_safe_bound:first_seen_or_qdii_tplus2,False,False,True
159632,2025-11-20,1.9357,1.9357,-2.32,场内买入,场内卖出,akshare:eastmoney:fund_etf_fund_info_em,10,2026-09-08T01:24:01+00:00,,2025-11-24T23:59:59+08:00,earliest_safe_bound:first_seen_or_qdii_tplus2,False,False,True
159632,2025-11-21,1.9499,1.9499,0.73,场内买入,场内卖出,akshare:eastmoney:fund_etf_fund_info_em,10,2026-09-08T01:24:01+00:00,,2025-11-25T23:59:59+08:00,earliest_safe_bound:first_seen_or_qdii_tplus2,False,False,True
159632,2025-11-24,2.0,2.0,2.57,场内买入,场内卖出,akshare:eastmoney:fund_etf_fund_info_em,10,2026-09-08T01:24:01+00:00,,2025-11-26T23:59:59+08:00,earliest_safe_bound:first_seen_or_qdii_tplus2,False,False,True
159632,2025-11-25,2.011,2.011,0.55,场内买入,场内卖出,akshare:eastmoney:fund_etf_fund_info_em,10,2026-09-08T01:24:01+00:00,,2025-11-27T23:59:59+08:00,earliest_safe_bound:first_seen_or_qdii_tplus2,False,False,True
159632,2025-11-26,2.0277,2.0277,0.83,场内买入,场内卖出,akshare:eastmoney:fund_etf_fund_info_em,10,2026-09-08T01:24:01+00:00,,2025-11-28T23:59:59+08:00,earliest_safe_bound:first_seen_or_qdii_tplus2,False,False,True
159632,2025-11-27,2.0272,2.0272,-0.02,暂停申购,暂停赎回,akshare:eastmoney:fund_etf_fund_info_em,10,2026-09-08T01:24:01+00:00,,2025-12-01T23:59:59+08:00,earliest_safe_bound:first_seen_or_qdii_tplus2,False,False,True
159632,2025-11-28,2.0433,2.0433,0.79,场内买入,场内卖出,akshare:eastmoney:fund_etf_fund_info_em,10,2026-09-08T01:24:01+00:00,,2025-12-02T23:59:59+08:00,earliest_safe_bound:first_seen_or_qdii_tplus2,False,False,True
159632,2025-12-01,2.035,2.035,-0.41,场内买入,场内卖出,akshare:eastmoney:fund_etf_fund_info_em,10,2026-09-08T01:24:01+00:00,,2025-12-03T23:59:59+08:00,earliest_safe_bound:first_seen_or_qdii_tplus2,False,False,True
159632,2025-12-02,2.053,2.053,0.88,场内买入,场内卖出,akshare:eastmoney:fund_etf_fund_info_em,10,2026-09-08T01:24:01+00:00,,2025-12-04T23:59:59+08:00,earliest_safe_bound:first_seen_or_qdii_tplus2,False,False,True
159632,2025-12-03,2.056,2.056,0.15,场内买入,场内卖出,akshare:eastmoney:fund_etf_fund_info_em,10,2026-09-08T01:24:01+00:00,,2025-12-05T23:59:59+08:00,earliest_safe_bound:first_seen_or_qdii_tplus2,False,False,True
159632,2025-12-04,2.0534,2.0534,-0.13,场内买入,场内卖出,akshare:eastmoney:fund_etf_fund_info_em,10,2026-09-08T01:24:01+00:00,,2025-12-08T23:59:59+08:00,earliest_safe_bound:first_seen_or_qdii_tplus2,False,False,True
159632,2025-12-05,2.0628,2.0628,0.46,场内买入,场内卖出,akshare:eastmoney:fund_etf_fund_info_em,10,2026-09-08T01:24:01+00:00,,2025-12-09T23:59:59+08:00,earliest_safe_bound:first_seen_or_qdii_tplus2,False,False,True
159632,2025-12-08,2.0581,2.0581,-0.23,场内买入,场内卖出,akshare:eastmoney:fund_etf_fund_info_em,10,2026-09-08T01:24:01+00:00,,2025-12-10T23:59:59+08:00,earliest_safe_bound:first_seen_or_qdii_tplus2,False,False,True
159632,2025-12-09,2.0616,2.0616,0.17,场内买入,场内卖出,akshare:eastmoney:fund_etf_fund_info_em,10,2026-09-08T01:24:01+00:00,,2025-12-11T23:59:59+08:00,earliest_safe_bound:first_seen_or_qdii_tplus2,False,False,True
159632,2025-12-10,2.0696,2.0696,0.39,场内买入,场内卖出,akshare:eastmoney:fund_etf_fund_info_em,10,2026-09-08T01:24:01+00:00,,2025-12-12T23:59:59+08:00,earliest_safe_bound:first_seen_or_qdii_tplus2,False,False,True
159632,2025-12-11,2.0605,2.0605,-0.44,场内买入,场内卖出,akshare:eastmoney:fund_etf_fund_info_em,10,2026-09-08T01:24:01+00:00,,2025-12-15T23:59:59+08:00,earliest_safe_bound:first_seen_or_qdii_tplus2,False,False,True
159632,2025-12-12,2.0198,2.0198,-1.98,场内买入,场内卖出,akshare:eastmoney:fund_etf_fund_info_em,10,2026-09-08T01:24:01+00:00,,2025-12-16T23:59:59+08:00,earliest_safe_bound:first_seen_or_qdii_tplus2,False,False,True
159632,2025-12-15,2.01,2.01,-0.49,场内买入,场内卖出,akshare:eastmoney:fund_etf_fund_info_em,10,2026-09-08T01:24:01+00:00,,2025-12-17T23:59:59+08:00,earliest_safe_bound:first_seen_or_qdii_tplus2,False,False,True
159632,2025-12-16,2.0136,2.0136,0.18,场内买入,场内卖出,akshare:eastmoney:fund_etf_fund_info_em,10,2026-09-08T01:24:01+00:00,,2025-12-18T23:59:59+08:00,earliest_safe_bound:first_seen_or_qdii_tplus2,False,False,True
159632,2025-12-17,1.9739,1.9739,-1.97,场内买入,场内卖出,akshare:eastmoney:fund_etf_fund_info_em,10,2026-09-08T01:24:01+00:00,,2025-12-19T23:59:59+08:00,earliest_safe_bound:first_seen_or_qdii_tplus2,False,False,True
159632,2025-12-18,2.0038,2.0038,1.51,场内买入,场内卖出,akshare:eastmoney:fund_etf_fund_info_em,10,2026-09-08T01:24:01+00:00,,2025-12-22T23:59:59+08:00,earliest_safe_bound:first_seen_or_qdii_tplus2,False,False,True
159632,2025-12-19,2.0289,2.0289,1.25,场内买入,场内卖出,akshare:eastmoney:fund_etf_fund_info_em,10,2026-09-08T01:24:01+00:00,,2025-12-23T23:59:59+08:00,earliest_safe_bound:first_seen_or_qdii_tplus2,False,False,True
159632,2025-12-22,2.0382,2.0382,0.46,场内买入,场内卖出,akshare:eastmoney:fund_etf_fund_info_em,10,2026-09-08T01:24:01+00:00,,2025-12-24T23:59:59+08:00,earliest_safe_bound:first_seen_or_qdii_tplus2,False,False,True
159632,2025-12-23,2.0468,2.0468,0.42,场内买入,场内卖出,akshare:eastmoney:fund_etf_fund_info_em,10,2026-09-08T01:24:01+00:00,,2025-12-25T23:59:59+08:00,earliest_safe_bound:first_seen_or_qdii_tplus2,False,False,True
159632,2025-12-24,2.0507,2.0507,0.19,场内买入,场内卖出,akshare:eastmoney:fund_etf_fund_info_em,10,2026-09-08T01:24:01+00:00,,2025-12-26T23:59:59+08:00,earliest_safe_bound:first_seen_or_qdii_tplus2,False,False,True
159632,2025-12-25,2.0484,2.0484,-0.11,暂停申购,暂停赎回,akshare:eastmoney:fund_etf_fund_info_em,10,2026-09-08T01:24:01+00:00,,2025-12-29T23:59:59+08:00,earliest_safe_bound:first_seen_or_qdii_tplus2,False,False,True
159632,2025-12-26,2.0465,2.0465,-0.09,场内买入,场内卖出,akshare:eastmoney:fund_etf_fund_info_em,10,2026-09-08T01:24:01+00:00,,2025-12-30T23:59:59+08:00,earliest_safe_bound:first_seen_or_qdii_tplus2,False,False,True
159632,2025-12-29,2.0361,2.0361,-0.51,场内买入,场内卖出,akshare:eastmoney:fund_etf_fund_info_em,10,2026-09-08T01:24:01+00:00,,2025-12-31T23:59:59+08:00,earliest_safe_bound:first_seen_or_qdii_tplus2,False,False,True
159632,2025-12-30,2.0315,2.0315,-0.23,场内买入,场内卖出,akshare:eastmoney:fund_etf_fund_info_em,10,2026-09-08T01:24:01+00:00,,2026-01-05T23:59:59+08:00,earliest_safe_bound:first_seen_or_qdii_tplus2,False,False,True
159632,2025-12-31,2.0129,2.0129,-0.92,场内买入,场内卖出,akshare:eastmoney:fund_etf_fund_info_em,10,2026-09-08T01:24:01+00:00,,2026-01-06T23:59:59+08:00,earliest_safe_bound:first_seen_or_qdii_tplus2,False,False,True
159632,2026-01-05,2.023,2.023,0.5,场内买入,场内卖出,akshare:eastmoney:fund_etf_fund_info_em,10,2026-09-08T01:24:01+00:00,,2026-01-07T23:59:59+08:00,earliest_safe_bound:first_seen_or_qdii_tplus2,False,False,True
159632,2026-01-06,2.0404,2.0404,0.86,场内买入,场内卖出,akshare:eastmoney:fund_etf_fund_info_em,10,2026-09-08T01:24:01+00:00,,2026-01-08T23:59:59+08:00,earliest_safe_bound:first_seen_or_qdii_tplus2,False,False,True
159632,2026-01-07,2.0418,2.0418,0.07,场内买入,场内卖出,akshare:eastmoney:fund_etf_fund_info_em,10,2026-09-08T01:24:01+00:00,,2026-01-09T23:59:59+08:00,earliest_safe_bound:first_seen_or_qdii_tplus2,False,False,True
159632,2026-01-08,2.0304,2.0304,-0.56,场内买入,场内卖出,akshare:eastmoney:fund_etf_fund_info_em,10,2026-09-08T01:24:01+00:00,,2026-01-12T23:59:59+08:00,earliest_safe_bound:first_seen_or_qdii_tplus2,False,False,True
159632,2026-01-09,2.0489,2.0489,0.91,场内买入,场内卖出,akshare:eastmoney:fund_etf_fund_info_em,10,2026-09-08T01:24:01+00:00,,2026-01-13T23:59:59+08:00,earliest_safe_bound:first_seen_or_qdii_tplus2,False,False,True
159632,2026-01-12,2.0499,2.0499,0.05,场内买入,场内卖出,akshare:eastmoney:fund_etf_fund_info_em,10,2026-09-08T01:24:01+00:00,,2026-01-14T23:59:59+08:00,earliest_safe_bound:first_seen_or_qdii_tplus2,False,False,True
159632,2026-01-13,2.0461,2.0461,-0.19,场内买入,场内卖出,akshare:eastmoney:fund_etf_fund_info_em,10,2026-09-08T01:24:01+00:00,,2026-01-15T23:59:59+08:00,earliest_safe_bound:first_seen_or_qdii_tplus2,False,False,True
159632,2026-01-14,2.0248,2.0248,-1.04,场内买入,场内卖出,akshare:eastmoney:fund_etf_fund_info_em,10,2026-09-08T01:24:01+00:00,,2026-01-16T23:59:59+08:00,earliest_safe_bound:first_seen_or_qdii_tplus2,False,False,True
159632,2026-01-15,2.0295,2.0295,0.23,场内买入,场内卖出,akshare:eastmoney:fund_etf_fund_info_em,10,2026-09-08T01:24:01+00:00,,2026-01-19T23:59:59+08:00,earliest_safe_bound:first_seen_or_qdii_tplus2,False,False,True
159632,2026-01-16,2.0285,2.0285,-0.05,场内买入,场内卖出,akshare:eastmoney:fund_etf_fund_info_em,10,2026-09-08T01:24:01+00:00,,2026-01-20T23:59:59+08:00,earliest_safe_bound:first_seen_or_qdii_tplus2,False,False,True
159632,2026-01-19,2.0276,2.0276,-0.04,暂停申购,暂停赎回,akshare:eastmoney:fund_etf_fund_info_em,10,2026-09-08T01:24:01+00:00,,2026-01-21T23:59:59+08:00,earliest_safe_bound:first_seen_or_qdii_tplus2,False,False,True
159632,2026-01-20,1.9823,1.9823,-2.23,场内买入,场内卖出,akshare:eastmoney:fund_etf_fund_info_em,10,2026-09-08T01:24:01+00:00,,2026-01-22T23:59:59+08:00,earliest_safe_bound:first_seen_or_qdii_tplus2,False,False,True
159632,2026-01-21,2.0098,2.0098,1.39,场内买入,场内卖出,akshare:eastmoney:fund_etf_fund_info_em,10,2026-09-08T01:24:01+00:00,,2026-01-23T23:59:59+08:00,earliest_safe_bound:first_seen_or_qdii_tplus2,False,False,True
159632,2026-01-22,2.0257,2.0257,0.79,场内买入,场内卖出,akshare:eastmoney:fund_etf_fund_info_em,10,2026-09-08T01:24:01+00:00,,2026-01-26T23:59:59+08:00,earliest_safe_bound:first_seen_or_qdii_tplus2,False,False,True
159632,2026-01-23,2.03,2.03,0.21,场内买入,场内卖出,akshare:eastmoney:fund_etf_fund_info_em,10,2026-09-08T01:24:01+00:00,,2026-01-27T23:59:59+08:00,earliest_safe_bound:first_seen_or_qdii_tplus2,False,False,True
159632,2026-01-26,2.036,2.036,0.3,场内买入,场内卖出,akshare:eastmoney:fund_etf_fund_info_em,10,2026-09-08T01:24:01+00:00,,2026-01-28T23:59:59+08:00,earliest_safe_bound:first_seen_or_qdii_tplus2,False,False,True
159632,2026-01-27,2.0543,2.0543,0.9,场内买入,场内卖出,akshare:eastmoney:fund_etf_fund_info_em,10,2026-09-08T01:24:01+00:00,,2026-01-29T23:59:59+08:00,earliest_safe_bound:first_seen_or_qdii_tplus2,False,False,True
159632,2026-01-28,2.0579,2.0579,0.18,场内买入,场内卖出,akshare:eastmoney:fund_etf_fund_info_em,10,2026-09-08T01:24:01+00:00,,2026-01-30T23:59:59+08:00,earliest_safe_bound:first_seen_or_qdii_tplus2,False,False,True
159632,2026-01-29,2.0473,2.0473,-0.52,场内买入,场内卖出,akshare:eastmoney:fund_etf_fund_info_em,10,2026-09-08T01:24:01+00:00,,2026-02-02T23:59:59+08:00,earliest_safe_bound:first_seen_or_qdii_tplus2,False,False,True
159632,2026-01-30,2.0186,2.0186,-1.4,场内买入,场内卖出,akshare:eastmoney:fund_etf_fund_info_em,10,2026-09-08T01:24:01+00:00,,2026-02-03T23:59:59+08:00,earliest_safe_bound:first_seen_or_qdii_tplus2,False,False,True
159632,2026-02-02,2.0336,2.0336,0.74,场内买入,场内卖出,akshare:eastmoney:fund_etf_fund_info_em,10,2026-09-08T01:24:01+00:00,,2026-02-04T23:59:59+08:00,earliest_safe_bound:first_seen_or_qdii_tplus2,False,False,True
159632,2026-02-03,1.9995,1.9995,-1.68,场内买入,场内卖出,akshare:eastmoney:fund_etf_fund_info_em,10,2026-09-08T01:24:01+00:00,,2026-02-05T23:59:59+08:00,earliest_safe_bound:first_seen_or_qdii_tplus2,False,False,True
159632,2026-02-04,1.962,1.962,-1.88,场内买入,场内卖出,akshare:eastmoney:fund_etf_fund_info_em,10,2026-09-08T01:24:01+00:00,,2026-02-06T23:59:59+08:00,earliest_safe_bound:first_seen_or_qdii_tplus2,False,False,True
159632,2026-02-05,1.936,1.936,-1.33,场内买入,场内卖出,akshare:eastmoney:fund_etf_fund_info_em,10,2026-09-08T01:24:01+00:00,,2026-02-09T23:59:59+08:00,earliest_safe_bound:first_seen_or_qdii_tplus2,False,False,True
159632,2026-02-06,1.9779,1.9779,2.16,场内买入,场内卖出,akshare:eastmoney:fund_etf_fund_info_em,10,2026-09-08T01:24:01+00:00,,2026-02-10T23:59:59+08:00,earliest_safe_bound:first_seen_or_qdii_tplus2,False,False,True
159632,2026-02-09,1.9911,1.9911,0.67,场内买入,场内卖出,akshare:eastmoney:fund_etf_fund_info_em,10,2026-09-08T01:24:01+00:00,,2026-02-11T23:59:59+08:00,earliest_safe_bound:first_seen_or_qdii_tplus2,False,False,True
159632,2026-02-10,1.9783,1.9783,-0.64,场内买入,场内卖出,akshare:eastmoney:fund_etf_fund_info_em,10,2026-09-08T01:24:01+00:00,,2026-02-12T23:59:59+08:00,earliest_safe_bound:first_seen_or_qdii_tplus2,False,False,True
159632,2026-02-11,1.9834,1.9834,0.26,场内买入,场内卖出,akshare:eastmoney:fund_etf_fund_info_em,10,2026-09-08T01:24:01+00:00,,2026-02-13T23:59:59+08:00,earliest_safe_bound:first_seen_or_qdii_tplus2,False,False,True
159632,2026-02-12,1.9436,1.9436,-2.01,场内买入,场内卖出,akshare:eastmoney:fund_etf_fund_info_em,10,2026-09-08T01:24:01+00:00,,2026-02-24T23:59:59+08:00,earliest_safe_bound:first_seen_or_qdii_tplus2,False,False,True
159632,2026-02-13,1.9456,1.9456,0.1,场内买入,场内卖出,akshare:eastmoney:fund_etf_fund_info_em,10,2026-09-08T01:24:01+00:00,,2026-02-25T23:59:59+08:00,earliest_safe_bound:first_seen_or_qdii_tplus2,False,False,True
159632,2026-02-24,1.9652,1.9652,1.01,场内买入,场内卖出,akshare:eastmoney:fund_etf_fund_info_em,10,2026-09-08T01:24:01+00:00,,2026-02-26T23:59:59+08:00,earliest_safe_bound:first_seen_or_qdii_tplus2,False,False,True
159632,2026-02-25,1.9902,1.9902,1.27,场内买入,场内卖出,akshare:eastmoney:fund_etf_fund_info_em,10,2026-09-08T01:24:01+00:00,,2026-02-27T23:59:59+08:00,earliest_safe_bound:first_seen_or_qdii_tplus2,False,False,True
159632,2026-02-26,1.9645,1.9645,-1.29,场内买入,场内卖出,akshare:eastmoney:fund_etf_fund_info_em,10,2026-09-08T01:24:01+00:00,,2026-03-02T23:59:59+08:00,earliest_safe_bound:first_seen_or_qdii_tplus2,False,False,True
159632,2026-02-27,1.9589,1.9589,-0.29,场内买入,场内卖出,akshare:eastmoney:fund_etf_fund_info_em,10,2026-09-08T01:24:01+00:00,,2026-03-03T23:59:59+08:00,earliest_safe_bound:first_seen_or_qdii_tplus2,False,False,True
159632,2026-03-02,1.9615,1.9615,0.13,场内买入,场内卖出,akshare:eastmoney:fund_etf_fund_info_em,10,2026-09-08T01:24:01+00:00,,2026-03-04T23:59:59+08:00,earliest_safe_bound:first_seen_or_qdii_tplus2,False,False,True
159632,2026-03-03,1.9362,1.9362,-1.29,场内买入,场内卖出,akshare:eastmoney:fund_etf_fund_info_em,10,2026-09-08T01:24:01+00:00,,2026-03-05T23:59:59+08:00,earliest_safe_bound:first_seen_or_qdii_tplus2,False,False,True
159632,2026-03-04,1.9663,1.9663,1.55,场内买入,场内卖出,akshare:eastmoney:fund_etf_fund_info_em,10,2026-09-08T01:24:01+00:00,,2026-03-06T23:59:59+08:00,earliest_safe_bound:first_seen_or_qdii_tplus2,False,False,True
159632,2026-03-05,1.9573,1.9573,-0.46,场内买入,场内卖出,akshare:eastmoney:fund_etf_fund_info_em,10,2026-09-08T01:24:01+00:00,,2026-03-09T23:59:59+08:00,earliest_safe_bound:first_seen_or_qdii_tplus2,False,False,True
159632,2026-03-06,1.9285,1.9285,-1.47,场内买入,场内卖出,akshare:eastmoney:fund_etf_fund_info_em,10,2026-09-08T01:24:01+00:00,,2026-03-10T23:59:59+08:00,earliest_safe_bound:first_seen_or_qdii_tplus2,False,False,True
159632,2026-03-09,1.9576,1.9576,1.51,场内买入,场内卖出,akshare:eastmoney:fund_etf_fund_info_em,10,2026-09-08T01:24:01+00:00,,2026-03-11T23:59:59+08:00,earliest_safe_bound:first_seen_or_qdii_tplus2,False,False,True
159632,2026-03-10,1.9519,1.9519,-0.29,场内买入,场内卖出,akshare:eastmoney:fund_etf_fund_info_em,10,2026-09-08T01:24:01+00:00,,2026-03-12T23:59:59+08:00,earliest_safe_bound:first_seen_or_qdii_tplus2,False,False,True
159632,2026-03-11,1.9508,1.9508,-0.06,场内买入,场内卖出,akshare:eastmoney:fund_etf_fund_info_em,10,2026-09-08T01:24:01+00:00,,2026-03-13T23:59:59+08:00,earliest_safe_bound:first_seen_or_qdii_tplus2,False,False,True
159632,2026-03-12,1.9182,1.9182,-1.67,场内买入,场内卖出,akshare:eastmoney:fund_etf_fund_info_em,10,2026-09-08T01:24:01+00:00,,2026-03-16T23:59:59+08:00,earliest_safe_bound:first_seen_or_qdii_tplus2,False,False,True
159632,2026-03-13,1.9076,1.9076,-0.55,场内买入,场内卖出,akshare:eastmoney:fund_etf_fund_info_em,10,2026-09-08T01:24:01+00:00,,2026-03-17T23:59:59+08:00,earliest_safe_bound:first_seen_or_qdii_tplus2,False,False,True
159632,2026-03-16,1.9304,1.9304,1.2,场内买入,场内卖出,akshare:eastmoney:fund_etf_fund_info_em,10,2026-09-08T01:24:01+00:00,,2026-03-18T23:59:59+08:00,earliest_safe_bound:first_seen_or_qdii_tplus2,False,False,True
159632,2026-03-17,1.9375,1.9375,0.37,场内买入,场内卖出,akshare:eastmoney:fund_etf_fund_info_em,10,2026-09-08T01:24:01+00:00,,2026-03-19T23:59:59+08:00,earliest_safe_bound:first_seen_or_qdii_tplus2,False,False,True
159632,2026-03-18,1.9083,1.9083,-1.51,场内买入,场内卖出,akshare:eastmoney:fund_etf_fund_info_em,10,2026-09-08T01:24:01+00:00,,2026-03-20T23:59:59+08:00,earliest_safe_bound:first_seen_or_qdii_tplus2,False,False,True
159632,2026-03-19,1.9046,1.9046,-0.19,场内买入,场内卖出,akshare:eastmoney:fund_etf_fund_info_em,10,2026-09-08T01:24:01+00:00,,2026-03-23T23:59:59+08:00,earliest_safe_bound:first_seen_or_qdii_tplus2,False,False,True
159632,2026-03-20,1.8669,1.8669,-1.98,场内买入,场内卖出,akshare:eastmoney:fund_etf_fund_info_em,10,2026-09-08T01:24:01+00:00,,2026-03-24T23:59:59+08:00,earliest_safe_bound:first_seen_or_qdii_tplus2,False,False,True
159632,2026-03-23,1.8933,1.8933,1.41,场内买入,场内卖出,akshare:eastmoney:fund_etf_fund_info_em,10,2026-09-08T01:24:01+00:00,,2026-03-25T23:59:59+08:00,earliest_safe_bound:first_seen_or_qdii_tplus2,False,False,True
159632,2026-03-24,1.8762,1.8762,-0.9,场内买入,场内卖出,akshare:eastmoney:fund_etf_fund_info_em,10,2026-09-08T01:24:01+00:00,,2026-03-26T23:59:59+08:00,earliest_safe_bound:first_seen_or_qdii_tplus2,False,False,True
159632,2026-03-25,1.8877,1.8877,0.61,场内买入,场内卖出,akshare:eastmoney:fund_etf_fund_info_em,10,2026-09-08T01:24:01+00:00,,2026-03-27T23:59:59+08:00,earliest_safe_bound:first_seen_or_qdii_tplus2,False,False,True
159632,2026-03-26,1.8467,1.8467,-2.17,场内买入,场内卖出,akshare:eastmoney:fund_etf_fund_info_em,10,2026-09-08T01:24:01+00:00,,2026-03-30T23:59:59+08:00,earliest_safe_bound:first_seen_or_qdii_tplus2,False,False,True
159632,2026-03-27,1.8134,1.8134,-1.8,场内买入,场内卖出,akshare:eastmoney:fund_etf_fund_info_em,10,2026-09-08T01:24:01+00:00,,2026-03-31T23:59:59+08:00,earliest_safe_bound:first_seen_or_qdii_tplus2,False,False,True
159632,2026-03-30,1.8014,1.8014,-0.66,场内买入,场内卖出,akshare:eastmoney:fund_etf_fund_info_em,10,2026-09-08T01:24:01+00:00,,2026-04-01T23:59:59+08:00,earliest_safe_bound:first_seen_or_qdii_tplus2,False,False,True
159632,2026-03-31,1.862,1.862,3.36,场内买入,场内卖出,akshare:eastmoney:fund_etf_fund_info_em,10,2026-09-08T01:24:01+00:00,,2026-04-02T23:59:59+08:00,earliest_safe_bound:first_seen_or_qdii_tplus2,False,False,True
159632,2026-04-01,1.8793,1.8793,0.93,场内买入,场内卖出,akshare:eastmoney:fund_etf_fund_info_em,10,2026-09-08T01:24:01+00:00,,2026-04-03T23:59:59+08:00,earliest_safe_bound:first_seen_or_qdii_tplus2,False,False,True
159632,2026-04-02,1.8775,1.8775,-0.1,场内买入,场内卖出,akshare:eastmoney:fund_etf_fund_info_em,10,2026-09-08T01:24:01+00:00,,2026-04-07T23:59:59+08:00,earliest_safe_bound:first_seen_or_qdii_tplus2,False,False,True
159632,2026-04-03,1.8788,1.8788,0.07,暂停申购,暂停赎回,akshare:eastmoney:fund_etf_fund_info_em,10,2026-09-08T01:24:01+00:00,,2026-04-08T23:59:59+08:00,earliest_safe_bound:first_seen_or_qdii_tplus2,False,False,True
159632,2026-04-07,1.8888,1.8888,0.53,场内买入,场内卖出,akshare:eastmoney:fund_etf_fund_info_em,10,2026-09-08T01:24:01+00:00,,2026-04-09T23:59:59+08:00,earliest_safe_bound:first_seen_or_qdii_tplus2,False,False,True
159632,2026-04-08,1.9386,1.9386,2.64,场内买入,场内卖出,akshare:eastmoney:fund_etf_fund_info_em,10,2026-09-08T01:24:01+00:00,,2026-04-10T23:59:59+08:00,earliest_safe_bound:first_seen_or_qdii_tplus2,False,False,True
159632,2026-04-09,1.9517,1.9517,0.68,场内买入,场内卖出,akshare:eastmoney:fund_etf_fund_info_em,10,2026-09-08T01:24:01+00:00,,2026-04-13T23:59:59+08:00,earliest_safe_bound:first_seen_or_qdii_tplus2,False,False,True
159632,2026-04-10,1.9544,1.9544,0.14,场内买入,场内卖出,akshare:eastmoney:fund_etf_fund_info_em,10,2026-09-08T01:24:01+00:00,,2026-04-14T23:59:59+08:00,earliest_safe_bound:first_seen_or_qdii_tplus2,False,False,True
159632,2026-04-13,1.9751,1.9751,1.06,场内买入,场内卖出,akshare:eastmoney:fund_etf_fund_info_em,10,2026-09-08T01:24:01+00:00,,2026-04-15T23:59:59+08:00,earliest_safe_bound:first_seen_or_qdii_tplus2,False,False,True
159632,2026-04-14,2.0088,2.0088,1.71,场内买入,场内卖出,akshare:eastmoney:fund_etf_fund_info_em,10,2026-09-08T01:24:01+00:00,,2026-04-16T23:59:59+08:00,earliest_safe_bound:first_seen_or_qdii_tplus2,False,False,True
159632,2026-04-15,2.0366,2.0366,1.38,场内买入,场内卖出,akshare:eastmoney:fund_etf_fund_info_em,10,2026-09-08T01:24:01+00:00,,2026-04-17T23:59:59+08:00,earliest_safe_bound:first_seen_or_qdii_tplus2,False,False,True
159632,2026-04-16,2.0474,2.0474,0.53,场内买入,场内卖出,akshare:eastmoney:fund_etf_fund_info_em,10,2026-09-08T01:24:01+00:00,,2026-04-20T23:59:59+08:00,earliest_safe_bound:first_seen_or_qdii_tplus2,False,False,True
159632,2026-04-17,2.0739,2.0739,1.29,场内买入,场内卖出,akshare:eastmoney:fund_etf_fund_info_em,10,2026-09-08T01:24:01+00:00,,2026-04-21T23:59:59+08:00,earliest_safe_bound:first_seen_or_qdii_tplus2,False,False,True
159632,2026-04-20,2.0684,2.0684,-0.27,场内买入,场内卖出,akshare:eastmoney:fund_etf_fund_info_em,10,2026-09-08T01:24:01+00:00,,2026-04-22T23:59:59+08:00,earliest_safe_bound:first_seen_or_qdii_tplus2,False,False,True
159632,2026-04-21,2.0582,2.0582,-0.49,场内买入,场内卖出,akshare:eastmoney:fund_etf_fund_info_em,10,2026-09-08T01:24:01+00:00,,2026-04-23T23:59:59+08:00,earliest_safe_bound:first_seen_or_qdii_tplus2,False,False,True
159632,2026-04-22,2.094,2.094,1.74,场内买入,场内卖出,akshare:eastmoney:fund_etf_fund_info_em,10,2026-09-08T01:24:01+00:00,,2026-04-24T23:59:59+08:00,earliest_safe_bound:first_seen_or_qdii_tplus2,False,False,True
159632,2026-04-23,2.0829,2.0829,-0.53,场内买入,场内卖出,akshare:eastmoney:fund_etf_fund_info_em,10,2026-09-08T01:24:01+00:00,,2026-04-27T23:59:59+08:00,earliest_safe_bound:first_seen_or_qdii_tplus2,False,False,True
159632,2026-04-24,2.1239,2.1239,1.97,场内买入,场内卖出,akshare:eastmoney:fund_etf_fund_info_em,10,2026-09-08T01:24:01+00:00,,2026-04-28T23:59:59+08:00,earliest_safe_bound:first_seen_or_qdii_tplus2,False,False,True
159632,2026-04-27,2.1211,2.1211,-0.13,场内买入,场内卖出,akshare:eastmoney:fund_etf_fund_info_em,10,2026-09-08T01:24:01+00:00,,2026-04-29T23:59:59+08:00,earliest_safe_bound:first_seen_or_qdii_tplus2,False,False,True
159632,2026-04-28,2.0999,2.0999,-1.0,场内买入,场内卖出,akshare:eastmoney:fund_etf_fund_info_em,10,2026-09-08T01:24:01+00:00,,2026-04-30T23:59:59+08:00,earliest_safe_bound:first_seen_or_qdii_tplus2,False,False,True
159632,2026-04-29,2.1127,2.1127,0.61,场内买入,场内卖出,akshare:eastmoney:fund_etf_fund_info_em,10,2026-09-08T01:24:01+00:00,,2026-05-06T23:59:59+08:00,earliest_safe_bound:first_seen_or_qdii_tplus2,False,False,True
159632,2026-04-30,2.1339,2.1339,1.0,场内买入,场内卖出,akshare:eastmoney:fund_etf_fund_info_em,10,2026-09-08T01:24:01+00:00,,2026-05-07T23:59:59+08:00,earliest_safe_bound:first_seen_or_qdii_tplus2,False,False,True
159632,2026-05-06,2.2207,2.2207,4.07,场内买入,场内卖出,akshare:eastmoney:fund_etf_fund_info_em,10,2026-09-08T01:24:01+00:00,,2026-05-08T23:59:59+08:00,earliest_safe_bound:first_seen_or_qdii_tplus2,False,False,True
159632,2026-05-07,2.2155,2.2155,-0.23,场内买入,场内卖出,akshare:eastmoney:fund_etf_fund_info_em,10,2026-09-08T01:24:01+00:00,,2026-05-11T23:59:59+08:00,earliest_safe_bound:first_seen_or_qdii_tplus2,False,False,True
159632,2026-05-08,2.268,2.268,2.37,场内买入,场内卖出,akshare:eastmoney:fund_etf_fund_info_em,10,2026-09-08T01:24:01+00:00,,2026-05-12T23:59:59+08:00,earliest_safe_bound:first_seen_or_qdii_tplus2,False,False,True
159632,2026-05-11,2.2735,2.2735,0.24,场内买入,场内卖出,akshare:eastmoney:fund_etf_fund_info_em,10,2026-09-08T01:24:01+00:00,,2026-05-13T23:59:59+08:00,earliest_safe_bound:first_seen_or_qdii_tplus2,False,False,True
159632,2026-05-12,2.2523,2.2523,-0.93,场内买入,场内卖出,akshare:eastmoney:fund_etf_fund_info_em,10,2026-09-08T01:24:01+00:00,,2026-05-14T23:59:59+08:00,earliest_safe_bound:first_seen_or_qdii_tplus2,False,False,True
159632,2026-05-13,2.2759,2.2759,1.05,场内买入,场内卖出,akshare:eastmoney:fund_etf_fund_info_em,10,2026-09-08T01:24:01+00:00,,2026-05-15T23:59:59+08:00,earliest_safe_bound:first_seen_or_qdii_tplus2,False,False,True
159632,2026-05-14,2.2914,2.2914,0.68,场内买入,场内卖出,akshare:eastmoney:fund_etf_fund_info_em,10,2026-09-08T01:24:01+00:00,,2026-05-18T23:59:59+08:00,earliest_safe_bound:first_seen_or_qdii_tplus2,False,False,True
159632,2026-05-15,2.2569,2.2569,-1.51,场内买入,场内卖出,akshare:eastmoney:fund_etf_fund_info_em,10,2026-09-08T01:24:01+00:00,,2026-05-19T23:59:59+08:00,earliest_safe_bound:first_seen_or_qdii_tplus2,False,False,True
159632,2026-05-18,2.2478,2.2478,-0.4,场内买入,场内卖出,akshare:eastmoney:fund_etf_fund_info_em,10,2026-09-08T01:24:01+00:00,,2026-05-20T23:59:59+08:00,earliest_safe_bound:first_seen_or_qdii_tplus2,False,False,True
159632,2026-05-19,2.2323,2.2323,-0.69,场内买入,场内卖出,akshare:eastmoney:fund_etf_fund_info_em,10,2026-09-08T01:24:01+00:00,,2026-05-21T23:59:59+08:00,earliest_safe_bound:first_seen_or_qdii_tplus2,False,False,True
159632,2026-05-20,2.2702,2.2702,1.7,场内买入,场内卖出,akshare:eastmoney:fund_etf_fund_info_em,10,2026-09-08T01:24:01+00:00,,2026-05-22T23:59:59+08:00,earliest_safe_bound:first_seen_or_qdii_tplus2,False,False,True
159632,2026-05-21,2.2734,2.2734,0.14,场内买入,场内卖出,akshare:eastmoney:fund_etf_fund_info_em,10,2026-09-08T01:24:01+00:00,,2026-05-25T23:59:59+08:00,earliest_safe_bound:first_seen_or_qdii_tplus2,False,False,True
159632,2026-05-22,2.2837,2.2837,0.45,场内买入,场内卖出,akshare:eastmoney:fund_etf_fund_info_em,10,2026-09-08T01:24:01+00:00,,2026-05-26T23:59:59+08:00,earliest_safe_bound:first_seen_or_qdii_tplus2,False,False,True
159632,2026-05-25,2.2818,2.2818,-0.08,暂停申购,暂停赎回,akshare:eastmoney:fund_etf_fund_info_em,10,2026-09-08T01:24:01+00:00,,2026-05-27T23:59:59+08:00,earliest_safe_bound:first_seen_or_qdii_tplus2,False,False,True
159632,2026-05-26,2.3209,2.3209,1.71,场内买入,场内卖出,akshare:eastmoney:fund_etf_fund_info_em,10,2026-09-08T01:24:01+00:00,,2026-05-28T23:59:59+08:00,earliest_safe_bound:first_seen_or_qdii_tplus2,False,False,True
159632,2026-05-27,2.3188,2.3188,-0.09,场内买入,场内卖出,akshare:eastmoney:fund_etf_fund_info_em,10,2026-09-08T01:24:01+00:00,,2026-05-29T23:59:59+08:00,earliest_safe_bound:first_seen_or_qdii_tplus2,False,False,True
159632,2026-05-28,2.3365,2.3365,0.76,场内买入,场内卖出,akshare:eastmoney:fund_etf_fund_info_em,10,2026-09-08T01:24:01+00:00,,2026-06-01T23:59:59+08:00,earliest_safe_bound:first_seen_or_qdii_tplus2,False,False,True
159632,2026-05-29,2.3428,2.3428,0.27,场内买入,场内卖出,akshare:eastmoney:fund_etf_fund_info_em,10,2026-09-08T01:24:01+00:00,,2026-06-02T23:59:59+08:00,earliest_safe_bound:first_seen_or_qdii_tplus2,False,False,True
159632,2026-06-01,2.3561,2.3561,0.57,场内买入,场内卖出,akshare:eastmoney:fund_etf_fund_info_em,10,2026-09-08T01:24:01+00:00,,2026-06-03T23:59:59+08:00,earliest_safe_bound:first_seen_or_qdii_tplus2,False,False,True
159632,2026-06-02,2.3681,2.3681,0.51,场内买入,场内卖出,akshare:eastmoney:fund_etf_fund_info_em,10,2026-09-08T01:24:01+00:00,,2026-06-04T23:59:59+08:00,earliest_safe_bound:first_seen_or_qdii_tplus2,False,False,True
159632,2026-06-03,2.3611,2.3611,-0.3,场内买入,场内卖出,akshare:eastmoney:fund_etf_fund_info_em,10,2026-09-08T01:24:01+00:00,,2026-06-05T23:59:59+08:00,earliest_safe_bound:first_seen_or_qdii_tplus2,False,False,True
159632,2026-06-04,2.3496,2.3496,-0.49,场内买入,场内卖出,akshare:eastmoney:fund_etf_fund_info_em,10,2026-09-08T01:24:01+00:00,,2026-06-08T23:59:59+08:00,earliest_safe_bound:first_seen_or_qdii_tplus2,False,False,True
159632,2026-06-05,2.2363,2.2363,-4.82,场内买入,场内卖出,akshare:eastmoney:fund_etf_fund_info_em,10,2026-09-08T01:24:01+00:00,,2026-06-09T23:59:59+08:00,earliest_safe_bound:first_seen_or_qdii_tplus2,False,False,True
159632,2026-06-08,2.2726,2.2726,1.62,场内买入,场内卖出,akshare:eastmoney:fund_etf_fund_info_em,10,2026-09-08T01:24:01+00:00,,2026-06-10T23:59:59+08:00,earliest_safe_bound:first_seen_or_qdii_tplus2,False,False,True
159632,2026-06-09,2.2454,2.2454,-1.2,场内买入,场内卖出,akshare:eastmoney:fund_etf_fund_info_em,10,2026-09-08T01:24:01+00:00,,2026-06-11T23:59:59+08:00,earliest_safe_bound:first_seen_or_qdii_tplus2,False,False,True
159632,2026-06-10,2.2004,2.2004,-2.0,场内买入,场内卖出,akshare:eastmoney:fund_etf_fund_info_em,10,2026-09-08T01:24:01+00:00,,2026-06-12T23:59:59+08:00,earliest_safe_bound:first_seen_or_qdii_tplus2,False,False,True
159632,2026-06-11,2.2733,2.2733,3.31,场内买入,场内卖出,akshare:eastmoney:fund_etf_fund_info_em,10,2026-09-08T01:24:01+00:00,,2026-06-15T23:59:59+08:00,earliest_safe_bound:first_seen_or_qdii_tplus2,False,False,True
159632,2026-06-12,2.2866,2.2866,0.59,场内买入,场内卖出,akshare:eastmoney:fund_etf_fund_info_em,10,2026-09-08T01:24:01+00:00,,2026-06-16T23:59:59+08:00,earliest_safe_bound:first_seen_or_qdii_tplus2,False,False,True
159632,2026-06-15,2.3551,2.3551,3.0,场内买入,场内卖出,akshare:eastmoney:fund_etf_fund_info_em,10,2026-09-08T01:24:01+00:00,,2026-06-17T23:59:59+08:00,earliest_safe_bound:first_seen_or_qdii_tplus2,False,False,True
159632,2026-06-16,2.3115,2.3115,-1.85,场内买入,场内卖出,akshare:eastmoney:fund_etf_fund_info_em,10,2026-09-08T01:24:01+00:00,,2026-06-18T23:59:59+08:00,earliest_safe_bound:first_seen_or_qdii_tplus2,False,False,True
159632,2026-06-17,2.288,2.288,-1.02,场内买入,场内卖出,akshare:eastmoney:fund_etf_fund_info_em,10,2026-09-08T01:24:01+00:00,,2026-06-22T23:59:59+08:00,earliest_safe_bound:first_seen_or_qdii_tplus2,False,False,True
159632,2026-06-18,2.3458,2.3458,2.53,场内买入,场内卖出,akshare:eastmoney:fund_etf_fund_info_em,10,2026-09-08T01:24:01+00:00,,2026-06-23T23:59:59+08:00,earliest_safe_bound:first_seen_or_qdii_tplus2,False,False,True
159632,2026-06-22,2.3424,2.3424,-0.14,场内买入,场内卖出,akshare:eastmoney:fund_etf_fund_info_em,10,2026-09-08T01:24:01+00:00,,2026-06-24T23:59:59+08:00,earliest_safe_bound:first_seen_or_qdii_tplus2,False,False,True
159632,2026-06-23,2.266,2.266,-3.26,场内买入,场内卖出,akshare:eastmoney:fund_etf_fund_info_em,10,2026-09-08T01:24:01+00:00,,2026-06-25T23:59:59+08:00,earliest_safe_bound:first_seen_or_qdii_tplus2,False,False,True
159632,2026-06-24,2.2568,2.2568,-0.41,场内买入,场内卖出,akshare:eastmoney:fund_etf_fund_info_em,10,2026-09-08T01:24:01+00:00,,2026-06-26T23:59:59+08:00,earliest_safe_bound:first_seen_or_qdii_tplus2,False,False,True
159632,2026-06-25,2.2742,2.2742,0.77,场内买入,场内卖出,akshare:eastmoney:fund_etf_fund_info_em,10,2026-09-08T01:24:01+00:00,,2026-06-29T23:59:59+08:00,earliest_safe_bound:first_seen_or_qdii_tplus2,False,False,True
159632,2026-06-26,2.2477,2.2477,-1.17,场内买入,场内卖出,akshare:eastmoney:fund_etf_fund_info_em,10,2026-09-08T01:24:01+00:00,,2026-06-30T23:59:59+08:00,earliest_safe_bound:first_seen_or_qdii_tplus2,False,False,True
159632,2026-06-29,2.2986,2.2986,2.26,场内买入,场内卖出,akshare:eastmoney:fund_etf_fund_info_em,10,2026-09-08T01:24:01+00:00,,2026-07-01T23:59:59+08:00,earliest_safe_bound:first_seen_or_qdii_tplus2,False,False,True
159632,2026-06-30,2.3349,2.3349,1.58,场内买入,场内卖出,akshare:eastmoney:fund_etf_fund_info_em,10,2026-09-08T01:24:01+00:00,,2026-07-02T23:59:59+08:00,earliest_safe_bound:first_seen_or_qdii_tplus2,False,False,True
159632,2026-07-01,2.2979,2.2979,-1.58,场内买入,场内卖出,akshare:eastmoney:fund_etf_fund_info_em,10,2026-09-08T01:24:01+00:00,,2026-07-03T23:59:59+08:00,earliest_safe_bound:first_seen_or_qdii_tplus2,False,False,True
159632,2026-07-02,2.2612,2.2612,-1.6,场内买入,场内卖出,akshare:eastmoney:fund_etf_fund_info_em,10,2026-09-08T01:24:01+00:00,,2026-07-06T23:59:59+08:00,earliest_safe_bound:first_seen_or_qdii_tplus2,False,False,True
159632,2026-07-03,2.2599,2.2599,-0.06,暂停申购,暂停赎回,akshare:eastmoney:fund_etf_fund_info_em,10,2026-09-08T01:24:01+00:00,,2026-07-07T23:59:59+08:00,earliest_safe_bound:first_seen_or_qdii_tplus2,False,False,True
159632,2026-07-06,2.2889,2.2889,1.28,场内买入,场内卖出,akshare:eastmoney:fund_etf_fund_info_em,10,2026-09-08T01:24:01+00:00,,2026-07-08T23:59:59+08:00,earliest_safe_bound:first_seen_or_qdii_tplus2,False,False,True
159632,2026-07-07,2.2494,2.2494,-1.73,场内买入,场内卖出,akshare:eastmoney:fund_etf_fund_info_em,10,2026-09-08T01:24:01+00:00,,2026-07-09T23:59:59+08:00,earliest_safe_bound:first_seen_or_qdii_tplus2,False,False,True
159632,2026-07-08,2.2562,2.2562,0.3,场内买入,场内卖出,akshare:eastmoney:fund_etf_fund_info_em,10,2026-09-08T01:24:01+00:00,,2026-07-10T23:59:59+08:00,earliest_safe_bound:first_seen_or_qdii_tplus2,False,False,True
159632,2026-07-09,2.2913,2.2913,1.56,场内买入,场内卖出,akshare:eastmoney:fund_etf_fund_info_em,10,2026-09-08T01:24:01+00:00,,2026-07-13T23:59:59+08:00,earliest_safe_bound:first_seen_or_qdii_tplus2,False,False,True
159632,2026-07-10,2.2973,2.2973,0.26,场内买入,场内卖出,akshare:eastmoney:fund_etf_fund_info_em,10,2026-09-08T01:24:01+00:00,,2026-07-14T23:59:59+08:00,earliest_safe_bound:first_seen_or_qdii_tplus2,False,False,True
159632,2026-07-13,2.2535,2.2535,-1.91,场内买入,场内卖出,akshare:eastmoney:fund_etf_fund_info_em,10,2026-09-08T01:24:01+00:00,,2026-07-15T23:59:59+08:00,earliest_safe_bound:first_seen_or_qdii_tplus2,False,False,True
159632,2026-07-14,2.2786,2.2786,1.11,场内买入,场内卖出,akshare:eastmoney:fund_etf_fund_info_em,10,2026-09-08T01:24:01+00:00,,2026-07-16T23:59:59+08:00,earliest_safe_bound:first_seen_or_qdii_tplus2,False,False,True
159632,2026-07-15,2.2695,2.2695,-0.4,场内买入,场内卖出,akshare:eastmoney:fund_etf_fund_info_em,10,2026-09-08T01:24:01+00:00,,2026-07-17T23:59:59+08:00,earliest_safe_bound:first_seen_or_qdii_tplus2,False,False,True
159632,2026-07-16,2.2328,2.2328,-1.62,场内买入,场内卖出,akshare:eastmoney:fund_etf_fund_info_em,10,2026-09-08T01:24:01+00:00,,2026-07-20T23:59:59+08:00,earliest_safe_bound:first_seen_or_qdii_tplus2,False,False,True
159632,2026-07-17,2.2002,2.2002,-1.46,场内买入,场内卖出,akshare:eastmoney:fund_etf_fund_info_em,10,2026-09-08T01:24:01+00:00,,2026-07-21T23:59:59+08:00,earliest_safe_bound:first_seen_or_qdii_tplus2,False,False,True
159632,2026-07-20,2.2014,2.2014,0.05,场内买入,场内卖出,akshare:eastmoney:fund_etf_fund_info_em,10,2026-09-08T01:24:01+00:00,,2026-07-22T23:59:59+08:00,earliest_safe_bound:first_seen_or_qdii_tplus2,False,False,True
159632,2026-07-21,2.2426,2.2426,1.87,场内买入,场内卖出,akshare:eastmoney:fund_etf_fund_info_em,10,2026-09-08T01:24:01+00:00,,2026-07-23T23:59:59+08:00,earliest_safe_bound:first_seen_or_qdii_tplus2,False,False,True
159632,2026-07-22,2.2311,2.2311,-0.51,场内买入,场内卖出,akshare:eastmoney:fund_etf_fund_info_em,10,2026-09-08T01:24:01+00:00,,2026-07-24T23:59:59+08:00,earliest_safe_bound:first_seen_or_qdii_tplus2,False,False,True
159632,2026-07-23,2.1883,2.1883,-1.92,场内买入,场内卖出,akshare:eastmoney:fund_etf_fund_info_em,10,2026-09-08T01:24:01+00:00,,2026-07-27T23:59:59+08:00,earliest_safe_bound:first_seen_or_qdii_tplus2,False,False,True
159632,2026-07-24,2.1642,2.1642,-1.1,场内买入,场内卖出,akshare:eastmoney:fund_etf_fund_info_em,10,2026-09-08T01:24:01+00:00,,2026-07-28T23:59:59+08:00,earliest_safe_bound:first_seen_or_qdii_tplus2,False,False,True
159632,2026-07-27,2.1564,2.1564,-0.36,场内买入,场内卖出,akshare:eastmoney:fund_etf_fund_info_em,10,2026-09-08T01:24:01+00:00,,2026-07-29T23:59:59+08:00,earliest_safe_bound:first_seen_or_qdii_tplus2,False,False,True
159632,2026-07-28,2.1358,2.1358,-0.96,场内买入,场内卖出,akshare:eastmoney:fund_etf_fund_info_em,10,2026-09-08T01:24:01+00:00,,2026-07-30T23:59:59+08:00,earliest_safe_bound:first_seen_or_qdii_tplus2,False,False,True
159632,2026-07-29,2.0911,2.0911,-2.09,场内买入,场内卖出,akshare:eastmoney:fund_etf_fund_info_em,10,2026-09-08T01:24:01+00:00,,2026-07-31T23:59:59+08:00,earliest_safe_bound:first_seen_or_qdii_tplus2,False,False,True
159632,2026-07-30,2.1609,2.1609,3.34,场内买入,场内卖出,akshare:eastmoney:fund_etf_fund_info_em,10,2026-09-08T01:24:01+00:00,,2026-08-03T23:59:59+08:00,earliest_safe_bound:first_seen_or_qdii_tplus2,False,False,True
159632,2026-07-31,2.1739,2.1739,0.6,场内买入,场内卖出,akshare:eastmoney:fund_etf_fund_info_em,10,2026-09-08T01:24:01+00:00,,2026-08-04T23:59:59+08:00,earliest_safe_bound:first_seen_or_qdii_tplus2,False,False,True
159632,2026-08-03,2.2123,2.2123,1.77,场内买入,场内卖出,akshare:eastmoney:fund_etf_fund_info_em,10,2026-09-08T01:24:01+00:00,,2026-08-05T23:59:59+08:00,earliest_safe_bound:first_seen_or_qdii_tplus2,False,False,True
159632,2026-08-04,2.2865,2.2865,3.35,场内买入,场内卖出,akshare:eastmoney:fund_etf_fund_info_em,10,2026-09-08T01:24:01+00:00,,2026-08-06T23:59:59+08:00,earliest_safe_bound:first_seen_or_qdii_tplus2,False,False,True
159632,2026-08-05,2.2667,2.2667,-0.87,场内买入,场内卖出,akshare:eastmoney:fund_etf_fund_info_em,10,2026-09-08T01:24:01+00:00,,2026-08-07T23:59:59+08:00,earliest_safe_bound:first_seen_or_qdii_tplus2,False,False,True
159632,2026-08-06,2.258,2.258,-0.38,场内买入,场内卖出,akshare:eastmoney:fund_etf_fund_info_em,10,2026-09-08T01:24:01+00:00,,2026-08-10T23:59:59+08:00,earliest_safe_bound:first_seen_or_qdii_tplus2,False,False,True
159632,2026-08-07,2.2849,2.2849,1.19,场内买入,场内卖出,akshare:eastmoney:fund_etf_fund_info_em,10,2026-09-08T01:24:01+00:00,,2026-08-11T23:59:59+08:00,earliest_safe_bound:first_seen_or_qdii_tplus2,False,False,True
159632,2026-08-10,2.2767,2.2767,-0.36,场内买入,场内卖出,akshare:eastmoney:fund_etf_fund_info_em,10,2026-09-08T01:24:01+00:00,,2026-08-12T23:59:59+08:00,earliest_safe_bound:first_seen_or_qdii_tplus2,False,False,True
159632,2026-08-11,2.2697,2.2697,-0.31,场内买入,场内卖出,akshare:eastmoney:fund_etf_fund_info_em,10,2026-09-08T01:24:01+00:00,,2026-08-13T23:59:59+08:00,earliest_safe_bound:first_seen_or_qdii_tplus2,False,False,True
159632,2026-08-12,2.2858,2.2858,0.71,场内买入,场内卖出,akshare:eastmoney:fund_etf_fund_info_em,10,2026-09-08T01:24:01+00:00,,2026-08-14T23:59:59+08:00,earliest_safe_bound:first_seen_or_qdii_tplus2,False,False,True
159632,2026-08-13,2.3121,2.3121,1.15,场内买入,场内卖出,akshare:eastmoney:fund_etf_fund_info_em,10,2026-09-08T01:24:01+00:00,,2026-08-17T23:59:59+08:00,earliest_safe_bound:first_seen_or_qdii_tplus2,False,False,True
159632,2026-08-14,2.3088,2.3088,-0.14,场内买入,场内卖出,akshare:eastmoney:fund_etf_fund_info_em,10,2026-09-08T01:24:01+00:00,,2026-08-18T23:59:59+08:00,earliest_safe_bound:first_seen_or_qdii_tplus2,False,False,True
159632,2026-08-17,2.3047,2.3047,-0.18,场内买入,场内卖出,akshare:eastmoney:fund_etf_fund_info_em,10,2026-09-08T01:24:01+00:00,,2026-08-19T23:59:59+08:00,earliest_safe_bound:first_seen_or_qdii_tplus2,False,False,True
159632,2026-08-18,2.267,2.267,-1.64,场内买入,场内卖出,akshare:eastmoney:fund_etf_fund_info_em,10,2026-09-08T01:24:01+00:00,,2026-08-20T23:59:59+08:00,earliest_safe_bound:first_seen_or_qdii_tplus2,False,False,True
159632,2026-08-19,2.2603,2.2603,-0.3,场内买入,场内卖出,akshare:eastmoney:fund_etf_fund_info_em,10,2026-09-08T01:24:01+00:00,,2026-08-21T23:59:59+08:00,earliest_safe_bound:first_seen_or_qdii_tplus2,False,False,True
159632,2026-08-20,2.2427,2.2427,-0.78,场内买入,场内卖出,akshare:eastmoney:fund_etf_fund_info_em,10,2026-09-08T01:24:01+00:00,,2026-08-24T23:59:59+08:00,earliest_safe_bound:first_seen_or_qdii_tplus2,False,False,True
159632,2026-08-21,2.2504,2.2504,0.34,场内买入,场内卖出,akshare:eastmoney:fund_etf_fund_info_em,10,2026-09-08T01:42:47+00:00,,2026-08-25T23:59:59+08:00,earliest_safe_bound:first_seen_or_qdii_tplus2,False,False,True
159632,2026-08-24,2.2292,2.2292,-0.94,场内买入,场内卖出,akshare:eastmoney:fund_etf_fund_info_em,10,2026-09-08T01:42:47+00:00,,2026-08-26T23:59:59+08:00,earliest_safe_bound:first_seen_or_qdii_tplus2,False,False,True
159632,2026-08-25,2.2436,2.2436,0.65,场内买入,场内卖出,akshare:eastmoney:fund_etf_fund_info_em,10,2026-09-08T01:42:47+00:00,,2026-08-27T23:59:59+08:00,earliest_safe_bound:first_seen_or_qdii_tplus2,False,False,True
159632,2026-08-26,2.244,2.244,0.02,场内买入,场内卖出,akshare:eastmoney:fund_etf_fund_info_em,10,2026-09-08T01:42:47+00:00,,2026-08-28T23:59:59+08:00,earliest_safe_bound:first_seen_or_qdii_tplus2,False,False,True
159632,2026-08-27,2.2762,2.2762,1.43,场内买入,场内卖出,akshare:eastmoney:fund_etf_fund_info_em,10,2026-09-08T01:42:47+00:00,,2026-08-31T23:59:59+08:00,earliest_safe_bound:first_seen_or_qdii_tplus2,False,False,True
159632,2026-08-28,2.2593,2.2593,-0.74,场内买入,场内卖出,akshare:eastmoney:fund_etf_fund_info_em,10,2026-09-08T01:42:47+00:00,,2026-09-01T23:59:59+08:00,earliest_safe_bound:first_seen_or_qdii_tplus2,False,False,True
159632,2026-08-31,2.2615,2.2615,0.1,场内买入,场内卖出,akshare:eastmoney:fund_etf_fund_info_em,10,2026-09-08T01:42:47+00:00,,2026-09-02T23:59:59+08:00,earliest_safe_bound:first_seen_or_qdii_tplus2,False,False,True
159632,2026-09-01,2.2319,2.2319,-1.31,场内买入,场内卖出,akshare:eastmoney:fund_etf_fund_info_em,10,2026-09-08T01:42:47+00:00,,2026-09-03T23:59:59+08:00,earliest_safe_bound:first_seen_or_qdii_tplus2,False,False,True
159632,2026-09-02,2.2375,2.2375,0.25,场内买入,场内卖出,akshare:eastmoney:fund_etf_fund_info_em,10,2026-09-08T01:42:47+00:00,,2026-09-04T23:59:59+08:00,earliest_safe_bound:first_seen_or_qdii_tplus2,False,False,True
159632,2026-09-03,2.2629,2.2629,1.14,场内买入,场内卖出,akshare:eastmoney:fund_etf_fund_info_em,10,2026-09-08T01:42:47+00:00,,2026-09-07T23:59:59+08:00,earliest_safe_bound:first_seen_or_qdii_tplus2,False,False,True
159632,2026-09-04,2.2671,2.2671,0.19,场内买入,场内卖出,akshare:eastmoney:fund_etf_fund_info_em,10,2026-09-08T02:20:46+00:00,,2026-09-08T10:20:46+08:00,first_seen_ingestion_bound,False,False,True
159659,2025-06-16,1.6967,1.6967,1.43,场内买入,场内卖出,akshare:eastmoney:fund_etf_fund_info_em,10,2026-09-08T01:24:30+00:00,,2025-06-18T23:59:59+08:00,earliest_safe_bound:first_seen_or_qdii_tplus2,False,False,True
159659,2025-06-17,1.6789,1.6789,-1.05,场内买入,场内卖出,akshare:eastmoney:fund_etf_fund_info_em,10,2026-09-08T01:24:30+00:00,,2025-06-19T23:59:59+08:00,earliest_safe_bound:first_seen_or_qdii_tplus2,False,False,True
159659,2025-06-18,1.6793,1.6793,0.02,场内买入,场内卖出,akshare:eastmoney:fund_etf_fund_info_em,10,2026-09-08T01:24:30+00:00,,2025-06-20T23:59:59+08:00,earliest_safe_bound:first_seen_or_qdii_tplus2,False,False,True
159659,2025-06-19,1.6785,1.6785,-0.05,暂停申购,暂停赎回,akshare:eastmoney:fund_etf_fund_info_em,10,2026-09-08T01:24:30+00:00,,2025-06-23T23:59:59+08:00,earliest_safe_bound:first_seen_or_qdii_tplus2,False,False,True
159659,2025-06-20,1.6707,1.6707,-0.46,场内买入,场内卖出,akshare:eastmoney:fund_etf_fund_info_em,10,2026-09-08T01:24:30+00:00,,2025-06-24T23:59:59+08:00,earliest_safe_bound:first_seen_or_qdii_tplus2,False,False,True
159659,2025-06-23,1.6886,1.6886,1.07,场内买入,场内卖出,akshare:eastmoney:fund_etf_fund_info_em,10,2026-09-08T01:24:30+00:00,,2025-06-25T23:59:59+08:00,earliest_safe_bound:first_seen_or_qdii_tplus2,False,False,True
159659,2025-06-24,1.7128,1.7128,1.43,场内买入,场内卖出,akshare:eastmoney:fund_etf_fund_info_em,10,2026-09-08T01:24:30+00:00,,2025-06-26T23:59:59+08:00,earliest_safe_bound:first_seen_or_qdii_tplus2,False,False,True
159659,2025-06-25,1.7167,1.7167,0.23,场内买入,场内卖出,akshare:eastmoney:fund_etf_fund_info_em,10,2026-09-08T01:24:30+00:00,,2025-06-27T23:59:59+08:00,earliest_safe_bound:first_seen_or_qdii_tplus2,False,False,True
159659,2025-06-26,1.7315,1.7315,0.86,场内买入,场内卖出,akshare:eastmoney:fund_etf_fund_info_em,10,2026-09-08T01:24:30+00:00,,2025-06-30T23:59:59+08:00,earliest_safe_bound:first_seen_or_qdii_tplus2,False,False,True
159659,2025-06-27,1.7384,1.7384,0.4,场内买入,场内卖出,akshare:eastmoney:fund_etf_fund_info_em,10,2026-09-08T01:24:30+00:00,,2025-07-01T23:59:59+08:00,earliest_safe_bound:first_seen_or_qdii_tplus2,False,False,True
159659,2025-06-30,1.7484,1.7484,0.58,场内买入,场内卖出,akshare:eastmoney:fund_etf_fund_info_em,10,2026-09-08T01:24:30+00:00,,2025-07-02T23:59:59+08:00,earliest_safe_bound:first_seen_or_qdii_tplus2,False,False,True
159659,2025-07-01,1.7317,1.7317,-0.96,场内买入,场内卖出,akshare:eastmoney:fund_etf_fund_info_em,10,2026-09-08T01:24:30+00:00,,2025-07-03T23:59:59+08:00,earliest_safe_bound:first_seen_or_qdii_tplus2,False,False,True
159659,2025-07-02,1.7446,1.7446,0.74,场内买入,场内卖出,akshare:eastmoney:fund_etf_fund_info_em,10,2026-09-08T01:24:30+00:00,,2025-07-04T23:59:59+08:00,earliest_safe_bound:first_seen_or_qdii_tplus2,False,False,True
159659,2025-07-03,1.7614,1.7614,0.96,场内买入,场内卖出,akshare:eastmoney:fund_etf_fund_info_em,10,2026-09-08T01:24:30+00:00,,2025-07-07T23:59:59+08:00,earliest_safe_bound:first_seen_or_qdii_tplus2,False,False,True
159659,2025-07-04,1.7616,1.7616,0.01,暂停申购,暂停赎回,akshare:eastmoney:fund_etf_fund_info_em,10,2026-09-08T01:24:30+00:00,,2025-07-08T23:59:59+08:00,earliest_safe_bound:first_seen_or_qdii_tplus2,False,False,True
159659,2025-07-07,1.747,1.747,-0.83,场内买入,场内卖出,akshare:eastmoney:fund_etf_fund_info_em,10,2026-09-08T01:24:30+00:00,,2025-07-09T23:59:59+08:00,earliest_safe_bound:first_seen_or_qdii_tplus2,False,False,True
159659,2025-07-08,1.7489,1.7489,0.11,场内买入,场内卖出,akshare:eastmoney:fund_etf_fund_info_em,10,2026-09-08T01:24:30+00:00,,2025-07-10T23:59:59+08:00,earliest_safe_bound:first_seen_or_qdii_tplus2,False,False,True
159659,2025-07-09,1.7615,1.7615,0.72,场内买入,场内卖出,akshare:eastmoney:fund_etf_fund_info_em,10,2026-09-08T01:24:30+00:00,,2025-07-11T23:59:59+08:00,earliest_safe_bound:first_seen_or_qdii_tplus2,False,False,True
159659,2025-07-10,1.758,1.758,-0.2,场内买入,场内卖出,akshare:eastmoney:fund_etf_fund_info_em,10,2026-09-08T01:24:30+00:00,,2025-07-14T23:59:59+08:00,earliest_safe_bound:first_seen_or_qdii_tplus2,False,False,True
159659,2025-07-11,1.7534,1.7534,-0.26,场内买入,场内卖出,akshare:eastmoney:fund_etf_fund_info_em,10,2026-09-08T01:24:30+00:00,,2025-07-15T23:59:59+08:00,earliest_safe_bound:first_seen_or_qdii_tplus2,False,False,True
159659,2025-07-14,1.7594,1.7594,0.34,场内买入,场内卖出,akshare:eastmoney:fund_etf_fund_info_em,10,2026-09-08T01:24:30+00:00,,2025-07-16T23:59:59+08:00,earliest_safe_bound:first_seen_or_qdii_tplus2,False,False,True
159659,2025-07-15,1.7617,1.7617,0.13,场内买入,场内卖出,akshare:eastmoney:fund_etf_fund_info_em,10,2026-09-08T01:24:30+00:00,,2025-07-17T23:59:59+08:00,earliest_safe_bound:first_seen_or_qdii_tplus2,False,False,True
159659,2025-07-16,1.7642,1.7642,0.14,场内买入,场内卖出,akshare:eastmoney:fund_etf_fund_info_em,10,2026-09-08T01:24:30+00:00,,2025-07-18T23:59:59+08:00,earliest_safe_bound:first_seen_or_qdii_tplus2,False,False,True
159659,2025-07-17,1.7755,1.7755,0.64,场内买入,场内卖出,akshare:eastmoney:fund_etf_fund_info_em,10,2026-09-08T01:24:30+00:00,,2025-07-21T23:59:59+08:00,earliest_safe_bound:first_seen_or_qdii_tplus2,False,False,True
159659,2025-07-18,1.7755,1.7755,0.0,场内买入,场内卖出,akshare:eastmoney:fund_etf_fund_info_em,10,2026-09-08T01:24:30+00:00,,2025-07-22T23:59:59+08:00,earliest_safe_bound:first_seen_or_qdii_tplus2,False,False,True
159659,2025-07-21,1.7847,1.7847,0.52,场内买入,场内卖出,akshare:eastmoney:fund_etf_fund_info_em,10,2026-09-08T01:24:30+00:00,,2025-07-23T23:59:59+08:00,earliest_safe_bound:first_seen_or_qdii_tplus2,False,False,True
159659,2025-07-22,1.7743,1.7743,-0.58,场内买入,场内卖出,akshare:eastmoney:fund_etf_fund_info_em,10,2026-09-08T01:24:30+00:00,,2025-07-24T23:59:59+08:00,earliest_safe_bound:first_seen_or_qdii_tplus2,False,False,True
159659,2025-07-23,1.7806,1.7806,0.36,场内买入,场内卖出,akshare:eastmoney:fund_etf_fund_info_em,10,2026-09-08T01:24:30+00:00,,2025-07-25T23:59:59+08:00,earliest_safe_bound:first_seen_or_qdii_tplus2,False,False,True
159659,2025-07-24,1.7843,1.7843,0.21,场内买入,场内卖出,akshare:eastmoney:fund_etf_fund_info_em,10,2026-09-08T01:24:30+00:00,,2025-07-28T23:59:59+08:00,earliest_safe_bound:first_seen_or_qdii_tplus2,False,False,True
159659,2025-07-25,1.7891,1.7891,0.27,场内买入,场内卖出,akshare:eastmoney:fund_etf_fund_info_em,10,2026-09-08T01:24:30+00:00,,2025-07-29T23:59:59+08:00,earliest_safe_bound:first_seen_or_qdii_tplus2,False,False,True
159659,2025-07-28,1.7967,1.7967,0.42,场内买入,场内卖出,akshare:eastmoney:fund_etf_fund_info_em,10,2026-09-08T01:24:30+00:00,,2025-07-30T23:59:59+08:00,earliest_safe_bound:first_seen_or_qdii_tplus2,False,False,True
159659,2025-07-29,1.7942,1.7942,-0.14,场内买入,场内卖出,akshare:eastmoney:fund_etf_fund_info_em,10,2026-09-08T01:24:30+00:00,,2025-07-31T23:59:59+08:00,earliest_safe_bound:first_seen_or_qdii_tplus2,False,False,True
159659,2025-07-30,1.7952,1.7952,0.06,场内买入,场内卖出,akshare:eastmoney:fund_etf_fund_info_em,10,2026-09-08T01:24:30+00:00,,2025-08-01T23:59:59+08:00,earliest_safe_bound:first_seen_or_qdii_tplus2,False,False,True
159659,2025-07-31,1.7869,1.7869,-0.46,场内买入,场内卖出,akshare:eastmoney:fund_etf_fund_info_em,10,2026-09-08T01:24:30+00:00,,2025-08-04T23:59:59+08:00,earliest_safe_bound:first_seen_or_qdii_tplus2,False,False,True
159659,2025-08-01,1.7522,1.7522,-1.94,场内买入,场内卖出,akshare:eastmoney:fund_etf_fund_info_em,10,2026-09-08T01:24:30+00:00,,2025-08-05T23:59:59+08:00,earliest_safe_bound:first_seen_or_qdii_tplus2,False,False,True
159659,2025-08-04,1.7821,1.7821,1.71,场内买入,场内卖出,akshare:eastmoney:fund_etf_fund_info_em,10,2026-09-08T01:24:30+00:00,,2025-08-06T23:59:59+08:00,earliest_safe_bound:first_seen_or_qdii_tplus2,False,False,True
159659,2025-08-05,1.7684,1.7684,-0.77,场内买入,场内卖出,akshare:eastmoney:fund_etf_fund_info_em,10,2026-09-08T01:24:30+00:00,,2025-08-07T23:59:59+08:00,earliest_safe_bound:first_seen_or_qdii_tplus2,False,False,True
159659,2025-08-06,1.792,1.792,1.33,场内买入,场内卖出,akshare:eastmoney:fund_etf_fund_info_em,10,2026-09-08T01:24:30+00:00,,2025-08-08T23:59:59+08:00,earliest_safe_bound:first_seen_or_qdii_tplus2,False,False,True
159659,2025-08-07,1.7961,1.7961,0.23,场内买入,场内卖出,akshare:eastmoney:fund_etf_fund_info_em,10,2026-09-08T01:24:30+00:00,,2025-08-11T23:59:59+08:00,earliest_safe_bound:first_seen_or_qdii_tplus2,False,False,True
159659,2025-08-08,1.8139,1.8139,0.99,场内买入,场内卖出,akshare:eastmoney:fund_etf_fund_info_em,10,2026-09-08T01:24:30+00:00,,2025-08-12T23:59:59+08:00,earliest_safe_bound:first_seen_or_qdii_tplus2,False,False,True
159659,2025-08-11,1.8081,1.8081,-0.32,场内买入,场内卖出,akshare:eastmoney:fund_etf_fund_info_em,10,2026-09-08T01:24:30+00:00,,2025-08-13T23:59:59+08:00,earliest_safe_bound:first_seen_or_qdii_tplus2,False,False,True
159659,2025-08-12,1.8323,1.8323,1.34,场内买入,场内卖出,akshare:eastmoney:fund_etf_fund_info_em,10,2026-09-08T01:24:30+00:00,,2025-08-14T23:59:59+08:00,earliest_safe_bound:first_seen_or_qdii_tplus2,False,False,True
159659,2025-08-13,1.8312,1.8312,-0.06,场内买入,场内卖出,akshare:eastmoney:fund_etf_fund_info_em,10,2026-09-08T01:24:30+00:00,,2025-08-15T23:59:59+08:00,earliest_safe_bound:first_seen_or_qdii_tplus2,False,False,True
159659,2025-08-14,1.8296,1.8296,-0.09,场内买入,场内卖出,akshare:eastmoney:fund_etf_fund_info_em,10,2026-09-08T01:24:30+00:00,,2025-08-18T23:59:59+08:00,earliest_safe_bound:first_seen_or_qdii_tplus2,False,False,True
159659,2025-08-15,1.8214,1.8214,-0.45,场内买入,场内卖出,akshare:eastmoney:fund_etf_fund_info_em,10,2026-09-08T01:24:30+00:00,,2025-08-19T23:59:59+08:00,earliest_safe_bound:first_seen_or_qdii_tplus2,False,False,True
159659,2025-08-18,1.8203,1.8203,-0.06,场内买入,场内卖出,akshare:eastmoney:fund_etf_fund_info_em,10,2026-09-08T01:24:30+00:00,,2025-08-20T23:59:59+08:00,earliest_safe_bound:first_seen_or_qdii_tplus2,False,False,True
159659,2025-08-19,1.7961,1.7961,-1.33,场内买入,场内卖出,akshare:eastmoney:fund_etf_fund_info_em,10,2026-09-08T01:24:30+00:00,,2025-08-21T23:59:59+08:00,earliest_safe_bound:first_seen_or_qdii_tplus2,False,False,True
159659,2025-08-20,1.7864,1.7864,-0.54,场内买入,场内卖出,akshare:eastmoney:fund_etf_fund_info_em,10,2026-09-08T01:24:30+00:00,,2025-08-22T23:59:59+08:00,earliest_safe_bound:first_seen_or_qdii_tplus2,False,False,True
159659,2025-08-21,1.7761,1.7761,-0.58,场内买入,场内卖出,akshare:eastmoney:fund_etf_fund_info_em,10,2026-09-08T01:24:30+00:00,,2025-08-25T23:59:59+08:00,earliest_safe_bound:first_seen_or_qdii_tplus2,False,False,True
159659,2025-08-22,1.8041,1.8041,1.58,场内买入,场内卖出,akshare:eastmoney:fund_etf_fund_info_em,10,2026-09-08T01:24:30+00:00,,2025-08-26T23:59:59+08:00,earliest_safe_bound:first_seen_or_qdii_tplus2,False,False,True
159659,2025-08-25,1.7944,1.7944,-0.54,场内买入,场内卖出,akshare:eastmoney:fund_etf_fund_info_em,10,2026-09-08T01:24:30+00:00,,2025-08-27T23:59:59+08:00,earliest_safe_bound:first_seen_or_qdii_tplus2,False,False,True
159659,2025-08-26,1.8026,1.8026,0.46,场内买入,场内卖出,akshare:eastmoney:fund_etf_fund_info_em,10,2026-09-08T01:24:30+00:00,,2025-08-28T23:59:59+08:00,earliest_safe_bound:first_seen_or_qdii_tplus2,False,False,True
159659,2025-08-27,1.8036,1.8036,0.06,场内买入,场内卖出,akshare:eastmoney:fund_etf_fund_info_em,10,2026-09-08T01:24:30+00:00,,2025-08-29T23:59:59+08:00,earliest_safe_bound:first_seen_or_qdii_tplus2,False,False,True
159659,2025-08-28,1.8129,1.8129,0.52,场内买入,场内卖出,akshare:eastmoney:fund_etf_fund_info_em,10,2026-09-08T01:24:30+00:00,,2025-09-01T23:59:59+08:00,earliest_safe_bound:first_seen_or_qdii_tplus2,False,False,True
159659,2025-08-29,1.7903,1.7903,-1.25,场内买入,场内卖出,akshare:eastmoney:fund_etf_fund_info_em,10,2026-09-08T01:24:30+00:00,,2025-09-02T23:59:59+08:00,earliest_safe_bound:first_seen_or_qdii_tplus2,False,False,True
159659,2025-09-01,1.7913,1.7913,0.06,暂停申购,暂停赎回,akshare:eastmoney:fund_etf_fund_info_em,10,2026-09-08T01:24:30+00:00,,2025-09-03T23:59:59+08:00,earliest_safe_bound:first_seen_or_qdii_tplus2,False,False,True
159659,2025-09-02,1.7777,1.7777,-0.76,场内买入,场内卖出,akshare:eastmoney:fund_etf_fund_info_em,10,2026-09-08T01:24:30+00:00,,2025-09-04T23:59:59+08:00,earliest_safe_bound:first_seen_or_qdii_tplus2,False,False,True
159659,2025-09-03,1.7921,1.7921,0.81,场内买入,场内卖出,akshare:eastmoney:fund_etf_fund_info_em,10,2026-09-08T01:24:30+00:00,,2025-09-05T23:59:59+08:00,earliest_safe_bound:first_seen_or_qdii_tplus2,False,False,True
159659,2025-09-04,1.8074,1.8074,0.85,场内买入,场内卖出,akshare:eastmoney:fund_etf_fund_info_em,10,2026-09-08T01:24:30+00:00,,2025-09-08T23:59:59+08:00,earliest_safe_bound:first_seen_or_qdii_tplus2,False,False,True
159659,2025-09-05,1.8094,1.8094,0.11,场内买入,场内卖出,akshare:eastmoney:fund_etf_fund_info_em,10,2026-09-08T01:24:30+00:00,,2025-09-09T23:59:59+08:00,earliest_safe_bound:first_seen_or_qdii_tplus2,False,False,True
159659,2025-09-08,1.8168,1.8168,0.41,场内买入,场内卖出,akshare:eastmoney:fund_etf_fund_info_em,10,2026-09-08T01:24:30+00:00,,2025-09-10T23:59:59+08:00,earliest_safe_bound:first_seen_or_qdii_tplus2,False,False,True
159659,2025-09-09,1.8221,1.8221,0.29,场内买入,场内卖出,akshare:eastmoney:fund_etf_fund_info_em,10,2026-09-08T01:24:30+00:00,,2025-09-11T23:59:59+08:00,earliest_safe_bound:first_seen_or_qdii_tplus2,False,False,True
159659,2025-09-10,1.8242,1.8242,0.12,场内买入,场内卖出,akshare:eastmoney:fund_etf_fund_info_em,10,2026-09-08T01:24:30+00:00,,2025-09-12T23:59:59+08:00,earliest_safe_bound:first_seen_or_qdii_tplus2,False,False,True
159659,2025-09-11,1.8343,1.8343,0.55,场内买入,场内卖出,akshare:eastmoney:fund_etf_fund_info_em,10,2026-09-08T01:24:30+00:00,,2025-09-15T23:59:59+08:00,earliest_safe_bound:first_seen_or_qdii_tplus2,False,False,True
159659,2025-09-12,1.8415,1.8415,0.39,场内买入,场内卖出,akshare:eastmoney:fund_etf_fund_info_em,10,2026-09-08T01:24:30+00:00,,2025-09-16T23:59:59+08:00,earliest_safe_bound:first_seen_or_qdii_tplus2,False,False,True
159659,2025-09-15,1.8577,1.8577,0.88,场内买入,场内卖出,akshare:eastmoney:fund_etf_fund_info_em,10,2026-09-08T01:24:30+00:00,,2025-09-17T23:59:59+08:00,earliest_safe_bound:first_seen_or_qdii_tplus2,False,False,True
159659,2025-09-16,1.8555,1.8555,-0.12,场内买入,场内卖出,akshare:eastmoney:fund_etf_fund_info_em,10,2026-09-08T01:24:30+00:00,,2025-09-18T23:59:59+08:00,earliest_safe_bound:first_seen_or_qdii_tplus2,False,False,True
159659,2025-09-17,1.8512,1.8512,-0.23,场内买入,场内卖出,akshare:eastmoney:fund_etf_fund_info_em,10,2026-09-08T01:24:30+00:00,,2025-09-19T23:59:59+08:00,earliest_safe_bound:first_seen_or_qdii_tplus2,False,False,True
159659,2025-09-18,1.8706,1.8706,1.05,场内买入,场内卖出,akshare:eastmoney:fund_etf_fund_info_em,10,2026-09-08T01:24:30+00:00,,2025-09-22T23:59:59+08:00,earliest_safe_bound:first_seen_or_qdii_tplus2,False,False,True
159659,2025-09-19,1.8848,1.8848,0.76,场内买入,场内卖出,akshare:eastmoney:fund_etf_fund_info_em,10,2026-09-08T01:24:30+00:00,,2025-09-23T23:59:59+08:00,earliest_safe_bound:first_seen_or_qdii_tplus2,False,False,True
159659,2025-09-22,1.8946,1.8946,0.52,场内买入,场内卖出,akshare:eastmoney:fund_etf_fund_info_em,10,2026-09-08T01:24:30+00:00,,2025-09-24T23:59:59+08:00,earliest_safe_bound:first_seen_or_qdii_tplus2,False,False,True
159659,2025-09-23,1.8795,1.8795,-0.8,场内买入,场内卖出,akshare:eastmoney:fund_etf_fund_info_em,10,2026-09-08T01:24:30+00:00,,2025-09-25T23:59:59+08:00,earliest_safe_bound:first_seen_or_qdii_tplus2,False,False,True
159659,2025-09-24,1.8742,1.8742,-0.28,场内买入,场内卖出,akshare:eastmoney:fund_etf_fund_info_em,10,2026-09-08T01:24:30+00:00,,2025-09-26T23:59:59+08:00,earliest_safe_bound:first_seen_or_qdii_tplus2,False,False,True
159659,2025-09-25,1.8672,1.8672,-0.37,场内买入,场内卖出,akshare:eastmoney:fund_etf_fund_info_em,10,2026-09-08T01:24:30+00:00,,2025-09-29T23:59:59+08:00,earliest_safe_bound:first_seen_or_qdii_tplus2,False,False,True
159659,2025-09-26,1.8761,1.8761,0.48,场内买入,场内卖出,akshare:eastmoney:fund_etf_fund_info_em,10,2026-09-08T01:24:30+00:00,,2025-09-30T23:59:59+08:00,earliest_safe_bound:first_seen_or_qdii_tplus2,False,False,True
159659,2025-09-29,1.8825,1.8825,0.34,场内买入,场内卖出,akshare:eastmoney:fund_etf_fund_info_em,10,2026-09-08T01:24:30+00:00,,2025-10-09T23:59:59+08:00,earliest_safe_bound:first_seen_or_qdii_tplus2,False,False,True
159659,2025-09-30,1.8868,1.8868,0.23,场内买入,场内卖出,akshare:eastmoney:fund_etf_fund_info_em,10,2026-09-08T01:24:30+00:00,,2025-10-10T23:59:59+08:00,earliest_safe_bound:first_seen_or_qdii_tplus2,False,False,True
159659,2025-10-09,1.9198,1.9198,1.75,场内买入,场内卖出,akshare:eastmoney:fund_etf_fund_info_em,10,2026-09-08T01:24:30+00:00,,2025-10-13T23:59:59+08:00,earliest_safe_bound:first_seen_or_qdii_tplus2,False,False,True
159659,2025-10-10,1.8514,1.8514,-3.56,场内买入,场内卖出,akshare:eastmoney:fund_etf_fund_info_em,10,2026-09-08T01:24:30+00:00,,2025-10-14T23:59:59+08:00,earliest_safe_bound:first_seen_or_qdii_tplus2,False,False,True
159659,2025-10-13,1.8903,1.8903,2.1,场内买入,场内卖出,akshare:eastmoney:fund_etf_fund_info_em,10,2026-09-08T01:24:30+00:00,,2025-10-15T23:59:59+08:00,earliest_safe_bound:first_seen_or_qdii_tplus2,False,False,True
159659,2025-10-14,1.8777,1.8777,-0.67,场内买入,场内卖出,akshare:eastmoney:fund_etf_fund_info_em,10,2026-09-08T01:24:30+00:00,,2025-10-16T23:59:59+08:00,earliest_safe_bound:first_seen_or_qdii_tplus2,False,False,True
159659,2025-10-15,1.8899,1.8899,0.65,场内买入,场内卖出,akshare:eastmoney:fund_etf_fund_info_em,10,2026-09-08T01:24:30+00:00,,2025-10-17T23:59:59+08:00,earliest_safe_bound:first_seen_or_qdii_tplus2,False,False,True
159659,2025-10-16,1.8825,1.8825,-0.39,场内买入,场内卖出,akshare:eastmoney:fund_etf_fund_info_em,10,2026-09-08T01:24:30+00:00,,2025-10-20T23:59:59+08:00,earliest_safe_bound:first_seen_or_qdii_tplus2,False,False,True
159659,2025-10-17,1.894,1.894,0.61,场内买入,场内卖出,akshare:eastmoney:fund_etf_fund_info_em,10,2026-09-08T01:24:30+00:00,,2025-10-21T23:59:59+08:00,earliest_safe_bound:first_seen_or_qdii_tplus2,False,False,True
159659,2025-10-20,1.9191,1.9191,1.33,场内买入,场内卖出,akshare:eastmoney:fund_etf_fund_info_em,10,2026-09-08T01:24:30+00:00,,2025-10-22T23:59:59+08:00,earliest_safe_bound:first_seen_or_qdii_tplus2,False,False,True
159659,2025-10-21,1.9168,1.9168,-0.12,场内买入,场内卖出,akshare:eastmoney:fund_etf_fund_info_em,10,2026-09-08T01:24:30+00:00,,2025-10-23T23:59:59+08:00,earliest_safe_bound:first_seen_or_qdii_tplus2,False,False,True
159659,2025-10-22,1.8985,1.8985,-0.95,场内买入,场内卖出,akshare:eastmoney:fund_etf_fund_info_em,10,2026-09-08T01:24:30+00:00,,2025-10-24T23:59:59+08:00,earliest_safe_bound:first_seen_or_qdii_tplus2,False,False,True
159659,2025-10-23,1.9141,1.9141,0.82,场内买入,场内卖出,akshare:eastmoney:fund_etf_fund_info_em,10,2026-09-08T01:24:30+00:00,,2025-10-27T23:59:59+08:00,earliest_safe_bound:first_seen_or_qdii_tplus2,False,False,True
159659,2025-10-24,1.9342,1.9342,1.05,场内买入,场内卖出,akshare:eastmoney:fund_etf_fund_info_em,10,2026-09-08T01:24:30+00:00,,2025-10-28T23:59:59+08:00,earliest_safe_bound:first_seen_or_qdii_tplus2,False,False,True
159659,2025-10-27,1.9679,1.9679,1.74,场内买入,场内卖出,akshare:eastmoney:fund_etf_fund_info_em,10,2026-09-08T01:24:30+00:00,,2025-10-29T23:59:59+08:00,earliest_safe_bound:first_seen_or_qdii_tplus2,False,False,True
159659,2025-10-28,1.9816,1.9816,0.7,场内买入,场内卖出,akshare:eastmoney:fund_etf_fund_info_em,10,2026-09-08T01:24:30+00:00,,2025-10-30T23:59:59+08:00,earliest_safe_bound:first_seen_or_qdii_tplus2,False,False,True
159659,2025-10-29,1.9894,1.9894,0.39,场内买入,场内卖出,akshare:eastmoney:fund_etf_fund_info_em,10,2026-09-08T01:24:30+00:00,,2025-10-31T23:59:59+08:00,earliest_safe_bound:first_seen_or_qdii_tplus2,False,False,True
159659,2025-10-30,1.9608,1.9608,-1.44,场内买入,场内卖出,akshare:eastmoney:fund_etf_fund_info_em,10,2026-09-08T01:24:30+00:00,,2025-11-03T23:59:59+08:00,earliest_safe_bound:first_seen_or_qdii_tplus2,False,False,True
159659,2025-10-31,1.9706,1.9706,0.5,场内买入,场内卖出,akshare:eastmoney:fund_etf_fund_info_em,10,2026-09-08T01:24:30+00:00,,2025-11-04T23:59:59+08:00,earliest_safe_bound:first_seen_or_qdii_tplus2,False,False,True
159659,2025-11-03,1.9789,1.9789,0.42,场内买入,场内卖出,akshare:eastmoney:fund_etf_fund_info_em,10,2026-09-08T01:24:30+00:00,,2025-11-05T23:59:59+08:00,earliest_safe_bound:first_seen_or_qdii_tplus2,False,False,True
159659,2025-11-04,1.9387,1.9387,-2.03,场内买入,场内卖出,akshare:eastmoney:fund_etf_fund_info_em,10,2026-09-08T01:24:30+00:00,,2025-11-06T23:59:59+08:00,earliest_safe_bound:first_seen_or_qdii_tplus2,False,False,True
159659,2025-11-05,1.9531,1.9531,0.74,场内买入,场内卖出,akshare:eastmoney:fund_etf_fund_info_em,10,2026-09-08T01:24:30+00:00,,2025-11-07T23:59:59+08:00,earliest_safe_bound:first_seen_or_qdii_tplus2,False,False,True
159659,2025-11-06,1.9149,1.9149,-1.96,场内买入,场内卖出,akshare:eastmoney:fund_etf_fund_info_em,10,2026-09-08T01:24:30+00:00,,2025-11-10T23:59:59+08:00,earliest_safe_bound:first_seen_or_qdii_tplus2,False,False,True
159659,2025-11-07,1.9088,1.9088,-0.32,场内买入,场内卖出,akshare:eastmoney:fund_etf_fund_info_em,10,2026-09-08T01:24:30+00:00,,2025-11-11T23:59:59+08:00,earliest_safe_bound:first_seen_or_qdii_tplus2,False,False,True
159659,2025-11-10,1.9512,1.9512,2.22,场内买入,场内卖出,akshare:eastmoney:fund_etf_fund_info_em,10,2026-09-08T01:24:30+00:00,,2025-11-12T23:59:59+08:00,earliest_safe_bound:first_seen_or_qdii_tplus2,False,False,True
159659,2025-11-11,1.9455,1.9455,-0.29,场内买入,场内卖出,akshare:eastmoney:fund_etf_fund_info_em,10,2026-09-08T01:24:30+00:00,,2025-11-13T23:59:59+08:00,earliest_safe_bound:first_seen_or_qdii_tplus2,False,False,True
159659,2025-11-12,1.9434,1.9434,-0.11,场内买入,场内卖出,akshare:eastmoney:fund_etf_fund_info_em,10,2026-09-08T01:24:30+00:00,,2025-11-14T23:59:59+08:00,earliest_safe_bound:first_seen_or_qdii_tplus2,False,False,True
159659,2025-11-13,1.9046,1.9046,-2.0,场内买入,场内卖出,akshare:eastmoney:fund_etf_fund_info_em,10,2026-09-08T01:24:30+00:00,,2025-11-17T23:59:59+08:00,earliest_safe_bound:first_seen_or_qdii_tplus2,False,False,True
159659,2025-11-14,1.9048,1.9048,0.01,场内买入,场内卖出,akshare:eastmoney:fund_etf_fund_info_em,10,2026-09-08T01:24:30+00:00,,2025-11-18T23:59:59+08:00,earliest_safe_bound:first_seen_or_qdii_tplus2,False,False,True
159659,2025-11-17,1.8888,1.8888,-0.84,场内买入,场内卖出,akshare:eastmoney:fund_etf_fund_info_em,10,2026-09-08T01:24:30+00:00,,2025-11-19T23:59:59+08:00,earliest_safe_bound:first_seen_or_qdii_tplus2,False,False,True
159659,2025-11-18,1.8674,1.8674,-1.13,场内买入,场内卖出,akshare:eastmoney:fund_etf_fund_info_em,10,2026-09-08T01:24:30+00:00,,2025-11-20T23:59:59+08:00,earliest_safe_bound:first_seen_or_qdii_tplus2,False,False,True
159659,2025-11-19,1.8782,1.8782,0.58,场内买入,场内卖出,akshare:eastmoney:fund_etf_fund_info_em,10,2026-09-08T01:24:30+00:00,,2025-11-21T23:59:59+08:00,earliest_safe_bound:first_seen_or_qdii_tplus2,False,False,True
159659,2025-11-20,1.8349,1.8349,-2.31,场内买入,场内卖出,akshare:eastmoney:fund_etf_fund_info_em,10,2026-09-08T01:24:30+00:00,,2025-11-24T23:59:59+08:00,earliest_safe_bound:first_seen_or_qdii_tplus2,False,False,True
159659,2025-11-21,1.8483,1.8483,0.73,场内买入,场内卖出,akshare:eastmoney:fund_etf_fund_info_em,10,2026-09-08T01:24:30+00:00,,2025-11-25T23:59:59+08:00,earliest_safe_bound:first_seen_or_qdii_tplus2,False,False,True
159659,2025-11-24,1.8954,1.8954,2.55,场内买入,场内卖出,akshare:eastmoney:fund_etf_fund_info_em,10,2026-09-08T01:24:30+00:00,,2025-11-26T23:59:59+08:00,earliest_safe_bound:first_seen_or_qdii_tplus2,False,False,True
159659,2025-11-25,1.9058,1.9058,0.55,场内买入,场内卖出,akshare:eastmoney:fund_etf_fund_info_em,10,2026-09-08T01:24:30+00:00,,2025-11-27T23:59:59+08:00,earliest_safe_bound:first_seen_or_qdii_tplus2,False,False,True
159659,2025-11-26,1.9215,1.9215,0.82,场内买入,场内卖出,akshare:eastmoney:fund_etf_fund_info_em,10,2026-09-08T01:24:30+00:00,,2025-11-28T23:59:59+08:00,earliest_safe_bound:first_seen_or_qdii_tplus2,False,False,True
159659,2025-11-27,1.9211,1.9211,-0.02,暂停申购,暂停赎回,akshare:eastmoney:fund_etf_fund_info_em,10,2026-09-08T01:24:30+00:00,,2025-12-01T23:59:59+08:00,earliest_safe_bound:first_seen_or_qdii_tplus2,False,False,True
159659,2025-11-28,1.9363,1.9363,0.79,场内买入,场内卖出,akshare:eastmoney:fund_etf_fund_info_em,10,2026-09-08T01:24:30+00:00,,2025-12-02T23:59:59+08:00,earliest_safe_bound:first_seen_or_qdii_tplus2,False,False,True
159659,2025-12-01,1.9284,1.9284,-0.41,场内买入,场内卖出,akshare:eastmoney:fund_etf_fund_info_em,10,2026-09-08T01:24:30+00:00,,2025-12-03T23:59:59+08:00,earliest_safe_bound:first_seen_or_qdii_tplus2,False,False,True
159659,2025-12-02,1.9455,1.9455,0.89,场内买入,场内卖出,akshare:eastmoney:fund_etf_fund_info_em,10,2026-09-08T01:24:30+00:00,,2025-12-04T23:59:59+08:00,earliest_safe_bound:first_seen_or_qdii_tplus2,False,False,True
159659,2025-12-03,1.9483,1.9483,0.14,场内买入,场内卖出,akshare:eastmoney:fund_etf_fund_info_em,10,2026-09-08T01:24:30+00:00,,2025-12-05T23:59:59+08:00,earliest_safe_bound:first_seen_or_qdii_tplus2,False,False,True
159659,2025-12-04,1.9459,1.9459,-0.12,场内买入,场内卖出,akshare:eastmoney:fund_etf_fund_info_em,10,2026-09-08T01:24:30+00:00,,2025-12-08T23:59:59+08:00,earliest_safe_bound:first_seen_or_qdii_tplus2,False,False,True
159659,2025-12-05,1.9548,1.9548,0.46,场内买入,场内卖出,akshare:eastmoney:fund_etf_fund_info_em,10,2026-09-08T01:24:30+00:00,,2025-12-09T23:59:59+08:00,earliest_safe_bound:first_seen_or_qdii_tplus2,False,False,True
159659,2025-12-08,1.9504,1.9504,-0.23,场内买入,场内卖出,akshare:eastmoney:fund_etf_fund_info_em,10,2026-09-08T01:24:30+00:00,,2025-12-10T23:59:59+08:00,earliest_safe_bound:first_seen_or_qdii_tplus2,False,False,True
159659,2025-12-09,1.9537,1.9537,0.17,场内买入,场内卖出,akshare:eastmoney:fund_etf_fund_info_em,10,2026-09-08T01:24:30+00:00,,2025-12-11T23:59:59+08:00,earliest_safe_bound:first_seen_or_qdii_tplus2,False,False,True
159659,2025-12-10,1.9613,1.9613,0.39,场内买入,场内卖出,akshare:eastmoney:fund_etf_fund_info_em,10,2026-09-08T01:24:30+00:00,,2025-12-12T23:59:59+08:00,earliest_safe_bound:first_seen_or_qdii_tplus2,False,False,True
159659,2025-12-11,1.9526,1.9526,-0.44,场内买入,场内卖出,akshare:eastmoney:fund_etf_fund_info_em,10,2026-09-08T01:24:30+00:00,,2025-12-15T23:59:59+08:00,earliest_safe_bound:first_seen_or_qdii_tplus2,False,False,True
159659,2025-12-12,1.9144,1.9144,-1.96,场内买入,场内卖出,akshare:eastmoney:fund_etf_fund_info_em,10,2026-09-08T01:24:30+00:00,,2025-12-16T23:59:59+08:00,earliest_safe_bound:first_seen_or_qdii_tplus2,False,False,True
159659,2025-12-15,1.9051,1.9051,-0.49,场内买入,场内卖出,akshare:eastmoney:fund_etf_fund_info_em,10,2026-09-08T01:24:30+00:00,,2025-12-17T23:59:59+08:00,earliest_safe_bound:first_seen_or_qdii_tplus2,False,False,True
159659,2025-12-16,1.9086,1.9086,0.18,场内买入,场内卖出,akshare:eastmoney:fund_etf_fund_info_em,10,2026-09-08T01:24:30+00:00,,2025-12-18T23:59:59+08:00,earliest_safe_bound:first_seen_or_qdii_tplus2,False,False,True
159659,2025-12-17,1.8712,1.8712,-1.96,场内买入,场内卖出,akshare:eastmoney:fund_etf_fund_info_em,10,2026-09-08T01:24:30+00:00,,2025-12-19T23:59:59+08:00,earliest_safe_bound:first_seen_or_qdii_tplus2,False,False,True
159659,2025-12-18,1.8994,1.8994,1.51,场内买入,场内卖出,akshare:eastmoney:fund_etf_fund_info_em,10,2026-09-08T01:24:30+00:00,,2025-12-22T23:59:59+08:00,earliest_safe_bound:first_seen_or_qdii_tplus2,False,False,True
159659,2025-12-19,1.9231,1.9231,1.25,场内买入,场内卖出,akshare:eastmoney:fund_etf_fund_info_em,10,2026-09-08T01:24:30+00:00,,2025-12-23T23:59:59+08:00,earliest_safe_bound:first_seen_or_qdii_tplus2,False,False,True
159659,2025-12-22,1.9327,1.9327,0.5,场内买入,场内卖出,akshare:eastmoney:fund_etf_fund_info_em,10,2026-09-08T01:24:30+00:00,,2025-12-24T23:59:59+08:00,earliest_safe_bound:first_seen_or_qdii_tplus2,False,False,True
159659,2025-12-23,1.9423,1.9423,0.5,场内买入,场内卖出,akshare:eastmoney:fund_etf_fund_info_em,10,2026-09-08T01:24:30+00:00,,2025-12-25T23:59:59+08:00,earliest_safe_bound:first_seen_or_qdii_tplus2,False,False,True
159659,2025-12-24,1.9459,1.9459,0.19,场内买入,场内卖出,akshare:eastmoney:fund_etf_fund_info_em,10,2026-09-08T01:24:30+00:00,,2025-12-26T23:59:59+08:00,earliest_safe_bound:first_seen_or_qdii_tplus2,False,False,True
159659,2025-12-25,1.9437,1.9437,-0.11,暂停申购,暂停赎回,akshare:eastmoney:fund_etf_fund_info_em,10,2026-09-08T01:24:30+00:00,,2025-12-29T23:59:59+08:00,earliest_safe_bound:first_seen_or_qdii_tplus2,False,False,True
159659,2025-12-26,1.9422,1.9422,-0.08,场内买入,场内卖出,akshare:eastmoney:fund_etf_fund_info_em,10,2026-09-08T01:24:30+00:00,,2025-12-30T23:59:59+08:00,earliest_safe_bound:first_seen_or_qdii_tplus2,False,False,True
159659,2025-12-29,1.9323,1.9323,-0.51,场内买入,场内卖出,akshare:eastmoney:fund_etf_fund_info_em,10,2026-09-08T01:24:30+00:00,,2025-12-31T23:59:59+08:00,earliest_safe_bound:first_seen_or_qdii_tplus2,False,False,True
159659,2025-12-30,1.9282,1.9282,-0.21,场内买入,场内卖出,akshare:eastmoney:fund_etf_fund_info_em,10,2026-09-08T01:24:30+00:00,,2026-01-05T23:59:59+08:00,earliest_safe_bound:first_seen_or_qdii_tplus2,False,False,True
159659,2025-12-31,1.9105,1.9105,-0.92,场内买入,场内卖出,akshare:eastmoney:fund_etf_fund_info_em,10,2026-09-08T01:24:30+00:00,,2026-01-06T23:59:59+08:00,earliest_safe_bound:first_seen_or_qdii_tplus2,False,False,True
159659,2026-01-05,1.9197,1.9197,0.48,场内买入,场内卖出,akshare:eastmoney:fund_etf_fund_info_em,10,2026-09-08T01:24:30+00:00,,2026-01-07T23:59:59+08:00,earliest_safe_bound:first_seen_or_qdii_tplus2,False,False,True
159659,2026-01-06,1.9356,1.9356,0.83,场内买入,场内卖出,akshare:eastmoney:fund_etf_fund_info_em,10,2026-09-08T01:24:30+00:00,,2026-01-08T23:59:59+08:00,earliest_safe_bound:first_seen_or_qdii_tplus2,False,False,True
159659,2026-01-07,1.937,1.937,0.07,场内买入,场内卖出,akshare:eastmoney:fund_etf_fund_info_em,10,2026-09-08T01:24:30+00:00,,2026-01-09T23:59:59+08:00,earliest_safe_bound:first_seen_or_qdii_tplus2,False,False,True
159659,2026-01-08,1.9253,1.9253,-0.6,场内买入,场内卖出,akshare:eastmoney:fund_etf_fund_info_em,10,2026-09-08T01:24:30+00:00,,2026-01-12T23:59:59+08:00,earliest_safe_bound:first_seen_or_qdii_tplus2,False,False,True
159659,2026-01-09,1.9437,1.9437,0.96,场内买入,场内卖出,akshare:eastmoney:fund_etf_fund_info_em,10,2026-09-08T01:24:30+00:00,,2026-01-13T23:59:59+08:00,earliest_safe_bound:first_seen_or_qdii_tplus2,False,False,True
159659,2026-01-12,1.9454,1.9454,0.09,场内买入,场内卖出,akshare:eastmoney:fund_etf_fund_info_em,10,2026-09-08T01:24:30+00:00,,2026-01-14T23:59:59+08:00,earliest_safe_bound:first_seen_or_qdii_tplus2,False,False,True
159659,2026-01-13,1.9421,1.9421,-0.17,场内买入,场内卖出,akshare:eastmoney:fund_etf_fund_info_em,10,2026-09-08T01:24:30+00:00,,2026-01-15T23:59:59+08:00,earliest_safe_bound:first_seen_or_qdii_tplus2,False,False,True
159659,2026-01-14,1.9208,1.9208,-1.1,场内买入,场内卖出,akshare:eastmoney:fund_etf_fund_info_em,10,2026-09-08T01:24:30+00:00,,2026-01-16T23:59:59+08:00,earliest_safe_bound:first_seen_or_qdii_tplus2,False,False,True
159659,2026-01-15,1.9255,1.9255,0.24,场内买入,场内卖出,akshare:eastmoney:fund_etf_fund_info_em,10,2026-09-08T01:24:30+00:00,,2026-01-19T23:59:59+08:00,earliest_safe_bound:first_seen_or_qdii_tplus2,False,False,True
159659,2026-01-16,1.9255,1.9255,0.0,场内买入,场内卖出,akshare:eastmoney:fund_etf_fund_info_em,10,2026-09-08T01:24:30+00:00,,2026-01-20T23:59:59+08:00,earliest_safe_bound:first_seen_or_qdii_tplus2,False,False,True
159659,2026-01-19,1.9246,1.9246,-0.05,暂停申购,暂停赎回,akshare:eastmoney:fund_etf_fund_info_em,10,2026-09-08T01:24:30+00:00,,2026-01-21T23:59:59+08:00,earliest_safe_bound:first_seen_or_qdii_tplus2,False,False,True
159659,2026-01-20,1.8807,1.8807,-2.28,场内买入,场内卖出,akshare:eastmoney:fund_etf_fund_info_em,10,2026-09-08T01:24:30+00:00,,2026-01-22T23:59:59+08:00,earliest_safe_bound:first_seen_or_qdii_tplus2,False,False,True
159659,2026-01-21,1.9059,1.9059,1.34,场内买入,场内卖出,akshare:eastmoney:fund_etf_fund_info_em,10,2026-09-08T01:24:30+00:00,,2026-01-23T23:59:59+08:00,earliest_safe_bound:first_seen_or_qdii_tplus2,False,False,True
159659,2026-01-22,1.9205,1.9205,0.77,场内买入,场内卖出,akshare:eastmoney:fund_etf_fund_info_em,10,2026-09-08T01:24:30+00:00,,2026-01-26T23:59:59+08:00,earliest_safe_bound:first_seen_or_qdii_tplus2,False,False,True
159659,2026-01-23,1.9245,1.9245,0.21,场内买入,场内卖出,akshare:eastmoney:fund_etf_fund_info_em,10,2026-09-08T01:24:30+00:00,,2026-01-27T23:59:59+08:00,earliest_safe_bound:first_seen_or_qdii_tplus2,False,False,True
159659,2026-01-26,1.93,1.93,0.29,场内买入,场内卖出,akshare:eastmoney:fund_etf_fund_info_em,10,2026-09-08T01:24:30+00:00,,2026-01-28T23:59:59+08:00,earliest_safe_bound:first_seen_or_qdii_tplus2,False,False,True
159659,2026-01-27,1.9473,1.9473,0.9,场内买入,场内卖出,akshare:eastmoney:fund_etf_fund_info_em,10,2026-09-08T01:24:30+00:00,,2026-01-29T23:59:59+08:00,earliest_safe_bound:first_seen_or_qdii_tplus2,False,False,True
159659,2026-01-28,1.9506,1.9506,0.17,场内买入,场内卖出,akshare:eastmoney:fund_etf_fund_info_em,10,2026-09-08T01:24:30+00:00,,2026-01-30T23:59:59+08:00,earliest_safe_bound:first_seen_or_qdii_tplus2,False,False,True
159659,2026-01-29,1.9408,1.9408,-0.5,场内买入,场内卖出,akshare:eastmoney:fund_etf_fund_info_em,10,2026-09-08T01:24:30+00:00,,2026-02-02T23:59:59+08:00,earliest_safe_bound:first_seen_or_qdii_tplus2,False,False,True
159659,2026-01-30,1.9136,1.9136,-1.4,场内买入,场内卖出,akshare:eastmoney:fund_etf_fund_info_em,10,2026-09-08T01:24:30+00:00,,2026-02-03T23:59:59+08:00,earliest_safe_bound:first_seen_or_qdii_tplus2,False,False,True
159659,2026-02-02,1.9278,1.9278,0.74,场内买入,场内卖出,akshare:eastmoney:fund_etf_fund_info_em,10,2026-09-08T01:24:30+00:00,,2026-02-04T23:59:59+08:00,earliest_safe_bound:first_seen_or_qdii_tplus2,False,False,True
159659,2026-02-03,1.8957,1.8957,-1.67,场内买入,场内卖出,akshare:eastmoney:fund_etf_fund_info_em,10,2026-09-08T01:24:30+00:00,,2026-02-05T23:59:59+08:00,earliest_safe_bound:first_seen_or_qdii_tplus2,False,False,True
159659,2026-02-04,1.8604,1.8604,-1.86,场内买入,场内卖出,akshare:eastmoney:fund_etf_fund_info_em,10,2026-09-08T01:24:30+00:00,,2026-02-06T23:59:59+08:00,earliest_safe_bound:first_seen_or_qdii_tplus2,False,False,True
159659,2026-02-05,1.8359,1.8359,-1.32,场内买入,场内卖出,akshare:eastmoney:fund_etf_fund_info_em,10,2026-09-08T01:24:30+00:00,,2026-02-09T23:59:59+08:00,earliest_safe_bound:first_seen_or_qdii_tplus2,False,False,True
159659,2026-02-06,1.8755,1.8755,2.16,场内买入,场内卖出,akshare:eastmoney:fund_etf_fund_info_em,10,2026-09-08T01:24:30+00:00,,2026-02-10T23:59:59+08:00,earliest_safe_bound:first_seen_or_qdii_tplus2,False,False,True
159659,2026-02-09,1.888,1.888,0.67,场内买入,场内卖出,akshare:eastmoney:fund_etf_fund_info_em,10,2026-09-08T01:24:30+00:00,,2026-02-11T23:59:59+08:00,earliest_safe_bound:first_seen_or_qdii_tplus2,False,False,True
159659,2026-02-10,1.8759,1.8759,-0.64,场内买入,场内卖出,akshare:eastmoney:fund_etf_fund_info_em,10,2026-09-08T01:24:30+00:00,,2026-02-12T23:59:59+08:00,earliest_safe_bound:first_seen_or_qdii_tplus2,False,False,True
159659,2026-02-11,1.8807,1.8807,0.26,场内买入,场内卖出,akshare:eastmoney:fund_etf_fund_info_em,10,2026-09-08T01:24:30+00:00,,2026-02-13T23:59:59+08:00,earliest_safe_bound:first_seen_or_qdii_tplus2,False,False,True
159659,2026-02-12,1.8431,1.8431,-2.0,场内买入,场内卖出,akshare:eastmoney:fund_etf_fund_info_em,10,2026-09-08T01:24:30+00:00,,2026-02-24T23:59:59+08:00,earliest_safe_bound:first_seen_or_qdii_tplus2,False,False,True
159659,2026-02-13,1.8451,1.8451,0.11,场内买入,场内卖出,akshare:eastmoney:fund_etf_fund_info_em,10,2026-09-08T01:24:30+00:00,,2026-02-25T23:59:59+08:00,earliest_safe_bound:first_seen_or_qdii_tplus2,False,False,True
159659,2026-02-24,1.8638,1.8638,1.01,场内买入,场内卖出,akshare:eastmoney:fund_etf_fund_info_em,10,2026-09-08T01:24:30+00:00,,2026-02-26T23:59:59+08:00,earliest_safe_bound:first_seen_or_qdii_tplus2,False,False,True
159659,2026-02-25,1.8873,1.8873,1.26,场内买入,场内卖出,akshare:eastmoney:fund_etf_fund_info_em,10,2026-09-08T01:24:30+00:00,,2026-02-27T23:59:59+08:00,earliest_safe_bound:first_seen_or_qdii_tplus2,False,False,True
159659,2026-02-26,1.8629,1.8629,-1.29,场内买入,场内卖出,akshare:eastmoney:fund_etf_fund_info_em,10,2026-09-08T01:24:30+00:00,,2026-03-02T23:59:59+08:00,earliest_safe_bound:first_seen_or_qdii_tplus2,False,False,True
159659,2026-02-27,1.8576,1.8576,-0.28,场内买入,场内卖出,akshare:eastmoney:fund_etf_fund_info_em,10,2026-09-08T01:24:30+00:00,,2026-03-03T23:59:59+08:00,earliest_safe_bound:first_seen_or_qdii_tplus2,False,False,True
159659,2026-03-02,1.8602,1.8602,0.14,场内买入,场内卖出,akshare:eastmoney:fund_etf_fund_info_em,10,2026-09-08T01:24:30+00:00,,2026-03-04T23:59:59+08:00,earliest_safe_bound:first_seen_or_qdii_tplus2,False,False,True
159659,2026-03-03,1.8361,1.8361,-1.3,场内买入,场内卖出,akshare:eastmoney:fund_etf_fund_info_em,10,2026-09-08T01:24:30+00:00,,2026-03-05T23:59:59+08:00,earliest_safe_bound:first_seen_or_qdii_tplus2,False,False,True
159659,2026-03-04,1.8646,1.8646,1.55,场内买入,场内卖出,akshare:eastmoney:fund_etf_fund_info_em,10,2026-09-08T01:24:30+00:00,,2026-03-06T23:59:59+08:00,earliest_safe_bound:first_seen_or_qdii_tplus2,False,False,True
159659,2026-03-05,1.8561,1.8561,-0.46,场内买入,场内卖出,akshare:eastmoney:fund_etf_fund_info_em,10,2026-09-08T01:24:30+00:00,,2026-03-09T23:59:59+08:00,earliest_safe_bound:first_seen_or_qdii_tplus2,False,False,True
159659,2026-03-06,1.8289,1.8289,-1.47,场内买入,场内卖出,akshare:eastmoney:fund_etf_fund_info_em,10,2026-09-08T01:24:30+00:00,,2026-03-10T23:59:59+08:00,earliest_safe_bound:first_seen_or_qdii_tplus2,False,False,True
159659,2026-03-09,1.8564,1.8564,1.5,场内买入,场内卖出,akshare:eastmoney:fund_etf_fund_info_em,10,2026-09-08T01:24:30+00:00,,2026-03-11T23:59:59+08:00,earliest_safe_bound:first_seen_or_qdii_tplus2,False,False,True
159659,2026-03-10,1.8509,1.8509,-0.3,场内买入,场内卖出,akshare:eastmoney:fund_etf_fund_info_em,10,2026-09-08T01:24:30+00:00,,2026-03-12T23:59:59+08:00,earliest_safe_bound:first_seen_or_qdii_tplus2,False,False,True
159659,2026-03-11,1.8498,1.8498,-0.06,场内买入,场内卖出,akshare:eastmoney:fund_etf_fund_info_em,10,2026-09-08T01:24:30+00:00,,2026-03-13T23:59:59+08:00,earliest_safe_bound:first_seen_or_qdii_tplus2,False,False,True
159659,2026-03-12,1.819,1.819,-1.67,场内买入,场内卖出,akshare:eastmoney:fund_etf_fund_info_em,10,2026-09-08T01:24:30+00:00,,2026-03-16T23:59:59+08:00,earliest_safe_bound:first_seen_or_qdii_tplus2,False,False,True
159659,2026-03-13,1.8092,1.8092,-0.54,场内买入,场内卖出,akshare:eastmoney:fund_etf_fund_info_em,10,2026-09-08T01:24:30+00:00,,2026-03-17T23:59:59+08:00,earliest_safe_bound:first_seen_or_qdii_tplus2,False,False,True
159659,2026-03-16,1.8307,1.8307,1.19,场内买入,场内卖出,akshare:eastmoney:fund_etf_fund_info_em,10,2026-09-08T01:24:30+00:00,,2026-03-18T23:59:59+08:00,earliest_safe_bound:first_seen_or_qdii_tplus2,False,False,True
159659,2026-03-17,1.8374,1.8374,0.37,场内买入,场内卖出,akshare:eastmoney:fund_etf_fund_info_em,10,2026-09-08T01:24:30+00:00,,2026-03-19T23:59:59+08:00,earliest_safe_bound:first_seen_or_qdii_tplus2,False,False,True
159659,2026-03-18,1.8097,1.8097,-1.51,场内买入,场内卖出,akshare:eastmoney:fund_etf_fund_info_em,10,2026-09-08T01:24:30+00:00,,2026-03-20T23:59:59+08:00,earliest_safe_bound:first_seen_or_qdii_tplus2,False,False,True
159659,2026-03-19,1.8063,1.8063,-0.19,场内买入,场内卖出,akshare:eastmoney:fund_etf_fund_info_em,10,2026-09-08T01:24:30+00:00,,2026-03-23T23:59:59+08:00,earliest_safe_bound:first_seen_or_qdii_tplus2,False,False,True
159659,2026-03-20,1.7706,1.7706,-1.98,场内买入,场内卖出,akshare:eastmoney:fund_etf_fund_info_em,10,2026-09-08T01:24:30+00:00,,2026-03-24T23:59:59+08:00,earliest_safe_bound:first_seen_or_qdii_tplus2,False,False,True
159659,2026-03-23,1.7957,1.7957,1.42,场内买入,场内卖出,akshare:eastmoney:fund_etf_fund_info_em,10,2026-09-08T01:24:30+00:00,,2026-03-25T23:59:59+08:00,earliest_safe_bound:first_seen_or_qdii_tplus2,False,False,True
159659,2026-03-24,1.7794,1.7794,-0.91,场内买入,场内卖出,akshare:eastmoney:fund_etf_fund_info_em,10,2026-09-08T01:24:30+00:00,,2026-03-26T23:59:59+08:00,earliest_safe_bound:first_seen_or_qdii_tplus2,False,False,True
159659,2026-03-25,1.7904,1.7904,0.62,场内买入,场内卖出,akshare:eastmoney:fund_etf_fund_info_em,10,2026-09-08T01:24:30+00:00,,2026-03-27T23:59:59+08:00,earliest_safe_bound:first_seen_or_qdii_tplus2,False,False,True
159659,2026-03-26,1.7516,1.7516,-2.17,场内买入,场内卖出,akshare:eastmoney:fund_etf_fund_info_em,10,2026-09-08T01:24:30+00:00,,2026-03-30T23:59:59+08:00,earliest_safe_bound:first_seen_or_qdii_tplus2,False,False,True
159659,2026-03-27,1.7201,1.7201,-1.8,场内买入,场内卖出,akshare:eastmoney:fund_etf_fund_info_em,10,2026-09-08T01:24:30+00:00,,2026-03-31T23:59:59+08:00,earliest_safe_bound:first_seen_or_qdii_tplus2,False,False,True
159659,2026-03-30,1.7087,1.7087,-0.66,场内买入,场内卖出,akshare:eastmoney:fund_etf_fund_info_em,10,2026-09-08T01:24:30+00:00,,2026-04-01T23:59:59+08:00,earliest_safe_bound:first_seen_or_qdii_tplus2,False,False,True
159659,2026-03-31,1.7664,1.7664,3.38,场内买入,场内卖出,akshare:eastmoney:fund_etf_fund_info_em,10,2026-09-08T01:24:30+00:00,,2026-04-02T23:59:59+08:00,earliest_safe_bound:first_seen_or_qdii_tplus2,False,False,True
159659,2026-04-01,1.7829,1.7829,0.93,场内买入,场内卖出,akshare:eastmoney:fund_etf_fund_info_em,10,2026-09-08T01:24:30+00:00,,2026-04-03T23:59:59+08:00,earliest_safe_bound:first_seen_or_qdii_tplus2,False,False,True
159659,2026-04-02,1.7811,1.7811,-0.1,场内买入,场内卖出,akshare:eastmoney:fund_etf_fund_info_em,10,2026-09-08T01:24:30+00:00,,2026-04-07T23:59:59+08:00,earliest_safe_bound:first_seen_or_qdii_tplus2,False,False,True
159659,2026-04-03,1.7823,1.7823,0.07,暂停申购,暂停赎回,akshare:eastmoney:fund_etf_fund_info_em,10,2026-09-08T01:24:30+00:00,,2026-04-08T23:59:59+08:00,earliest_safe_bound:first_seen_or_qdii_tplus2,False,False,True
159659,2026-04-07,1.7919,1.7919,0.54,场内买入,场内卖出,akshare:eastmoney:fund_etf_fund_info_em,10,2026-09-08T01:24:30+00:00,,2026-04-09T23:59:59+08:00,earliest_safe_bound:first_seen_or_qdii_tplus2,False,False,True
159659,2026-04-08,1.8389,1.8389,2.62,场内买入,场内卖出,akshare:eastmoney:fund_etf_fund_info_em,10,2026-09-08T01:24:30+00:00,,2026-04-10T23:59:59+08:00,earliest_safe_bound:first_seen_or_qdii_tplus2,False,False,True
159659,2026-04-09,1.8512,1.8512,0.67,场内买入,场内卖出,akshare:eastmoney:fund_etf_fund_info_em,10,2026-09-08T01:24:30+00:00,,2026-04-13T23:59:59+08:00,earliest_safe_bound:first_seen_or_qdii_tplus2,False,False,True
159659,2026-04-10,1.8538,1.8538,0.14,场内买入,场内卖出,akshare:eastmoney:fund_etf_fund_info_em,10,2026-09-08T01:24:30+00:00,,2026-04-14T23:59:59+08:00,earliest_safe_bound:first_seen_or_qdii_tplus2,False,False,True
159659,2026-04-13,1.8735,1.8735,1.06,场内买入,场内卖出,akshare:eastmoney:fund_etf_fund_info_em,10,2026-09-08T01:24:30+00:00,,2026-04-15T23:59:59+08:00,earliest_safe_bound:first_seen_or_qdii_tplus2,False,False,True
159659,2026-04-14,1.9054,1.9054,1.7,场内买入,场内卖出,akshare:eastmoney:fund_etf_fund_info_em,10,2026-09-08T01:24:30+00:00,,2026-04-16T23:59:59+08:00,earliest_safe_bound:first_seen_or_qdii_tplus2,False,False,True
159659,2026-04-15,1.9317,1.9317,1.38,场内买入,场内卖出,akshare:eastmoney:fund_etf_fund_info_em,10,2026-09-08T01:24:30+00:00,,2026-04-17T23:59:59+08:00,earliest_safe_bound:first_seen_or_qdii_tplus2,False,False,True
159659,2026-04-16,1.942,1.942,0.53,场内买入,场内卖出,akshare:eastmoney:fund_etf_fund_info_em,10,2026-09-08T01:24:30+00:00,,2026-04-20T23:59:59+08:00,earliest_safe_bound:first_seen_or_qdii_tplus2,False,False,True
159659,2026-04-17,1.9671,1.9671,1.29,场内买入,场内卖出,akshare:eastmoney:fund_etf_fund_info_em,10,2026-09-08T01:24:30+00:00,,2026-04-21T23:59:59+08:00,earliest_safe_bound:first_seen_or_qdii_tplus2,False,False,True
159659,2026-04-20,1.9619,1.9619,-0.26,场内买入,场内卖出,akshare:eastmoney:fund_etf_fund_info_em,10,2026-09-08T01:24:30+00:00,,2026-04-22T23:59:59+08:00,earliest_safe_bound:first_seen_or_qdii_tplus2,False,False,True
159659,2026-04-21,1.9522,1.9522,-0.49,场内买入,场内卖出,akshare:eastmoney:fund_etf_fund_info_em,10,2026-09-08T01:24:30+00:00,,2026-04-23T23:59:59+08:00,earliest_safe_bound:first_seen_or_qdii_tplus2,False,False,True
159659,2026-04-22,1.9867,1.9867,1.77,场内买入,场内卖出,akshare:eastmoney:fund_etf_fund_info_em,10,2026-09-08T01:24:30+00:00,,2026-04-24T23:59:59+08:00,earliest_safe_bound:first_seen_or_qdii_tplus2,False,False,True
159659,2026-04-23,1.9759,1.9759,-0.54,场内买入,场内卖出,akshare:eastmoney:fund_etf_fund_info_em,10,2026-09-08T01:24:30+00:00,,2026-04-27T23:59:59+08:00,earliest_safe_bound:first_seen_or_qdii_tplus2,False,False,True
159659,2026-04-24,2.0148,2.0148,1.97,场内买入,场内卖出,akshare:eastmoney:fund_etf_fund_info_em,10,2026-09-08T01:24:30+00:00,,2026-04-28T23:59:59+08:00,earliest_safe_bound:first_seen_or_qdii_tplus2,False,False,True
159659,2026-04-27,2.0119,2.0119,-0.14,场内买入,场内卖出,akshare:eastmoney:fund_etf_fund_info_em,10,2026-09-08T01:24:30+00:00,,2026-04-29T23:59:59+08:00,earliest_safe_bound:first_seen_or_qdii_tplus2,False,False,True
159659,2026-04-28,1.9919,1.9919,-0.99,场内买入,场内卖出,akshare:eastmoney:fund_etf_fund_info_em,10,2026-09-08T01:24:30+00:00,,2026-04-30T23:59:59+08:00,earliest_safe_bound:first_seen_or_qdii_tplus2,False,False,True
159659,2026-04-29,2.004,2.004,0.61,场内买入,场内卖出,akshare:eastmoney:fund_etf_fund_info_em,10,2026-09-08T01:24:30+00:00,,2026-05-06T23:59:59+08:00,earliest_safe_bound:first_seen_or_qdii_tplus2,False,False,True
159659,2026-04-30,2.0241,2.0241,1.0,场内买入,场内卖出,akshare:eastmoney:fund_etf_fund_info_em,10,2026-09-08T01:24:30+00:00,,2026-05-07T23:59:59+08:00,earliest_safe_bound:first_seen_or_qdii_tplus2,False,False,True
159659,2026-05-06,2.1065,2.1065,4.07,场内买入,场内卖出,akshare:eastmoney:fund_etf_fund_info_em,10,2026-09-08T01:24:30+00:00,,2026-05-08T23:59:59+08:00,earliest_safe_bound:first_seen_or_qdii_tplus2,False,False,True
159659,2026-05-07,2.1016,2.1016,-0.23,场内买入,场内卖出,akshare:eastmoney:fund_etf_fund_info_em,10,2026-09-08T01:24:30+00:00,,2026-05-11T23:59:59+08:00,earliest_safe_bound:first_seen_or_qdii_tplus2,False,False,True
159659,2026-05-08,2.1515,2.1515,2.37,场内买入,场内卖出,akshare:eastmoney:fund_etf_fund_info_em,10,2026-09-08T01:24:30+00:00,,2026-05-12T23:59:59+08:00,earliest_safe_bound:first_seen_or_qdii_tplus2,False,False,True
159659,2026-05-11,2.1567,2.1567,0.24,场内买入,场内卖出,akshare:eastmoney:fund_etf_fund_info_em,10,2026-09-08T01:24:30+00:00,,2026-05-13T23:59:59+08:00,earliest_safe_bound:first_seen_or_qdii_tplus2,False,False,True
159659,2026-05-12,2.1366,2.1366,-0.93,场内买入,场内卖出,akshare:eastmoney:fund_etf_fund_info_em,10,2026-09-08T01:24:30+00:00,,2026-05-14T23:59:59+08:00,earliest_safe_bound:first_seen_or_qdii_tplus2,False,False,True
159659,2026-05-13,2.1589,2.1589,1.04,场内买入,场内卖出,akshare:eastmoney:fund_etf_fund_info_em,10,2026-09-08T01:24:30+00:00,,2026-05-15T23:59:59+08:00,earliest_safe_bound:first_seen_or_qdii_tplus2,False,False,True
159659,2026-05-14,2.1736,2.1736,0.68,场内买入,场内卖出,akshare:eastmoney:fund_etf_fund_info_em,10,2026-09-08T01:24:30+00:00,,2026-05-18T23:59:59+08:00,earliest_safe_bound:first_seen_or_qdii_tplus2,False,False,True
159659,2026-05-15,2.1409,2.1409,-1.5,场内买入,场内卖出,akshare:eastmoney:fund_etf_fund_info_em,10,2026-09-08T01:24:30+00:00,,2026-05-19T23:59:59+08:00,earliest_safe_bound:first_seen_or_qdii_tplus2,False,False,True
159659,2026-05-18,2.1325,2.1325,-0.39,场内买入,场内卖出,akshare:eastmoney:fund_etf_fund_info_em,10,2026-09-08T01:24:30+00:00,,2026-05-20T23:59:59+08:00,earliest_safe_bound:first_seen_or_qdii_tplus2,False,False,True
159659,2026-05-19,2.1177,2.1177,-0.69,场内买入,场内卖出,akshare:eastmoney:fund_etf_fund_info_em,10,2026-09-08T01:24:30+00:00,,2026-05-21T23:59:59+08:00,earliest_safe_bound:first_seen_or_qdii_tplus2,False,False,True
159659,2026-05-20,2.1536,2.1536,1.7,场内买入,场内卖出,akshare:eastmoney:fund_etf_fund_info_em,10,2026-09-08T01:24:30+00:00,,2026-05-22T23:59:59+08:00,earliest_safe_bound:first_seen_or_qdii_tplus2,False,False,True
159659,2026-05-21,2.1566,2.1566,0.14,场内买入,场内卖出,akshare:eastmoney:fund_etf_fund_info_em,10,2026-09-08T01:24:30+00:00,,2026-05-25T23:59:59+08:00,earliest_safe_bound:first_seen_or_qdii_tplus2,False,False,True
159659,2026-05-22,2.1665,2.1665,0.46,场内买入,场内卖出,akshare:eastmoney:fund_etf_fund_info_em,10,2026-09-08T01:24:30+00:00,,2026-05-26T23:59:59+08:00,earliest_safe_bound:first_seen_or_qdii_tplus2,False,False,True
159659,2026-05-25,2.1647,2.1647,-0.08,暂停申购,暂停赎回,akshare:eastmoney:fund_etf_fund_info_em,10,2026-09-08T01:24:30+00:00,,2026-05-27T23:59:59+08:00,earliest_safe_bound:first_seen_or_qdii_tplus2,False,False,True
159659,2026-05-26,2.2018,2.2018,1.71,场内买入,场内卖出,akshare:eastmoney:fund_etf_fund_info_em,10,2026-09-08T01:24:30+00:00,,2026-05-28T23:59:59+08:00,earliest_safe_bound:first_seen_or_qdii_tplus2,False,False,True
159659,2026-05-27,2.1998,2.1998,-0.09,场内买入,场内卖出,akshare:eastmoney:fund_etf_fund_info_em,10,2026-09-08T01:24:30+00:00,,2026-05-29T23:59:59+08:00,earliest_safe_bound:first_seen_or_qdii_tplus2,False,False,True
159659,2026-05-28,2.2164,2.2164,0.75,场内买入,场内卖出,akshare:eastmoney:fund_etf_fund_info_em,10,2026-09-08T01:24:30+00:00,,2026-06-01T23:59:59+08:00,earliest_safe_bound:first_seen_or_qdii_tplus2,False,False,True
159659,2026-05-29,2.2224,2.2224,0.27,场内买入,场内卖出,akshare:eastmoney:fund_etf_fund_info_em,10,2026-09-08T01:24:30+00:00,,2026-06-02T23:59:59+08:00,earliest_safe_bound:first_seen_or_qdii_tplus2,False,False,True
159659,2026-06-01,2.2352,2.2352,0.58,场内买入,场内卖出,akshare:eastmoney:fund_etf_fund_info_em,10,2026-09-08T01:24:30+00:00,,2026-06-03T23:59:59+08:00,earliest_safe_bound:first_seen_or_qdii_tplus2,False,False,True
159659,2026-06-02,2.2466,2.2466,0.51,场内买入,场内卖出,akshare:eastmoney:fund_etf_fund_info_em,10,2026-09-08T01:24:30+00:00,,2026-06-04T23:59:59+08:00,earliest_safe_bound:first_seen_or_qdii_tplus2,False,False,True
159659,2026-06-03,2.24,2.24,-0.29,场内买入,场内卖出,akshare:eastmoney:fund_etf_fund_info_em,10,2026-09-08T01:24:30+00:00,,2026-06-05T23:59:59+08:00,earliest_safe_bound:first_seen_or_qdii_tplus2,False,False,True
159659,2026-06-04,2.229,2.229,-0.49,场内买入,场内卖出,akshare:eastmoney:fund_etf_fund_info_em,10,2026-09-08T01:24:30+00:00,,2026-06-08T23:59:59+08:00,earliest_safe_bound:first_seen_or_qdii_tplus2,False,False,True
159659,2026-06-05,2.1216,2.1216,-4.82,场内买入,场内卖出,akshare:eastmoney:fund_etf_fund_info_em,10,2026-09-08T01:24:30+00:00,,2026-06-09T23:59:59+08:00,earliest_safe_bound:first_seen_or_qdii_tplus2,False,False,True
159659,2026-06-08,2.1563,2.1563,1.64,场内买入,场内卖出,akshare:eastmoney:fund_etf_fund_info_em,10,2026-09-08T01:24:30+00:00,,2026-06-10T23:59:59+08:00,earliest_safe_bound:first_seen_or_qdii_tplus2,False,False,True
159659,2026-06-09,2.1305,2.1305,-1.2,场内买入,场内卖出,akshare:eastmoney:fund_etf_fund_info_em,10,2026-09-08T01:24:30+00:00,,2026-06-11T23:59:59+08:00,earliest_safe_bound:first_seen_or_qdii_tplus2,False,False,True
159659,2026-06-10,2.0878,2.0878,-2.0,场内买入,场内卖出,akshare:eastmoney:fund_etf_fund_info_em,10,2026-09-08T01:24:30+00:00,,2026-06-12T23:59:59+08:00,earliest_safe_bound:first_seen_or_qdii_tplus2,False,False,True
159659,2026-06-11,2.157,2.157,3.31,场内买入,场内卖出,akshare:eastmoney:fund_etf_fund_info_em,10,2026-09-08T01:24:30+00:00,,2026-06-15T23:59:59+08:00,earliest_safe_bound:first_seen_or_qdii_tplus2,False,False,True
159659,2026-06-12,2.1696,2.1696,0.58,场内买入,场内卖出,akshare:eastmoney:fund_etf_fund_info_em,10,2026-09-08T01:24:30+00:00,,2026-06-16T23:59:59+08:00,earliest_safe_bound:first_seen_or_qdii_tplus2,False,False,True
159659,2026-06-15,2.2353,2.2353,3.03,场内买入,场内卖出,akshare:eastmoney:fund_etf_fund_info_em,10,2026-09-08T01:24:30+00:00,,2026-06-17T23:59:59+08:00,earliest_safe_bound:first_seen_or_qdii_tplus2,False,False,True
159659,2026-06-16,2.1939,2.1939,-1.85,场内买入,场内卖出,akshare:eastmoney:fund_etf_fund_info_em,10,2026-09-08T01:24:30+00:00,,2026-06-18T23:59:59+08:00,earliest_safe_bound:first_seen_or_qdii_tplus2,False,False,True
159659,2026-06-17,2.1723,2.1723,-0.98,场内买入,场内卖出,akshare:eastmoney:fund_etf_fund_info_em,10,2026-09-08T01:24:30+00:00,,2026-06-22T23:59:59+08:00,earliest_safe_bound:first_seen_or_qdii_tplus2,False,False,True
159659,2026-06-18,2.2278,2.2278,2.55,场内买入,场内卖出,akshare:eastmoney:fund_etf_fund_info_em,10,2026-09-08T01:24:30+00:00,,2026-06-23T23:59:59+08:00,earliest_safe_bound:first_seen_or_qdii_tplus2,False,False,True
159659,2026-06-22,2.2247,2.2247,-0.14,场内买入,场内卖出,akshare:eastmoney:fund_etf_fund_info_em,10,2026-09-08T01:24:30+00:00,,2026-06-24T23:59:59+08:00,earliest_safe_bound:first_seen_or_qdii_tplus2,False,False,True
159659,2026-06-23,2.1539,2.1539,-3.18,场内买入,场内卖出,akshare:eastmoney:fund_etf_fund_info_em,10,2026-09-08T01:24:30+00:00,,2026-06-25T23:59:59+08:00,earliest_safe_bound:first_seen_or_qdii_tplus2,False,False,True
159659,2026-06-24,2.1459,2.1459,-0.37,场内买入,场内卖出,akshare:eastmoney:fund_etf_fund_info_em,10,2026-09-08T01:24:30+00:00,,2026-06-26T23:59:59+08:00,earliest_safe_bound:first_seen_or_qdii_tplus2,False,False,True
159659,2026-06-25,2.1624,2.1624,0.77,场内买入,场内卖出,akshare:eastmoney:fund_etf_fund_info_em,10,2026-09-08T01:24:30+00:00,,2026-06-29T23:59:59+08:00,earliest_safe_bound:first_seen_or_qdii_tplus2,False,False,True
159659,2026-06-26,2.1375,2.1375,-1.15,场内买入,场内卖出,akshare:eastmoney:fund_etf_fund_info_em,10,2026-09-08T01:24:30+00:00,,2026-06-30T23:59:59+08:00,earliest_safe_bound:first_seen_or_qdii_tplus2,False,False,True
159659,2026-06-29,2.1855,2.1855,2.25,场内买入,场内卖出,akshare:eastmoney:fund_etf_fund_info_em,10,2026-09-08T01:24:30+00:00,,2026-07-01T23:59:59+08:00,earliest_safe_bound:first_seen_or_qdii_tplus2,False,False,True
159659,2026-06-30,2.2199,2.2199,1.57,场内买入,场内卖出,akshare:eastmoney:fund_etf_fund_info_em,10,2026-09-08T01:24:30+00:00,,2026-07-02T23:59:59+08:00,earliest_safe_bound:first_seen_or_qdii_tplus2,False,False,True
159659,2026-07-01,2.184,2.184,-1.62,场内买入,场内卖出,akshare:eastmoney:fund_etf_fund_info_em,10,2026-09-08T01:24:30+00:00,,2026-07-03T23:59:59+08:00,earliest_safe_bound:first_seen_or_qdii_tplus2,False,False,True
159659,2026-07-02,2.1502,2.1502,-1.55,场内买入,场内卖出,akshare:eastmoney:fund_etf_fund_info_em,10,2026-09-08T01:24:30+00:00,,2026-07-06T23:59:59+08:00,earliest_safe_bound:first_seen_or_qdii_tplus2,False,False,True
159659,2026-07-03,2.1489,2.1489,-0.06,暂停申购,暂停赎回,akshare:eastmoney:fund_etf_fund_info_em,10,2026-09-08T01:24:30+00:00,,2026-07-07T23:59:59+08:00,earliest_safe_bound:first_seen_or_qdii_tplus2,False,False,True
159659,2026-07-06,2.1761,2.1761,1.27,场内买入,场内卖出,akshare:eastmoney:fund_etf_fund_info_em,10,2026-09-08T01:24:30+00:00,,2026-07-08T23:59:59+08:00,earliest_safe_bound:first_seen_or_qdii_tplus2,False,False,True
159659,2026-07-07,2.1379,2.1379,-1.76,场内买入,场内卖出,akshare:eastmoney:fund_etf_fund_info_em,10,2026-09-08T01:24:30+00:00,,2026-07-09T23:59:59+08:00,earliest_safe_bound:first_seen_or_qdii_tplus2,False,False,True
159659,2026-07-08,2.1445,2.1445,0.31,场内买入,场内卖出,akshare:eastmoney:fund_etf_fund_info_em,10,2026-09-08T01:24:30+00:00,,2026-07-10T23:59:59+08:00,earliest_safe_bound:first_seen_or_qdii_tplus2,False,False,True
159659,2026-07-09,2.1779,2.1779,1.56,场内买入,场内卖出,akshare:eastmoney:fund_etf_fund_info_em,10,2026-09-08T01:24:30+00:00,,2026-07-13T23:59:59+08:00,earliest_safe_bound:first_seen_or_qdii_tplus2,False,False,True
159659,2026-07-10,2.1836,2.1836,0.26,场内买入,场内卖出,akshare:eastmoney:fund_etf_fund_info_em,10,2026-09-08T01:24:30+00:00,,2026-07-14T23:59:59+08:00,earliest_safe_bound:first_seen_or_qdii_tplus2,False,False,True
159659,2026-07-13,2.142,2.142,-1.91,场内买入,场内卖出,akshare:eastmoney:fund_etf_fund_info_em,10,2026-09-08T01:24:30+00:00,,2026-07-15T23:59:59+08:00,earliest_safe_bound:first_seen_or_qdii_tplus2,False,False,True
159659,2026-07-14,2.1662,2.1662,1.13,场内买入,场内卖出,akshare:eastmoney:fund_etf_fund_info_em,10,2026-09-08T01:24:30+00:00,,2026-07-16T23:59:59+08:00,earliest_safe_bound:first_seen_or_qdii_tplus2,False,False,True
159659,2026-07-15,2.1575,2.1575,-0.4,场内买入,场内卖出,akshare:eastmoney:fund_etf_fund_info_em,10,2026-09-08T01:24:30+00:00,,2026-07-17T23:59:59+08:00,earliest_safe_bound:first_seen_or_qdii_tplus2,False,False,True
159659,2026-07-16,2.1226,2.1226,-1.62,场内买入,场内卖出,akshare:eastmoney:fund_etf_fund_info_em,10,2026-09-08T01:24:30+00:00,,2026-07-20T23:59:59+08:00,earliest_safe_bound:first_seen_or_qdii_tplus2,False,False,True
159659,2026-07-17,2.0917,2.0917,-1.46,场内买入,场内卖出,akshare:eastmoney:fund_etf_fund_info_em,10,2026-09-08T01:24:30+00:00,,2026-07-21T23:59:59+08:00,earliest_safe_bound:first_seen_or_qdii_tplus2,False,False,True
159659,2026-07-20,2.0929,2.0929,0.06,场内买入,场内卖出,akshare:eastmoney:fund_etf_fund_info_em,10,2026-09-08T01:24:30+00:00,,2026-07-22T23:59:59+08:00,earliest_safe_bound:first_seen_or_qdii_tplus2,False,False,True
159659,2026-07-21,2.1321,2.1321,1.87,场内买入,场内卖出,akshare:eastmoney:fund_etf_fund_info_em,10,2026-09-08T01:24:30+00:00,,2026-07-23T23:59:59+08:00,earliest_safe_bound:first_seen_or_qdii_tplus2,False,False,True
159659,2026-07-22,2.1211,2.1211,-0.52,场内买入,场内卖出,akshare:eastmoney:fund_etf_fund_info_em,10,2026-09-08T01:24:30+00:00,,2026-07-24T23:59:59+08:00,earliest_safe_bound:first_seen_or_qdii_tplus2,False,False,True
159659,2026-07-23,2.0806,2.0806,-1.91,场内买入,场内卖出,akshare:eastmoney:fund_etf_fund_info_em,10,2026-09-08T01:24:30+00:00,,2026-07-27T23:59:59+08:00,earliest_safe_bound:first_seen_or_qdii_tplus2,False,False,True
159659,2026-07-24,2.0577,2.0577,-1.1,场内买入,场内卖出,akshare:eastmoney:fund_etf_fund_info_em,10,2026-09-08T01:24:30+00:00,,2026-07-28T23:59:59+08:00,earliest_safe_bound:first_seen_or_qdii_tplus2,False,False,True
159659,2026-07-27,2.0503,2.0503,-0.36,场内买入,场内卖出,akshare:eastmoney:fund_etf_fund_info_em,10,2026-09-08T01:24:30+00:00,,2026-07-29T23:59:59+08:00,earliest_safe_bound:first_seen_or_qdii_tplus2,False,False,True
159659,2026-07-28,2.0307,2.0307,-0.96,场内买入,场内卖出,akshare:eastmoney:fund_etf_fund_info_em,10,2026-09-08T01:24:30+00:00,,2026-07-30T23:59:59+08:00,earliest_safe_bound:first_seen_or_qdii_tplus2,False,False,True
159659,2026-07-29,1.9881,1.9881,-2.1,场内买入,场内卖出,akshare:eastmoney:fund_etf_fund_info_em,10,2026-09-08T01:24:30+00:00,,2026-07-31T23:59:59+08:00,earliest_safe_bound:first_seen_or_qdii_tplus2,False,False,True
159659,2026-07-30,2.0546,2.0546,3.34,场内买入,场内卖出,akshare:eastmoney:fund_etf_fund_info_em,10,2026-09-08T01:24:30+00:00,,2026-08-03T23:59:59+08:00,earliest_safe_bound:first_seen_or_qdii_tplus2,False,False,True
159659,2026-07-31,2.067,2.067,0.6,场内买入,场内卖出,akshare:eastmoney:fund_etf_fund_info_em,10,2026-09-08T01:24:30+00:00,,2026-08-04T23:59:59+08:00,earliest_safe_bound:first_seen_or_qdii_tplus2,False,False,True
159659,2026-08-03,2.1037,2.1037,1.78,场内买入,场内卖出,akshare:eastmoney:fund_etf_fund_info_em,10,2026-09-08T01:24:30+00:00,,2026-08-05T23:59:59+08:00,earliest_safe_bound:first_seen_or_qdii_tplus2,False,False,True
159659,2026-08-04,2.174,2.174,3.34,场内买入,场内卖出,akshare:eastmoney:fund_etf_fund_info_em,10,2026-09-08T01:24:30+00:00,,2026-08-06T23:59:59+08:00,earliest_safe_bound:first_seen_or_qdii_tplus2,False,False,True
159659,2026-08-05,2.1552,2.1552,-0.86,场内买入,场内卖出,akshare:eastmoney:fund_etf_fund_info_em,10,2026-09-08T01:24:30+00:00,,2026-08-07T23:59:59+08:00,earliest_safe_bound:first_seen_or_qdii_tplus2,False,False,True
159659,2026-08-06,2.1471,2.1471,-0.38,场内买入,场内卖出,akshare:eastmoney:fund_etf_fund_info_em,10,2026-09-08T01:24:30+00:00,,2026-08-10T23:59:59+08:00,earliest_safe_bound:first_seen_or_qdii_tplus2,False,False,True
159659,2026-08-07,2.1727,2.1727,1.19,场内买入,场内卖出,akshare:eastmoney:fund_etf_fund_info_em,10,2026-09-08T01:24:30+00:00,,2026-08-11T23:59:59+08:00,earliest_safe_bound:first_seen_or_qdii_tplus2,False,False,True
159659,2026-08-10,2.1648,2.1648,-0.36,场内买入,场内卖出,akshare:eastmoney:fund_etf_fund_info_em,10,2026-09-08T01:24:30+00:00,,2026-08-12T23:59:59+08:00,earliest_safe_bound:first_seen_or_qdii_tplus2,False,False,True
159659,2026-08-11,2.1583,2.1583,-0.3,场内买入,场内卖出,akshare:eastmoney:fund_etf_fund_info_em,10,2026-09-08T01:24:30+00:00,,2026-08-13T23:59:59+08:00,earliest_safe_bound:first_seen_or_qdii_tplus2,False,False,True
159659,2026-08-12,2.1735,2.1735,0.7,场内买入,场内卖出,akshare:eastmoney:fund_etf_fund_info_em,10,2026-09-08T01:24:30+00:00,,2026-08-14T23:59:59+08:00,earliest_safe_bound:first_seen_or_qdii_tplus2,False,False,True
159659,2026-08-13,2.1986,2.1986,1.15,场内买入,场内卖出,akshare:eastmoney:fund_etf_fund_info_em,10,2026-09-08T01:24:30+00:00,,2026-08-17T23:59:59+08:00,earliest_safe_bound:first_seen_or_qdii_tplus2,False,False,True
159659,2026-08-14,2.1955,2.1955,-0.14,场内买入,场内卖出,akshare:eastmoney:fund_etf_fund_info_em,10,2026-09-08T01:24:30+00:00,,2026-08-18T23:59:59+08:00,earliest_safe_bound:first_seen_or_qdii_tplus2,False,False,True
159659,2026-08-17,2.1916,2.1916,-0.18,场内买入,场内卖出,akshare:eastmoney:fund_etf_fund_info_em,10,2026-09-08T01:24:30+00:00,,2026-08-19T23:59:59+08:00,earliest_safe_bound:first_seen_or_qdii_tplus2,False,False,True
159659,2026-08-18,2.1558,2.1558,-1.63,场内买入,场内卖出,akshare:eastmoney:fund_etf_fund_info_em,10,2026-09-08T01:24:30+00:00,,2026-08-20T23:59:59+08:00,earliest_safe_bound:first_seen_or_qdii_tplus2,False,False,True
159659,2026-08-19,2.1495,2.1495,-0.29,场内买入,场内卖出,akshare:eastmoney:fund_etf_fund_info_em,10,2026-09-08T01:24:30+00:00,,2026-08-21T23:59:59+08:00,earliest_safe_bound:first_seen_or_qdii_tplus2,False,False,True
159659,2026-08-20,2.1327,2.1327,-0.78,场内买入,场内卖出,akshare:eastmoney:fund_etf_fund_info_em,10,2026-09-08T01:24:30+00:00,,2026-08-24T23:59:59+08:00,earliest_safe_bound:first_seen_or_qdii_tplus2,False,False,True
159659,2026-08-21,2.1402,2.1402,0.35,场内买入,场内卖出,akshare:eastmoney:fund_etf_fund_info_em,10,2026-09-08T01:42:54+00:00,,2026-08-25T23:59:59+08:00,earliest_safe_bound:first_seen_or_qdii_tplus2,False,False,True
159659,2026-08-24,2.12,2.12,-0.94,场内买入,场内卖出,akshare:eastmoney:fund_etf_fund_info_em,10,2026-09-08T01:42:54+00:00,,2026-08-26T23:59:59+08:00,earliest_safe_bound:first_seen_or_qdii_tplus2,False,False,True
159659,2026-08-25,2.1339,2.1339,0.66,场内买入,场内卖出,akshare:eastmoney:fund_etf_fund_info_em,10,2026-09-08T01:42:54+00:00,,2026-08-27T23:59:59+08:00,earliest_safe_bound:first_seen_or_qdii_tplus2,False,False,True
159659,2026-08-26,2.1342,2.1342,0.01,场内买入,场内卖出,akshare:eastmoney:fund_etf_fund_info_em,10,2026-09-08T01:42:54+00:00,,2026-08-28T23:59:59+08:00,earliest_safe_bound:first_seen_or_qdii_tplus2,False,False,True
159659,2026-08-27,2.1649,2.1649,1.44,场内买入,场内卖出,akshare:eastmoney:fund_etf_fund_info_em,10,2026-09-08T01:42:54+00:00,,2026-08-31T23:59:59+08:00,earliest_safe_bound:first_seen_or_qdii_tplus2,False,False,True
159659,2026-08-28,2.1489,2.1489,-0.74,场内买入,场内卖出,akshare:eastmoney:fund_etf_fund_info_em,10,2026-09-08T01:42:54+00:00,,2026-09-01T23:59:59+08:00,earliest_safe_bound:first_seen_or_qdii_tplus2,False,False,True
159659,2026-08-31,2.151,2.151,0.1,场内买入,场内卖出,akshare:eastmoney:fund_etf_fund_info_em,10,2026-09-08T01:42:54+00:00,,2026-09-02T23:59:59+08:00,earliest_safe_bound:first_seen_or_qdii_tplus2,False,False,True
159659,2026-09-01,2.1228,2.1228,-1.31,场内买入,场内卖出,akshare:eastmoney:fund_etf_fund_info_em,10,2026-09-08T01:42:54+00:00,,2026-09-03T23:59:59+08:00,earliest_safe_bound:first_seen_or_qdii_tplus2,False,False,True
159659,2026-09-02,2.1282,2.1282,0.25,场内买入,场内卖出,akshare:eastmoney:fund_etf_fund_info_em,10,2026-09-08T01:42:54+00:00,,2026-09-04T23:59:59+08:00,earliest_safe_bound:first_seen_or_qdii_tplus2,False,False,True
159659,2026-09-03,2.1523,2.1523,1.13,场内买入,场内卖出,akshare:eastmoney:fund_etf_fund_info_em,10,2026-09-08T01:42:54+00:00,,2026-09-07T23:59:59+08:00,earliest_safe_bound:first_seen_or_qdii_tplus2,False,False,True
159659,2026-09-04,2.1565,2.1565,0.2,场内买入,场内卖出,akshare:eastmoney:fund_etf_fund_info_em,10,2026-09-08T02:20:55+00:00,,2026-09-08T10:20:55+08:00,first_seen_ingestion_bound,False,False,True
159660,2025-06-16,1.7205,1.7205,1.44,场内买入,场内卖出,akshare:eastmoney:fund_etf_fund_info_em,10,2026-09-08T01:24:57+00:00,,2025-06-18T23:59:59+08:00,earliest_safe_bound:first_seen_or_qdii_tplus2,False,False,True
159660,2025-06-17,1.7023,1.7023,-1.06,场内买入,场内卖出,akshare:eastmoney:fund_etf_fund_info_em,10,2026-09-08T01:24:57+00:00,,2025-06-19T23:59:59+08:00,earliest_safe_bound:first_seen_or_qdii_tplus2,False,False,True
159660,2025-06-18,1.7027,1.7027,0.02,场内买入,场内卖出,akshare:eastmoney:fund_etf_fund_info_em,10,2026-09-08T01:24:57+00:00,,2025-06-20T23:59:59+08:00,earliest_safe_bound:first_seen_or_qdii_tplus2,False,False,True
159660,2025-06-19,1.7019,1.7019,-0.05,暂停申购,暂停赎回,akshare:eastmoney:fund_etf_fund_info_em,10,2026-09-08T01:24:57+00:00,,2025-06-23T23:59:59+08:00,earliest_safe_bound:first_seen_or_qdii_tplus2,False,False,True
159660,2025-06-20,1.6939,1.6939,-0.47,场内买入,场内卖出,akshare:eastmoney:fund_etf_fund_info_em,10,2026-09-08T01:24:57+00:00,,2025-06-24T23:59:59+08:00,earliest_safe_bound:first_seen_or_qdii_tplus2,False,False,True
159660,2025-06-23,1.7122,1.7122,1.08,场内买入,场内卖出,akshare:eastmoney:fund_etf_fund_info_em,10,2026-09-08T01:24:57+00:00,,2025-06-25T23:59:59+08:00,earliest_safe_bound:first_seen_or_qdii_tplus2,False,False,True
159660,2025-06-24,1.7369,1.7369,1.44,场内买入,场内卖出,akshare:eastmoney:fund_etf_fund_info_em,10,2026-09-08T01:24:57+00:00,,2025-06-26T23:59:59+08:00,earliest_safe_bound:first_seen_or_qdii_tplus2,False,False,True
159660,2025-06-25,1.7408,1.7408,0.22,场内买入,场内卖出,akshare:eastmoney:fund_etf_fund_info_em,10,2026-09-08T01:24:57+00:00,,2025-06-27T23:59:59+08:00,earliest_safe_bound:first_seen_or_qdii_tplus2,False,False,True
159660,2025-06-26,1.7559,1.7559,0.87,场内买入,场内卖出,akshare:eastmoney:fund_etf_fund_info_em,10,2026-09-08T01:24:57+00:00,,2025-06-30T23:59:59+08:00,earliest_safe_bound:first_seen_or_qdii_tplus2,False,False,True
159660,2025-06-27,1.7629,1.7629,0.4,场内买入,场内卖出,akshare:eastmoney:fund_etf_fund_info_em,10,2026-09-08T01:24:57+00:00,,2025-07-01T23:59:59+08:00,earliest_safe_bound:first_seen_or_qdii_tplus2,False,False,True
159660,2025-06-30,1.7731,1.7731,0.58,场内买入,场内卖出,akshare:eastmoney:fund_etf_fund_info_em,10,2026-09-08T01:24:57+00:00,,2025-07-02T23:59:59+08:00,earliest_safe_bound:first_seen_or_qdii_tplus2,False,False,True
159660,2025-07-01,1.7561,1.7561,-0.96,场内买入,场内卖出,akshare:eastmoney:fund_etf_fund_info_em,10,2026-09-08T01:24:57+00:00,,2025-07-03T23:59:59+08:00,earliest_safe_bound:first_seen_or_qdii_tplus2,False,False,True
159660,2025-07-02,1.7693,1.7693,0.75,场内买入,场内卖出,akshare:eastmoney:fund_etf_fund_info_em,10,2026-09-08T01:24:57+00:00,,2025-07-04T23:59:59+08:00,earliest_safe_bound:first_seen_or_qdii_tplus2,False,False,True
159660,2025-07-03,1.7863,1.7863,0.96,场内买入,场内卖出,akshare:eastmoney:fund_etf_fund_info_em,10,2026-09-08T01:24:57+00:00,,2025-07-07T23:59:59+08:00,earliest_safe_bound:first_seen_or_qdii_tplus2,False,False,True
159660,2025-07-04,1.7866,1.7866,0.02,暂停申购,暂停赎回,akshare:eastmoney:fund_etf_fund_info_em,10,2026-09-08T01:24:57+00:00,,2025-07-08T23:59:59+08:00,earliest_safe_bound:first_seen_or_qdii_tplus2,False,False,True
159660,2025-07-07,1.7717,1.7717,-0.83,场内买入,场内卖出,akshare:eastmoney:fund_etf_fund_info_em,10,2026-09-08T01:24:57+00:00,,2025-07-09T23:59:59+08:00,earliest_safe_bound:first_seen_or_qdii_tplus2,False,False,True
159660,2025-07-08,1.7735,1.7735,0.1,场内买入,场内卖出,akshare:eastmoney:fund_etf_fund_info_em,10,2026-09-08T01:24:57+00:00,,2025-07-10T23:59:59+08:00,earliest_safe_bound:first_seen_or_qdii_tplus2,False,False,True
159660,2025-07-09,1.7863,1.7863,0.72,场内买入,场内卖出,akshare:eastmoney:fund_etf_fund_info_em,10,2026-09-08T01:24:57+00:00,,2025-07-11T23:59:59+08:00,earliest_safe_bound:first_seen_or_qdii_tplus2,False,False,True
159660,2025-07-10,1.7828,1.7828,-0.2,场内买入,场内卖出,akshare:eastmoney:fund_etf_fund_info_em,10,2026-09-08T01:24:57+00:00,,2025-07-14T23:59:59+08:00,earliest_safe_bound:first_seen_or_qdii_tplus2,False,False,True
159660,2025-07-11,1.7781,1.7781,-0.26,场内买入,场内卖出,akshare:eastmoney:fund_etf_fund_info_em,10,2026-09-08T01:24:57+00:00,,2025-07-15T23:59:59+08:00,earliest_safe_bound:first_seen_or_qdii_tplus2,False,False,True
159660,2025-07-14,1.7842,1.7842,0.34,场内买入,场内卖出,akshare:eastmoney:fund_etf_fund_info_em,10,2026-09-08T01:24:57+00:00,,2025-07-16T23:59:59+08:00,earliest_safe_bound:first_seen_or_qdii_tplus2,False,False,True
159660,2025-07-15,1.7866,1.7866,0.13,场内买入,场内卖出,akshare:eastmoney:fund_etf_fund_info_em,10,2026-09-08T01:24:57+00:00,,2025-07-17T23:59:59+08:00,earliest_safe_bound:first_seen_or_qdii_tplus2,False,False,True
159660,2025-07-16,1.7891,1.7891,0.14,场内买入,场内卖出,akshare:eastmoney:fund_etf_fund_info_em,10,2026-09-08T01:24:57+00:00,,2025-07-18T23:59:59+08:00,earliest_safe_bound:first_seen_or_qdii_tplus2,False,False,True
159660,2025-07-17,1.8007,1.8007,0.65,场内买入,场内卖出,akshare:eastmoney:fund_etf_fund_info_em,10,2026-09-08T01:24:57+00:00,,2025-07-21T23:59:59+08:00,earliest_safe_bound:first_seen_or_qdii_tplus2,False,False,True
159660,2025-07-18,1.8006,1.8006,-0.01,场内买入,场内卖出,akshare:eastmoney:fund_etf_fund_info_em,10,2026-09-08T01:24:57+00:00,,2025-07-22T23:59:59+08:00,earliest_safe_bound:first_seen_or_qdii_tplus2,False,False,True
159660,2025-07-21,1.8101,1.8101,0.53,场内买入,场内卖出,akshare:eastmoney:fund_etf_fund_info_em,10,2026-09-08T01:24:57+00:00,,2025-07-23T23:59:59+08:00,earliest_safe_bound:first_seen_or_qdii_tplus2,False,False,True
159660,2025-07-22,1.7995,1.7995,-0.59,场内买入,场内卖出,akshare:eastmoney:fund_etf_fund_info_em,10,2026-09-08T01:24:57+00:00,,2025-07-24T23:59:59+08:00,earliest_safe_bound:first_seen_or_qdii_tplus2,False,False,True
159660,2025-07-23,1.806,1.806,0.36,场内买入,场内卖出,akshare:eastmoney:fund_etf_fund_info_em,10,2026-09-08T01:24:57+00:00,,2025-07-25T23:59:59+08:00,earliest_safe_bound:first_seen_or_qdii_tplus2,False,False,True
159660,2025-07-24,1.8097,1.8097,0.2,场内买入,场内卖出,akshare:eastmoney:fund_etf_fund_info_em,10,2026-09-08T01:24:57+00:00,,2025-07-28T23:59:59+08:00,earliest_safe_bound:first_seen_or_qdii_tplus2,False,False,True
159660,2025-07-25,1.8145,1.8145,0.27,场内买入,场内卖出,akshare:eastmoney:fund_etf_fund_info_em,10,2026-09-08T01:24:57+00:00,,2025-07-29T23:59:59+08:00,earliest_safe_bound:first_seen_or_qdii_tplus2,False,False,True
159660,2025-07-28,1.8221,1.8221,0.42,场内买入,场内卖出,akshare:eastmoney:fund_etf_fund_info_em,10,2026-09-08T01:24:57+00:00,,2025-07-30T23:59:59+08:00,earliest_safe_bound:first_seen_or_qdii_tplus2,False,False,True
159660,2025-07-29,1.8195,1.8195,-0.14,场内买入,场内卖出,akshare:eastmoney:fund_etf_fund_info_em,10,2026-09-08T01:24:57+00:00,,2025-07-31T23:59:59+08:00,earliest_safe_bound:first_seen_or_qdii_tplus2,False,False,True
159660,2025-07-30,1.8206,1.8206,0.06,场内买入,场内卖出,akshare:eastmoney:fund_etf_fund_info_em,10,2026-09-08T01:24:57+00:00,,2025-08-01T23:59:59+08:00,earliest_safe_bound:first_seen_or_qdii_tplus2,False,False,True
159660,2025-07-31,1.8121,1.8121,-0.47,场内买入,场内卖出,akshare:eastmoney:fund_etf_fund_info_em,10,2026-09-08T01:24:57+00:00,,2025-08-04T23:59:59+08:00,earliest_safe_bound:first_seen_or_qdii_tplus2,False,False,True
159660,2025-08-01,1.7768,1.7768,-1.95,场内买入,场内卖出,akshare:eastmoney:fund_etf_fund_info_em,10,2026-09-08T01:24:57+00:00,,2025-08-05T23:59:59+08:00,earliest_safe_bound:first_seen_or_qdii_tplus2,False,False,True
159660,2025-08-04,1.8072,1.8072,1.71,场内买入,场内卖出,akshare:eastmoney:fund_etf_fund_info_em,10,2026-09-08T01:24:57+00:00,,2025-08-06T23:59:59+08:00,earliest_safe_bound:first_seen_or_qdii_tplus2,False,False,True
159660,2025-08-05,1.7933,1.7933,-0.77,场内买入,场内卖出,akshare:eastmoney:fund_etf_fund_info_em,10,2026-09-08T01:24:57+00:00,,2025-08-07T23:59:59+08:00,earliest_safe_bound:first_seen_or_qdii_tplus2,False,False,True
159660,2025-08-06,1.8173,1.8173,1.34,场内买入,场内卖出,akshare:eastmoney:fund_etf_fund_info_em,10,2026-09-08T01:24:57+00:00,,2025-08-08T23:59:59+08:00,earliest_safe_bound:first_seen_or_qdii_tplus2,False,False,True
159660,2025-08-07,1.8214,1.8214,0.23,场内买入,场内卖出,akshare:eastmoney:fund_etf_fund_info_em,10,2026-09-08T01:24:57+00:00,,2025-08-11T23:59:59+08:00,earliest_safe_bound:first_seen_or_qdii_tplus2,False,False,True
159660,2025-08-08,1.8396,1.8396,1.0,场内买入,场内卖出,akshare:eastmoney:fund_etf_fund_info_em,10,2026-09-08T01:24:57+00:00,,2025-08-12T23:59:59+08:00,earliest_safe_bound:first_seen_or_qdii_tplus2,False,False,True
159660,2025-08-11,1.8338,1.8338,-0.32,场内买入,场内卖出,akshare:eastmoney:fund_etf_fund_info_em,10,2026-09-08T01:24:57+00:00,,2025-08-13T23:59:59+08:00,earliest_safe_bound:first_seen_or_qdii_tplus2,False,False,True
159660,2025-08-12,1.8585,1.8585,1.35,场内买入,场内卖出,akshare:eastmoney:fund_etf_fund_info_em,10,2026-09-08T01:24:57+00:00,,2025-08-14T23:59:59+08:00,earliest_safe_bound:first_seen_or_qdii_tplus2,False,False,True
159660,2025-08-13,1.8575,1.8575,-0.05,场内买入,场内卖出,akshare:eastmoney:fund_etf_fund_info_em,10,2026-09-08T01:24:57+00:00,,2025-08-15T23:59:59+08:00,earliest_safe_bound:first_seen_or_qdii_tplus2,False,False,True
159660,2025-08-14,1.8559,1.8559,-0.09,场内买入,场内卖出,akshare:eastmoney:fund_etf_fund_info_em,10,2026-09-08T01:24:57+00:00,,2025-08-18T23:59:59+08:00,earliest_safe_bound:first_seen_or_qdii_tplus2,False,False,True
159660,2025-08-15,1.8475,1.8475,-0.45,场内买入,场内卖出,akshare:eastmoney:fund_etf_fund_info_em,10,2026-09-08T01:24:57+00:00,,2025-08-19T23:59:59+08:00,earliest_safe_bound:first_seen_or_qdii_tplus2,False,False,True
159660,2025-08-18,1.8463,1.8463,-0.06,场内买入,场内卖出,akshare:eastmoney:fund_etf_fund_info_em,10,2026-09-08T01:24:57+00:00,,2025-08-20T23:59:59+08:00,earliest_safe_bound:first_seen_or_qdii_tplus2,False,False,True
159660,2025-08-19,1.8216,1.8216,-1.34,场内买入,场内卖出,akshare:eastmoney:fund_etf_fund_info_em,10,2026-09-08T01:24:57+00:00,,2025-08-21T23:59:59+08:00,earliest_safe_bound:first_seen_or_qdii_tplus2,False,False,True
159660,2025-08-20,1.8117,1.8117,-0.54,场内买入,场内卖出,akshare:eastmoney:fund_etf_fund_info_em,10,2026-09-08T01:24:57+00:00,,2025-08-22T23:59:59+08:00,earliest_safe_bound:first_seen_or_qdii_tplus2,False,False,True
159660,2025-08-21,1.8012,1.8012,-0.58,场内买入,场内卖出,akshare:eastmoney:fund_etf_fund_info_em,10,2026-09-08T01:24:57+00:00,,2025-08-25T23:59:59+08:00,earliest_safe_bound:first_seen_or_qdii_tplus2,False,False,True
159660,2025-08-22,1.8297,1.8297,1.58,场内买入,场内卖出,akshare:eastmoney:fund_etf_fund_info_em,10,2026-09-08T01:24:57+00:00,,2025-08-26T23:59:59+08:00,earliest_safe_bound:first_seen_or_qdii_tplus2,False,False,True
159660,2025-08-25,1.8199,1.8199,-0.54,场内买入,场内卖出,akshare:eastmoney:fund_etf_fund_info_em,10,2026-09-08T01:24:57+00:00,,2025-08-27T23:59:59+08:00,earliest_safe_bound:first_seen_or_qdii_tplus2,False,False,True
159660,2025-08-26,1.8283,1.8283,0.46,场内买入,场内卖出,akshare:eastmoney:fund_etf_fund_info_em,10,2026-09-08T01:24:57+00:00,,2025-08-28T23:59:59+08:00,earliest_safe_bound:first_seen_or_qdii_tplus2,False,False,True
159660,2025-08-27,1.8294,1.8294,0.06,场内买入,场内卖出,akshare:eastmoney:fund_etf_fund_info_em,10,2026-09-08T01:24:57+00:00,,2025-08-29T23:59:59+08:00,earliest_safe_bound:first_seen_or_qdii_tplus2,False,False,True
159660,2025-08-28,1.8389,1.8389,0.52,场内买入,场内卖出,akshare:eastmoney:fund_etf_fund_info_em,10,2026-09-08T01:24:57+00:00,,2025-09-01T23:59:59+08:00,earliest_safe_bound:first_seen_or_qdii_tplus2,False,False,True
159660,2025-08-29,1.8159,1.8159,-1.25,场内买入,场内卖出,akshare:eastmoney:fund_etf_fund_info_em,10,2026-09-08T01:24:57+00:00,,2025-09-02T23:59:59+08:00,earliest_safe_bound:first_seen_or_qdii_tplus2,False,False,True
159660,2025-09-01,1.8168,1.8168,0.05,暂停申购,暂停赎回,akshare:eastmoney:fund_etf_fund_info_em,10,2026-09-08T01:24:57+00:00,,2025-09-03T23:59:59+08:00,earliest_safe_bound:first_seen_or_qdii_tplus2,False,False,True
159660,2025-09-02,1.803,1.803,-0.76,场内买入,场内卖出,akshare:eastmoney:fund_etf_fund_info_em,10,2026-09-08T01:24:57+00:00,,2025-09-04T23:59:59+08:00,earliest_safe_bound:first_seen_or_qdii_tplus2,False,False,True
159660,2025-09-03,1.8176,1.8176,0.81,场内买入,场内卖出,akshare:eastmoney:fund_etf_fund_info_em,10,2026-09-08T01:24:57+00:00,,2025-09-05T23:59:59+08:00,earliest_safe_bound:first_seen_or_qdii_tplus2,False,False,True
159660,2025-09-04,1.8332,1.8332,0.86,场内买入,场内卖出,akshare:eastmoney:fund_etf_fund_info_em,10,2026-09-08T01:24:57+00:00,,2025-09-08T23:59:59+08:00,earliest_safe_bound:first_seen_or_qdii_tplus2,False,False,True
159660,2025-09-05,1.8351,1.8351,0.1,场内买入,场内卖出,akshare:eastmoney:fund_etf_fund_info_em,10,2026-09-08T01:24:57+00:00,,2025-09-09T23:59:59+08:00,earliest_safe_bound:first_seen_or_qdii_tplus2,False,False,True
159660,2025-09-08,1.8425,1.8425,0.4,场内买入,场内卖出,akshare:eastmoney:fund_etf_fund_info_em,10,2026-09-08T01:24:57+00:00,,2025-09-10T23:59:59+08:00,earliest_safe_bound:first_seen_or_qdii_tplus2,False,False,True
159660,2025-09-09,1.8479,1.8479,0.29,场内买入,场内卖出,akshare:eastmoney:fund_etf_fund_info_em,10,2026-09-08T01:24:57+00:00,,2025-09-11T23:59:59+08:00,earliest_safe_bound:first_seen_or_qdii_tplus2,False,False,True
159660,2025-09-10,1.85,1.85,0.11,场内买入,场内卖出,akshare:eastmoney:fund_etf_fund_info_em,10,2026-09-08T01:24:57+00:00,,2025-09-12T23:59:59+08:00,earliest_safe_bound:first_seen_or_qdii_tplus2,False,False,True
159660,2025-09-11,1.8603,1.8603,0.56,场内买入,场内卖出,akshare:eastmoney:fund_etf_fund_info_em,10,2026-09-08T01:24:57+00:00,,2025-09-15T23:59:59+08:00,earliest_safe_bound:first_seen_or_qdii_tplus2,False,False,True
159660,2025-09-12,1.8676,1.8676,0.39,场内买入,场内卖出,akshare:eastmoney:fund_etf_fund_info_em,10,2026-09-08T01:24:57+00:00,,2025-09-16T23:59:59+08:00,earliest_safe_bound:first_seen_or_qdii_tplus2,False,False,True
159660,2025-09-15,1.8842,1.8842,0.89,场内买入,场内卖出,akshare:eastmoney:fund_etf_fund_info_em,10,2026-09-08T01:24:57+00:00,,2025-09-17T23:59:59+08:00,earliest_safe_bound:first_seen_or_qdii_tplus2,False,False,True
159660,2025-09-16,1.8818,1.8818,-0.13,场内买入,场内卖出,akshare:eastmoney:fund_etf_fund_info_em,10,2026-09-08T01:24:57+00:00,,2025-09-18T23:59:59+08:00,earliest_safe_bound:first_seen_or_qdii_tplus2,False,False,True
159660,2025-09-17,1.8775,1.8775,-0.23,场内买入,场内卖出,akshare:eastmoney:fund_etf_fund_info_em,10,2026-09-08T01:24:57+00:00,,2025-09-19T23:59:59+08:00,earliest_safe_bound:first_seen_or_qdii_tplus2,False,False,True
159660,2025-09-18,1.8973,1.8973,1.05,场内买入,场内卖出,akshare:eastmoney:fund_etf_fund_info_em,10,2026-09-08T01:24:57+00:00,,2025-09-22T23:59:59+08:00,earliest_safe_bound:first_seen_or_qdii_tplus2,False,False,True
159660,2025-09-19,1.9116,1.9116,0.75,场内买入,场内卖出,akshare:eastmoney:fund_etf_fund_info_em,10,2026-09-08T01:24:57+00:00,,2025-09-23T23:59:59+08:00,earliest_safe_bound:first_seen_or_qdii_tplus2,False,False,True
159660,2025-09-22,1.9217,1.9217,0.53,场内买入,场内卖出,akshare:eastmoney:fund_etf_fund_info_em,10,2026-09-08T01:24:57+00:00,,2025-09-24T23:59:59+08:00,earliest_safe_bound:first_seen_or_qdii_tplus2,False,False,True
159660,2025-09-23,1.9064,1.9064,-0.8,场内买入,场内卖出,akshare:eastmoney:fund_etf_fund_info_em,10,2026-09-08T01:24:57+00:00,,2025-09-25T23:59:59+08:00,earliest_safe_bound:first_seen_or_qdii_tplus2,False,False,True
159660,2025-09-24,1.901,1.901,-0.28,场内买入,场内卖出,akshare:eastmoney:fund_etf_fund_info_em,10,2026-09-08T01:24:57+00:00,,2025-09-26T23:59:59+08:00,earliest_safe_bound:first_seen_or_qdii_tplus2,False,False,True
159660,2025-09-25,1.8938,1.8938,-0.38,场内买入,场内卖出,akshare:eastmoney:fund_etf_fund_info_em,10,2026-09-08T01:24:57+00:00,,2025-09-29T23:59:59+08:00,earliest_safe_bound:first_seen_or_qdii_tplus2,False,False,True
159660,2025-09-26,1.9029,1.9029,0.48,场内买入,场内卖出,akshare:eastmoney:fund_etf_fund_info_em,10,2026-09-08T01:24:57+00:00,,2025-09-30T23:59:59+08:00,earliest_safe_bound:first_seen_or_qdii_tplus2,False,False,True
159660,2025-09-29,1.9095,1.9095,0.35,场内买入,场内卖出,akshare:eastmoney:fund_etf_fund_info_em,10,2026-09-08T01:24:57+00:00,,2025-10-09T23:59:59+08:00,earliest_safe_bound:first_seen_or_qdii_tplus2,False,False,True
159660,2025-09-30,1.9139,1.9139,0.23,场内买入,场内卖出,akshare:eastmoney:fund_etf_fund_info_em,10,2026-09-08T01:24:57+00:00,,2025-10-10T23:59:59+08:00,earliest_safe_bound:first_seen_or_qdii_tplus2,False,False,True
159660,2025-10-09,1.9474,1.9474,1.75,场内买入,场内卖出,akshare:eastmoney:fund_etf_fund_info_em,10,2026-09-08T01:24:57+00:00,,2025-10-13T23:59:59+08:00,earliest_safe_bound:first_seen_or_qdii_tplus2,False,False,True
159660,2025-10-10,1.8782,1.8782,-3.55,场内买入,场内卖出,akshare:eastmoney:fund_etf_fund_info_em,10,2026-09-08T01:24:57+00:00,,2025-10-14T23:59:59+08:00,earliest_safe_bound:first_seen_or_qdii_tplus2,False,False,True
159660,2025-10-13,1.9178,1.9178,2.11,场内买入,场内卖出,akshare:eastmoney:fund_etf_fund_info_em,10,2026-09-08T01:24:57+00:00,,2025-10-15T23:59:59+08:00,earliest_safe_bound:first_seen_or_qdii_tplus2,False,False,True
159660,2025-10-14,1.905,1.905,-0.67,场内买入,场内卖出,akshare:eastmoney:fund_etf_fund_info_em,10,2026-09-08T01:24:57+00:00,,2025-10-16T23:59:59+08:00,earliest_safe_bound:first_seen_or_qdii_tplus2,False,False,True
159660,2025-10-15,1.9171,1.9171,0.64,场内买入,场内卖出,akshare:eastmoney:fund_etf_fund_info_em,10,2026-09-08T01:24:57+00:00,,2025-10-17T23:59:59+08:00,earliest_safe_bound:first_seen_or_qdii_tplus2,False,False,True
159660,2025-10-16,1.9095,1.9095,-0.4,场内买入,场内卖出,akshare:eastmoney:fund_etf_fund_info_em,10,2026-09-08T01:24:57+00:00,,2025-10-20T23:59:59+08:00,earliest_safe_bound:first_seen_or_qdii_tplus2,False,False,True
159660,2025-10-17,1.9214,1.9214,0.62,场内买入,场内卖出,akshare:eastmoney:fund_etf_fund_info_em,10,2026-09-08T01:24:57+00:00,,2025-10-21T23:59:59+08:00,earliest_safe_bound:first_seen_or_qdii_tplus2,False,False,True
159660,2025-10-20,1.9468,1.9468,1.32,场内买入,场内卖出,akshare:eastmoney:fund_etf_fund_info_em,10,2026-09-08T01:24:57+00:00,,2025-10-22T23:59:59+08:00,earliest_safe_bound:first_seen_or_qdii_tplus2,False,False,True
159660,2025-10-21,1.9446,1.9446,-0.11,场内买入,场内卖出,akshare:eastmoney:fund_etf_fund_info_em,10,2026-09-08T01:24:57+00:00,,2025-10-23T23:59:59+08:00,earliest_safe_bound:first_seen_or_qdii_tplus2,False,False,True
159660,2025-10-22,1.9261,1.9261,-0.95,场内买入,场内卖出,akshare:eastmoney:fund_etf_fund_info_em,10,2026-09-08T01:24:57+00:00,,2025-10-24T23:59:59+08:00,earliest_safe_bound:first_seen_or_qdii_tplus2,False,False,True
159660,2025-10-23,1.9419,1.9419,0.82,场内买入,场内卖出,akshare:eastmoney:fund_etf_fund_info_em,10,2026-09-08T01:24:57+00:00,,2025-10-27T23:59:59+08:00,earliest_safe_bound:first_seen_or_qdii_tplus2,False,False,True
159660,2025-10-24,1.9622,1.9622,1.05,场内买入,场内卖出,akshare:eastmoney:fund_etf_fund_info_em,10,2026-09-08T01:24:57+00:00,,2025-10-28T23:59:59+08:00,earliest_safe_bound:first_seen_or_qdii_tplus2,False,False,True
159660,2025-10-27,1.9965,1.9965,1.75,场内买入,场内卖出,akshare:eastmoney:fund_etf_fund_info_em,10,2026-09-08T01:24:57+00:00,,2025-10-29T23:59:59+08:00,earliest_safe_bound:first_seen_or_qdii_tplus2,False,False,True
159660,2025-10-28,2.0105,2.0105,0.7,场内买入,场内卖出,akshare:eastmoney:fund_etf_fund_info_em,10,2026-09-08T01:24:57+00:00,,2025-10-30T23:59:59+08:00,earliest_safe_bound:first_seen_or_qdii_tplus2,False,False,True
159660,2025-10-29,2.0184,2.0184,0.39,场内买入,场内卖出,akshare:eastmoney:fund_etf_fund_info_em,10,2026-09-08T01:24:57+00:00,,2025-10-31T23:59:59+08:00,earliest_safe_bound:first_seen_or_qdii_tplus2,False,False,True
159660,2025-10-30,1.9893,1.9893,-1.44,场内买入,场内卖出,akshare:eastmoney:fund_etf_fund_info_em,10,2026-09-08T01:24:57+00:00,,2025-11-03T23:59:59+08:00,earliest_safe_bound:first_seen_or_qdii_tplus2,False,False,True
159660,2025-10-31,1.9994,1.9994,0.51,场内买入,场内卖出,akshare:eastmoney:fund_etf_fund_info_em,10,2026-09-08T01:24:57+00:00,,2025-11-04T23:59:59+08:00,earliest_safe_bound:first_seen_or_qdii_tplus2,False,False,True
159660,2025-11-03,2.0077,2.0077,0.42,场内买入,场内卖出,akshare:eastmoney:fund_etf_fund_info_em,10,2026-09-08T01:24:57+00:00,,2025-11-05T23:59:59+08:00,earliest_safe_bound:first_seen_or_qdii_tplus2,False,False,True
159660,2025-11-04,1.9668,1.9668,-2.04,场内买入,场内卖出,akshare:eastmoney:fund_etf_fund_info_em,10,2026-09-08T01:24:57+00:00,,2025-11-06T23:59:59+08:00,earliest_safe_bound:first_seen_or_qdii_tplus2,False,False,True
159660,2025-11-05,1.9814,1.9814,0.74,场内买入,场内卖出,akshare:eastmoney:fund_etf_fund_info_em,10,2026-09-08T01:24:57+00:00,,2025-11-07T23:59:59+08:00,earliest_safe_bound:first_seen_or_qdii_tplus2,False,False,True
159660,2025-11-06,1.9426,1.9426,-1.96,场内买入,场内卖出,akshare:eastmoney:fund_etf_fund_info_em,10,2026-09-08T01:24:57+00:00,,2025-11-10T23:59:59+08:00,earliest_safe_bound:first_seen_or_qdii_tplus2,False,False,True
159660,2025-11-07,1.9364,1.9364,-0.32,场内买入,场内卖出,akshare:eastmoney:fund_etf_fund_info_em,10,2026-09-08T01:24:57+00:00,,2025-11-11T23:59:59+08:00,earliest_safe_bound:first_seen_or_qdii_tplus2,False,False,True
159660,2025-11-10,1.9795,1.9795,2.23,场内买入,场内卖出,akshare:eastmoney:fund_etf_fund_info_em,10,2026-09-08T01:24:57+00:00,,2025-11-12T23:59:59+08:00,earliest_safe_bound:first_seen_or_qdii_tplus2,False,False,True
159660,2025-11-11,1.9737,1.9737,-0.29,场内买入,场内卖出,akshare:eastmoney:fund_etf_fund_info_em,10,2026-09-08T01:24:57+00:00,,2025-11-13T23:59:59+08:00,earliest_safe_bound:first_seen_or_qdii_tplus2,False,False,True
159660,2025-11-12,1.9716,1.9716,-0.11,场内买入,场内卖出,akshare:eastmoney:fund_etf_fund_info_em,10,2026-09-08T01:24:57+00:00,,2025-11-14T23:59:59+08:00,earliest_safe_bound:first_seen_or_qdii_tplus2,False,False,True
159660,2025-11-13,1.9321,1.9321,-2.0,场内买入,场内卖出,akshare:eastmoney:fund_etf_fund_info_em,10,2026-09-08T01:24:57+00:00,,2025-11-17T23:59:59+08:00,earliest_safe_bound:first_seen_or_qdii_tplus2,False,False,True
159660,2025-11-14,1.9323,1.9323,0.01,场内买入,场内卖出,akshare:eastmoney:fund_etf_fund_info_em,10,2026-09-08T01:24:57+00:00,,2025-11-18T23:59:59+08:00,earliest_safe_bound:first_seen_or_qdii_tplus2,False,False,True
159660,2025-11-17,1.9159,1.9159,-0.85,场内买入,场内卖出,akshare:eastmoney:fund_etf_fund_info_em,10,2026-09-08T01:24:57+00:00,,2025-11-19T23:59:59+08:00,earliest_safe_bound:first_seen_or_qdii_tplus2,False,False,True
159660,2025-11-18,1.8941,1.8941,-1.14,场内买入,场内卖出,akshare:eastmoney:fund_etf_fund_info_em,10,2026-09-08T01:24:57+00:00,,2025-11-20T23:59:59+08:00,earliest_safe_bound:first_seen_or_qdii_tplus2,False,False,True
159660,2025-11-19,1.9051,1.9051,0.58,暂停申购,场内卖出,akshare:eastmoney:fund_etf_fund_info_em,10,2026-09-08T01:24:57+00:00,,2025-11-21T23:59:59+08:00,earliest_safe_bound:first_seen_or_qdii_tplus2,False,False,True
159660,2025-11-20,1.861,1.861,-2.31,暂停申购,场内卖出,akshare:eastmoney:fund_etf_fund_info_em,10,2026-09-08T01:24:57+00:00,,2025-11-24T23:59:59+08:00,earliest_safe_bound:first_seen_or_qdii_tplus2,False,False,True
159660,2025-11-21,1.8745,1.8745,0.73,暂停申购,场内卖出,akshare:eastmoney:fund_etf_fund_info_em,10,2026-09-08T01:24:57+00:00,,2025-11-25T23:59:59+08:00,earliest_safe_bound:first_seen_or_qdii_tplus2,False,False,True
159660,2025-11-24,1.9227,1.9227,2.57,暂停申购,场内卖出,akshare:eastmoney:fund_etf_fund_info_em,10,2026-09-08T01:24:57+00:00,,2025-11-26T23:59:59+08:00,earliest_safe_bound:first_seen_or_qdii_tplus2,False,False,True
159660,2025-11-25,1.9332,1.9332,0.55,暂停申购,场内卖出,akshare:eastmoney:fund_etf_fund_info_em,10,2026-09-08T01:24:57+00:00,,2025-11-27T23:59:59+08:00,earliest_safe_bound:first_seen_or_qdii_tplus2,False,False,True
159660,2025-11-26,1.9493,1.9493,0.83,暂停申购,场内卖出,akshare:eastmoney:fund_etf_fund_info_em,10,2026-09-08T01:24:57+00:00,,2025-11-28T23:59:59+08:00,earliest_safe_bound:first_seen_or_qdii_tplus2,False,False,True
159660,2025-11-27,1.9488,1.9488,-0.03,暂停申购,暂停赎回,akshare:eastmoney:fund_etf_fund_info_em,10,2026-09-08T01:24:57+00:00,,2025-12-01T23:59:59+08:00,earliest_safe_bound:first_seen_or_qdii_tplus2,False,False,True
159660,2025-11-28,1.9643,1.9643,0.8,暂停申购,场内卖出,akshare:eastmoney:fund_etf_fund_info_em,10,2026-09-08T01:24:57+00:00,,2025-12-02T23:59:59+08:00,earliest_safe_bound:first_seen_or_qdii_tplus2,False,False,True
159660,2025-12-01,1.9563,1.9563,-0.41,场内买入,场内卖出,akshare:eastmoney:fund_etf_fund_info_em,10,2026-09-08T01:24:57+00:00,,2025-12-03T23:59:59+08:00,earliest_safe_bound:first_seen_or_qdii_tplus2,False,False,True
159660,2025-12-02,1.9736,1.9736,0.88,场内买入,场内卖出,akshare:eastmoney:fund_etf_fund_info_em,10,2026-09-08T01:24:57+00:00,,2025-12-04T23:59:59+08:00,earliest_safe_bound:first_seen_or_qdii_tplus2,False,False,True
159660,2025-12-03,1.9765,1.9765,0.15,场内买入,场内卖出,akshare:eastmoney:fund_etf_fund_info_em,10,2026-09-08T01:24:57+00:00,,2025-12-05T23:59:59+08:00,earliest_safe_bound:first_seen_or_qdii_tplus2,False,False,True
159660,2025-12-04,1.974,1.974,-0.13,场内买入,场内卖出,akshare:eastmoney:fund_etf_fund_info_em,10,2026-09-08T01:24:57+00:00,,2025-12-08T23:59:59+08:00,earliest_safe_bound:first_seen_or_qdii_tplus2,False,False,True
159660,2025-12-05,1.9831,1.9831,0.46,场内买入,场内卖出,akshare:eastmoney:fund_etf_fund_info_em,10,2026-09-08T01:24:57+00:00,,2025-12-09T23:59:59+08:00,earliest_safe_bound:first_seen_or_qdii_tplus2,False,False,True
159660,2025-12-08,1.9786,1.9786,-0.23,场内买入,场内卖出,akshare:eastmoney:fund_etf_fund_info_em,10,2026-09-08T01:24:57+00:00,,2025-12-10T23:59:59+08:00,earliest_safe_bound:first_seen_or_qdii_tplus2,False,False,True
159660,2025-12-09,1.9819,1.9819,0.17,场内买入,场内卖出,akshare:eastmoney:fund_etf_fund_info_em,10,2026-09-08T01:24:57+00:00,,2025-12-11T23:59:59+08:00,earliest_safe_bound:first_seen_or_qdii_tplus2,False,False,True
159660,2025-12-10,1.9896,1.9896,0.39,场内买入,场内卖出,akshare:eastmoney:fund_etf_fund_info_em,10,2026-09-08T01:24:57+00:00,,2025-12-12T23:59:59+08:00,earliest_safe_bound:first_seen_or_qdii_tplus2,False,False,True
159660,2025-12-11,1.9808,1.9808,-0.44,场内买入,场内卖出,akshare:eastmoney:fund_etf_fund_info_em,10,2026-09-08T01:24:57+00:00,,2025-12-15T23:59:59+08:00,earliest_safe_bound:first_seen_or_qdii_tplus2,False,False,True
159660,2025-12-12,1.9419,1.9419,-1.96,场内买入,场内卖出,akshare:eastmoney:fund_etf_fund_info_em,10,2026-09-08T01:24:57+00:00,,2025-12-16T23:59:59+08:00,earliest_safe_bound:first_seen_or_qdii_tplus2,False,False,True
159660,2025-12-15,1.9325,1.9325,-0.48,场内买入,场内卖出,akshare:eastmoney:fund_etf_fund_info_em,10,2026-09-08T01:24:57+00:00,,2025-12-17T23:59:59+08:00,earliest_safe_bound:first_seen_or_qdii_tplus2,False,False,True
159660,2025-12-16,1.936,1.936,0.18,场内买入,场内卖出,akshare:eastmoney:fund_etf_fund_info_em,10,2026-09-08T01:24:57+00:00,,2025-12-18T23:59:59+08:00,earliest_safe_bound:first_seen_or_qdii_tplus2,False,False,True
159660,2025-12-17,1.8979,1.8979,-1.97,场内买入,场内卖出,akshare:eastmoney:fund_etf_fund_info_em,10,2026-09-08T01:24:57+00:00,,2025-12-19T23:59:59+08:00,earliest_safe_bound:first_seen_or_qdii_tplus2,False,False,True
159660,2025-12-18,1.9266,1.9266,1.51,场内买入,场内卖出,akshare:eastmoney:fund_etf_fund_info_em,10,2026-09-08T01:24:57+00:00,,2025-12-22T23:59:59+08:00,earliest_safe_bound:first_seen_or_qdii_tplus2,False,False,True
159660,2025-12-19,1.9507,1.9507,1.25,场内买入,场内卖出,akshare:eastmoney:fund_etf_fund_info_em,10,2026-09-08T01:24:57+00:00,,2025-12-23T23:59:59+08:00,earliest_safe_bound:first_seen_or_qdii_tplus2,False,False,True
159660,2025-12-22,1.9602,1.9602,0.49,场内买入,场内卖出,akshare:eastmoney:fund_etf_fund_info_em,10,2026-09-08T01:24:57+00:00,,2025-12-24T23:59:59+08:00,earliest_safe_bound:first_seen_or_qdii_tplus2,False,False,True
159660,2025-12-23,1.9685,1.9685,0.42,场内买入,场内卖出,akshare:eastmoney:fund_etf_fund_info_em,10,2026-09-08T01:24:57+00:00,,2025-12-25T23:59:59+08:00,earliest_safe_bound:first_seen_or_qdii_tplus2,False,False,True
159660,2025-12-24,1.9723,1.9723,0.19,场内买入,场内卖出,akshare:eastmoney:fund_etf_fund_info_em,10,2026-09-08T01:24:57+00:00,,2025-12-26T23:59:59+08:00,earliest_safe_bound:first_seen_or_qdii_tplus2,False,False,True
159660,2025-12-25,1.9701,1.9701,-0.11,暂停申购,暂停赎回,akshare:eastmoney:fund_etf_fund_info_em,10,2026-09-08T01:24:57+00:00,,2025-12-29T23:59:59+08:00,earliest_safe_bound:first_seen_or_qdii_tplus2,False,False,True
159660,2025-12-26,1.9682,1.9682,-0.1,场内买入,场内卖出,akshare:eastmoney:fund_etf_fund_info_em,10,2026-09-08T01:24:57+00:00,,2025-12-30T23:59:59+08:00,earliest_safe_bound:first_seen_or_qdii_tplus2,False,False,True
159660,2025-12-29,1.9583,1.9583,-0.5,场内买入,场内卖出,akshare:eastmoney:fund_etf_fund_info_em,10,2026-09-08T01:24:57+00:00,,2025-12-31T23:59:59+08:00,earliest_safe_bound:first_seen_or_qdii_tplus2,False,False,True
159660,2025-12-30,1.9539,1.9539,-0.22,场内买入,场内卖出,akshare:eastmoney:fund_etf_fund_info_em,10,2026-09-08T01:24:57+00:00,,2026-01-05T23:59:59+08:00,earliest_safe_bound:first_seen_or_qdii_tplus2,False,False,True
159660,2025-12-31,1.936,1.936,-0.92,场内买入,场内卖出,akshare:eastmoney:fund_etf_fund_info_em,10,2026-09-08T01:24:57+00:00,,2026-01-06T23:59:59+08:00,earliest_safe_bound:first_seen_or_qdii_tplus2,False,False,True
159660,2026-01-05,1.946,1.946,0.52,场内买入,场内卖出,akshare:eastmoney:fund_etf_fund_info_em,10,2026-09-08T01:24:57+00:00,,2026-01-07T23:59:59+08:00,earliest_safe_bound:first_seen_or_qdii_tplus2,False,False,True
159660,2026-01-06,1.9626,1.9626,0.85,场内买入,场内卖出,akshare:eastmoney:fund_etf_fund_info_em,10,2026-09-08T01:24:57+00:00,,2026-01-08T23:59:59+08:00,earliest_safe_bound:first_seen_or_qdii_tplus2,False,False,True
159660,2026-01-07,1.9641,1.9641,0.08,场内买入,场内卖出,akshare:eastmoney:fund_etf_fund_info_em,10,2026-09-08T01:24:57+00:00,,2026-01-09T23:59:59+08:00,earliest_safe_bound:first_seen_or_qdii_tplus2,False,False,True
159660,2026-01-08,1.9531,1.9531,-0.56,场内买入,场内卖出,akshare:eastmoney:fund_etf_fund_info_em,10,2026-09-08T01:24:57+00:00,,2026-01-12T23:59:59+08:00,earliest_safe_bound:first_seen_or_qdii_tplus2,False,False,True
159660,2026-01-09,1.971,1.971,0.92,场内买入,场内卖出,akshare:eastmoney:fund_etf_fund_info_em,10,2026-09-08T01:24:57+00:00,,2026-01-13T23:59:59+08:00,earliest_safe_bound:first_seen_or_qdii_tplus2,False,False,True
159660,2026-01-12,1.9719,1.9719,0.05,场内买入,场内卖出,akshare:eastmoney:fund_etf_fund_info_em,10,2026-09-08T01:24:57+00:00,,2026-01-14T23:59:59+08:00,earliest_safe_bound:first_seen_or_qdii_tplus2,False,False,True
159660,2026-01-13,1.9683,1.9683,-0.18,场内买入,场内卖出,akshare:eastmoney:fund_etf_fund_info_em,10,2026-09-08T01:24:57+00:00,,2026-01-15T23:59:59+08:00,earliest_safe_bound:first_seen_or_qdii_tplus2,False,False,True
159660,2026-01-14,1.9478,1.9478,-1.04,场内买入,场内卖出,akshare:eastmoney:fund_etf_fund_info_em,10,2026-09-08T01:24:57+00:00,,2026-01-16T23:59:59+08:00,earliest_safe_bound:first_seen_or_qdii_tplus2,False,False,True
159660,2026-01-15,1.9524,1.9524,0.24,场内买入,场内卖出,akshare:eastmoney:fund_etf_fund_info_em,10,2026-09-08T01:24:57+00:00,,2026-01-19T23:59:59+08:00,earliest_safe_bound:first_seen_or_qdii_tplus2,False,False,True
159660,2026-01-16,1.9514,1.9514,-0.05,场内买入,场内卖出,akshare:eastmoney:fund_etf_fund_info_em,10,2026-09-08T01:24:57+00:00,,2026-01-20T23:59:59+08:00,earliest_safe_bound:first_seen_or_qdii_tplus2,False,False,True
159660,2026-01-19,1.9505,1.9505,-0.05,暂停申购,暂停赎回,akshare:eastmoney:fund_etf_fund_info_em,10,2026-09-08T01:24:57+00:00,,2026-01-21T23:59:59+08:00,earliest_safe_bound:first_seen_or_qdii_tplus2,False,False,True
159660,2026-01-20,1.9071,1.9071,-2.23,场内买入,场内卖出,akshare:eastmoney:fund_etf_fund_info_em,10,2026-09-08T01:24:57+00:00,,2026-01-22T23:59:59+08:00,earliest_safe_bound:first_seen_or_qdii_tplus2,False,False,True
159660,2026-01-21,1.9335,1.9335,1.38,场内买入,场内卖出,akshare:eastmoney:fund_etf_fund_info_em,10,2026-09-08T01:24:57+00:00,,2026-01-23T23:59:59+08:00,earliest_safe_bound:first_seen_or_qdii_tplus2,False,False,True
159660,2026-01-22,1.9494,1.9494,0.82,场内买入,场内卖出,akshare:eastmoney:fund_etf_fund_info_em,10,2026-09-08T01:24:57+00:00,,2026-01-26T23:59:59+08:00,earliest_safe_bound:first_seen_or_qdii_tplus2,False,False,True
159660,2026-01-23,1.9539,1.9539,0.23,场内买入,场内卖出,akshare:eastmoney:fund_etf_fund_info_em,10,2026-09-08T01:24:57+00:00,,2026-01-27T23:59:59+08:00,earliest_safe_bound:first_seen_or_qdii_tplus2,False,False,True
159660,2026-01-26,1.96,1.96,0.31,场内买入,场内卖出,akshare:eastmoney:fund_etf_fund_info_em,10,2026-09-08T01:24:57+00:00,,2026-01-28T23:59:59+08:00,earliest_safe_bound:first_seen_or_qdii_tplus2,False,False,True
159660,2026-01-27,1.9784,1.9784,0.94,场内买入,场内卖出,akshare:eastmoney:fund_etf_fund_info_em,10,2026-09-08T01:24:57+00:00,,2026-01-29T23:59:59+08:00,earliest_safe_bound:first_seen_or_qdii_tplus2,False,False,True
159660,2026-01-28,1.9821,1.9821,0.19,场内买入,场内卖出,akshare:eastmoney:fund_etf_fund_info_em,10,2026-09-08T01:24:57+00:00,,2026-01-30T23:59:59+08:00,earliest_safe_bound:first_seen_or_qdii_tplus2,False,False,True
159660,2026-01-29,1.9712,1.9712,-0.55,场内买入,场内卖出,akshare:eastmoney:fund_etf_fund_info_em,10,2026-09-08T01:24:57+00:00,,2026-02-02T23:59:59+08:00,earliest_safe_bound:first_seen_or_qdii_tplus2,False,False,True
159660,2026-01-30,1.9422,1.9422,-1.47,场内买入,场内卖出,akshare:eastmoney:fund_etf_fund_info_em,10,2026-09-08T01:24:57+00:00,,2026-02-03T23:59:59+08:00,earliest_safe_bound:first_seen_or_qdii_tplus2,False,False,True
159660,2026-02-02,1.9561,1.9561,0.72,场内买入,场内卖出,akshare:eastmoney:fund_etf_fund_info_em,10,2026-09-08T01:24:57+00:00,,2026-02-04T23:59:59+08:00,earliest_safe_bound:first_seen_or_qdii_tplus2,False,False,True
159660,2026-02-03,1.9234,1.9234,-1.67,场内买入,场内卖出,akshare:eastmoney:fund_etf_fund_info_em,10,2026-09-08T01:24:57+00:00,,2026-02-05T23:59:59+08:00,earliest_safe_bound:first_seen_or_qdii_tplus2,False,False,True
159660,2026-02-04,1.8875,1.8875,-1.87,场内买入,场内卖出,akshare:eastmoney:fund_etf_fund_info_em,10,2026-09-08T01:24:57+00:00,,2026-02-06T23:59:59+08:00,earliest_safe_bound:first_seen_or_qdii_tplus2,False,False,True
159660,2026-02-05,1.8626,1.8626,-1.32,场内买入,场内卖出,akshare:eastmoney:fund_etf_fund_info_em,10,2026-09-08T01:24:57+00:00,,2026-02-09T23:59:59+08:00,earliest_safe_bound:first_seen_or_qdii_tplus2,False,False,True
159660,2026-02-06,1.9029,1.9029,2.16,场内买入,场内卖出,akshare:eastmoney:fund_etf_fund_info_em,10,2026-09-08T01:24:57+00:00,,2026-02-10T23:59:59+08:00,earliest_safe_bound:first_seen_or_qdii_tplus2,False,False,True
159660,2026-02-09,1.9156,1.9156,0.67,场内买入,场内卖出,akshare:eastmoney:fund_etf_fund_info_em,10,2026-09-08T01:24:57+00:00,,2026-02-11T23:59:59+08:00,earliest_safe_bound:first_seen_or_qdii_tplus2,False,False,True
159660,2026-02-10,1.9033,1.9033,-0.64,场内买入,场内卖出,akshare:eastmoney:fund_etf_fund_info_em,10,2026-09-08T01:24:57+00:00,,2026-02-12T23:59:59+08:00,earliest_safe_bound:first_seen_or_qdii_tplus2,False,False,True
159660,2026-02-11,1.9083,1.9083,0.26,场内买入,场内卖出,akshare:eastmoney:fund_etf_fund_info_em,10,2026-09-08T01:24:57+00:00,,2026-02-13T23:59:59+08:00,earliest_safe_bound:first_seen_or_qdii_tplus2,False,False,True
159660,2026-02-12,1.87,1.87,-2.01,场内买入,场内卖出,akshare:eastmoney:fund_etf_fund_info_em,10,2026-09-08T01:24:57+00:00,,2026-02-24T23:59:59+08:00,earliest_safe_bound:first_seen_or_qdii_tplus2,False,False,True
159660,2026-02-13,1.872,1.872,0.11,场内买入,场内卖出,akshare:eastmoney:fund_etf_fund_info_em,10,2026-09-08T01:24:57+00:00,,2026-02-25T23:59:59+08:00,earliest_safe_bound:first_seen_or_qdii_tplus2,False,False,True
159660,2026-02-24,1.8911,1.8911,1.02,场内买入,场内卖出,akshare:eastmoney:fund_etf_fund_info_em,10,2026-09-08T01:24:57+00:00,,2026-02-26T23:59:59+08:00,earliest_safe_bound:first_seen_or_qdii_tplus2,False,False,True
159660,2026-02-25,1.9151,1.9151,1.27,场内买入,场内卖出,akshare:eastmoney:fund_etf_fund_info_em,10,2026-09-08T01:24:57+00:00,,2026-02-27T23:59:59+08:00,earliest_safe_bound:first_seen_or_qdii_tplus2,False,False,True
159660,2026-02-26,1.8904,1.8904,-1.29,场内买入,场内卖出,akshare:eastmoney:fund_etf_fund_info_em,10,2026-09-08T01:24:57+00:00,,2026-03-02T23:59:59+08:00,earliest_safe_bound:first_seen_or_qdii_tplus2,False,False,True
159660,2026-02-27,1.8849,1.8849,-0.29,场内买入,场内卖出,akshare:eastmoney:fund_etf_fund_info_em,10,2026-09-08T01:24:57+00:00,,2026-03-03T23:59:59+08:00,earliest_safe_bound:first_seen_or_qdii_tplus2,False,False,True
159660,2026-03-02,1.8875,1.8875,0.14,场内买入,场内卖出,akshare:eastmoney:fund_etf_fund_info_em,10,2026-09-08T01:24:57+00:00,,2026-03-04T23:59:59+08:00,earliest_safe_bound:first_seen_or_qdii_tplus2,False,False,True
159660,2026-03-03,1.8631,1.8631,-1.29,场内买入,场内卖出,akshare:eastmoney:fund_etf_fund_info_em,10,2026-09-08T01:24:57+00:00,,2026-03-05T23:59:59+08:00,earliest_safe_bound:first_seen_or_qdii_tplus2,False,False,True
159660,2026-03-04,1.8922,1.8922,1.56,场内买入,场内卖出,akshare:eastmoney:fund_etf_fund_info_em,10,2026-09-08T01:24:57+00:00,,2026-03-06T23:59:59+08:00,earliest_safe_bound:first_seen_or_qdii_tplus2,False,False,True
159660,2026-03-05,1.8836,1.8836,-0.45,场内买入,场内卖出,akshare:eastmoney:fund_etf_fund_info_em,10,2026-09-08T01:24:57+00:00,,2026-03-09T23:59:59+08:00,earliest_safe_bound:first_seen_or_qdii_tplus2,False,False,True
159660,2026-03-06,1.856,1.856,-1.47,场内买入,场内卖出,akshare:eastmoney:fund_etf_fund_info_em,10,2026-09-08T01:24:57+00:00,,2026-03-10T23:59:59+08:00,earliest_safe_bound:first_seen_or_qdii_tplus2,False,False,True
159660,2026-03-09,1.8838,1.8838,1.5,场内买入,场内卖出,akshare:eastmoney:fund_etf_fund_info_em,10,2026-09-08T01:24:57+00:00,,2026-03-11T23:59:59+08:00,earliest_safe_bound:first_seen_or_qdii_tplus2,False,False,True
159660,2026-03-10,1.8783,1.8783,-0.29,场内买入,场内卖出,akshare:eastmoney:fund_etf_fund_info_em,10,2026-09-08T01:24:57+00:00,,2026-03-12T23:59:59+08:00,earliest_safe_bound:first_seen_or_qdii_tplus2,False,False,True
159660,2026-03-11,1.8772,1.8772,-0.06,场内买入,场内卖出,akshare:eastmoney:fund_etf_fund_info_em,10,2026-09-08T01:24:57+00:00,,2026-03-13T23:59:59+08:00,earliest_safe_bound:first_seen_or_qdii_tplus2,False,False,True
159660,2026-03-12,1.846,1.846,-1.66,场内买入,场内卖出,akshare:eastmoney:fund_etf_fund_info_em,10,2026-09-08T01:24:57+00:00,,2026-03-16T23:59:59+08:00,earliest_safe_bound:first_seen_or_qdii_tplus2,False,False,True
159660,2026-03-13,1.8359,1.8359,-0.55,场内买入,场内卖出,akshare:eastmoney:fund_etf_fund_info_em,10,2026-09-08T01:24:57+00:00,,2026-03-17T23:59:59+08:00,earliest_safe_bound:first_seen_or_qdii_tplus2,False,False,True
159660,2026-03-16,1.8578,1.8578,1.19,场内买入,场内卖出,akshare:eastmoney:fund_etf_fund_info_em,10,2026-09-08T01:24:57+00:00,,2026-03-18T23:59:59+08:00,earliest_safe_bound:first_seen_or_qdii_tplus2,False,False,True
159660,2026-03-17,1.8646,1.8646,0.37,场内买入,场内卖出,akshare:eastmoney:fund_etf_fund_info_em,10,2026-09-08T01:24:57+00:00,,2026-03-19T23:59:59+08:00,earliest_safe_bound:first_seen_or_qdii_tplus2,False,False,True
159660,2026-03-18,1.8366,1.8366,-1.5,场内买入,场内卖出,akshare:eastmoney:fund_etf_fund_info_em,10,2026-09-08T01:24:57+00:00,,2026-03-20T23:59:59+08:00,earliest_safe_bound:first_seen_or_qdii_tplus2,False,False,True
159660,2026-03-19,1.833,1.833,-0.2,场内买入,场内卖出,akshare:eastmoney:fund_etf_fund_info_em,10,2026-09-08T01:24:57+00:00,,2026-03-23T23:59:59+08:00,earliest_safe_bound:first_seen_or_qdii_tplus2,False,False,True
159660,2026-03-20,1.7968,1.7968,-1.97,场内买入,场内卖出,akshare:eastmoney:fund_etf_fund_info_em,10,2026-09-08T01:24:57+00:00,,2026-03-24T23:59:59+08:00,earliest_safe_bound:first_seen_or_qdii_tplus2,False,False,True
159660,2026-03-23,1.8222,1.8222,1.41,场内买入,场内卖出,akshare:eastmoney:fund_etf_fund_info_em,10,2026-09-08T01:24:57+00:00,,2026-03-25T23:59:59+08:00,earliest_safe_bound:first_seen_or_qdii_tplus2,False,False,True
159660,2026-03-24,1.8058,1.8058,-0.9,场内买入,场内卖出,akshare:eastmoney:fund_etf_fund_info_em,10,2026-09-08T01:24:57+00:00,,2026-03-26T23:59:59+08:00,earliest_safe_bound:first_seen_or_qdii_tplus2,False,False,True
159660,2026-03-25,1.8169,1.8169,0.61,场内买入,场内卖出,akshare:eastmoney:fund_etf_fund_info_em,10,2026-09-08T01:24:57+00:00,,2026-03-27T23:59:59+08:00,earliest_safe_bound:first_seen_or_qdii_tplus2,False,False,True
159660,2026-03-26,1.7774,1.7774,-2.17,场内买入,场内卖出,akshare:eastmoney:fund_etf_fund_info_em,10,2026-09-08T01:24:57+00:00,,2026-03-30T23:59:59+08:00,earliest_safe_bound:first_seen_or_qdii_tplus2,False,False,True
159660,2026-03-27,1.7454,1.7454,-1.8,场内买入,场内卖出,akshare:eastmoney:fund_etf_fund_info_em,10,2026-09-08T01:24:57+00:00,,2026-03-31T23:59:59+08:00,earliest_safe_bound:first_seen_or_qdii_tplus2,False,False,True
159660,2026-03-30,1.7339,1.7339,-0.66,场内买入,场内卖出,akshare:eastmoney:fund_etf_fund_info_em,10,2026-09-08T01:24:57+00:00,,2026-04-01T23:59:59+08:00,earliest_safe_bound:first_seen_or_qdii_tplus2,False,False,True
159660,2026-03-31,1.7921,1.7921,3.36,场内买入,场内卖出,akshare:eastmoney:fund_etf_fund_info_em,10,2026-09-08T01:24:57+00:00,,2026-04-02T23:59:59+08:00,earliest_safe_bound:first_seen_or_qdii_tplus2,False,False,True
159660,2026-04-01,1.8089,1.8089,0.94,场内买入,场内卖出,akshare:eastmoney:fund_etf_fund_info_em,10,2026-09-08T01:24:57+00:00,,2026-04-03T23:59:59+08:00,earliest_safe_bound:first_seen_or_qdii_tplus2,False,False,True
159660,2026-04-02,1.8072,1.8072,-0.09,场内买入,场内卖出,akshare:eastmoney:fund_etf_fund_info_em,10,2026-09-08T01:24:57+00:00,,2026-04-07T23:59:59+08:00,earliest_safe_bound:first_seen_or_qdii_tplus2,False,False,True
159660,2026-04-03,1.8084,1.8084,0.07,暂停申购,暂停赎回,akshare:eastmoney:fund_etf_fund_info_em,10,2026-09-08T01:24:57+00:00,,2026-04-08T23:59:59+08:00,earliest_safe_bound:first_seen_or_qdii_tplus2,False,False,True
159660,2026-04-07,1.8181,1.8181,0.54,场内买入,场内卖出,akshare:eastmoney:fund_etf_fund_info_em,10,2026-09-08T01:24:57+00:00,,2026-04-09T23:59:59+08:00,earliest_safe_bound:first_seen_or_qdii_tplus2,False,False,True
159660,2026-04-08,1.866,1.866,2.63,场内买入,场内卖出,akshare:eastmoney:fund_etf_fund_info_em,10,2026-09-08T01:24:57+00:00,,2026-04-10T23:59:59+08:00,earliest_safe_bound:first_seen_or_qdii_tplus2,False,False,True
159660,2026-04-09,1.8786,1.8786,0.68,场内买入,场内卖出,akshare:eastmoney:fund_etf_fund_info_em,10,2026-09-08T01:24:57+00:00,,2026-04-13T23:59:59+08:00,earliest_safe_bound:first_seen_or_qdii_tplus2,False,False,True
159660,2026-04-10,1.8812,1.8812,0.14,场内买入,场内卖出,akshare:eastmoney:fund_etf_fund_info_em,10,2026-09-08T01:24:57+00:00,,2026-04-14T23:59:59+08:00,earliest_safe_bound:first_seen_or_qdii_tplus2,False,False,True
159660,2026-04-13,1.9011,1.9011,1.06,场内买入,场内卖出,akshare:eastmoney:fund_etf_fund_info_em,10,2026-09-08T01:24:57+00:00,,2026-04-15T23:59:59+08:00,earliest_safe_bound:first_seen_or_qdii_tplus2,False,False,True
159660,2026-04-14,1.9335,1.9335,1.7,场内买入,场内卖出,akshare:eastmoney:fund_etf_fund_info_em,10,2026-09-08T01:24:57+00:00,,2026-04-16T23:59:59+08:00,earliest_safe_bound:first_seen_or_qdii_tplus2,False,False,True
159660,2026-04-15,1.9603,1.9603,1.39,场内买入,场内卖出,akshare:eastmoney:fund_etf_fund_info_em,10,2026-09-08T01:24:57+00:00,,2026-04-17T23:59:59+08:00,earliest_safe_bound:first_seen_or_qdii_tplus2,False,False,True
159660,2026-04-16,1.9707,1.9707,0.53,场内买入,场内卖出,akshare:eastmoney:fund_etf_fund_info_em,10,2026-09-08T01:24:57+00:00,,2026-04-20T23:59:59+08:00,earliest_safe_bound:first_seen_or_qdii_tplus2,False,False,True
159660,2026-04-17,1.9962,1.9962,1.29,场内买入,场内卖出,akshare:eastmoney:fund_etf_fund_info_em,10,2026-09-08T01:24:57+00:00,,2026-04-21T23:59:59+08:00,earliest_safe_bound:first_seen_or_qdii_tplus2,False,False,True
159660,2026-04-20,1.9905,1.9905,-0.29,场内买入,场内卖出,akshare:eastmoney:fund_etf_fund_info_em,10,2026-09-08T01:24:57+00:00,,2026-04-22T23:59:59+08:00,earliest_safe_bound:first_seen_or_qdii_tplus2,False,False,True
159660,2026-04-21,1.9807,1.9807,-0.49,场内买入,场内卖出,akshare:eastmoney:fund_etf_fund_info_em,10,2026-09-08T01:24:57+00:00,,2026-04-23T23:59:59+08:00,earliest_safe_bound:first_seen_or_qdii_tplus2,False,False,True
159660,2026-04-22,2.016,2.016,1.78,场内买入,场内卖出,akshare:eastmoney:fund_etf_fund_info_em,10,2026-09-08T01:24:57+00:00,,2026-04-24T23:59:59+08:00,earliest_safe_bound:first_seen_or_qdii_tplus2,False,False,True
159660,2026-04-23,2.0048,2.0048,-0.56,场内买入,场内卖出,akshare:eastmoney:fund_etf_fund_info_em,10,2026-09-08T01:24:57+00:00,,2026-04-27T23:59:59+08:00,earliest_safe_bound:first_seen_or_qdii_tplus2,False,False,True
159660,2026-04-24,2.0443,2.0443,1.97,场内买入,场内卖出,akshare:eastmoney:fund_etf_fund_info_em,10,2026-09-08T01:24:57+00:00,,2026-04-28T23:59:59+08:00,earliest_safe_bound:first_seen_or_qdii_tplus2,False,False,True
159660,2026-04-27,2.0417,2.0417,-0.13,场内买入,场内卖出,akshare:eastmoney:fund_etf_fund_info_em,10,2026-09-08T01:24:57+00:00,,2026-04-29T23:59:59+08:00,earliest_safe_bound:first_seen_or_qdii_tplus2,False,False,True
159660,2026-04-28,2.0213,2.0213,-1.0,场内买入,场内卖出,akshare:eastmoney:fund_etf_fund_info_em,10,2026-09-08T01:24:57+00:00,,2026-04-30T23:59:59+08:00,earliest_safe_bound:first_seen_or_qdii_tplus2,False,False,True
159660,2026-04-29,2.0336,2.0336,0.61,场内买入,场内卖出,akshare:eastmoney:fund_etf_fund_info_em,10,2026-09-08T01:24:57+00:00,,2026-05-06T23:59:59+08:00,earliest_safe_bound:first_seen_or_qdii_tplus2,False,False,True
159660,2026-04-30,2.0539,2.0539,1.0,场内买入,场内卖出,akshare:eastmoney:fund_etf_fund_info_em,10,2026-09-08T01:24:57+00:00,,2026-05-07T23:59:59+08:00,earliest_safe_bound:first_seen_or_qdii_tplus2,False,False,True
159660,2026-05-06,2.1375,2.1375,4.07,场内买入,场内卖出,akshare:eastmoney:fund_etf_fund_info_em,10,2026-09-08T01:24:57+00:00,,2026-05-08T23:59:59+08:00,earliest_safe_bound:first_seen_or_qdii_tplus2,False,False,True
159660,2026-05-07,2.1326,2.1326,-0.23,场内买入,场内卖出,akshare:eastmoney:fund_etf_fund_info_em,10,2026-09-08T01:24:57+00:00,,2026-05-11T23:59:59+08:00,earliest_safe_bound:first_seen_or_qdii_tplus2,False,False,True
159660,2026-05-08,2.1831,2.1831,2.37,场内买入,场内卖出,akshare:eastmoney:fund_etf_fund_info_em,10,2026-09-08T01:24:57+00:00,,2026-05-12T23:59:59+08:00,earliest_safe_bound:first_seen_or_qdii_tplus2,False,False,True
159660,2026-05-11,2.1884,2.1884,0.24,场内买入,场内卖出,akshare:eastmoney:fund_etf_fund_info_em,10,2026-09-08T01:24:57+00:00,,2026-05-13T23:59:59+08:00,earliest_safe_bound:first_seen_or_qdii_tplus2,False,False,True
159660,2026-05-12,2.168,2.168,-0.93,场内买入,场内卖出,akshare:eastmoney:fund_etf_fund_info_em,10,2026-09-08T01:24:57+00:00,,2026-05-14T23:59:59+08:00,earliest_safe_bound:first_seen_or_qdii_tplus2,False,False,True
159660,2026-05-13,2.1907,2.1907,1.05,场内买入,场内卖出,akshare:eastmoney:fund_etf_fund_info_em,10,2026-09-08T01:24:57+00:00,,2026-05-15T23:59:59+08:00,earliest_safe_bound:first_seen_or_qdii_tplus2,False,False,True
159660,2026-05-14,2.2056,2.2056,0.68,场内买入,场内卖出,akshare:eastmoney:fund_etf_fund_info_em,10,2026-09-08T01:24:57+00:00,,2026-05-18T23:59:59+08:00,earliest_safe_bound:first_seen_or_qdii_tplus2,False,False,True
159660,2026-05-15,2.1725,2.1725,-1.5,场内买入,场内卖出,akshare:eastmoney:fund_etf_fund_info_em,10,2026-09-08T01:24:57+00:00,,2026-05-19T23:59:59+08:00,earliest_safe_bound:first_seen_or_qdii_tplus2,False,False,True
159660,2026-05-18,2.1633,2.1633,-0.42,场内买入,场内卖出,akshare:eastmoney:fund_etf_fund_info_em,10,2026-09-08T01:24:57+00:00,,2026-05-20T23:59:59+08:00,earliest_safe_bound:first_seen_or_qdii_tplus2,False,False,True
159660,2026-05-19,2.1484,2.1484,-0.69,场内买入,场内卖出,akshare:eastmoney:fund_etf_fund_info_em,10,2026-09-08T01:24:57+00:00,,2026-05-21T23:59:59+08:00,earliest_safe_bound:first_seen_or_qdii_tplus2,False,False,True
159660,2026-05-20,2.1846,2.1846,1.68,场内买入,场内卖出,akshare:eastmoney:fund_etf_fund_info_em,10,2026-09-08T01:24:57+00:00,,2026-05-22T23:59:59+08:00,earliest_safe_bound:first_seen_or_qdii_tplus2,False,False,True
159660,2026-05-21,2.1877,2.1877,0.14,场内买入,场内卖出,akshare:eastmoney:fund_etf_fund_info_em,10,2026-09-08T01:24:57+00:00,,2026-05-25T23:59:59+08:00,earliest_safe_bound:first_seen_or_qdii_tplus2,False,False,True
159660,2026-05-22,2.1977,2.1977,0.46,场内买入,场内卖出,akshare:eastmoney:fund_etf_fund_info_em,10,2026-09-08T01:24:57+00:00,,2026-05-26T23:59:59+08:00,earliest_safe_bound:first_seen_or_qdii_tplus2,False,False,True
159660,2026-05-25,2.1958,2.1958,-0.09,暂停申购,暂停赎回,akshare:eastmoney:fund_etf_fund_info_em,10,2026-09-08T01:24:57+00:00,,2026-05-27T23:59:59+08:00,earliest_safe_bound:first_seen_or_qdii_tplus2,False,False,True
159660,2026-05-26,2.2334,2.2334,1.71,场内买入,场内卖出,akshare:eastmoney:fund_etf_fund_info_em,10,2026-09-08T01:24:57+00:00,,2026-05-28T23:59:59+08:00,earliest_safe_bound:first_seen_or_qdii_tplus2,False,False,True
159660,2026-05-27,2.2314,2.2314,-0.09,场内买入,场内卖出,akshare:eastmoney:fund_etf_fund_info_em,10,2026-09-08T01:24:57+00:00,,2026-05-29T23:59:59+08:00,earliest_safe_bound:first_seen_or_qdii_tplus2,False,False,True
159660,2026-05-28,2.2484,2.2484,0.76,场内买入,场内卖出,akshare:eastmoney:fund_etf_fund_info_em,10,2026-09-08T01:24:57+00:00,,2026-06-01T23:59:59+08:00,earliest_safe_bound:first_seen_or_qdii_tplus2,False,False,True
159660,2026-05-29,2.2544,2.2544,0.27,场内买入,场内卖出,akshare:eastmoney:fund_etf_fund_info_em,10,2026-09-08T01:24:57+00:00,,2026-06-02T23:59:59+08:00,earliest_safe_bound:first_seen_or_qdii_tplus2,False,False,True
159660,2026-06-01,2.2674,2.2674,0.58,场内买入,场内卖出,akshare:eastmoney:fund_etf_fund_info_em,10,2026-09-08T01:24:57+00:00,,2026-06-03T23:59:59+08:00,earliest_safe_bound:first_seen_or_qdii_tplus2,False,False,True
159660,2026-06-02,2.2789,2.2789,0.51,场内买入,场内卖出,akshare:eastmoney:fund_etf_fund_info_em,10,2026-09-08T01:24:57+00:00,,2026-06-04T23:59:59+08:00,earliest_safe_bound:first_seen_or_qdii_tplus2,False,False,True
159660,2026-06-03,2.2722,2.2722,-0.29,场内买入,场内卖出,akshare:eastmoney:fund_etf_fund_info_em,10,2026-09-08T01:24:57+00:00,,2026-06-05T23:59:59+08:00,earliest_safe_bound:first_seen_or_qdii_tplus2,False,False,True
159660,2026-06-04,2.261,2.261,-0.49,场内买入,场内卖出,akshare:eastmoney:fund_etf_fund_info_em,10,2026-09-08T01:24:57+00:00,,2026-06-08T23:59:59+08:00,earliest_safe_bound:first_seen_or_qdii_tplus2,False,False,True
159660,2026-06-05,2.1523,2.1523,-4.81,场内买入,场内卖出,akshare:eastmoney:fund_etf_fund_info_em,10,2026-09-08T01:24:57+00:00,,2026-06-09T23:59:59+08:00,earliest_safe_bound:first_seen_or_qdii_tplus2,False,False,True
159660,2026-06-08,2.1873,2.1873,1.63,场内买入,场内卖出,akshare:eastmoney:fund_etf_fund_info_em,10,2026-09-08T01:24:57+00:00,,2026-06-10T23:59:59+08:00,earliest_safe_bound:first_seen_or_qdii_tplus2,False,False,True
159660,2026-06-09,2.1612,2.1612,-1.19,场内买入,场内卖出,akshare:eastmoney:fund_etf_fund_info_em,10,2026-09-08T01:24:57+00:00,,2026-06-11T23:59:59+08:00,earliest_safe_bound:first_seen_or_qdii_tplus2,False,False,True
159660,2026-06-10,2.118,2.118,-2.0,场内买入,场内卖出,akshare:eastmoney:fund_etf_fund_info_em,10,2026-09-08T01:24:57+00:00,,2026-06-12T23:59:59+08:00,earliest_safe_bound:first_seen_or_qdii_tplus2,False,False,True
159660,2026-06-11,2.188,2.188,3.31,场内买入,场内卖出,akshare:eastmoney:fund_etf_fund_info_em,10,2026-09-08T01:24:57+00:00,,2026-06-15T23:59:59+08:00,earliest_safe_bound:first_seen_or_qdii_tplus2,False,False,True
159660,2026-06-12,2.2008,2.2008,0.59,场内买入,场内卖出,akshare:eastmoney:fund_etf_fund_info_em,10,2026-09-08T01:24:57+00:00,,2026-06-16T23:59:59+08:00,earliest_safe_bound:first_seen_or_qdii_tplus2,False,False,True
159660,2026-06-15,2.2673,2.2673,3.02,场内买入,场内卖出,akshare:eastmoney:fund_etf_fund_info_em,10,2026-09-08T01:24:57+00:00,,2026-06-17T23:59:59+08:00,earliest_safe_bound:first_seen_or_qdii_tplus2,False,False,True
159660,2026-06-16,2.2252,2.2252,-1.86,场内买入,场内卖出,akshare:eastmoney:fund_etf_fund_info_em,10,2026-09-08T01:24:57+00:00,,2026-06-18T23:59:59+08:00,earliest_safe_bound:first_seen_or_qdii_tplus2,False,False,True
159660,2026-06-17,2.2026,2.2026,-1.02,场内买入,场内卖出,akshare:eastmoney:fund_etf_fund_info_em,10,2026-09-08T01:24:57+00:00,,2026-06-22T23:59:59+08:00,earliest_safe_bound:first_seen_or_qdii_tplus2,False,False,True
159660,2026-06-18,2.2581,2.2581,2.52,场内买入,场内卖出,akshare:eastmoney:fund_etf_fund_info_em,10,2026-09-08T01:24:57+00:00,,2026-06-23T23:59:59+08:00,earliest_safe_bound:first_seen_or_qdii_tplus2,False,False,True
159660,2026-06-22,2.2543,2.2543,-0.17,场内买入,场内卖出,akshare:eastmoney:fund_etf_fund_info_em,10,2026-09-08T01:24:57+00:00,,2026-06-24T23:59:59+08:00,earliest_safe_bound:first_seen_or_qdii_tplus2,False,False,True
159660,2026-06-23,2.1808,2.1808,-3.26,场内买入,场内卖出,akshare:eastmoney:fund_etf_fund_info_em,10,2026-09-08T01:24:57+00:00,,2026-06-25T23:59:59+08:00,earliest_safe_bound:first_seen_or_qdii_tplus2,False,False,True
159660,2026-06-24,2.172,2.172,-0.4,场内买入,场内卖出,akshare:eastmoney:fund_etf_fund_info_em,10,2026-09-08T01:24:57+00:00,,2026-06-26T23:59:59+08:00,earliest_safe_bound:first_seen_or_qdii_tplus2,False,False,True
159660,2026-06-25,2.1887,2.1887,0.77,场内买入,场内卖出,akshare:eastmoney:fund_etf_fund_info_em,10,2026-09-08T01:24:57+00:00,,2026-06-29T23:59:59+08:00,earliest_safe_bound:first_seen_or_qdii_tplus2,False,False,True
159660,2026-06-26,2.1633,2.1633,-1.16,场内买入,场内卖出,akshare:eastmoney:fund_etf_fund_info_em,10,2026-09-08T01:24:57+00:00,,2026-06-30T23:59:59+08:00,earliest_safe_bound:first_seen_or_qdii_tplus2,False,False,True
159660,2026-06-29,2.2122,2.2122,2.26,场内买入,场内卖出,akshare:eastmoney:fund_etf_fund_info_em,10,2026-09-08T01:24:57+00:00,,2026-07-01T23:59:59+08:00,earliest_safe_bound:first_seen_or_qdii_tplus2,False,False,True
159660,2026-06-30,2.2472,2.2472,1.58,场内买入,场内卖出,akshare:eastmoney:fund_etf_fund_info_em,10,2026-09-08T01:24:57+00:00,,2026-07-02T23:59:59+08:00,earliest_safe_bound:first_seen_or_qdii_tplus2,False,False,True
159660,2026-07-01,2.2114,2.2114,-1.59,场内买入,场内卖出,akshare:eastmoney:fund_etf_fund_info_em,10,2026-09-08T01:24:57+00:00,,2026-07-03T23:59:59+08:00,earliest_safe_bound:first_seen_or_qdii_tplus2,False,False,True
159660,2026-07-02,2.1763,2.1763,-1.59,场内买入,场内卖出,akshare:eastmoney:fund_etf_fund_info_em,10,2026-09-08T01:24:57+00:00,,2026-07-06T23:59:59+08:00,earliest_safe_bound:first_seen_or_qdii_tplus2,False,False,True
159660,2026-07-03,2.175,2.175,-0.06,暂停申购,暂停赎回,akshare:eastmoney:fund_etf_fund_info_em,10,2026-09-08T01:24:57+00:00,,2026-07-07T23:59:59+08:00,earliest_safe_bound:first_seen_or_qdii_tplus2,False,False,True
159660,2026-07-06,2.2029,2.2029,1.28,场内买入,场内卖出,akshare:eastmoney:fund_etf_fund_info_em,10,2026-09-08T01:24:57+00:00,,2026-07-08T23:59:59+08:00,earliest_safe_bound:first_seen_or_qdii_tplus2,False,False,True
159660,2026-07-07,2.1637,2.1637,-1.78,场内买入,场内卖出,akshare:eastmoney:fund_etf_fund_info_em,10,2026-09-08T01:24:57+00:00,,2026-07-09T23:59:59+08:00,earliest_safe_bound:first_seen_or_qdii_tplus2,False,False,True
159660,2026-07-08,2.1702,2.1702,0.3,场内买入,场内卖出,akshare:eastmoney:fund_etf_fund_info_em,10,2026-09-08T01:24:57+00:00,,2026-07-10T23:59:59+08:00,earliest_safe_bound:first_seen_or_qdii_tplus2,False,False,True
159660,2026-07-09,2.204,2.204,1.56,场内买入,场内卖出,akshare:eastmoney:fund_etf_fund_info_em,10,2026-09-08T01:24:57+00:00,,2026-07-13T23:59:59+08:00,earliest_safe_bound:first_seen_or_qdii_tplus2,False,False,True
159660,2026-07-10,2.2097,2.2097,0.26,场内买入,场内卖出,akshare:eastmoney:fund_etf_fund_info_em,10,2026-09-08T01:24:57+00:00,,2026-07-14T23:59:59+08:00,earliest_safe_bound:first_seen_or_qdii_tplus2,False,False,True
159660,2026-07-13,2.1676,2.1676,-1.91,场内买入,场内卖出,akshare:eastmoney:fund_etf_fund_info_em,10,2026-09-08T01:24:57+00:00,,2026-07-15T23:59:59+08:00,earliest_safe_bound:first_seen_or_qdii_tplus2,False,False,True
159660,2026-07-14,2.1919,2.1919,1.12,场内买入,场内卖出,akshare:eastmoney:fund_etf_fund_info_em,10,2026-09-08T01:24:57+00:00,,2026-07-16T23:59:59+08:00,earliest_safe_bound:first_seen_or_qdii_tplus2,False,False,True
159660,2026-07-15,2.1831,2.1831,-0.4,场内买入,场内卖出,akshare:eastmoney:fund_etf_fund_info_em,10,2026-09-08T01:24:57+00:00,,2026-07-17T23:59:59+08:00,earliest_safe_bound:first_seen_or_qdii_tplus2,False,False,True
159660,2026-07-16,2.1479,2.1479,-1.61,场内买入,场内卖出,akshare:eastmoney:fund_etf_fund_info_em,10,2026-09-08T01:24:57+00:00,,2026-07-20T23:59:59+08:00,earliest_safe_bound:first_seen_or_qdii_tplus2,False,False,True
159660,2026-07-17,2.1166,2.1166,-1.46,场内买入,场内卖出,akshare:eastmoney:fund_etf_fund_info_em,10,2026-09-08T01:24:57+00:00,,2026-07-21T23:59:59+08:00,earliest_safe_bound:first_seen_or_qdii_tplus2,False,False,True
159660,2026-07-20,2.1178,2.1178,0.06,场内买入,场内卖出,akshare:eastmoney:fund_etf_fund_info_em,10,2026-09-08T01:24:57+00:00,,2026-07-22T23:59:59+08:00,earliest_safe_bound:first_seen_or_qdii_tplus2,False,False,True
159660,2026-07-21,2.1574,2.1574,1.87,场内买入,场内卖出,akshare:eastmoney:fund_etf_fund_info_em,10,2026-09-08T01:24:57+00:00,,2026-07-23T23:59:59+08:00,earliest_safe_bound:first_seen_or_qdii_tplus2,False,False,True
159660,2026-07-22,2.1463,2.1463,-0.51,场内买入,场内卖出,akshare:eastmoney:fund_etf_fund_info_em,10,2026-09-08T01:24:57+00:00,,2026-07-24T23:59:59+08:00,earliest_safe_bound:first_seen_or_qdii_tplus2,False,False,True
159660,2026-07-23,2.1053,2.1053,-1.91,场内买入,场内卖出,akshare:eastmoney:fund_etf_fund_info_em,10,2026-09-08T01:24:57+00:00,,2026-07-27T23:59:59+08:00,earliest_safe_bound:first_seen_or_qdii_tplus2,False,False,True
159660,2026-07-24,2.0822,2.0822,-1.1,场内买入,场内卖出,akshare:eastmoney:fund_etf_fund_info_em,10,2026-09-08T01:24:57+00:00,,2026-07-28T23:59:59+08:00,earliest_safe_bound:first_seen_or_qdii_tplus2,False,False,True
159660,2026-07-27,2.0747,2.0747,-0.36,场内买入,场内卖出,akshare:eastmoney:fund_etf_fund_info_em,10,2026-09-08T01:24:57+00:00,,2026-07-29T23:59:59+08:00,earliest_safe_bound:first_seen_or_qdii_tplus2,False,False,True
159660,2026-07-28,2.0549,2.0549,-0.95,场内买入,场内卖出,akshare:eastmoney:fund_etf_fund_info_em,10,2026-09-08T01:24:57+00:00,,2026-07-30T23:59:59+08:00,earliest_safe_bound:first_seen_or_qdii_tplus2,False,False,True
159660,2026-07-29,2.0118,2.0118,-2.1,场内买入,场内卖出,akshare:eastmoney:fund_etf_fund_info_em,10,2026-09-08T01:24:57+00:00,,2026-07-31T23:59:59+08:00,earliest_safe_bound:first_seen_or_qdii_tplus2,False,False,True
159660,2026-07-30,2.079,2.079,3.34,场内买入,场内卖出,akshare:eastmoney:fund_etf_fund_info_em,10,2026-09-08T01:24:57+00:00,,2026-08-03T23:59:59+08:00,earliest_safe_bound:first_seen_or_qdii_tplus2,False,False,True
159660,2026-07-31,2.0915,2.0915,0.6,场内买入,场内卖出,akshare:eastmoney:fund_etf_fund_info_em,10,2026-09-08T01:24:57+00:00,,2026-08-04T23:59:59+08:00,earliest_safe_bound:first_seen_or_qdii_tplus2,False,False,True
159660,2026-08-03,2.1285,2.1285,1.77,场内买入,场内卖出,akshare:eastmoney:fund_etf_fund_info_em,10,2026-09-08T01:24:57+00:00,,2026-08-05T23:59:59+08:00,earliest_safe_bound:first_seen_or_qdii_tplus2,False,False,True
159660,2026-08-04,2.1997,2.1997,3.35,场内买入,场内卖出,akshare:eastmoney:fund_etf_fund_info_em,10,2026-09-08T01:24:57+00:00,,2026-08-06T23:59:59+08:00,earliest_safe_bound:first_seen_or_qdii_tplus2,False,False,True
159660,2026-08-05,2.1806,2.1806,-0.87,场内买入,场内卖出,akshare:eastmoney:fund_etf_fund_info_em,10,2026-09-08T01:24:57+00:00,,2026-08-07T23:59:59+08:00,earliest_safe_bound:first_seen_or_qdii_tplus2,False,False,True
159660,2026-08-06,2.1723,2.1723,-0.38,场内买入,场内卖出,akshare:eastmoney:fund_etf_fund_info_em,10,2026-09-08T01:24:57+00:00,,2026-08-10T23:59:59+08:00,earliest_safe_bound:first_seen_or_qdii_tplus2,False,False,True
159660,2026-08-07,2.1983,2.1983,1.2,场内买入,场内卖出,akshare:eastmoney:fund_etf_fund_info_em,10,2026-09-08T01:24:57+00:00,,2026-08-11T23:59:59+08:00,earliest_safe_bound:first_seen_or_qdii_tplus2,False,False,True
159660,2026-08-10,2.1903,2.1903,-0.36,场内买入,场内卖出,akshare:eastmoney:fund_etf_fund_info_em,10,2026-09-08T01:24:57+00:00,,2026-08-12T23:59:59+08:00,earliest_safe_bound:first_seen_or_qdii_tplus2,False,False,True
159660,2026-08-11,2.1836,2.1836,-0.31,场内买入,场内卖出,akshare:eastmoney:fund_etf_fund_info_em,10,2026-09-08T01:24:57+00:00,,2026-08-13T23:59:59+08:00,earliest_safe_bound:first_seen_or_qdii_tplus2,False,False,True
159660,2026-08-12,2.1991,2.1991,0.71,场内买入,场内卖出,akshare:eastmoney:fund_etf_fund_info_em,10,2026-09-08T01:24:57+00:00,,2026-08-14T23:59:59+08:00,earliest_safe_bound:first_seen_or_qdii_tplus2,False,False,True
159660,2026-08-13,2.2245,2.2245,1.16,场内买入,场内卖出,akshare:eastmoney:fund_etf_fund_info_em,10,2026-09-08T01:24:57+00:00,,2026-08-17T23:59:59+08:00,earliest_safe_bound:first_seen_or_qdii_tplus2,False,False,True
159660,2026-08-14,2.2214,2.2214,-0.14,场内买入,场内卖出,akshare:eastmoney:fund_etf_fund_info_em,10,2026-09-08T01:24:57+00:00,,2026-08-18T23:59:59+08:00,earliest_safe_bound:first_seen_or_qdii_tplus2,False,False,True
159660,2026-08-17,2.2174,2.2174,-0.18,场内买入,场内卖出,akshare:eastmoney:fund_etf_fund_info_em,10,2026-09-08T01:24:57+00:00,,2026-08-19T23:59:59+08:00,earliest_safe_bound:first_seen_or_qdii_tplus2,False,False,True
159660,2026-08-18,2.1811,2.1811,-1.64,场内买入,场内卖出,akshare:eastmoney:fund_etf_fund_info_em,10,2026-09-08T01:24:57+00:00,,2026-08-20T23:59:59+08:00,earliest_safe_bound:first_seen_or_qdii_tplus2,False,False,True
159660,2026-08-19,2.1747,2.1747,-0.29,场内买入,场内卖出,akshare:eastmoney:fund_etf_fund_info_em,10,2026-09-08T01:24:57+00:00,,2026-08-21T23:59:59+08:00,earliest_safe_bound:first_seen_or_qdii_tplus2,False,False,True
159660,2026-08-20,2.1578,2.1578,-0.78,场内买入,场内卖出,akshare:eastmoney:fund_etf_fund_info_em,10,2026-09-08T01:24:57+00:00,,2026-08-24T23:59:59+08:00,earliest_safe_bound:first_seen_or_qdii_tplus2,False,False,True
159660,2026-08-21,2.1653,2.1653,0.35,场内买入,场内卖出,akshare:eastmoney:fund_etf_fund_info_em,10,2026-09-08T01:42:59+00:00,,2026-08-25T23:59:59+08:00,earliest_safe_bound:first_seen_or_qdii_tplus2,False,False,True
159660,2026-08-24,2.1449,2.1449,-0.94,场内买入,场内卖出,akshare:eastmoney:fund_etf_fund_info_em,10,2026-09-08T01:42:59+00:00,,2026-08-26T23:59:59+08:00,earliest_safe_bound:first_seen_or_qdii_tplus2,False,False,True
159660,2026-08-25,2.1589,2.1589,0.65,场内买入,场内卖出,akshare:eastmoney:fund_etf_fund_info_em,10,2026-09-08T01:42:59+00:00,,2026-08-27T23:59:59+08:00,earliest_safe_bound:first_seen_or_qdii_tplus2,False,False,True
159660,2026-08-26,2.1593,2.1593,0.02,场内买入,场内卖出,akshare:eastmoney:fund_etf_fund_info_em,10,2026-09-08T01:42:59+00:00,,2026-08-28T23:59:59+08:00,earliest_safe_bound:first_seen_or_qdii_tplus2,False,False,True
159660,2026-08-27,2.1903,2.1903,1.44,场内买入,场内卖出,akshare:eastmoney:fund_etf_fund_info_em,10,2026-09-08T01:42:59+00:00,,2026-08-31T23:59:59+08:00,earliest_safe_bound:first_seen_or_qdii_tplus2,False,False,True
159660,2026-08-28,2.1741,2.1741,-0.74,场内买入,场内卖出,akshare:eastmoney:fund_etf_fund_info_em,10,2026-09-08T01:42:59+00:00,,2026-09-01T23:59:59+08:00,earliest_safe_bound:first_seen_or_qdii_tplus2,False,False,True
159660,2026-08-31,2.1763,2.1763,0.1,场内买入,场内卖出,akshare:eastmoney:fund_etf_fund_info_em,10,2026-09-08T01:42:59+00:00,,2026-09-02T23:59:59+08:00,earliest_safe_bound:first_seen_or_qdii_tplus2,False,False,True
159660,2026-09-01,2.1476,2.1476,-1.32,场内买入,场内卖出,akshare:eastmoney:fund_etf_fund_info_em,10,2026-09-08T01:42:59+00:00,,2026-09-03T23:59:59+08:00,earliest_safe_bound:first_seen_or_qdii_tplus2,False,False,True
159660,2026-09-02,2.1531,2.1531,0.26,场内买入,场内卖出,akshare:eastmoney:fund_etf_fund_info_em,10,2026-09-08T01:42:59+00:00,,2026-09-04T23:59:59+08:00,earliest_safe_bound:first_seen_or_qdii_tplus2,False,False,True
159660,2026-09-03,2.1775,2.1775,1.13,场内买入,场内卖出,akshare:eastmoney:fund_etf_fund_info_em,10,2026-09-08T01:42:59+00:00,,2026-09-07T23:59:59+08:00,earliest_safe_bound:first_seen_or_qdii_tplus2,False,False,True
159660,2026-09-04,2.1817,2.1817,0.19,场内买入,场内卖出,akshare:eastmoney:fund_etf_fund_info_em,10,2026-09-08T02:21:00+00:00,,2026-09-08T10:21:00+08:00,first_seen_ingestion_bound,False,False,True
159696,2025-06-16,1.4631,1.4631,1.44,场内买入,场内卖出,akshare:eastmoney:fund_etf_fund_info_em,10,2026-09-08T01:25:23+00:00,,2025-06-18T23:59:59+08:00,earliest_safe_bound:first_seen_or_qdii_tplus2,False,False,True
159696,2025-06-17,1.4477,1.4477,-1.05,场内买入,场内卖出,akshare:eastmoney:fund_etf_fund_info_em,10,2026-09-08T01:25:23+00:00,,2025-06-19T23:59:59+08:00,earliest_safe_bound:first_seen_or_qdii_tplus2,False,False,True
159696,2025-06-18,1.448,1.448,0.02,场内买入,场内卖出,akshare:eastmoney:fund_etf_fund_info_em,10,2026-09-08T01:25:23+00:00,,2025-06-20T23:59:59+08:00,earliest_safe_bound:first_seen_or_qdii_tplus2,False,False,True
159696,2025-06-19,1.4473,1.4473,-0.05,暂停申购,暂停赎回,akshare:eastmoney:fund_etf_fund_info_em,10,2026-09-08T01:25:23+00:00,,2025-06-23T23:59:59+08:00,earliest_safe_bound:first_seen_or_qdii_tplus2,False,False,True
159696,2025-06-20,1.4405,1.4405,-0.47,场内买入,场内卖出,akshare:eastmoney:fund_etf_fund_info_em,10,2026-09-08T01:25:23+00:00,,2025-06-24T23:59:59+08:00,earliest_safe_bound:first_seen_or_qdii_tplus2,False,False,True
159696,2025-06-23,1.4561,1.4561,1.08,场内买入,场内卖出,akshare:eastmoney:fund_etf_fund_info_em,10,2026-09-08T01:25:23+00:00,,2025-06-25T23:59:59+08:00,earliest_safe_bound:first_seen_or_qdii_tplus2,False,False,True
159696,2025-06-24,1.4772,1.4772,1.45,场内买入,场内卖出,akshare:eastmoney:fund_etf_fund_info_em,10,2026-09-08T01:25:23+00:00,,2025-06-26T23:59:59+08:00,earliest_safe_bound:first_seen_or_qdii_tplus2,False,False,True
159696,2025-06-25,1.4806,1.4806,0.23,场内买入,场内卖出,akshare:eastmoney:fund_etf_fund_info_em,10,2026-09-08T01:25:23+00:00,,2025-06-27T23:59:59+08:00,earliest_safe_bound:first_seen_or_qdii_tplus2,False,False,True
159696,2025-06-26,1.4935,1.4935,0.87,场内买入,场内卖出,akshare:eastmoney:fund_etf_fund_info_em,10,2026-09-08T01:25:23+00:00,,2025-06-30T23:59:59+08:00,earliest_safe_bound:first_seen_or_qdii_tplus2,False,False,True
159696,2025-06-27,1.4995,1.4995,0.4,场内买入,场内卖出,akshare:eastmoney:fund_etf_fund_info_em,10,2026-09-08T01:25:23+00:00,,2025-07-01T23:59:59+08:00,earliest_safe_bound:first_seen_or_qdii_tplus2,False,False,True
159696,2025-06-30,1.5082,1.5082,0.58,场内买入,场内卖出,akshare:eastmoney:fund_etf_fund_info_em,10,2026-09-08T01:25:23+00:00,,2025-07-02T23:59:59+08:00,earliest_safe_bound:first_seen_or_qdii_tplus2,False,False,True
159696,2025-07-01,1.4937,1.4937,-0.96,场内买入,场内卖出,akshare:eastmoney:fund_etf_fund_info_em,10,2026-09-08T01:25:23+00:00,,2025-07-03T23:59:59+08:00,earliest_safe_bound:first_seen_or_qdii_tplus2,False,False,True
159696,2025-07-02,1.5049,1.5049,0.75,场内买入,场内卖出,akshare:eastmoney:fund_etf_fund_info_em,10,2026-09-08T01:25:23+00:00,,2025-07-04T23:59:59+08:00,earliest_safe_bound:first_seen_or_qdii_tplus2,False,False,True
159696,2025-07-03,1.5195,1.5195,0.97,场内买入,场内卖出,akshare:eastmoney:fund_etf_fund_info_em,10,2026-09-08T01:25:23+00:00,,2025-07-07T23:59:59+08:00,earliest_safe_bound:first_seen_or_qdii_tplus2,False,False,True
159696,2025-07-04,1.5197,1.5197,0.01,暂停申购,暂停赎回,akshare:eastmoney:fund_etf_fund_info_em,10,2026-09-08T01:25:23+00:00,,2025-07-08T23:59:59+08:00,earliest_safe_bound:first_seen_or_qdii_tplus2,False,False,True
159696,2025-07-07,1.507,1.507,-0.84,场内买入,场内卖出,akshare:eastmoney:fund_etf_fund_info_em,10,2026-09-08T01:25:23+00:00,,2025-07-09T23:59:59+08:00,earliest_safe_bound:first_seen_or_qdii_tplus2,False,False,True
159696,2025-07-08,1.5087,1.5087,0.11,场内买入,场内卖出,akshare:eastmoney:fund_etf_fund_info_em,10,2026-09-08T01:25:23+00:00,,2025-07-10T23:59:59+08:00,earliest_safe_bound:first_seen_or_qdii_tplus2,False,False,True
159696,2025-07-09,1.5196,1.5196,0.72,场内买入,场内卖出,akshare:eastmoney:fund_etf_fund_info_em,10,2026-09-08T01:25:23+00:00,,2025-07-11T23:59:59+08:00,earliest_safe_bound:first_seen_or_qdii_tplus2,False,False,True
159696,2025-07-10,1.5166,1.5166,-0.2,场内买入,场内卖出,akshare:eastmoney:fund_etf_fund_info_em,10,2026-09-08T01:25:23+00:00,,2025-07-14T23:59:59+08:00,earliest_safe_bound:first_seen_or_qdii_tplus2,False,False,True
159696,2025-07-11,1.5126,1.5126,-0.26,场内买入,场内卖出,akshare:eastmoney:fund_etf_fund_info_em,10,2026-09-08T01:25:23+00:00,,2025-07-15T23:59:59+08:00,earliest_safe_bound:first_seen_or_qdii_tplus2,False,False,True
159696,2025-07-14,1.5178,1.5178,0.34,场内买入,场内卖出,akshare:eastmoney:fund_etf_fund_info_em,10,2026-09-08T01:25:23+00:00,,2025-07-16T23:59:59+08:00,earliest_safe_bound:first_seen_or_qdii_tplus2,False,False,True
159696,2025-07-15,1.5199,1.5199,0.14,场内买入,场内卖出,akshare:eastmoney:fund_etf_fund_info_em,10,2026-09-08T01:25:23+00:00,,2025-07-17T23:59:59+08:00,earliest_safe_bound:first_seen_or_qdii_tplus2,False,False,True
159696,2025-07-16,1.522,1.522,0.14,场内买入,场内卖出,akshare:eastmoney:fund_etf_fund_info_em,10,2026-09-08T01:25:23+00:00,,2025-07-18T23:59:59+08:00,earliest_safe_bound:first_seen_or_qdii_tplus2,False,False,True
159696,2025-07-17,1.5319,1.5319,0.65,场内买入,场内卖出,akshare:eastmoney:fund_etf_fund_info_em,10,2026-09-08T01:25:23+00:00,,2025-07-21T23:59:59+08:00,earliest_safe_bound:first_seen_or_qdii_tplus2,False,False,True
159696,2025-07-18,1.5318,1.5318,-0.01,场内买入,场内卖出,akshare:eastmoney:fund_etf_fund_info_em,10,2026-09-08T01:25:23+00:00,,2025-07-22T23:59:59+08:00,earliest_safe_bound:first_seen_or_qdii_tplus2,False,False,True
159696,2025-07-21,1.5399,1.5399,0.53,场内买入,场内卖出,akshare:eastmoney:fund_etf_fund_info_em,10,2026-09-08T01:25:23+00:00,,2025-07-23T23:59:59+08:00,earliest_safe_bound:first_seen_or_qdii_tplus2,False,False,True
159696,2025-07-22,1.5308,1.5308,-0.59,场内买入,场内卖出,akshare:eastmoney:fund_etf_fund_info_em,10,2026-09-08T01:25:23+00:00,,2025-07-24T23:59:59+08:00,earliest_safe_bound:first_seen_or_qdii_tplus2,False,False,True
159696,2025-07-23,1.5364,1.5364,0.37,场内买入,场内卖出,akshare:eastmoney:fund_etf_fund_info_em,10,2026-09-08T01:25:23+00:00,,2025-07-25T23:59:59+08:00,earliest_safe_bound:first_seen_or_qdii_tplus2,False,False,True
159696,2025-07-24,1.5395,1.5395,0.2,场内买入,场内卖出,akshare:eastmoney:fund_etf_fund_info_em,10,2026-09-08T01:25:23+00:00,,2025-07-28T23:59:59+08:00,earliest_safe_bound:first_seen_or_qdii_tplus2,False,False,True
159696,2025-07-25,1.5437,1.5437,0.27,场内买入,场内卖出,akshare:eastmoney:fund_etf_fund_info_em,10,2026-09-08T01:25:23+00:00,,2025-07-29T23:59:59+08:00,earliest_safe_bound:first_seen_or_qdii_tplus2,False,False,True
159696,2025-07-28,1.5502,1.5502,0.42,场内买入,场内卖出,akshare:eastmoney:fund_etf_fund_info_em,10,2026-09-08T01:25:23+00:00,,2025-07-30T23:59:59+08:00,earliest_safe_bound:first_seen_or_qdii_tplus2,False,False,True
159696,2025-07-29,1.548,1.548,-0.14,场内买入,场内卖出,akshare:eastmoney:fund_etf_fund_info_em,10,2026-09-08T01:25:23+00:00,,2025-07-31T23:59:59+08:00,earliest_safe_bound:first_seen_or_qdii_tplus2,False,False,True
159696,2025-07-30,1.5489,1.5489,0.06,场内买入,场内卖出,akshare:eastmoney:fund_etf_fund_info_em,10,2026-09-08T01:25:23+00:00,,2025-08-01T23:59:59+08:00,earliest_safe_bound:first_seen_or_qdii_tplus2,False,False,True
159696,2025-07-31,1.5417,1.5417,-0.46,场内买入,场内卖出,akshare:eastmoney:fund_etf_fund_info_em,10,2026-09-08T01:25:23+00:00,,2025-08-04T23:59:59+08:00,earliest_safe_bound:first_seen_or_qdii_tplus2,False,False,True
159696,2025-08-01,1.5116,1.5116,-1.95,场内买入,场内卖出,akshare:eastmoney:fund_etf_fund_info_em,10,2026-09-08T01:25:23+00:00,,2025-08-05T23:59:59+08:00,earliest_safe_bound:first_seen_or_qdii_tplus2,False,False,True
159696,2025-08-04,1.5376,1.5376,1.72,场内买入,场内卖出,akshare:eastmoney:fund_etf_fund_info_em,10,2026-09-08T01:25:23+00:00,,2025-08-06T23:59:59+08:00,earliest_safe_bound:first_seen_or_qdii_tplus2,False,False,True
159696,2025-08-05,1.5257,1.5257,-0.77,场内买入,场内卖出,akshare:eastmoney:fund_etf_fund_info_em,10,2026-09-08T01:25:23+00:00,,2025-08-07T23:59:59+08:00,earliest_safe_bound:first_seen_or_qdii_tplus2,False,False,True
159696,2025-08-06,1.5462,1.5462,1.34,场内买入,场内卖出,akshare:eastmoney:fund_etf_fund_info_em,10,2026-09-08T01:25:23+00:00,,2025-08-08T23:59:59+08:00,earliest_safe_bound:first_seen_or_qdii_tplus2,False,False,True
159696,2025-08-07,1.5497,1.5497,0.23,场内买入,场内卖出,akshare:eastmoney:fund_etf_fund_info_em,10,2026-09-08T01:25:23+00:00,,2025-08-11T23:59:59+08:00,earliest_safe_bound:first_seen_or_qdii_tplus2,False,False,True
159696,2025-08-08,1.5652,1.5652,1.0,场内买入,场内卖出,akshare:eastmoney:fund_etf_fund_info_em,10,2026-09-08T01:25:23+00:00,,2025-08-12T23:59:59+08:00,earliest_safe_bound:first_seen_or_qdii_tplus2,False,False,True
159696,2025-08-11,1.5602,1.5602,-0.32,场内买入,场内卖出,akshare:eastmoney:fund_etf_fund_info_em,10,2026-09-08T01:25:23+00:00,,2025-08-13T23:59:59+08:00,earliest_safe_bound:first_seen_or_qdii_tplus2,False,False,True
159696,2025-08-12,1.5812,1.5812,1.35,场内买入,场内卖出,akshare:eastmoney:fund_etf_fund_info_em,10,2026-09-08T01:25:23+00:00,,2025-08-14T23:59:59+08:00,earliest_safe_bound:first_seen_or_qdii_tplus2,False,False,True
159696,2025-08-13,1.5803,1.5803,-0.06,场内买入,场内卖出,akshare:eastmoney:fund_etf_fund_info_em,10,2026-09-08T01:25:23+00:00,,2025-08-15T23:59:59+08:00,earliest_safe_bound:first_seen_or_qdii_tplus2,False,False,True
159696,2025-08-14,1.5789,1.5789,-0.09,场内买入,场内卖出,akshare:eastmoney:fund_etf_fund_info_em,10,2026-09-08T01:25:23+00:00,,2025-08-18T23:59:59+08:00,earliest_safe_bound:first_seen_or_qdii_tplus2,False,False,True
159696,2025-08-15,1.5718,1.5718,-0.45,场内买入,场内卖出,akshare:eastmoney:fund_etf_fund_info_em,10,2026-09-08T01:25:23+00:00,,2025-08-19T23:59:59+08:00,earliest_safe_bound:first_seen_or_qdii_tplus2,False,False,True
159696,2025-08-18,1.5708,1.5708,-0.06,场内买入,场内卖出,akshare:eastmoney:fund_etf_fund_info_em,10,2026-09-08T01:25:23+00:00,,2025-08-20T23:59:59+08:00,earliest_safe_bound:first_seen_or_qdii_tplus2,False,False,True
159696,2025-08-19,1.5498,1.5498,-1.34,场内买入,场内卖出,akshare:eastmoney:fund_etf_fund_info_em,10,2026-09-08T01:25:23+00:00,,2025-08-21T23:59:59+08:00,earliest_safe_bound:first_seen_or_qdii_tplus2,False,False,True
159696,2025-08-20,1.5414,1.5414,-0.54,场内买入,场内卖出,akshare:eastmoney:fund_etf_fund_info_em,10,2026-09-08T01:25:23+00:00,,2025-08-22T23:59:59+08:00,earliest_safe_bound:first_seen_or_qdii_tplus2,False,False,True
159696,2025-08-21,1.5324,1.5324,-0.58,场内买入,场内卖出,akshare:eastmoney:fund_etf_fund_info_em,10,2026-09-08T01:25:23+00:00,,2025-08-25T23:59:59+08:00,earliest_safe_bound:first_seen_or_qdii_tplus2,False,False,True
159696,2025-08-22,1.5567,1.5567,1.59,场内买入,场内卖出,akshare:eastmoney:fund_etf_fund_info_em,10,2026-09-08T01:25:23+00:00,,2025-08-26T23:59:59+08:00,earliest_safe_bound:first_seen_or_qdii_tplus2,False,False,True
159696,2025-08-25,1.5484,1.5484,-0.53,场内买入,场内卖出,akshare:eastmoney:fund_etf_fund_info_em,10,2026-09-08T01:25:23+00:00,,2025-08-27T23:59:59+08:00,earliest_safe_bound:first_seen_or_qdii_tplus2,False,False,True
159696,2025-08-26,1.5555,1.5555,0.46,场内买入,场内卖出,akshare:eastmoney:fund_etf_fund_info_em,10,2026-09-08T01:25:23+00:00,,2025-08-28T23:59:59+08:00,earliest_safe_bound:first_seen_or_qdii_tplus2,False,False,True
159696,2025-08-27,1.5564,1.5564,0.06,场内买入,场内卖出,akshare:eastmoney:fund_etf_fund_info_em,10,2026-09-08T01:25:23+00:00,,2025-08-29T23:59:59+08:00,earliest_safe_bound:first_seen_or_qdii_tplus2,False,False,True
159696,2025-08-28,1.5644,1.5644,0.51,场内买入,场内卖出,akshare:eastmoney:fund_etf_fund_info_em,10,2026-09-08T01:25:23+00:00,,2025-09-01T23:59:59+08:00,earliest_safe_bound:first_seen_or_qdii_tplus2,False,False,True
159696,2025-08-29,1.5449,1.5449,-1.25,场内买入,场内卖出,akshare:eastmoney:fund_etf_fund_info_em,10,2026-09-08T01:25:23+00:00,,2025-09-02T23:59:59+08:00,earliest_safe_bound:first_seen_or_qdii_tplus2,False,False,True
159696,2025-09-01,1.5457,1.5457,0.05,暂停申购,暂停赎回,akshare:eastmoney:fund_etf_fund_info_em,10,2026-09-08T01:25:23+00:00,,2025-09-03T23:59:59+08:00,earliest_safe_bound:first_seen_or_qdii_tplus2,False,False,True
159696,2025-09-02,1.5339,1.5339,-0.76,场内买入,场内卖出,akshare:eastmoney:fund_etf_fund_info_em,10,2026-09-08T01:25:23+00:00,,2025-09-04T23:59:59+08:00,earliest_safe_bound:first_seen_or_qdii_tplus2,False,False,True
159696,2025-09-03,1.5464,1.5464,0.81,场内买入,场内卖出,akshare:eastmoney:fund_etf_fund_info_em,10,2026-09-08T01:25:23+00:00,,2025-09-05T23:59:59+08:00,earliest_safe_bound:first_seen_or_qdii_tplus2,False,False,True
159696,2025-09-04,1.5596,1.5596,0.85,场内买入,场内卖出,akshare:eastmoney:fund_etf_fund_info_em,10,2026-09-08T01:25:23+00:00,,2025-09-08T23:59:59+08:00,earliest_safe_bound:first_seen_or_qdii_tplus2,False,False,True
159696,2025-09-05,1.5613,1.5613,0.11,场内买入,场内卖出,akshare:eastmoney:fund_etf_fund_info_em,10,2026-09-08T01:25:23+00:00,,2025-09-09T23:59:59+08:00,earliest_safe_bound:first_seen_or_qdii_tplus2,False,False,True
159696,2025-09-08,1.5678,1.5678,0.42,场内买入,场内卖出,akshare:eastmoney:fund_etf_fund_info_em,10,2026-09-08T01:25:23+00:00,,2025-09-10T23:59:59+08:00,earliest_safe_bound:first_seen_or_qdii_tplus2,False,False,True
159696,2025-09-09,1.5724,1.5724,0.29,场内买入,场内卖出,akshare:eastmoney:fund_etf_fund_info_em,10,2026-09-08T01:25:23+00:00,,2025-09-11T23:59:59+08:00,earliest_safe_bound:first_seen_or_qdii_tplus2,False,False,True
159696,2025-09-10,1.5742,1.5742,0.11,场内买入,场内卖出,akshare:eastmoney:fund_etf_fund_info_em,10,2026-09-08T01:25:23+00:00,,2025-09-12T23:59:59+08:00,earliest_safe_bound:first_seen_or_qdii_tplus2,False,False,True
159696,2025-09-11,1.583,1.583,0.56,场内买入,场内卖出,akshare:eastmoney:fund_etf_fund_info_em,10,2026-09-08T01:25:23+00:00,,2025-09-15T23:59:59+08:00,earliest_safe_bound:first_seen_or_qdii_tplus2,False,False,True
159696,2025-09-12,1.5892,1.5892,0.39,场内买入,场内卖出,akshare:eastmoney:fund_etf_fund_info_em,10,2026-09-08T01:25:23+00:00,,2025-09-16T23:59:59+08:00,earliest_safe_bound:first_seen_or_qdii_tplus2,False,False,True
159696,2025-09-15,1.6033,1.6033,0.89,场内买入,场内卖出,akshare:eastmoney:fund_etf_fund_info_em,10,2026-09-08T01:25:23+00:00,,2025-09-17T23:59:59+08:00,earliest_safe_bound:first_seen_or_qdii_tplus2,False,False,True
159696,2025-09-16,1.6014,1.6014,-0.12,场内买入,场内卖出,akshare:eastmoney:fund_etf_fund_info_em,10,2026-09-08T01:25:23+00:00,,2025-09-18T23:59:59+08:00,earliest_safe_bound:first_seen_or_qdii_tplus2,False,False,True
159696,2025-09-17,1.5977,1.5977,-0.23,场内买入,场内卖出,akshare:eastmoney:fund_etf_fund_info_em,10,2026-09-08T01:25:23+00:00,,2025-09-19T23:59:59+08:00,earliest_safe_bound:first_seen_or_qdii_tplus2,False,False,True
159696,2025-09-18,1.6145,1.6145,1.05,场内买入,场内卖出,akshare:eastmoney:fund_etf_fund_info_em,10,2026-09-08T01:25:23+00:00,,2025-09-22T23:59:59+08:00,earliest_safe_bound:first_seen_or_qdii_tplus2,False,False,True
159696,2025-09-19,1.6267,1.6267,0.76,场内买入,场内卖出,akshare:eastmoney:fund_etf_fund_info_em,10,2026-09-08T01:25:23+00:00,,2025-09-23T23:59:59+08:00,earliest_safe_bound:first_seen_or_qdii_tplus2,False,False,True
159696,2025-09-22,1.6352,1.6352,0.52,场内买入,场内卖出,akshare:eastmoney:fund_etf_fund_info_em,10,2026-09-08T01:25:23+00:00,,2025-09-24T23:59:59+08:00,earliest_safe_bound:first_seen_or_qdii_tplus2,False,False,True
159696,2025-09-23,1.6221,1.6221,-0.8,场内买入,场内卖出,akshare:eastmoney:fund_etf_fund_info_em,10,2026-09-08T01:25:23+00:00,,2025-09-25T23:59:59+08:00,earliest_safe_bound:first_seen_or_qdii_tplus2,False,False,True
159696,2025-09-24,1.6175,1.6175,-0.28,场内买入,场内卖出,akshare:eastmoney:fund_etf_fund_info_em,10,2026-09-08T01:25:23+00:00,,2025-09-26T23:59:59+08:00,earliest_safe_bound:first_seen_or_qdii_tplus2,False,False,True
159696,2025-09-25,1.6114,1.6114,-0.38,场内买入,场内卖出,akshare:eastmoney:fund_etf_fund_info_em,10,2026-09-08T01:25:23+00:00,,2025-09-29T23:59:59+08:00,earliest_safe_bound:first_seen_or_qdii_tplus2,False,False,True
159696,2025-09-26,1.6191,1.6191,0.48,场内买入,场内卖出,akshare:eastmoney:fund_etf_fund_info_em,10,2026-09-08T01:25:23+00:00,,2025-09-30T23:59:59+08:00,earliest_safe_bound:first_seen_or_qdii_tplus2,False,False,True
159696,2025-09-29,1.6248,1.6248,0.35,场内买入,场内卖出,akshare:eastmoney:fund_etf_fund_info_em,10,2026-09-08T01:25:23+00:00,,2025-10-09T23:59:59+08:00,earliest_safe_bound:first_seen_or_qdii_tplus2,False,False,True
159696,2025-09-30,1.6285,1.6285,0.23,场内买入,场内卖出,akshare:eastmoney:fund_etf_fund_info_em,10,2026-09-08T01:25:23+00:00,,2025-10-10T23:59:59+08:00,earliest_safe_bound:first_seen_or_qdii_tplus2,False,False,True
159696,2025-10-09,1.6571,1.6571,1.76,场内买入,场内卖出,akshare:eastmoney:fund_etf_fund_info_em,10,2026-09-08T01:25:23+00:00,,2025-10-13T23:59:59+08:00,earliest_safe_bound:first_seen_or_qdii_tplus2,False,False,True
159696,2025-10-10,1.5981,1.5981,-3.56,场内买入,场内卖出,akshare:eastmoney:fund_etf_fund_info_em,10,2026-09-08T01:25:23+00:00,,2025-10-14T23:59:59+08:00,earliest_safe_bound:first_seen_or_qdii_tplus2,False,False,True
159696,2025-10-13,1.6319,1.6319,2.12,场内买入,场内卖出,akshare:eastmoney:fund_etf_fund_info_em,10,2026-09-08T01:25:23+00:00,,2025-10-15T23:59:59+08:00,earliest_safe_bound:first_seen_or_qdii_tplus2,False,False,True
159696,2025-10-14,1.6209,1.6209,-0.67,场内买入,场内卖出,akshare:eastmoney:fund_etf_fund_info_em,10,2026-09-08T01:25:23+00:00,,2025-10-16T23:59:59+08:00,earliest_safe_bound:first_seen_or_qdii_tplus2,False,False,True
159696,2025-10-15,1.6312,1.6312,0.64,场内买入,场内卖出,akshare:eastmoney:fund_etf_fund_info_em,10,2026-09-08T01:25:23+00:00,,2025-10-17T23:59:59+08:00,earliest_safe_bound:first_seen_or_qdii_tplus2,False,False,True
159696,2025-10-16,1.6248,1.6248,-0.39,场内买入,场内卖出,akshare:eastmoney:fund_etf_fund_info_em,10,2026-09-08T01:25:23+00:00,,2025-10-20T23:59:59+08:00,earliest_safe_bound:first_seen_or_qdii_tplus2,False,False,True
159696,2025-10-17,1.6349,1.6349,0.62,场内买入,场内卖出,akshare:eastmoney:fund_etf_fund_info_em,10,2026-09-08T01:25:23+00:00,,2025-10-21T23:59:59+08:00,earliest_safe_bound:first_seen_or_qdii_tplus2,False,False,True
159696,2025-10-20,1.6566,1.6566,1.33,场内买入,场内卖出,akshare:eastmoney:fund_etf_fund_info_em,10,2026-09-08T01:25:23+00:00,,2025-10-22T23:59:59+08:00,earliest_safe_bound:first_seen_or_qdii_tplus2,False,False,True
159696,2025-10-21,1.6547,1.6547,-0.11,场内买入,场内卖出,akshare:eastmoney:fund_etf_fund_info_em,10,2026-09-08T01:25:23+00:00,,2025-10-23T23:59:59+08:00,earliest_safe_bound:first_seen_or_qdii_tplus2,False,False,True
159696,2025-10-22,1.6389,1.6389,-0.95,场内买入,场内卖出,akshare:eastmoney:fund_etf_fund_info_em,10,2026-09-08T01:25:23+00:00,,2025-10-24T23:59:59+08:00,earliest_safe_bound:first_seen_or_qdii_tplus2,False,False,True
159696,2025-10-23,1.6524,1.6524,0.82,场内买入,场内卖出,akshare:eastmoney:fund_etf_fund_info_em,10,2026-09-08T01:25:23+00:00,,2025-10-27T23:59:59+08:00,earliest_safe_bound:first_seen_or_qdii_tplus2,False,False,True
159696,2025-10-24,1.6697,1.6697,1.05,场内买入,场内卖出,akshare:eastmoney:fund_etf_fund_info_em,10,2026-09-08T01:25:23+00:00,,2025-10-28T23:59:59+08:00,earliest_safe_bound:first_seen_or_qdii_tplus2,False,False,True
159696,2025-10-27,1.6989,1.6989,1.75,场内买入,场内卖出,akshare:eastmoney:fund_etf_fund_info_em,10,2026-09-08T01:25:23+00:00,,2025-10-29T23:59:59+08:00,earliest_safe_bound:first_seen_or_qdii_tplus2,False,False,True
159696,2025-10-28,1.7109,1.7109,0.71,场内买入,场内卖出,akshare:eastmoney:fund_etf_fund_info_em,10,2026-09-08T01:25:23+00:00,,2025-10-30T23:59:59+08:00,earliest_safe_bound:first_seen_or_qdii_tplus2,False,False,True
159696,2025-10-29,1.7176,1.7176,0.39,场内买入,场内卖出,akshare:eastmoney:fund_etf_fund_info_em,10,2026-09-08T01:25:23+00:00,,2025-10-31T23:59:59+08:00,earliest_safe_bound:first_seen_or_qdii_tplus2,False,False,True
159696,2025-10-30,1.6928,1.6928,-1.44,场内买入,场内卖出,akshare:eastmoney:fund_etf_fund_info_em,10,2026-09-08T01:25:23+00:00,,2025-11-03T23:59:59+08:00,earliest_safe_bound:first_seen_or_qdii_tplus2,False,False,True
159696,2025-10-31,1.7014,1.7014,0.51,场内买入,场内卖出,akshare:eastmoney:fund_etf_fund_info_em,10,2026-09-08T01:25:23+00:00,,2025-11-04T23:59:59+08:00,earliest_safe_bound:first_seen_or_qdii_tplus2,False,False,True
159696,2025-11-03,1.7085,1.7085,0.42,场内买入,场内卖出,akshare:eastmoney:fund_etf_fund_info_em,10,2026-09-08T01:25:23+00:00,,2025-11-05T23:59:59+08:00,earliest_safe_bound:first_seen_or_qdii_tplus2,False,False,True
159696,2025-11-04,1.6737,1.6737,-2.04,场内买入,场内卖出,akshare:eastmoney:fund_etf_fund_info_em,10,2026-09-08T01:25:23+00:00,,2025-11-06T23:59:59+08:00,earliest_safe_bound:first_seen_or_qdii_tplus2,False,False,True
159696,2025-11-05,1.6861,1.6861,0.74,场内买入,场内卖出,akshare:eastmoney:fund_etf_fund_info_em,10,2026-09-08T01:25:23+00:00,,2025-11-07T23:59:59+08:00,earliest_safe_bound:first_seen_or_qdii_tplus2,False,False,True
159696,2025-11-06,1.6531,1.6531,-1.96,场内买入,场内卖出,akshare:eastmoney:fund_etf_fund_info_em,10,2026-09-08T01:25:23+00:00,,2025-11-10T23:59:59+08:00,earliest_safe_bound:first_seen_or_qdii_tplus2,False,False,True
159696,2025-11-07,1.6478,1.6478,-0.32,场内买入,场内卖出,akshare:eastmoney:fund_etf_fund_info_em,10,2026-09-08T01:25:23+00:00,,2025-11-11T23:59:59+08:00,earliest_safe_bound:first_seen_or_qdii_tplus2,False,False,True
159696,2025-11-10,1.6845,1.6845,2.23,场内买入,场内卖出,akshare:eastmoney:fund_etf_fund_info_em,10,2026-09-08T01:25:23+00:00,,2025-11-12T23:59:59+08:00,earliest_safe_bound:first_seen_or_qdii_tplus2,False,False,True
159696,2025-11-11,1.6796,1.6796,-0.29,场内买入,场内卖出,akshare:eastmoney:fund_etf_fund_info_em,10,2026-09-08T01:25:23+00:00,,2025-11-13T23:59:59+08:00,earliest_safe_bound:first_seen_or_qdii_tplus2,False,False,True
159696,2025-11-12,1.6778,1.6778,-0.11,场内买入,场内卖出,akshare:eastmoney:fund_etf_fund_info_em,10,2026-09-08T01:25:23+00:00,,2025-11-14T23:59:59+08:00,earliest_safe_bound:first_seen_or_qdii_tplus2,False,False,True
159696,2025-11-13,1.6442,1.6442,-2.0,场内买入,场内卖出,akshare:eastmoney:fund_etf_fund_info_em,10,2026-09-08T01:25:23+00:00,,2025-11-17T23:59:59+08:00,earliest_safe_bound:first_seen_or_qdii_tplus2,False,False,True
159696,2025-11-14,1.6444,1.6444,0.01,场内买入,场内卖出,akshare:eastmoney:fund_etf_fund_info_em,10,2026-09-08T01:25:23+00:00,,2025-11-18T23:59:59+08:00,earliest_safe_bound:first_seen_or_qdii_tplus2,False,False,True
159696,2025-11-17,1.6304,1.6304,-0.85,场内买入,场内卖出,akshare:eastmoney:fund_etf_fund_info_em,10,2026-09-08T01:25:23+00:00,,2025-11-19T23:59:59+08:00,earliest_safe_bound:first_seen_or_qdii_tplus2,False,False,True
159696,2025-11-18,1.6119,1.6119,-1.13,场内买入,场内卖出,akshare:eastmoney:fund_etf_fund_info_em,10,2026-09-08T01:25:23+00:00,,2025-11-20T23:59:59+08:00,earliest_safe_bound:first_seen_or_qdii_tplus2,False,False,True
159696,2025-11-19,1.6212,1.6212,0.58,场内买入,场内卖出,akshare:eastmoney:fund_etf_fund_info_em,10,2026-09-08T01:25:23+00:00,,2025-11-21T23:59:59+08:00,earliest_safe_bound:first_seen_or_qdii_tplus2,False,False,True
159696,2025-11-20,1.5837,1.5837,-2.31,场内买入,场内卖出,akshare:eastmoney:fund_etf_fund_info_em,10,2026-09-08T01:25:23+00:00,,2025-11-24T23:59:59+08:00,earliest_safe_bound:first_seen_or_qdii_tplus2,False,False,True
159696,2025-11-21,1.5953,1.5953,0.73,场内买入,场内卖出,akshare:eastmoney:fund_etf_fund_info_em,10,2026-09-08T01:25:23+00:00,,2025-11-25T23:59:59+08:00,earliest_safe_bound:first_seen_or_qdii_tplus2,False,False,True
159696,2025-11-24,1.6362,1.6362,2.56,场内买入,场内卖出,akshare:eastmoney:fund_etf_fund_info_em,10,2026-09-08T01:25:23+00:00,,2025-11-26T23:59:59+08:00,earliest_safe_bound:first_seen_or_qdii_tplus2,False,False,True
159696,2025-11-25,1.6451,1.6451,0.54,场内买入,场内卖出,akshare:eastmoney:fund_etf_fund_info_em,10,2026-09-08T01:25:23+00:00,,2025-11-27T23:59:59+08:00,earliest_safe_bound:first_seen_or_qdii_tplus2,False,False,True
159696,2025-11-26,1.6588,1.6588,0.83,场内买入,场内卖出,akshare:eastmoney:fund_etf_fund_info_em,10,2026-09-08T01:25:23+00:00,,2025-11-28T23:59:59+08:00,earliest_safe_bound:first_seen_or_qdii_tplus2,False,False,True
159696,2025-11-27,1.6584,1.6584,-0.02,暂停申购,暂停赎回,akshare:eastmoney:fund_etf_fund_info_em,10,2026-09-08T01:25:23+00:00,,2025-12-01T23:59:59+08:00,earliest_safe_bound:first_seen_or_qdii_tplus2,False,False,True
159696,2025-11-28,1.6715,1.6715,0.79,场内买入,场内卖出,akshare:eastmoney:fund_etf_fund_info_em,10,2026-09-08T01:25:23+00:00,,2025-12-02T23:59:59+08:00,earliest_safe_bound:first_seen_or_qdii_tplus2,False,False,True
159696,2025-12-01,1.6648,1.6648,-0.4,场内买入,场内卖出,akshare:eastmoney:fund_etf_fund_info_em,10,2026-09-08T01:25:23+00:00,,2025-12-03T23:59:59+08:00,earliest_safe_bound:first_seen_or_qdii_tplus2,False,False,True
159696,2025-12-02,1.6795,1.6795,0.88,场内买入,场内卖出,akshare:eastmoney:fund_etf_fund_info_em,10,2026-09-08T01:25:23+00:00,,2025-12-04T23:59:59+08:00,earliest_safe_bound:first_seen_or_qdii_tplus2,False,False,True
159696,2025-12-03,1.682,1.682,0.15,场内买入,场内卖出,akshare:eastmoney:fund_etf_fund_info_em,10,2026-09-08T01:25:23+00:00,,2025-12-05T23:59:59+08:00,earliest_safe_bound:first_seen_or_qdii_tplus2,False,False,True
159696,2025-12-04,1.6799,1.6799,-0.12,场内买入,场内卖出,akshare:eastmoney:fund_etf_fund_info_em,10,2026-09-08T01:25:23+00:00,,2025-12-08T23:59:59+08:00,earliest_safe_bound:first_seen_or_qdii_tplus2,False,False,True
159696,2025-12-05,1.6876,1.6876,0.46,场内买入,场内卖出,akshare:eastmoney:fund_etf_fund_info_em,10,2026-09-08T01:25:23+00:00,,2025-12-09T23:59:59+08:00,earliest_safe_bound:first_seen_or_qdii_tplus2,False,False,True
159696,2025-12-08,1.6838,1.6838,-0.23,场内买入,场内卖出,akshare:eastmoney:fund_etf_fund_info_em,10,2026-09-08T01:25:23+00:00,,2025-12-10T23:59:59+08:00,earliest_safe_bound:first_seen_or_qdii_tplus2,False,False,True
159696,2025-12-09,1.6866,1.6866,0.17,场内买入,场内卖出,akshare:eastmoney:fund_etf_fund_info_em,10,2026-09-08T01:25:23+00:00,,2025-12-11T23:59:59+08:00,earliest_safe_bound:first_seen_or_qdii_tplus2,False,False,True
159696,2025-12-10,1.6931,1.6931,0.39,场内买入,场内卖出,akshare:eastmoney:fund_etf_fund_info_em,10,2026-09-08T01:25:23+00:00,,2025-12-12T23:59:59+08:00,earliest_safe_bound:first_seen_or_qdii_tplus2,False,False,True
159696,2025-12-11,1.6858,1.6858,-0.43,场内买入,场内卖出,akshare:eastmoney:fund_etf_fund_info_em,10,2026-09-08T01:25:23+00:00,,2025-12-15T23:59:59+08:00,earliest_safe_bound:first_seen_or_qdii_tplus2,False,False,True
159696,2025-12-12,1.6526,1.6526,-1.97,场内买入,场内卖出,akshare:eastmoney:fund_etf_fund_info_em,10,2026-09-08T01:25:23+00:00,,2025-12-16T23:59:59+08:00,earliest_safe_bound:first_seen_or_qdii_tplus2,False,False,True
159696,2025-12-15,1.6447,1.6447,-0.48,场内买入,场内卖出,akshare:eastmoney:fund_etf_fund_info_em,10,2026-09-08T01:25:23+00:00,,2025-12-17T23:59:59+08:00,earliest_safe_bound:first_seen_or_qdii_tplus2,False,False,True
159696,2025-12-16,1.6476,1.6476,0.18,场内买入,场内卖出,akshare:eastmoney:fund_etf_fund_info_em,10,2026-09-08T01:25:23+00:00,,2025-12-18T23:59:59+08:00,earliest_safe_bound:first_seen_or_qdii_tplus2,False,False,True
159696,2025-12-17,1.6154,1.6154,-1.95,场内买入,场内卖出,akshare:eastmoney:fund_etf_fund_info_em,10,2026-09-08T01:25:23+00:00,,2025-12-19T23:59:59+08:00,earliest_safe_bound:first_seen_or_qdii_tplus2,False,False,True
159696,2025-12-18,1.6398,1.6398,1.51,场内买入,场内卖出,akshare:eastmoney:fund_etf_fund_info_em,10,2026-09-08T01:25:23+00:00,,2025-12-22T23:59:59+08:00,earliest_safe_bound:first_seen_or_qdii_tplus2,False,False,True
159696,2025-12-19,1.6603,1.6603,1.25,场内买入,场内卖出,akshare:eastmoney:fund_etf_fund_info_em,10,2026-09-08T01:25:23+00:00,,2025-12-23T23:59:59+08:00,earliest_safe_bound:first_seen_or_qdii_tplus2,False,False,True
159696,2025-12-22,1.6683,1.6683,0.48,场内买入,场内卖出,akshare:eastmoney:fund_etf_fund_info_em,10,2026-09-08T01:25:23+00:00,,2025-12-24T23:59:59+08:00,earliest_safe_bound:first_seen_or_qdii_tplus2,False,False,True
159696,2025-12-23,1.6754,1.6754,0.43,场内买入,场内卖出,akshare:eastmoney:fund_etf_fund_info_em,10,2026-09-08T01:25:23+00:00,,2025-12-25T23:59:59+08:00,earliest_safe_bound:first_seen_or_qdii_tplus2,False,False,True
159696,2025-12-24,1.6787,1.6787,0.2,场内买入,场内卖出,akshare:eastmoney:fund_etf_fund_info_em,10,2026-09-08T01:25:23+00:00,,2025-12-26T23:59:59+08:00,earliest_safe_bound:first_seen_or_qdii_tplus2,False,False,True
159696,2025-12-25,1.6769,1.6769,-0.11,暂停申购,暂停赎回,akshare:eastmoney:fund_etf_fund_info_em,10,2026-09-08T01:25:23+00:00,,2025-12-29T23:59:59+08:00,earliest_safe_bound:first_seen_or_qdii_tplus2,False,False,True
159696,2025-12-26,1.6753,1.6753,-0.1,场内买入,场内卖出,akshare:eastmoney:fund_etf_fund_info_em,10,2026-09-08T01:25:23+00:00,,2025-12-30T23:59:59+08:00,earliest_safe_bound:first_seen_or_qdii_tplus2,False,False,True
159696,2025-12-29,1.6669,1.6669,-0.5,场内买入,场内卖出,akshare:eastmoney:fund_etf_fund_info_em,10,2026-09-08T01:25:23+00:00,,2025-12-31T23:59:59+08:00,earliest_safe_bound:first_seen_or_qdii_tplus2,False,False,True
159696,2025-12-30,1.6632,1.6632,-0.22,场内买入,场内卖出,akshare:eastmoney:fund_etf_fund_info_em,10,2026-09-08T01:25:23+00:00,,2026-01-05T23:59:59+08:00,earliest_safe_bound:first_seen_or_qdii_tplus2,False,False,True
159696,2025-12-31,1.648,1.648,-0.91,场内买入,场内卖出,akshare:eastmoney:fund_etf_fund_info_em,10,2026-09-08T01:25:23+00:00,,2026-01-06T23:59:59+08:00,earliest_safe_bound:first_seen_or_qdii_tplus2,False,False,True
159696,2026-01-05,1.6565,1.6565,0.52,场内买入,场内卖出,akshare:eastmoney:fund_etf_fund_info_em,10,2026-09-08T01:25:23+00:00,,2026-01-07T23:59:59+08:00,earliest_safe_bound:first_seen_or_qdii_tplus2,False,False,True
159696,2026-01-06,1.6707,1.6707,0.86,场内买入,场内卖出,akshare:eastmoney:fund_etf_fund_info_em,10,2026-09-08T01:25:23+00:00,,2026-01-08T23:59:59+08:00,earliest_safe_bound:first_seen_or_qdii_tplus2,False,False,True
159696,2026-01-07,1.6719,1.6719,0.07,场内买入,场内卖出,akshare:eastmoney:fund_etf_fund_info_em,10,2026-09-08T01:25:23+00:00,,2026-01-09T23:59:59+08:00,earliest_safe_bound:first_seen_or_qdii_tplus2,False,False,True
159696,2026-01-08,1.6626,1.6626,-0.56,场内买入,场内卖出,akshare:eastmoney:fund_etf_fund_info_em,10,2026-09-08T01:25:23+00:00,,2026-01-12T23:59:59+08:00,earliest_safe_bound:first_seen_or_qdii_tplus2,False,False,True
159696,2026-01-09,1.6778,1.6778,0.91,场内买入,场内卖出,akshare:eastmoney:fund_etf_fund_info_em,10,2026-09-08T01:25:23+00:00,,2026-01-13T23:59:59+08:00,earliest_safe_bound:first_seen_or_qdii_tplus2,False,False,True
159696,2026-01-12,1.6787,1.6787,0.05,场内买入,场内卖出,akshare:eastmoney:fund_etf_fund_info_em,10,2026-09-08T01:25:23+00:00,,2026-01-14T23:59:59+08:00,earliest_safe_bound:first_seen_or_qdii_tplus2,False,False,True
159696,2026-01-13,1.6755,1.6755,-0.19,场内买入,场内卖出,akshare:eastmoney:fund_etf_fund_info_em,10,2026-09-08T01:25:23+00:00,,2026-01-15T23:59:59+08:00,earliest_safe_bound:first_seen_or_qdii_tplus2,False,False,True
159696,2026-01-14,1.6581,1.6581,-1.04,场内买入,场内卖出,akshare:eastmoney:fund_etf_fund_info_em,10,2026-09-08T01:25:23+00:00,,2026-01-16T23:59:59+08:00,earliest_safe_bound:first_seen_or_qdii_tplus2,False,False,True
159696,2026-01-15,1.662,1.662,0.24,场内买入,场内卖出,akshare:eastmoney:fund_etf_fund_info_em,10,2026-09-08T01:25:23+00:00,,2026-01-19T23:59:59+08:00,earliest_safe_bound:first_seen_or_qdii_tplus2,False,False,True
159696,2026-01-16,1.6612,1.6612,-0.05,场内买入,场内卖出,akshare:eastmoney:fund_etf_fund_info_em,10,2026-09-08T01:25:23+00:00,,2026-01-20T23:59:59+08:00,earliest_safe_bound:first_seen_or_qdii_tplus2,False,False,True
159696,2026-01-19,1.6605,1.6605,-0.04,暂停申购,暂停赎回,akshare:eastmoney:fund_etf_fund_info_em,10,2026-09-08T01:25:23+00:00,,2026-01-21T23:59:59+08:00,earliest_safe_bound:first_seen_or_qdii_tplus2,False,False,True
159696,2026-01-20,1.6242,1.6242,-2.19,场内买入,场内卖出,akshare:eastmoney:fund_etf_fund_info_em,10,2026-09-08T01:25:23+00:00,,2026-01-22T23:59:59+08:00,earliest_safe_bound:first_seen_or_qdii_tplus2,False,False,True
159696,2026-01-21,1.6464,1.6464,1.37,场内买入,场内卖出,akshare:eastmoney:fund_etf_fund_info_em,10,2026-09-08T01:25:23+00:00,,2026-01-23T23:59:59+08:00,earliest_safe_bound:first_seen_or_qdii_tplus2,False,False,True
159696,2026-01-22,1.659,1.659,0.77,场内买入,场内卖出,akshare:eastmoney:fund_etf_fund_info_em,10,2026-09-08T01:25:23+00:00,,2026-01-26T23:59:59+08:00,earliest_safe_bound:first_seen_or_qdii_tplus2,False,False,True
159696,2026-01-23,1.6626,1.6626,0.22,场内买入,场内卖出,akshare:eastmoney:fund_etf_fund_info_em,10,2026-09-08T01:25:23+00:00,,2026-01-27T23:59:59+08:00,earliest_safe_bound:first_seen_or_qdii_tplus2,False,False,True
159696,2026-01-26,1.6675,1.6675,0.29,场内买入,场内卖出,akshare:eastmoney:fund_etf_fund_info_em,10,2026-09-08T01:25:23+00:00,,2026-01-28T23:59:59+08:00,earliest_safe_bound:first_seen_or_qdii_tplus2,False,False,True
159696,2026-01-27,1.6825,1.6825,0.9,场内买入,场内卖出,akshare:eastmoney:fund_etf_fund_info_em,10,2026-09-08T01:25:23+00:00,,2026-01-29T23:59:59+08:00,earliest_safe_bound:first_seen_or_qdii_tplus2,False,False,True
159696,2026-01-28,1.6855,1.6855,0.18,场内买入,场内卖出,akshare:eastmoney:fund_etf_fund_info_em,10,2026-09-08T01:25:23+00:00,,2026-01-30T23:59:59+08:00,earliest_safe_bound:first_seen_or_qdii_tplus2,False,False,True
159696,2026-01-29,1.6768,1.6768,-0.52,场内买入,场内卖出,akshare:eastmoney:fund_etf_fund_info_em,10,2026-09-08T01:25:23+00:00,,2026-02-02T23:59:59+08:00,earliest_safe_bound:first_seen_or_qdii_tplus2,False,False,True
159696,2026-01-30,1.6534,1.6534,-1.4,场内买入,场内卖出,akshare:eastmoney:fund_etf_fund_info_em,10,2026-09-08T01:25:23+00:00,,2026-02-03T23:59:59+08:00,earliest_safe_bound:first_seen_or_qdii_tplus2,False,False,True
159696,2026-02-02,1.6657,1.6657,0.74,场内买入,场内卖出,akshare:eastmoney:fund_etf_fund_info_em,10,2026-09-08T01:25:23+00:00,,2026-02-04T23:59:59+08:00,earliest_safe_bound:first_seen_or_qdii_tplus2,False,False,True
159696,2026-02-03,1.638,1.638,-1.66,场内买入,场内卖出,akshare:eastmoney:fund_etf_fund_info_em,10,2026-09-08T01:25:23+00:00,,2026-02-05T23:59:59+08:00,earliest_safe_bound:first_seen_or_qdii_tplus2,False,False,True
159696,2026-02-04,1.6075,1.6075,-1.86,场内买入,场内卖出,akshare:eastmoney:fund_etf_fund_info_em,10,2026-09-08T01:25:23+00:00,,2026-02-06T23:59:59+08:00,earliest_safe_bound:first_seen_or_qdii_tplus2,False,False,True
159696,2026-02-05,1.5862,1.5862,-1.33,场内买入,场内卖出,akshare:eastmoney:fund_etf_fund_info_em,10,2026-09-08T01:25:23+00:00,,2026-02-09T23:59:59+08:00,earliest_safe_bound:first_seen_or_qdii_tplus2,False,False,True
159696,2026-02-06,1.6204,1.6204,2.16,场内买入,场内卖出,akshare:eastmoney:fund_etf_fund_info_em,10,2026-09-08T01:25:23+00:00,,2026-02-10T23:59:59+08:00,earliest_safe_bound:first_seen_or_qdii_tplus2,False,False,True
159696,2026-02-09,1.6314,1.6314,0.68,场内买入,场内卖出,akshare:eastmoney:fund_etf_fund_info_em,10,2026-09-08T01:25:23+00:00,,2026-02-11T23:59:59+08:00,earliest_safe_bound:first_seen_or_qdii_tplus2,False,False,True
159696,2026-02-10,1.6209,1.6209,-0.64,场内买入,场内卖出,akshare:eastmoney:fund_etf_fund_info_em,10,2026-09-08T01:25:23+00:00,,2026-02-12T23:59:59+08:00,earliest_safe_bound:first_seen_or_qdii_tplus2,False,False,True
159696,2026-02-11,1.6252,1.6252,0.27,场内买入,场内卖出,akshare:eastmoney:fund_etf_fund_info_em,10,2026-09-08T01:25:23+00:00,,2026-02-13T23:59:59+08:00,earliest_safe_bound:first_seen_or_qdii_tplus2,False,False,True
159696,2026-02-12,1.5925,1.5925,-2.01,场内买入,场内卖出,akshare:eastmoney:fund_etf_fund_info_em,10,2026-09-08T01:25:23+00:00,,2026-02-24T23:59:59+08:00,earliest_safe_bound:first_seen_or_qdii_tplus2,False,False,True
159696,2026-02-13,1.5943,1.5943,0.11,场内买入,场内卖出,akshare:eastmoney:fund_etf_fund_info_em,10,2026-09-08T01:25:23+00:00,,2026-02-25T23:59:59+08:00,earliest_safe_bound:first_seen_or_qdii_tplus2,False,False,True
159696,2026-02-24,1.6103,1.6103,1.0,场内买入,场内卖出,akshare:eastmoney:fund_etf_fund_info_em,10,2026-09-08T01:25:23+00:00,,2026-02-26T23:59:59+08:00,earliest_safe_bound:first_seen_or_qdii_tplus2,False,False,True
159696,2026-02-25,1.6308,1.6308,1.27,场内买入,场内卖出,akshare:eastmoney:fund_etf_fund_info_em,10,2026-09-08T01:25:23+00:00,,2026-02-27T23:59:59+08:00,earliest_safe_bound:first_seen_or_qdii_tplus2,False,False,True
159696,2026-02-26,1.6097,1.6097,-1.29,场内买入,场内卖出,akshare:eastmoney:fund_etf_fund_info_em,10,2026-09-08T01:25:23+00:00,,2026-03-02T23:59:59+08:00,earliest_safe_bound:first_seen_or_qdii_tplus2,False,False,True
159696,2026-02-27,1.6051,1.6051,-0.29,场内买入,场内卖出,akshare:eastmoney:fund_etf_fund_info_em,10,2026-09-08T01:25:23+00:00,,2026-03-03T23:59:59+08:00,earliest_safe_bound:first_seen_or_qdii_tplus2,False,False,True
159696,2026-03-02,1.6073,1.6073,0.14,场内买入,场内卖出,akshare:eastmoney:fund_etf_fund_info_em,10,2026-09-08T01:25:23+00:00,,2026-03-04T23:59:59+08:00,earliest_safe_bound:first_seen_or_qdii_tplus2,False,False,True
159696,2026-03-03,1.5866,1.5866,-1.29,场内买入,场内卖出,akshare:eastmoney:fund_etf_fund_info_em,10,2026-09-08T01:25:23+00:00,,2026-03-05T23:59:59+08:00,earliest_safe_bound:first_seen_or_qdii_tplus2,False,False,True
159696,2026-03-04,1.6112,1.6112,1.55,场内买入,场内卖出,akshare:eastmoney:fund_etf_fund_info_em,10,2026-09-08T01:25:23+00:00,,2026-03-06T23:59:59+08:00,earliest_safe_bound:first_seen_or_qdii_tplus2,False,False,True
159696,2026-03-05,1.604,1.604,-0.45,场内买入,场内卖出,akshare:eastmoney:fund_etf_fund_info_em,10,2026-09-08T01:25:23+00:00,,2026-03-09T23:59:59+08:00,earliest_safe_bound:first_seen_or_qdii_tplus2,False,False,True
159696,2026-03-06,1.5804,1.5804,-1.47,场内买入,场内卖出,akshare:eastmoney:fund_etf_fund_info_em,10,2026-09-08T01:25:23+00:00,,2026-03-10T23:59:59+08:00,earliest_safe_bound:first_seen_or_qdii_tplus2,False,False,True
159696,2026-03-09,1.6041,1.6041,1.5,场内买入,场内卖出,akshare:eastmoney:fund_etf_fund_info_em,10,2026-09-08T01:25:23+00:00,,2026-03-11T23:59:59+08:00,earliest_safe_bound:first_seen_or_qdii_tplus2,False,False,True
159696,2026-03-10,1.5996,1.5996,-0.28,场内买入,场内卖出,akshare:eastmoney:fund_etf_fund_info_em,10,2026-09-08T01:25:23+00:00,,2026-03-12T23:59:59+08:00,earliest_safe_bound:first_seen_or_qdii_tplus2,False,False,True
159696,2026-03-11,1.5987,1.5987,-0.06,场内买入,场内卖出,akshare:eastmoney:fund_etf_fund_info_em,10,2026-09-08T01:25:23+00:00,,2026-03-13T23:59:59+08:00,earliest_safe_bound:first_seen_or_qdii_tplus2,False,False,True
159696,2026-03-12,1.572,1.572,-1.67,场内买入,场内卖出,akshare:eastmoney:fund_etf_fund_info_em,10,2026-09-08T01:25:23+00:00,,2026-03-16T23:59:59+08:00,earliest_safe_bound:first_seen_or_qdii_tplus2,False,False,True
159696,2026-03-13,1.5634,1.5634,-0.55,场内买入,场内卖出,akshare:eastmoney:fund_etf_fund_info_em,10,2026-09-08T01:25:23+00:00,,2026-03-17T23:59:59+08:00,earliest_safe_bound:first_seen_or_qdii_tplus2,False,False,True
159696,2026-03-16,1.582,1.582,1.19,场内买入,场内卖出,akshare:eastmoney:fund_etf_fund_info_em,10,2026-09-08T01:25:23+00:00,,2026-03-18T23:59:59+08:00,earliest_safe_bound:first_seen_or_qdii_tplus2,False,False,True
159696,2026-03-17,1.5879,1.5879,0.37,场内买入,场内卖出,akshare:eastmoney:fund_etf_fund_info_em,10,2026-09-08T01:25:23+00:00,,2026-03-19T23:59:59+08:00,earliest_safe_bound:first_seen_or_qdii_tplus2,False,False,True
159696,2026-03-18,1.564,1.564,-1.51,场内买入,场内卖出,akshare:eastmoney:fund_etf_fund_info_em,10,2026-09-08T01:25:23+00:00,,2026-03-20T23:59:59+08:00,earliest_safe_bound:first_seen_or_qdii_tplus2,False,False,True
159696,2026-03-19,1.561,1.561,-0.19,场内买入,场内卖出,akshare:eastmoney:fund_etf_fund_info_em,10,2026-09-08T01:25:23+00:00,,2026-03-23T23:59:59+08:00,earliest_safe_bound:first_seen_or_qdii_tplus2,False,False,True
159696,2026-03-20,1.5301,1.5301,-1.98,场内买入,场内卖出,akshare:eastmoney:fund_etf_fund_info_em,10,2026-09-08T01:25:23+00:00,,2026-03-24T23:59:59+08:00,earliest_safe_bound:first_seen_or_qdii_tplus2,False,False,True
159696,2026-03-23,1.5518,1.5518,1.42,场内买入,场内卖出,akshare:eastmoney:fund_etf_fund_info_em,10,2026-09-08T01:25:23+00:00,,2026-03-25T23:59:59+08:00,earliest_safe_bound:first_seen_or_qdii_tplus2,False,False,True
159696,2026-03-24,1.5378,1.5378,-0.9,场内买入,场内卖出,akshare:eastmoney:fund_etf_fund_info_em,10,2026-09-08T01:25:23+00:00,,2026-03-26T23:59:59+08:00,earliest_safe_bound:first_seen_or_qdii_tplus2,False,False,True
159696,2026-03-25,1.5473,1.5473,0.62,场内买入,场内卖出,akshare:eastmoney:fund_etf_fund_info_em,10,2026-09-08T01:25:23+00:00,,2026-03-27T23:59:59+08:00,earliest_safe_bound:first_seen_or_qdii_tplus2,False,False,True
159696,2026-03-26,1.5135,1.5135,-2.18,场内买入,场内卖出,akshare:eastmoney:fund_etf_fund_info_em,10,2026-09-08T01:25:23+00:00,,2026-03-30T23:59:59+08:00,earliest_safe_bound:first_seen_or_qdii_tplus2,False,False,True
159696,2026-03-27,1.4861,1.4861,-1.81,场内买入,场内卖出,akshare:eastmoney:fund_etf_fund_info_em,10,2026-09-08T01:25:23+00:00,,2026-03-31T23:59:59+08:00,earliest_safe_bound:first_seen_or_qdii_tplus2,False,False,True
159696,2026-03-30,1.4762,1.4762,-0.67,场内买入,场内卖出,akshare:eastmoney:fund_etf_fund_info_em,10,2026-09-08T01:25:23+00:00,,2026-04-01T23:59:59+08:00,earliest_safe_bound:first_seen_or_qdii_tplus2,False,False,True
159696,2026-03-31,1.526,1.526,3.37,场内买入,场内卖出,akshare:eastmoney:fund_etf_fund_info_em,10,2026-09-08T01:25:23+00:00,,2026-04-02T23:59:59+08:00,earliest_safe_bound:first_seen_or_qdii_tplus2,False,False,True
159696,2026-04-01,1.5404,1.5404,0.94,场内买入,场内卖出,akshare:eastmoney:fund_etf_fund_info_em,10,2026-09-08T01:25:23+00:00,,2026-04-03T23:59:59+08:00,earliest_safe_bound:first_seen_or_qdii_tplus2,False,False,True
159696,2026-04-02,1.5391,1.5391,-0.08,场内买入,场内卖出,akshare:eastmoney:fund_etf_fund_info_em,10,2026-09-08T01:25:23+00:00,,2026-04-07T23:59:59+08:00,earliest_safe_bound:first_seen_or_qdii_tplus2,False,False,True
159696,2026-04-03,1.5401,1.5401,0.06,暂停申购,暂停赎回,akshare:eastmoney:fund_etf_fund_info_em,10,2026-09-08T01:25:23+00:00,,2026-04-08T23:59:59+08:00,earliest_safe_bound:first_seen_or_qdii_tplus2,False,False,True
159696,2026-04-07,1.5484,1.5484,0.54,场内买入,场内卖出,akshare:eastmoney:fund_etf_fund_info_em,10,2026-09-08T01:25:23+00:00,,2026-04-09T23:59:59+08:00,earliest_safe_bound:first_seen_or_qdii_tplus2,False,False,True
159696,2026-04-08,1.5893,1.5893,2.64,场内买入,场内卖出,akshare:eastmoney:fund_etf_fund_info_em,10,2026-09-08T01:25:23+00:00,,2026-04-10T23:59:59+08:00,earliest_safe_bound:first_seen_or_qdii_tplus2,False,False,True
159696,2026-04-09,1.5999,1.5999,0.67,场内买入,场内卖出,akshare:eastmoney:fund_etf_fund_info_em,10,2026-09-08T01:25:23+00:00,,2026-04-13T23:59:59+08:00,earliest_safe_bound:first_seen_or_qdii_tplus2,False,False,True
159696,2026-04-10,1.6022,1.6022,0.14,场内买入,场内卖出,akshare:eastmoney:fund_etf_fund_info_em,10,2026-09-08T01:25:23+00:00,,2026-04-14T23:59:59+08:00,earliest_safe_bound:first_seen_or_qdii_tplus2,False,False,True
159696,2026-04-13,1.6191,1.6191,1.05,场内买入,场内卖出,akshare:eastmoney:fund_etf_fund_info_em,10,2026-09-08T01:25:23+00:00,,2026-04-15T23:59:59+08:00,earliest_safe_bound:first_seen_or_qdii_tplus2,False,False,True
159696,2026-04-14,1.6467,1.6467,1.7,场内买入,场内卖出,akshare:eastmoney:fund_etf_fund_info_em,10,2026-09-08T01:25:23+00:00,,2026-04-16T23:59:59+08:00,earliest_safe_bound:first_seen_or_qdii_tplus2,False,False,True
159696,2026-04-15,1.6695,1.6695,1.38,场内买入,场内卖出,akshare:eastmoney:fund_etf_fund_info_em,10,2026-09-08T01:25:23+00:00,,2026-04-17T23:59:59+08:00,earliest_safe_bound:first_seen_or_qdii_tplus2,False,False,True
159696,2026-04-16,1.6784,1.6784,0.53,场内买入,场内卖出,akshare:eastmoney:fund_etf_fund_info_em,10,2026-09-08T01:25:23+00:00,,2026-04-20T23:59:59+08:00,earliest_safe_bound:first_seen_or_qdii_tplus2,False,False,True
159696,2026-04-17,1.7002,1.7002,1.3,场内买入,场内卖出,akshare:eastmoney:fund_etf_fund_info_em,10,2026-09-08T01:25:23+00:00,,2026-04-21T23:59:59+08:00,earliest_safe_bound:first_seen_or_qdii_tplus2,False,False,True
159696,2026-04-20,1.6955,1.6955,-0.28,场内买入,场内卖出,akshare:eastmoney:fund_etf_fund_info_em,10,2026-09-08T01:25:23+00:00,,2026-04-22T23:59:59+08:00,earliest_safe_bound:first_seen_or_qdii_tplus2,False,False,True
159696,2026-04-21,1.6871,1.6871,-0.5,场内买入,场内卖出,akshare:eastmoney:fund_etf_fund_info_em,10,2026-09-08T01:25:23+00:00,,2026-04-23T23:59:59+08:00,earliest_safe_bound:first_seen_or_qdii_tplus2,False,False,True
159696,2026-04-22,1.7172,1.7172,1.78,场内买入,场内卖出,akshare:eastmoney:fund_etf_fund_info_em,10,2026-09-08T01:25:23+00:00,,2026-04-24T23:59:59+08:00,earliest_safe_bound:first_seen_or_qdii_tplus2,False,False,True
159696,2026-04-23,1.7077,1.7077,-0.55,场内买入,场内卖出,akshare:eastmoney:fund_etf_fund_info_em,10,2026-09-08T01:25:23+00:00,,2026-04-27T23:59:59+08:00,earliest_safe_bound:first_seen_or_qdii_tplus2,False,False,True
159696,2026-04-24,1.7413,1.7413,1.97,场内买入,场内卖出,akshare:eastmoney:fund_etf_fund_info_em,10,2026-09-08T01:25:23+00:00,,2026-04-28T23:59:59+08:00,earliest_safe_bound:first_seen_or_qdii_tplus2,False,False,True
159696,2026-04-27,1.7391,1.7391,-0.13,场内买入,场内卖出,akshare:eastmoney:fund_etf_fund_info_em,10,2026-09-08T01:25:23+00:00,,2026-04-29T23:59:59+08:00,earliest_safe_bound:first_seen_or_qdii_tplus2,False,False,True
159696,2026-04-28,1.7218,1.7218,-0.99,场内买入,场内卖出,akshare:eastmoney:fund_etf_fund_info_em,10,2026-09-08T01:25:23+00:00,,2026-04-30T23:59:59+08:00,earliest_safe_bound:first_seen_or_qdii_tplus2,False,False,True
159696,2026-04-29,1.7323,1.7323,0.61,场内买入,场内卖出,akshare:eastmoney:fund_etf_fund_info_em,10,2026-09-08T01:25:23+00:00,,2026-05-06T23:59:59+08:00,earliest_safe_bound:first_seen_or_qdii_tplus2,False,False,True
159696,2026-04-30,1.7496,1.7496,1.0,场内买入,场内卖出,akshare:eastmoney:fund_etf_fund_info_em,10,2026-09-08T01:25:23+00:00,,2026-05-07T23:59:59+08:00,earliest_safe_bound:first_seen_or_qdii_tplus2,False,False,True
159696,2026-05-06,1.8209,1.8209,4.08,场内买入,场内卖出,akshare:eastmoney:fund_etf_fund_info_em,10,2026-09-08T01:25:23+00:00,,2026-05-08T23:59:59+08:00,earliest_safe_bound:first_seen_or_qdii_tplus2,False,False,True
159696,2026-05-07,1.8167,1.8167,-0.23,场内买入,场内卖出,akshare:eastmoney:fund_etf_fund_info_em,10,2026-09-08T01:25:23+00:00,,2026-05-11T23:59:59+08:00,earliest_safe_bound:first_seen_or_qdii_tplus2,False,False,True
159696,2026-05-08,1.8597,1.8597,2.37,场内买入,场内卖出,akshare:eastmoney:fund_etf_fund_info_em,10,2026-09-08T01:25:23+00:00,,2026-05-12T23:59:59+08:00,earliest_safe_bound:first_seen_or_qdii_tplus2,False,False,True
159696,2026-05-11,1.8643,1.8643,0.25,场内买入,场内卖出,akshare:eastmoney:fund_etf_fund_info_em,10,2026-09-08T01:25:23+00:00,,2026-05-13T23:59:59+08:00,earliest_safe_bound:first_seen_or_qdii_tplus2,False,False,True
159696,2026-05-12,1.847,1.847,-0.93,场内买入,场内卖出,akshare:eastmoney:fund_etf_fund_info_em,10,2026-09-08T01:25:23+00:00,,2026-05-14T23:59:59+08:00,earliest_safe_bound:first_seen_or_qdii_tplus2,False,False,True
159696,2026-05-13,1.8663,1.8663,1.04,场内买入,场内卖出,akshare:eastmoney:fund_etf_fund_info_em,10,2026-09-08T01:25:23+00:00,,2026-05-15T23:59:59+08:00,earliest_safe_bound:first_seen_or_qdii_tplus2,False,False,True
159696,2026-05-14,1.879,1.879,0.68,场内买入,场内卖出,akshare:eastmoney:fund_etf_fund_info_em,10,2026-09-08T01:25:23+00:00,,2026-05-18T23:59:59+08:00,earliest_safe_bound:first_seen_or_qdii_tplus2,False,False,True
159696,2026-05-15,1.8508,1.8508,-1.5,场内买入,场内卖出,akshare:eastmoney:fund_etf_fund_info_em,10,2026-09-08T01:25:23+00:00,,2026-05-19T23:59:59+08:00,earliest_safe_bound:first_seen_or_qdii_tplus2,False,False,True
159696,2026-05-18,1.8429,1.8429,-0.43,场内买入,场内卖出,akshare:eastmoney:fund_etf_fund_info_em,10,2026-09-08T01:25:23+00:00,,2026-05-20T23:59:59+08:00,earliest_safe_bound:first_seen_or_qdii_tplus2,False,False,True
159696,2026-05-19,1.8303,1.8303,-0.68,场内买入,场内卖出,akshare:eastmoney:fund_etf_fund_info_em,10,2026-09-08T01:25:23+00:00,,2026-05-21T23:59:59+08:00,earliest_safe_bound:first_seen_or_qdii_tplus2,False,False,True
159696,2026-05-20,1.8611,1.8611,1.68,场内买入,场内卖出,akshare:eastmoney:fund_etf_fund_info_em,10,2026-09-08T01:25:23+00:00,,2026-05-22T23:59:59+08:00,earliest_safe_bound:first_seen_or_qdii_tplus2,False,False,True
159696,2026-05-21,1.8638,1.8638,0.15,场内买入,场内卖出,akshare:eastmoney:fund_etf_fund_info_em,10,2026-09-08T01:25:23+00:00,,2026-05-25T23:59:59+08:00,earliest_safe_bound:first_seen_or_qdii_tplus2,False,False,True
159696,2026-05-22,1.8722,1.8722,0.45,场内买入,场内卖出,akshare:eastmoney:fund_etf_fund_info_em,10,2026-09-08T01:25:23+00:00,,2026-05-26T23:59:59+08:00,earliest_safe_bound:first_seen_or_qdii_tplus2,False,False,True
159696,2026-05-25,1.8707,1.8707,-0.08,暂停申购,暂停赎回,akshare:eastmoney:fund_etf_fund_info_em,10,2026-09-08T01:25:23+00:00,,2026-05-27T23:59:59+08:00,earliest_safe_bound:first_seen_or_qdii_tplus2,False,False,True
159696,2026-05-26,1.9027,1.9027,1.71,场内买入,场内卖出,akshare:eastmoney:fund_etf_fund_info_em,10,2026-09-08T01:25:23+00:00,,2026-05-28T23:59:59+08:00,earliest_safe_bound:first_seen_or_qdii_tplus2,False,False,True
159696,2026-05-27,1.901,1.901,-0.09,场内买入,场内卖出,akshare:eastmoney:fund_etf_fund_info_em,10,2026-09-08T01:25:23+00:00,,2026-05-29T23:59:59+08:00,earliest_safe_bound:first_seen_or_qdii_tplus2,False,False,True
159696,2026-05-28,1.9155,1.9155,0.76,场内买入,场内卖出,akshare:eastmoney:fund_etf_fund_info_em,10,2026-09-08T01:25:23+00:00,,2026-06-01T23:59:59+08:00,earliest_safe_bound:first_seen_or_qdii_tplus2,False,False,True
159696,2026-05-29,1.9207,1.9207,0.27,场内买入,场内卖出,akshare:eastmoney:fund_etf_fund_info_em,10,2026-09-08T01:25:23+00:00,,2026-06-02T23:59:59+08:00,earliest_safe_bound:first_seen_or_qdii_tplus2,False,False,True
159696,2026-06-01,1.9317,1.9317,0.57,场内买入,场内卖出,akshare:eastmoney:fund_etf_fund_info_em,10,2026-09-08T01:25:23+00:00,,2026-06-03T23:59:59+08:00,earliest_safe_bound:first_seen_or_qdii_tplus2,False,False,True
159696,2026-06-02,1.9415,1.9415,0.51,场内买入,场内卖出,akshare:eastmoney:fund_etf_fund_info_em,10,2026-09-08T01:25:23+00:00,,2026-06-04T23:59:59+08:00,earliest_safe_bound:first_seen_or_qdii_tplus2,False,False,True
159696,2026-06-03,1.9358,1.9358,-0.29,场内买入,场内卖出,akshare:eastmoney:fund_etf_fund_info_em,10,2026-09-08T01:25:23+00:00,,2026-06-05T23:59:59+08:00,earliest_safe_bound:first_seen_or_qdii_tplus2,False,False,True
159696,2026-06-04,1.9264,1.9264,-0.49,场内买入,场内卖出,akshare:eastmoney:fund_etf_fund_info_em,10,2026-09-08T01:25:23+00:00,,2026-06-08T23:59:59+08:00,earliest_safe_bound:first_seen_or_qdii_tplus2,False,False,True
159696,2026-06-05,1.8337,1.8337,-4.81,场内买入,场内卖出,akshare:eastmoney:fund_etf_fund_info_em,10,2026-09-08T01:25:23+00:00,,2026-06-09T23:59:59+08:00,earliest_safe_bound:first_seen_or_qdii_tplus2,False,False,True
159696,2026-06-08,1.8635,1.8635,1.63,场内买入,场内卖出,akshare:eastmoney:fund_etf_fund_info_em,10,2026-09-08T01:25:23+00:00,,2026-06-10T23:59:59+08:00,earliest_safe_bound:first_seen_or_qdii_tplus2,False,False,True
159696,2026-06-09,1.8413,1.8413,-1.19,场内买入,场内卖出,akshare:eastmoney:fund_etf_fund_info_em,10,2026-09-08T01:25:23+00:00,,2026-06-11T23:59:59+08:00,earliest_safe_bound:first_seen_or_qdii_tplus2,False,False,True
159696,2026-06-10,1.8045,1.8045,-2.0,场内买入,场内卖出,akshare:eastmoney:fund_etf_fund_info_em,10,2026-09-08T01:25:23+00:00,,2026-06-12T23:59:59+08:00,earliest_safe_bound:first_seen_or_qdii_tplus2,False,False,True
159696,2026-06-11,1.864,1.864,3.3,场内买入,场内卖出,akshare:eastmoney:fund_etf_fund_info_em,10,2026-09-08T01:25:23+00:00,,2026-06-15T23:59:59+08:00,earliest_safe_bound:first_seen_or_qdii_tplus2,False,False,True
159696,2026-06-12,1.875,1.875,0.59,场内买入,场内卖出,akshare:eastmoney:fund_etf_fund_info_em,10,2026-09-08T01:25:23+00:00,,2026-06-16T23:59:59+08:00,earliest_safe_bound:first_seen_or_qdii_tplus2,False,False,True
159696,2026-06-15,1.9317,1.9317,3.02,场内买入,场内卖出,akshare:eastmoney:fund_etf_fund_info_em,10,2026-09-08T01:25:23+00:00,,2026-06-17T23:59:59+08:00,earliest_safe_bound:first_seen_or_qdii_tplus2,False,False,True
159696,2026-06-16,1.896,1.896,-1.85,场内买入,场内卖出,akshare:eastmoney:fund_etf_fund_info_em,10,2026-09-08T01:25:23+00:00,,2026-06-18T23:59:59+08:00,earliest_safe_bound:first_seen_or_qdii_tplus2,False,False,True
159696,2026-06-17,1.8762,1.8762,-1.04,场内买入,场内卖出,akshare:eastmoney:fund_etf_fund_info_em,10,2026-09-08T01:25:23+00:00,,2026-06-22T23:59:59+08:00,earliest_safe_bound:first_seen_or_qdii_tplus2,False,False,True
159696,2026-06-18,1.9234,1.9234,2.52,场内买入,场内卖出,akshare:eastmoney:fund_etf_fund_info_em,10,2026-09-08T01:25:23+00:00,,2026-06-23T23:59:59+08:00,earliest_safe_bound:first_seen_or_qdii_tplus2,False,False,True
159696,2026-06-22,1.9201,1.9201,-0.17,场内买入,场内卖出,akshare:eastmoney:fund_etf_fund_info_em,10,2026-09-08T01:25:23+00:00,,2026-06-24T23:59:59+08:00,earliest_safe_bound:first_seen_or_qdii_tplus2,False,False,True
159696,2026-06-23,1.8574,1.8574,-3.27,场内买入,场内卖出,akshare:eastmoney:fund_etf_fund_info_em,10,2026-09-08T01:25:23+00:00,,2026-06-25T23:59:59+08:00,earliest_safe_bound:first_seen_or_qdii_tplus2,False,False,True
159696,2026-06-24,1.8499,1.8499,-0.4,场内买入,场内卖出,akshare:eastmoney:fund_etf_fund_info_em,10,2026-09-08T01:25:23+00:00,,2026-06-26T23:59:59+08:00,earliest_safe_bound:first_seen_or_qdii_tplus2,False,False,True
159696,2026-06-25,1.8641,1.8641,0.77,场内买入,场内卖出,akshare:eastmoney:fund_etf_fund_info_em,10,2026-09-08T01:25:23+00:00,,2026-06-29T23:59:59+08:00,earliest_safe_bound:first_seen_or_qdii_tplus2,False,False,True
159696,2026-06-26,1.8425,1.8425,-1.16,场内买入,场内卖出,akshare:eastmoney:fund_etf_fund_info_em,10,2026-09-08T01:25:23+00:00,,2026-06-30T23:59:59+08:00,earliest_safe_bound:first_seen_or_qdii_tplus2,False,False,True
159696,2026-06-29,1.8843,1.8843,2.27,场内买入,场内卖出,akshare:eastmoney:fund_etf_fund_info_em,10,2026-09-08T01:25:23+00:00,,2026-07-01T23:59:59+08:00,earliest_safe_bound:first_seen_or_qdii_tplus2,False,False,True
159696,2026-06-30,1.9141,1.9141,1.58,场内买入,场内卖出,akshare:eastmoney:fund_etf_fund_info_em,10,2026-09-08T01:25:23+00:00,,2026-07-02T23:59:59+08:00,earliest_safe_bound:first_seen_or_qdii_tplus2,False,False,True
159696,2026-07-01,1.8837,1.8837,-1.59,场内买入,场内卖出,akshare:eastmoney:fund_etf_fund_info_em,10,2026-09-08T01:25:23+00:00,,2026-07-03T23:59:59+08:00,earliest_safe_bound:first_seen_or_qdii_tplus2,False,False,True
159696,2026-07-02,1.8537,1.8537,-1.59,场内买入,场内卖出,akshare:eastmoney:fund_etf_fund_info_em,10,2026-09-08T01:25:23+00:00,,2026-07-06T23:59:59+08:00,earliest_safe_bound:first_seen_or_qdii_tplus2,False,False,True
159696,2026-07-03,1.8526,1.8526,-0.06,暂停申购,暂停赎回,akshare:eastmoney:fund_etf_fund_info_em,10,2026-09-08T01:25:23+00:00,,2026-07-07T23:59:59+08:00,earliest_safe_bound:first_seen_or_qdii_tplus2,False,False,True
159696,2026-07-06,1.8765,1.8765,1.29,场内买入,场内卖出,akshare:eastmoney:fund_etf_fund_info_em,10,2026-09-08T01:25:23+00:00,,2026-07-08T23:59:59+08:00,earliest_safe_bound:first_seen_or_qdii_tplus2,False,False,True
159696,2026-07-07,1.8429,1.8429,-1.79,场内买入,场内卖出,akshare:eastmoney:fund_etf_fund_info_em,10,2026-09-08T01:25:23+00:00,,2026-07-09T23:59:59+08:00,earliest_safe_bound:first_seen_or_qdii_tplus2,False,False,True
159696,2026-07-08,1.8485,1.8485,0.3,场内买入,场内卖出,akshare:eastmoney:fund_etf_fund_info_em,10,2026-09-08T01:25:23+00:00,,2026-07-10T23:59:59+08:00,earliest_safe_bound:first_seen_or_qdii_tplus2,False,False,True
159696,2026-07-09,1.8773,1.8773,1.56,场内买入,场内卖出,akshare:eastmoney:fund_etf_fund_info_em,10,2026-09-08T01:25:23+00:00,,2026-07-13T23:59:59+08:00,earliest_safe_bound:first_seen_or_qdii_tplus2,False,False,True
159696,2026-07-10,1.8822,1.8822,0.26,场内买入,场内卖出,akshare:eastmoney:fund_etf_fund_info_em,10,2026-09-08T01:25:23+00:00,,2026-07-14T23:59:59+08:00,earliest_safe_bound:first_seen_or_qdii_tplus2,False,False,True
159696,2026-07-13,1.8463,1.8463,-1.91,场内买入,场内卖出,akshare:eastmoney:fund_etf_fund_info_em,10,2026-09-08T01:25:23+00:00,,2026-07-15T23:59:59+08:00,earliest_safe_bound:first_seen_or_qdii_tplus2,False,False,True
159696,2026-07-14,1.8671,1.8671,1.13,场内买入,场内卖出,akshare:eastmoney:fund_etf_fund_info_em,10,2026-09-08T01:25:23+00:00,,2026-07-16T23:59:59+08:00,earliest_safe_bound:first_seen_or_qdii_tplus2,False,False,True
159696,2026-07-15,1.8596,1.8596,-0.4,场内买入,场内卖出,akshare:eastmoney:fund_etf_fund_info_em,10,2026-09-08T01:25:23+00:00,,2026-07-17T23:59:59+08:00,earliest_safe_bound:first_seen_or_qdii_tplus2,False,False,True
159696,2026-07-16,1.8295,1.8295,-1.62,场内买入,场内卖出,akshare:eastmoney:fund_etf_fund_info_em,10,2026-09-08T01:25:23+00:00,,2026-07-20T23:59:59+08:00,earliest_safe_bound:first_seen_or_qdii_tplus2,False,False,True
159696,2026-07-17,1.8028,1.8028,-1.46,场内买入,场内卖出,akshare:eastmoney:fund_etf_fund_info_em,10,2026-09-08T01:25:23+00:00,,2026-07-21T23:59:59+08:00,earliest_safe_bound:first_seen_or_qdii_tplus2,False,False,True
159696,2026-07-20,1.8038,1.8038,0.06,场内买入,场内卖出,akshare:eastmoney:fund_etf_fund_info_em,10,2026-09-08T01:25:23+00:00,,2026-07-22T23:59:59+08:00,earliest_safe_bound:first_seen_or_qdii_tplus2,False,False,True
159696,2026-07-21,1.8376,1.8376,1.87,场内买入,场内卖出,akshare:eastmoney:fund_etf_fund_info_em,10,2026-09-08T01:25:23+00:00,,2026-07-23T23:59:59+08:00,earliest_safe_bound:first_seen_or_qdii_tplus2,False,False,True
159696,2026-07-22,1.8282,1.8282,-0.51,场内买入,场内卖出,akshare:eastmoney:fund_etf_fund_info_em,10,2026-09-08T01:25:23+00:00,,2026-07-24T23:59:59+08:00,earliest_safe_bound:first_seen_or_qdii_tplus2,False,False,True
159696,2026-07-23,1.7932,1.7932,-1.91,场内买入,场内卖出,akshare:eastmoney:fund_etf_fund_info_em,10,2026-09-08T01:25:23+00:00,,2026-07-27T23:59:59+08:00,earliest_safe_bound:first_seen_or_qdii_tplus2,False,False,True
159696,2026-07-24,1.7735,1.7735,-1.1,场内买入,场内卖出,akshare:eastmoney:fund_etf_fund_info_em,10,2026-09-08T01:25:23+00:00,,2026-07-28T23:59:59+08:00,earliest_safe_bound:first_seen_or_qdii_tplus2,False,False,True
159696,2026-07-27,1.7671,1.7671,-0.36,场内买入,场内卖出,akshare:eastmoney:fund_etf_fund_info_em,10,2026-09-08T01:25:23+00:00,,2026-07-29T23:59:59+08:00,earliest_safe_bound:first_seen_or_qdii_tplus2,False,False,True
159696,2026-07-28,1.7503,1.7503,-0.95,场内买入,场内卖出,akshare:eastmoney:fund_etf_fund_info_em,10,2026-09-08T01:25:23+00:00,,2026-07-30T23:59:59+08:00,earliest_safe_bound:first_seen_or_qdii_tplus2,False,False,True
159696,2026-07-29,1.7136,1.7136,-2.1,场内买入,场内卖出,akshare:eastmoney:fund_etf_fund_info_em,10,2026-09-08T01:25:23+00:00,,2026-07-31T23:59:59+08:00,earliest_safe_bound:first_seen_or_qdii_tplus2,False,False,True
159696,2026-07-30,1.7708,1.7708,3.34,场内买入,场内卖出,akshare:eastmoney:fund_etf_fund_info_em,10,2026-09-08T01:25:23+00:00,,2026-08-03T23:59:59+08:00,earliest_safe_bound:first_seen_or_qdii_tplus2,False,False,True
159696,2026-07-31,1.7814,1.7814,0.6,场内买入,场内卖出,akshare:eastmoney:fund_etf_fund_info_em,10,2026-09-08T01:25:23+00:00,,2026-08-04T23:59:59+08:00,earliest_safe_bound:first_seen_or_qdii_tplus2,False,False,True
159696,2026-08-03,1.813,1.813,1.77,场内买入,场内卖出,akshare:eastmoney:fund_etf_fund_info_em,10,2026-09-08T01:25:23+00:00,,2026-08-05T23:59:59+08:00,earliest_safe_bound:first_seen_or_qdii_tplus2,False,False,True
159696,2026-08-04,1.8736,1.8736,3.34,场内买入,场内卖出,akshare:eastmoney:fund_etf_fund_info_em,10,2026-09-08T01:25:23+00:00,,2026-08-06T23:59:59+08:00,earliest_safe_bound:first_seen_or_qdii_tplus2,False,False,True
159696,2026-08-05,1.8574,1.8574,-0.86,场内买入,场内卖出,akshare:eastmoney:fund_etf_fund_info_em,10,2026-09-08T01:25:23+00:00,,2026-08-07T23:59:59+08:00,earliest_safe_bound:first_seen_or_qdii_tplus2,False,False,True
159696,2026-08-06,1.8503,1.8503,-0.38,场内买入,场内卖出,akshare:eastmoney:fund_etf_fund_info_em,10,2026-09-08T01:25:23+00:00,,2026-08-10T23:59:59+08:00,earliest_safe_bound:first_seen_or_qdii_tplus2,False,False,True
159696,2026-08-07,1.8724,1.8724,1.19,场内买入,场内卖出,akshare:eastmoney:fund_etf_fund_info_em,10,2026-09-08T01:25:23+00:00,,2026-08-11T23:59:59+08:00,earliest_safe_bound:first_seen_or_qdii_tplus2,False,False,True
159696,2026-08-10,1.8657,1.8657,-0.36,场内买入,场内卖出,akshare:eastmoney:fund_etf_fund_info_em,10,2026-09-08T01:25:23+00:00,,2026-08-12T23:59:59+08:00,earliest_safe_bound:first_seen_or_qdii_tplus2,False,False,True
159696,2026-08-11,1.86,1.86,-0.31,场内买入,场内卖出,akshare:eastmoney:fund_etf_fund_info_em,10,2026-09-08T01:25:23+00:00,,2026-08-13T23:59:59+08:00,earliest_safe_bound:first_seen_or_qdii_tplus2,False,False,True
159696,2026-08-12,1.8732,1.8732,0.71,场内买入,场内卖出,akshare:eastmoney:fund_etf_fund_info_em,10,2026-09-08T01:25:23+00:00,,2026-08-14T23:59:59+08:00,earliest_safe_bound:first_seen_or_qdii_tplus2,False,False,True
159696,2026-08-13,1.8948,1.8948,1.15,场内买入,场内卖出,akshare:eastmoney:fund_etf_fund_info_em,10,2026-09-08T01:25:23+00:00,,2026-08-17T23:59:59+08:00,earliest_safe_bound:first_seen_or_qdii_tplus2,False,False,True
159696,2026-08-14,1.8922,1.8922,-0.14,场内买入,场内卖出,akshare:eastmoney:fund_etf_fund_info_em,10,2026-09-08T01:25:23+00:00,,2026-08-18T23:59:59+08:00,earliest_safe_bound:first_seen_or_qdii_tplus2,False,False,True
159696,2026-08-17,1.8888,1.8888,-0.18,场内买入,场内卖出,akshare:eastmoney:fund_etf_fund_info_em,10,2026-09-08T01:25:23+00:00,,2026-08-19T23:59:59+08:00,earliest_safe_bound:first_seen_or_qdii_tplus2,False,False,True
159696,2026-08-18,1.8579,1.8579,-1.64,场内买入,场内卖出,akshare:eastmoney:fund_etf_fund_info_em,10,2026-09-08T01:25:23+00:00,,2026-08-20T23:59:59+08:00,earliest_safe_bound:first_seen_or_qdii_tplus2,False,False,True
159696,2026-08-19,1.8524,1.8524,-0.3,场内买入,场内卖出,akshare:eastmoney:fund_etf_fund_info_em,10,2026-09-08T01:25:23+00:00,,2026-08-21T23:59:59+08:00,earliest_safe_bound:first_seen_or_qdii_tplus2,False,False,True
159696,2026-08-20,1.838,1.838,-0.78,场内买入,场内卖出,akshare:eastmoney:fund_etf_fund_info_em,10,2026-09-08T01:25:23+00:00,,2026-08-24T23:59:59+08:00,earliest_safe_bound:first_seen_or_qdii_tplus2,False,False,True
159696,2026-08-21,1.8444,1.8444,0.35,场内买入,场内卖出,akshare:eastmoney:fund_etf_fund_info_em,10,2026-09-08T01:43:09+00:00,,2026-08-25T23:59:59+08:00,earliest_safe_bound:first_seen_or_qdii_tplus2,False,False,True
159696,2026-08-24,1.8269,1.8269,-0.95,场内买入,场内卖出,akshare:eastmoney:fund_etf_fund_info_em,10,2026-09-08T01:43:09+00:00,,2026-08-26T23:59:59+08:00,earliest_safe_bound:first_seen_or_qdii_tplus2,False,False,True
159696,2026-08-25,1.8389,1.8389,0.66,场内买入,场内卖出,akshare:eastmoney:fund_etf_fund_info_em,10,2026-09-08T01:43:09+00:00,,2026-08-27T23:59:59+08:00,earliest_safe_bound:first_seen_or_qdii_tplus2,False,False,True
159696,2026-08-26,1.8392,1.8392,0.02,场内买入,场内卖出,akshare:eastmoney:fund_etf_fund_info_em,10,2026-09-08T01:43:09+00:00,,2026-08-28T23:59:59+08:00,earliest_safe_bound:first_seen_or_qdii_tplus2,False,False,True
159696,2026-08-27,1.8657,1.8657,1.44,场内买入,场内卖出,akshare:eastmoney:fund_etf_fund_info_em,10,2026-09-08T01:43:09+00:00,,2026-08-31T23:59:59+08:00,earliest_safe_bound:first_seen_or_qdii_tplus2,False,False,True
159696,2026-08-28,1.8519,1.8519,-0.74,场内买入,场内卖出,akshare:eastmoney:fund_etf_fund_info_em,10,2026-09-08T01:43:09+00:00,,2026-09-01T23:59:59+08:00,earliest_safe_bound:first_seen_or_qdii_tplus2,False,False,True
159696,2026-08-31,1.8537,1.8537,0.1,场内买入,场内卖出,akshare:eastmoney:fund_etf_fund_info_em,10,2026-09-08T01:43:09+00:00,,2026-09-02T23:59:59+08:00,earliest_safe_bound:first_seen_or_qdii_tplus2,False,False,True
159696,2026-09-01,1.8293,1.8293,-1.32,场内买入,场内卖出,akshare:eastmoney:fund_etf_fund_info_em,10,2026-09-08T01:43:09+00:00,,2026-09-03T23:59:59+08:00,earliest_safe_bound:first_seen_or_qdii_tplus2,False,False,True
159696,2026-09-02,1.834,1.834,0.26,场内买入,场内卖出,akshare:eastmoney:fund_etf_fund_info_em,10,2026-09-08T01:43:09+00:00,,2026-09-04T23:59:59+08:00,earliest_safe_bound:first_seen_or_qdii_tplus2,False,False,True
159696,2026-09-03,1.8548,1.8548,1.13,场内买入,场内卖出,akshare:eastmoney:fund_etf_fund_info_em,10,2026-09-08T01:43:09+00:00,,2026-09-07T23:59:59+08:00,earliest_safe_bound:first_seen_or_qdii_tplus2,False,False,True
159696,2026-09-04,1.8583,1.8583,0.19,场内买入,场内卖出,akshare:eastmoney:fund_etf_fund_info_em,10,2026-09-08T02:21:05+00:00,,2026-09-08T10:21:05+08:00,first_seen_ingestion_bound,False,False,True
159941,2025-06-16,1.187,4.748,1.41,场内买入,场内卖出,akshare:eastmoney:fund_etf_fund_info_em,10,2026-09-08T01:22:48+00:00,,2025-06-18T23:59:59+08:00,earliest_safe_bound:first_seen_or_qdii_tplus2,False,False,True
159941,2025-06-17,1.1746,4.6984,-1.04,场内买入,场内卖出,akshare:eastmoney:fund_etf_fund_info_em,10,2026-09-08T01:22:48+00:00,,2025-06-19T23:59:59+08:00,earliest_safe_bound:first_seen_or_qdii_tplus2,False,False,True
159941,2025-06-18,1.1749,4.6996,0.03,场内买入,场内卖出,akshare:eastmoney:fund_etf_fund_info_em,10,2026-09-08T01:22:48+00:00,,2025-06-20T23:59:59+08:00,earliest_safe_bound:first_seen_or_qdii_tplus2,False,False,True
159941,2025-06-19,1.1744,4.6976,-0.04,暂停申购,暂停赎回,akshare:eastmoney:fund_etf_fund_info_em,10,2026-09-08T01:22:48+00:00,,2025-06-23T23:59:59+08:00,earliest_safe_bound:first_seen_or_qdii_tplus2,False,False,True
159941,2025-06-20,1.1697,4.6788,-0.4,场内买入,场内卖出,akshare:eastmoney:fund_etf_fund_info_em,10,2026-09-08T01:22:48+00:00,,2025-06-24T23:59:59+08:00,earliest_safe_bound:first_seen_or_qdii_tplus2,False,False,True
159941,2025-06-23,1.1814,4.7256,1.0,场内买入,场内卖出,akshare:eastmoney:fund_etf_fund_info_em,10,2026-09-08T01:22:48+00:00,,2025-06-25T23:59:59+08:00,earliest_safe_bound:first_seen_or_qdii_tplus2,False,False,True
159941,2025-06-24,1.1976,4.7904,1.37,场内买入,场内卖出,akshare:eastmoney:fund_etf_fund_info_em,10,2026-09-08T01:22:48+00:00,,2025-06-26T23:59:59+08:00,earliest_safe_bound:first_seen_or_qdii_tplus2,False,False,True
159941,2025-06-25,1.2004,4.8016,0.23,场内买入,场内卖出,akshare:eastmoney:fund_etf_fund_info_em,10,2026-09-08T01:22:48+00:00,,2025-06-27T23:59:59+08:00,earliest_safe_bound:first_seen_or_qdii_tplus2,False,False,True
159941,2025-06-26,1.2107,4.8428,0.86,场内买入,场内卖出,akshare:eastmoney:fund_etf_fund_info_em,10,2026-09-08T01:22:48+00:00,,2025-06-30T23:59:59+08:00,earliest_safe_bound:first_seen_or_qdii_tplus2,False,False,True
159941,2025-06-27,1.215,4.86,0.36,场内买入,场内卖出,akshare:eastmoney:fund_etf_fund_info_em,10,2026-09-08T01:22:48+00:00,,2025-07-01T23:59:59+08:00,earliest_safe_bound:first_seen_or_qdii_tplus2,False,False,True
159941,2025-06-30,1.222,4.888,0.58,场内买入,场内卖出,akshare:eastmoney:fund_etf_fund_info_em,10,2026-09-08T01:22:48+00:00,,2025-07-02T23:59:59+08:00,earliest_safe_bound:first_seen_or_qdii_tplus2,False,False,True
159941,2025-07-01,1.2105,4.842,-0.94,场内买入,场内卖出,akshare:eastmoney:fund_etf_fund_info_em,10,2026-09-08T01:22:48+00:00,,2025-07-03T23:59:59+08:00,earliest_safe_bound:first_seen_or_qdii_tplus2,False,False,True
159941,2025-07-02,1.2194,4.8776,0.74,场内买入,场内卖出,akshare:eastmoney:fund_etf_fund_info_em,10,2026-09-08T01:22:48+00:00,,2025-07-04T23:59:59+08:00,earliest_safe_bound:first_seen_or_qdii_tplus2,False,False,True
159941,2025-07-03,1.231,4.924,0.95,场内买入,场内卖出,akshare:eastmoney:fund_etf_fund_info_em,10,2026-09-08T01:22:48+00:00,,2025-07-07T23:59:59+08:00,earliest_safe_bound:first_seen_or_qdii_tplus2,False,False,True
159941,2025-07-04,1.2312,4.9248,0.02,暂停申购,暂停赎回,akshare:eastmoney:fund_etf_fund_info_em,10,2026-09-08T01:22:48+00:00,,2025-07-08T23:59:59+08:00,earliest_safe_bound:first_seen_or_qdii_tplus2,False,False,True
159941,2025-07-07,1.2209,4.8836,-0.84,场内买入,场内卖出,akshare:eastmoney:fund_etf_fund_info_em,10,2026-09-08T01:22:48+00:00,,2025-07-09T23:59:59+08:00,earliest_safe_bound:first_seen_or_qdii_tplus2,False,False,True
159941,2025-07-08,1.2223,4.8892,0.11,场内买入,场内卖出,akshare:eastmoney:fund_etf_fund_info_em,10,2026-09-08T01:22:48+00:00,,2025-07-10T23:59:59+08:00,earliest_safe_bound:first_seen_or_qdii_tplus2,False,False,True
159941,2025-07-09,1.231,4.924,0.71,场内买入,场内卖出,akshare:eastmoney:fund_etf_fund_info_em,10,2026-09-08T01:22:48+00:00,,2025-07-11T23:59:59+08:00,earliest_safe_bound:first_seen_or_qdii_tplus2,False,False,True
159941,2025-07-10,1.2287,4.9148,-0.19,场内买入,场内卖出,akshare:eastmoney:fund_etf_fund_info_em,10,2026-09-08T01:22:48+00:00,,2025-07-14T23:59:59+08:00,earliest_safe_bound:first_seen_or_qdii_tplus2,False,False,True
159941,2025-07-11,1.2256,4.9024,-0.25,场内买入,场内卖出,akshare:eastmoney:fund_etf_fund_info_em,10,2026-09-08T01:22:48+00:00,,2025-07-15T23:59:59+08:00,earliest_safe_bound:first_seen_or_qdii_tplus2,False,False,True
159941,2025-07-14,1.2296,4.9184,0.33,场内买入,场内卖出,akshare:eastmoney:fund_etf_fund_info_em,10,2026-09-08T01:22:48+00:00,,2025-07-16T23:59:59+08:00,earliest_safe_bound:first_seen_or_qdii_tplus2,False,False,True
159941,2025-07-15,1.2312,4.9248,0.13,场内买入,场内卖出,akshare:eastmoney:fund_etf_fund_info_em,10,2026-09-08T01:22:48+00:00,,2025-07-17T23:59:59+08:00,earliest_safe_bound:first_seen_or_qdii_tplus2,False,False,True
159941,2025-07-16,1.2327,4.9308,0.12,场内买入,场内卖出,akshare:eastmoney:fund_etf_fund_info_em,10,2026-09-08T01:22:48+00:00,,2025-07-18T23:59:59+08:00,earliest_safe_bound:first_seen_or_qdii_tplus2,False,False,True
159941,2025-07-17,1.2405,4.962,0.63,场内买入,场内卖出,akshare:eastmoney:fund_etf_fund_info_em,10,2026-09-08T01:22:48+00:00,,2025-07-21T23:59:59+08:00,earliest_safe_bound:first_seen_or_qdii_tplus2,False,False,True
159941,2025-07-18,1.2403,4.9612,-0.02,场内买入,场内卖出,akshare:eastmoney:fund_etf_fund_info_em,10,2026-09-08T01:22:48+00:00,,2025-07-22T23:59:59+08:00,earliest_safe_bound:first_seen_or_qdii_tplus2,False,False,True
159941,2025-07-21,1.2468,4.9872,0.52,场内买入,场内卖出,akshare:eastmoney:fund_etf_fund_info_em,10,2026-09-08T01:22:48+00:00,,2025-07-23T23:59:59+08:00,earliest_safe_bound:first_seen_or_qdii_tplus2,False,False,True
159941,2025-07-22,1.2397,4.9588,-0.57,场内买入,场内卖出,akshare:eastmoney:fund_etf_fund_info_em,10,2026-09-08T01:22:48+00:00,,2025-07-24T23:59:59+08:00,earliest_safe_bound:first_seen_or_qdii_tplus2,False,False,True
159941,2025-07-23,1.2442,4.9768,0.36,场内买入,场内卖出,akshare:eastmoney:fund_etf_fund_info_em,10,2026-09-08T01:22:48+00:00,,2025-07-25T23:59:59+08:00,earliest_safe_bound:first_seen_or_qdii_tplus2,False,False,True
159941,2025-07-24,1.2468,4.9872,0.21,场内买入,场内卖出,akshare:eastmoney:fund_etf_fund_info_em,10,2026-09-08T01:22:48+00:00,,2025-07-28T23:59:59+08:00,earliest_safe_bound:first_seen_or_qdii_tplus2,False,False,True
159941,2025-07-25,1.25,5.0,0.26,场内买入,场内卖出,akshare:eastmoney:fund_etf_fund_info_em,10,2026-09-08T01:22:48+00:00,,2025-07-29T23:59:59+08:00,earliest_safe_bound:first_seen_or_qdii_tplus2,False,False,True
159941,2025-07-28,1.2552,5.0208,0.42,场内买入,场内卖出,akshare:eastmoney:fund_etf_fund_info_em,10,2026-09-08T01:22:48+00:00,,2025-07-30T23:59:59+08:00,earliest_safe_bound:first_seen_or_qdii_tplus2,False,False,True
159941,2025-07-29,1.2535,5.014,-0.14,场内买入,场内卖出,akshare:eastmoney:fund_etf_fund_info_em,10,2026-09-08T01:22:48+00:00,,2025-07-31T23:59:59+08:00,earliest_safe_bound:first_seen_or_qdii_tplus2,False,False,True
159941,2025-07-30,1.2543,5.0172,0.06,场内买入,场内卖出,akshare:eastmoney:fund_etf_fund_info_em,10,2026-09-08T01:22:48+00:00,,2025-08-01T23:59:59+08:00,earliest_safe_bound:first_seen_or_qdii_tplus2,False,False,True
159941,2025-07-31,1.2484,4.9936,-0.47,场内买入,场内卖出,akshare:eastmoney:fund_etf_fund_info_em,10,2026-09-08T01:22:48+00:00,,2025-08-04T23:59:59+08:00,earliest_safe_bound:first_seen_or_qdii_tplus2,False,False,True
159941,2025-08-01,1.224,4.896,-1.95,场内买入,场内卖出,akshare:eastmoney:fund_etf_fund_info_em,10,2026-09-08T01:22:48+00:00,,2025-08-05T23:59:59+08:00,earliest_safe_bound:first_seen_or_qdii_tplus2,False,False,True
159941,2025-08-04,1.2447,4.9788,1.69,场内买入,场内卖出,akshare:eastmoney:fund_etf_fund_info_em,10,2026-09-08T01:22:48+00:00,,2025-08-06T23:59:59+08:00,earliest_safe_bound:first_seen_or_qdii_tplus2,False,False,True
159941,2025-08-05,1.2352,4.9408,-0.76,场内买入,场内卖出,akshare:eastmoney:fund_etf_fund_info_em,10,2026-09-08T01:22:48+00:00,,2025-08-07T23:59:59+08:00,earliest_safe_bound:first_seen_or_qdii_tplus2,False,False,True
159941,2025-08-06,1.2514,5.0056,1.31,场内买入,场内卖出,akshare:eastmoney:fund_etf_fund_info_em,10,2026-09-08T01:22:48+00:00,,2025-08-08T23:59:59+08:00,earliest_safe_bound:first_seen_or_qdii_tplus2,False,False,True
159941,2025-08-07,1.2543,5.0172,0.23,场内买入,场内卖出,akshare:eastmoney:fund_etf_fund_info_em,10,2026-09-08T01:22:48+00:00,,2025-08-11T23:59:59+08:00,earliest_safe_bound:first_seen_or_qdii_tplus2,False,False,True
159941,2025-08-08,1.267,5.068,1.01,场内买入,场内卖出,akshare:eastmoney:fund_etf_fund_info_em,10,2026-09-08T01:22:48+00:00,,2025-08-12T23:59:59+08:00,earliest_safe_bound:first_seen_or_qdii_tplus2,False,False,True
159941,2025-08-11,1.2631,5.0524,-0.31,场内买入,场内卖出,akshare:eastmoney:fund_etf_fund_info_em,10,2026-09-08T01:22:48+00:00,,2025-08-13T23:59:59+08:00,earliest_safe_bound:first_seen_or_qdii_tplus2,False,False,True
159941,2025-08-12,1.2801,5.1204,1.35,场内买入,场内卖出,akshare:eastmoney:fund_etf_fund_info_em,10,2026-09-08T01:22:48+00:00,,2025-08-14T23:59:59+08:00,earliest_safe_bound:first_seen_or_qdii_tplus2,False,False,True
159941,2025-08-13,1.2794,5.1176,-0.05,场内买入,场内卖出,akshare:eastmoney:fund_etf_fund_info_em,10,2026-09-08T01:22:48+00:00,,2025-08-15T23:59:59+08:00,earliest_safe_bound:first_seen_or_qdii_tplus2,False,False,True
159941,2025-08-14,1.2785,5.114,-0.07,场内买入,场内卖出,akshare:eastmoney:fund_etf_fund_info_em,10,2026-09-08T01:22:48+00:00,,2025-08-18T23:59:59+08:00,earliest_safe_bound:first_seen_or_qdii_tplus2,False,False,True
159941,2025-08-15,1.2726,5.0904,-0.46,场内买入,场内卖出,akshare:eastmoney:fund_etf_fund_info_em,10,2026-09-08T01:22:48+00:00,,2025-08-19T23:59:59+08:00,earliest_safe_bound:first_seen_or_qdii_tplus2,False,False,True
159941,2025-08-18,1.2717,5.0868,-0.07,场内买入,场内卖出,akshare:eastmoney:fund_etf_fund_info_em,10,2026-09-08T01:22:48+00:00,,2025-08-20T23:59:59+08:00,earliest_safe_bound:first_seen_or_qdii_tplus2,False,False,True
159941,2025-08-19,1.2547,5.0188,-1.34,场内买入,场内卖出,akshare:eastmoney:fund_etf_fund_info_em,10,2026-09-08T01:22:48+00:00,,2025-08-21T23:59:59+08:00,earliest_safe_bound:first_seen_or_qdii_tplus2,False,False,True
159941,2025-08-20,1.2479,4.9916,-0.54,场内买入,场内卖出,akshare:eastmoney:fund_etf_fund_info_em,10,2026-09-08T01:22:48+00:00,,2025-08-22T23:59:59+08:00,earliest_safe_bound:first_seen_or_qdii_tplus2,False,False,True
159941,2025-08-21,1.2407,4.9628,-0.58,场内买入,场内卖出,akshare:eastmoney:fund_etf_fund_info_em,10,2026-09-08T01:22:48+00:00,,2025-08-25T23:59:59+08:00,earliest_safe_bound:first_seen_or_qdii_tplus2,False,False,True
159941,2025-08-22,1.2601,5.0404,1.56,场内买入,场内卖出,akshare:eastmoney:fund_etf_fund_info_em,10,2026-09-08T01:22:48+00:00,,2025-08-26T23:59:59+08:00,earliest_safe_bound:first_seen_or_qdii_tplus2,False,False,True
159941,2025-08-25,1.2536,5.0144,-0.52,场内买入,场内卖出,akshare:eastmoney:fund_etf_fund_info_em,10,2026-09-08T01:22:48+00:00,,2025-08-27T23:59:59+08:00,earliest_safe_bound:first_seen_or_qdii_tplus2,False,False,True
159941,2025-08-26,1.2593,5.0372,0.45,场内买入,场内卖出,akshare:eastmoney:fund_etf_fund_info_em,10,2026-09-08T01:22:48+00:00,,2025-08-28T23:59:59+08:00,earliest_safe_bound:first_seen_or_qdii_tplus2,False,False,True
159941,2025-08-27,1.2601,5.0404,0.06,场内买入,场内卖出,akshare:eastmoney:fund_etf_fund_info_em,10,2026-09-08T01:22:48+00:00,,2025-08-29T23:59:59+08:00,earliest_safe_bound:first_seen_or_qdii_tplus2,False,False,True
159941,2025-08-28,1.2665,5.066,0.51,场内买入,场内卖出,akshare:eastmoney:fund_etf_fund_info_em,10,2026-09-08T01:22:48+00:00,,2025-09-01T23:59:59+08:00,earliest_safe_bound:first_seen_or_qdii_tplus2,False,False,True
159941,2025-08-29,1.2507,5.0028,-1.25,场内买入,场内卖出,akshare:eastmoney:fund_etf_fund_info_em,10,2026-09-08T01:22:48+00:00,,2025-09-02T23:59:59+08:00,earliest_safe_bound:first_seen_or_qdii_tplus2,False,False,True
159941,2025-09-01,1.2513,5.0052,0.05,暂停申购,暂停赎回,akshare:eastmoney:fund_etf_fund_info_em,10,2026-09-08T01:22:48+00:00,,2025-09-03T23:59:59+08:00,earliest_safe_bound:first_seen_or_qdii_tplus2,False,False,True
159941,2025-09-02,1.2417,4.9668,-0.77,场内买入,场内卖出,akshare:eastmoney:fund_etf_fund_info_em,10,2026-09-08T01:22:48+00:00,,2025-09-04T23:59:59+08:00,earliest_safe_bound:first_seen_or_qdii_tplus2,False,False,True
159941,2025-09-03,1.2518,5.0072,0.81,场内买入,场内卖出,akshare:eastmoney:fund_etf_fund_info_em,10,2026-09-08T01:22:48+00:00,,2025-09-05T23:59:59+08:00,earliest_safe_bound:first_seen_or_qdii_tplus2,False,False,True
159941,2025-09-04,1.2624,5.0496,0.85,场内买入,场内卖出,akshare:eastmoney:fund_etf_fund_info_em,10,2026-09-08T01:22:48+00:00,,2025-09-08T23:59:59+08:00,earliest_safe_bound:first_seen_or_qdii_tplus2,False,False,True
159941,2025-09-05,1.2638,5.0552,0.11,场内买入,场内卖出,akshare:eastmoney:fund_etf_fund_info_em,10,2026-09-08T01:22:48+00:00,,2025-09-09T23:59:59+08:00,earliest_safe_bound:first_seen_or_qdii_tplus2,False,False,True
159941,2025-09-08,1.269,5.076,0.41,场内买入,场内卖出,akshare:eastmoney:fund_etf_fund_info_em,10,2026-09-08T01:22:48+00:00,,2025-09-10T23:59:59+08:00,earliest_safe_bound:first_seen_or_qdii_tplus2,False,False,True
159941,2025-09-09,1.2726,5.0904,0.28,场内买入,场内卖出,akshare:eastmoney:fund_etf_fund_info_em,10,2026-09-08T01:22:48+00:00,,2025-09-11T23:59:59+08:00,earliest_safe_bound:first_seen_or_qdii_tplus2,False,False,True
159941,2025-09-10,1.2741,5.0964,0.12,场内买入,场内卖出,akshare:eastmoney:fund_etf_fund_info_em,10,2026-09-08T01:22:48+00:00,,2025-09-12T23:59:59+08:00,earliest_safe_bound:first_seen_or_qdii_tplus2,False,False,True
159941,2025-09-11,1.2811,5.1244,0.55,场内买入,场内卖出,akshare:eastmoney:fund_etf_fund_info_em,10,2026-09-08T01:22:48+00:00,,2025-09-15T23:59:59+08:00,earliest_safe_bound:first_seen_or_qdii_tplus2,False,False,True
159941,2025-09-12,1.2863,5.1452,0.41,场内买入,场内卖出,akshare:eastmoney:fund_etf_fund_info_em,10,2026-09-08T01:22:48+00:00,,2025-09-16T23:59:59+08:00,earliest_safe_bound:first_seen_or_qdii_tplus2,False,False,True
159941,2025-09-15,1.2977,5.1908,0.89,场内买入,场内卖出,akshare:eastmoney:fund_etf_fund_info_em,10,2026-09-08T01:22:48+00:00,,2025-09-17T23:59:59+08:00,earliest_safe_bound:first_seen_or_qdii_tplus2,False,False,True
159941,2025-09-16,1.2961,5.1844,-0.12,场内买入,场内卖出,akshare:eastmoney:fund_etf_fund_info_em,10,2026-09-08T01:22:48+00:00,,2025-09-18T23:59:59+08:00,earliest_safe_bound:first_seen_or_qdii_tplus2,False,False,True
159941,2025-09-17,1.2931,5.1724,-0.23,场内买入,场内卖出,akshare:eastmoney:fund_etf_fund_info_em,10,2026-09-08T01:22:48+00:00,,2025-09-19T23:59:59+08:00,earliest_safe_bound:first_seen_or_qdii_tplus2,False,False,True
159941,2025-09-18,1.3065,5.226,1.04,场内买入,场内卖出,akshare:eastmoney:fund_etf_fund_info_em,10,2026-09-08T01:22:48+00:00,,2025-09-22T23:59:59+08:00,earliest_safe_bound:first_seen_or_qdii_tplus2,False,False,True
159941,2025-09-19,1.3163,5.2652,0.75,场内买入,场内卖出,akshare:eastmoney:fund_etf_fund_info_em,10,2026-09-08T01:22:48+00:00,,2025-09-23T23:59:59+08:00,earliest_safe_bound:first_seen_or_qdii_tplus2,False,False,True
159941,2025-09-22,1.3232,5.2928,0.52,场内买入,场内卖出,akshare:eastmoney:fund_etf_fund_info_em,10,2026-09-08T01:22:48+00:00,,2025-09-24T23:59:59+08:00,earliest_safe_bound:first_seen_or_qdii_tplus2,False,False,True
159941,2025-09-23,1.3128,5.2512,-0.79,场内买入,场内卖出,akshare:eastmoney:fund_etf_fund_info_em,10,2026-09-08T01:22:48+00:00,,2025-09-25T23:59:59+08:00,earliest_safe_bound:first_seen_or_qdii_tplus2,False,False,True
159941,2025-09-24,1.3091,5.2364,-0.28,场内买入,场内卖出,akshare:eastmoney:fund_etf_fund_info_em,10,2026-09-08T01:22:48+00:00,,2025-09-26T23:59:59+08:00,earliest_safe_bound:first_seen_or_qdii_tplus2,False,False,True
159941,2025-09-25,1.3041,5.2164,-0.38,场内买入,场内卖出,akshare:eastmoney:fund_etf_fund_info_em,10,2026-09-08T01:22:48+00:00,,2025-09-29T23:59:59+08:00,earliest_safe_bound:first_seen_or_qdii_tplus2,False,False,True
159941,2025-09-26,1.3104,5.2416,0.48,场内买入,场内卖出,akshare:eastmoney:fund_etf_fund_info_em,10,2026-09-08T01:22:48+00:00,,2025-09-30T23:59:59+08:00,earliest_safe_bound:first_seen_or_qdii_tplus2,False,False,True
159941,2025-09-29,1.3147,5.2588,0.33,场内买入,场内卖出,akshare:eastmoney:fund_etf_fund_info_em,10,2026-09-08T01:22:48+00:00,,2025-10-09T23:59:59+08:00,earliest_safe_bound:first_seen_or_qdii_tplus2,False,False,True
159941,2025-09-30,1.3177,5.2708,0.23,场内买入,场内卖出,akshare:eastmoney:fund_etf_fund_info_em,10,2026-09-08T01:22:48+00:00,,2025-10-10T23:59:59+08:00,earliest_safe_bound:first_seen_or_qdii_tplus2,False,False,True
159941,2025-10-09,1.3404,5.3616,1.72,场内买入,场内卖出,akshare:eastmoney:fund_etf_fund_info_em,10,2026-09-08T01:22:48+00:00,,2025-10-13T23:59:59+08:00,earliest_safe_bound:first_seen_or_qdii_tplus2,False,False,True
159941,2025-10-10,1.2927,5.1708,-3.56,场内买入,场内卖出,akshare:eastmoney:fund_etf_fund_info_em,10,2026-09-08T01:22:48+00:00,,2025-10-14T23:59:59+08:00,earliest_safe_bound:first_seen_or_qdii_tplus2,False,False,True
159941,2025-10-13,1.3199,5.2796,2.1,场内买入,场内卖出,akshare:eastmoney:fund_etf_fund_info_em,10,2026-09-08T01:22:48+00:00,,2025-10-15T23:59:59+08:00,earliest_safe_bound:first_seen_or_qdii_tplus2,False,False,True
159941,2025-10-14,1.3111,5.2444,-0.67,场内买入,场内卖出,akshare:eastmoney:fund_etf_fund_info_em,10,2026-09-08T01:22:48+00:00,,2025-10-16T23:59:59+08:00,earliest_safe_bound:first_seen_or_qdii_tplus2,False,False,True
159941,2025-10-15,1.3194,5.2776,0.63,场内买入,场内卖出,akshare:eastmoney:fund_etf_fund_info_em,10,2026-09-08T01:22:48+00:00,,2025-10-17T23:59:59+08:00,earliest_safe_bound:first_seen_or_qdii_tplus2,False,False,True
159941,2025-10-16,1.3142,5.2568,-0.39,场内买入,场内卖出,akshare:eastmoney:fund_etf_fund_info_em,10,2026-09-08T01:22:48+00:00,,2025-10-20T23:59:59+08:00,earliest_safe_bound:first_seen_or_qdii_tplus2,False,False,True
159941,2025-10-17,1.3223,5.2892,0.62,场内买入,场内卖出,akshare:eastmoney:fund_etf_fund_info_em,10,2026-09-08T01:22:48+00:00,,2025-10-21T23:59:59+08:00,earliest_safe_bound:first_seen_or_qdii_tplus2,False,False,True
159941,2025-10-20,1.3397,5.3588,1.32,场内买入,场内卖出,akshare:eastmoney:fund_etf_fund_info_em,10,2026-09-08T01:22:48+00:00,,2025-10-22T23:59:59+08:00,earliest_safe_bound:first_seen_or_qdii_tplus2,False,False,True
159941,2025-10-21,1.3382,5.3528,-0.11,场内买入,场内卖出,akshare:eastmoney:fund_etf_fund_info_em,10,2026-09-08T01:22:48+00:00,,2025-10-23T23:59:59+08:00,earliest_safe_bound:first_seen_or_qdii_tplus2,False,False,True
159941,2025-10-22,1.3255,5.302,-0.95,场内买入,场内卖出,akshare:eastmoney:fund_etf_fund_info_em,10,2026-09-08T01:22:48+00:00,,2025-10-24T23:59:59+08:00,earliest_safe_bound:first_seen_or_qdii_tplus2,False,False,True
159941,2025-10-23,1.3363,5.3452,0.81,场内买入,场内卖出,akshare:eastmoney:fund_etf_fund_info_em,10,2026-09-08T01:22:48+00:00,,2025-10-27T23:59:59+08:00,earliest_safe_bound:first_seen_or_qdii_tplus2,False,False,True
159941,2025-10-24,1.3501,5.4004,1.03,场内买入,场内卖出,akshare:eastmoney:fund_etf_fund_info_em,10,2026-09-08T01:22:48+00:00,,2025-10-28T23:59:59+08:00,earliest_safe_bound:first_seen_or_qdii_tplus2,False,False,True
159941,2025-10-27,1.3738,5.4952,1.76,场内买入,场内卖出,akshare:eastmoney:fund_etf_fund_info_em,10,2026-09-08T01:22:48+00:00,,2025-10-29T23:59:59+08:00,earliest_safe_bound:first_seen_or_qdii_tplus2,False,False,True
159941,2025-10-28,1.3835,5.534,0.71,场内买入,场内卖出,akshare:eastmoney:fund_etf_fund_info_em,10,2026-09-08T01:22:48+00:00,,2025-10-30T23:59:59+08:00,earliest_safe_bound:first_seen_or_qdii_tplus2,False,False,True
159941,2025-10-29,1.389,5.556,0.4,场内买入,场内卖出,akshare:eastmoney:fund_etf_fund_info_em,10,2026-09-08T01:22:48+00:00,,2025-10-31T23:59:59+08:00,earliest_safe_bound:first_seen_or_qdii_tplus2,False,False,True
159941,2025-10-30,1.3689,5.4756,-1.45,场内买入,场内卖出,akshare:eastmoney:fund_etf_fund_info_em,10,2026-09-08T01:22:48+00:00,,2025-11-03T23:59:59+08:00,earliest_safe_bound:first_seen_or_qdii_tplus2,False,False,True
159941,2025-10-31,1.3757,5.5028,0.5,场内买入,场内卖出,akshare:eastmoney:fund_etf_fund_info_em,10,2026-09-08T01:22:48+00:00,,2025-11-04T23:59:59+08:00,earliest_safe_bound:first_seen_or_qdii_tplus2,False,False,True
159941,2025-11-03,1.3815,5.526,0.42,场内买入,场内卖出,akshare:eastmoney:fund_etf_fund_info_em,10,2026-09-08T01:22:48+00:00,,2025-11-05T23:59:59+08:00,earliest_safe_bound:first_seen_or_qdii_tplus2,False,False,True
159941,2025-11-04,1.3533,5.4132,-2.04,场内买入,场内卖出,akshare:eastmoney:fund_etf_fund_info_em,10,2026-09-08T01:22:48+00:00,,2025-11-06T23:59:59+08:00,earliest_safe_bound:first_seen_or_qdii_tplus2,False,False,True
159941,2025-11-05,1.3633,5.4532,0.74,场内买入,场内卖出,akshare:eastmoney:fund_etf_fund_info_em,10,2026-09-08T01:22:48+00:00,,2025-11-07T23:59:59+08:00,earliest_safe_bound:first_seen_or_qdii_tplus2,False,False,True
159941,2025-11-06,1.3367,5.3468,-1.95,场内买入,场内卖出,akshare:eastmoney:fund_etf_fund_info_em,10,2026-09-08T01:22:48+00:00,,2025-11-10T23:59:59+08:00,earliest_safe_bound:first_seen_or_qdii_tplus2,False,False,True
159941,2025-11-07,1.3323,5.3292,-0.33,场内买入,场内卖出,akshare:eastmoney:fund_etf_fund_info_em,10,2026-09-08T01:22:48+00:00,,2025-11-11T23:59:59+08:00,earliest_safe_bound:first_seen_or_qdii_tplus2,False,False,True
159941,2025-11-10,1.3619,5.4476,2.22,场内买入,场内卖出,akshare:eastmoney:fund_etf_fund_info_em,10,2026-09-08T01:22:48+00:00,,2025-11-12T23:59:59+08:00,earliest_safe_bound:first_seen_or_qdii_tplus2,False,False,True
159941,2025-11-11,1.358,5.432,-0.29,场内买入,场内卖出,akshare:eastmoney:fund_etf_fund_info_em,10,2026-09-08T01:22:48+00:00,,2025-11-13T23:59:59+08:00,earliest_safe_bound:first_seen_or_qdii_tplus2,False,False,True
159941,2025-11-12,1.3565,5.426,-0.11,场内买入,场内卖出,akshare:eastmoney:fund_etf_fund_info_em,10,2026-09-08T01:22:48+00:00,,2025-11-14T23:59:59+08:00,earliest_safe_bound:first_seen_or_qdii_tplus2,False,False,True
159941,2025-11-13,1.3294,5.3176,-2.0,场内买入,场内卖出,akshare:eastmoney:fund_etf_fund_info_em,10,2026-09-08T01:22:48+00:00,,2025-11-17T23:59:59+08:00,earliest_safe_bound:first_seen_or_qdii_tplus2,False,False,True
159941,2025-11-14,1.3295,5.318,0.01,场内买入,场内卖出,akshare:eastmoney:fund_etf_fund_info_em,10,2026-09-08T01:22:48+00:00,,2025-11-18T23:59:59+08:00,earliest_safe_bound:first_seen_or_qdii_tplus2,False,False,True
159941,2025-11-17,1.3183,5.2732,-0.84,场内买入,场内卖出,akshare:eastmoney:fund_etf_fund_info_em,10,2026-09-08T01:22:48+00:00,,2025-11-19T23:59:59+08:00,earliest_safe_bound:first_seen_or_qdii_tplus2,False,False,True
159941,2025-11-18,1.3034,5.2136,-1.13,场内买入,场内卖出,akshare:eastmoney:fund_etf_fund_info_em,10,2026-09-08T01:22:48+00:00,,2025-11-20T23:59:59+08:00,earliest_safe_bound:first_seen_or_qdii_tplus2,False,False,True
159941,2025-11-19,1.3109,5.2436,0.58,场内买入,场内卖出,akshare:eastmoney:fund_etf_fund_info_em,10,2026-09-08T01:22:48+00:00,,2025-11-21T23:59:59+08:00,earliest_safe_bound:first_seen_or_qdii_tplus2,False,False,True
159941,2025-11-20,1.2808,5.1232,-2.3,场内买入,场内卖出,akshare:eastmoney:fund_etf_fund_info_em,10,2026-09-08T01:22:48+00:00,,2025-11-24T23:59:59+08:00,earliest_safe_bound:first_seen_or_qdii_tplus2,False,False,True
159941,2025-11-21,1.2901,5.1604,0.73,场内买入,场内卖出,akshare:eastmoney:fund_etf_fund_info_em,10,2026-09-08T01:22:48+00:00,,2025-11-25T23:59:59+08:00,earliest_safe_bound:first_seen_or_qdii_tplus2,False,False,True
159941,2025-11-24,1.3229,5.2916,2.54,场内买入,场内卖出,akshare:eastmoney:fund_etf_fund_info_em,10,2026-09-08T01:22:48+00:00,,2025-11-26T23:59:59+08:00,earliest_safe_bound:first_seen_or_qdii_tplus2,False,False,True
159941,2025-11-25,1.3302,5.3208,0.55,场内买入,场内卖出,akshare:eastmoney:fund_etf_fund_info_em,10,2026-09-08T01:22:48+00:00,,2025-11-27T23:59:59+08:00,earliest_safe_bound:first_seen_or_qdii_tplus2,False,False,True
159941,2025-11-26,1.3412,5.3648,0.83,场内买入,场内卖出,akshare:eastmoney:fund_etf_fund_info_em,10,2026-09-08T01:22:48+00:00,,2025-11-28T23:59:59+08:00,earliest_safe_bound:first_seen_or_qdii_tplus2,False,False,True
159941,2025-11-27,1.3409,5.3636,-0.02,暂停申购,暂停赎回,akshare:eastmoney:fund_etf_fund_info_em,10,2026-09-08T01:22:48+00:00,,2025-12-01T23:59:59+08:00,earliest_safe_bound:first_seen_or_qdii_tplus2,False,False,True
159941,2025-11-28,1.3515,5.406,0.79,场内买入,场内卖出,akshare:eastmoney:fund_etf_fund_info_em,10,2026-09-08T01:22:48+00:00,,2025-12-02T23:59:59+08:00,earliest_safe_bound:first_seen_or_qdii_tplus2,False,False,True
159941,2025-12-01,1.346,5.384,-0.41,场内买入,场内卖出,akshare:eastmoney:fund_etf_fund_info_em,10,2026-09-08T01:22:48+00:00,,2025-12-03T23:59:59+08:00,earliest_safe_bound:first_seen_or_qdii_tplus2,False,False,True
159941,2025-12-02,1.3579,5.4316,0.88,场内买入,场内卖出,akshare:eastmoney:fund_etf_fund_info_em,10,2026-09-08T01:22:48+00:00,,2025-12-04T23:59:59+08:00,earliest_safe_bound:first_seen_or_qdii_tplus2,False,False,True
159941,2025-12-03,1.3599,5.4396,0.15,场内买入,场内卖出,akshare:eastmoney:fund_etf_fund_info_em,10,2026-09-08T01:22:48+00:00,,2025-12-05T23:59:59+08:00,earliest_safe_bound:first_seen_or_qdii_tplus2,False,False,True
159941,2025-12-04,1.3582,5.4328,-0.13,场内买入,场内卖出,akshare:eastmoney:fund_etf_fund_info_em,10,2026-09-08T01:22:48+00:00,,2025-12-08T23:59:59+08:00,earliest_safe_bound:first_seen_or_qdii_tplus2,False,False,True
159941,2025-12-05,1.3644,5.4576,0.46,场内买入,场内卖出,akshare:eastmoney:fund_etf_fund_info_em,10,2026-09-08T01:22:48+00:00,,2025-12-09T23:59:59+08:00,earliest_safe_bound:first_seen_or_qdii_tplus2,False,False,True
159941,2025-12-08,1.3612,5.4448,-0.23,场内买入,场内卖出,akshare:eastmoney:fund_etf_fund_info_em,10,2026-09-08T01:22:48+00:00,,2025-12-10T23:59:59+08:00,earliest_safe_bound:first_seen_or_qdii_tplus2,False,False,True
159941,2025-12-09,1.3634,5.4536,0.16,场内买入,场内卖出,akshare:eastmoney:fund_etf_fund_info_em,10,2026-09-08T01:22:48+00:00,,2025-12-11T23:59:59+08:00,earliest_safe_bound:first_seen_or_qdii_tplus2,False,False,True
159941,2025-12-10,1.3687,5.4748,0.39,场内买入,场内卖出,akshare:eastmoney:fund_etf_fund_info_em,10,2026-09-08T01:22:48+00:00,,2025-12-12T23:59:59+08:00,earliest_safe_bound:first_seen_or_qdii_tplus2,False,False,True
159941,2025-12-11,1.3627,5.4508,-0.44,场内买入,场内卖出,akshare:eastmoney:fund_etf_fund_info_em,10,2026-09-08T01:22:48+00:00,,2025-12-15T23:59:59+08:00,earliest_safe_bound:first_seen_or_qdii_tplus2,False,False,True
159941,2025-12-12,1.3359,5.3436,-1.97,场内买入,场内卖出,akshare:eastmoney:fund_etf_fund_info_em,10,2026-09-08T01:22:48+00:00,,2025-12-16T23:59:59+08:00,earliest_safe_bound:first_seen_or_qdii_tplus2,False,False,True
159941,2025-12-15,1.3294,5.3176,-0.49,场内买入,场内卖出,akshare:eastmoney:fund_etf_fund_info_em,10,2026-09-08T01:22:48+00:00,,2025-12-17T23:59:59+08:00,earliest_safe_bound:first_seen_or_qdii_tplus2,False,False,True
159941,2025-12-16,1.3318,5.3272,0.18,场内买入,场内卖出,akshare:eastmoney:fund_etf_fund_info_em,10,2026-09-08T01:22:48+00:00,,2025-12-18T23:59:59+08:00,earliest_safe_bound:first_seen_or_qdii_tplus2,False,False,True
159941,2025-12-17,1.3058,5.2232,-1.95,场内买入,场内卖出,akshare:eastmoney:fund_etf_fund_info_em,10,2026-09-08T01:22:48+00:00,,2025-12-19T23:59:59+08:00,earliest_safe_bound:first_seen_or_qdii_tplus2,False,False,True
159941,2025-12-18,1.3254,5.3016,1.5,场内买入,场内卖出,akshare:eastmoney:fund_etf_fund_info_em,10,2026-09-08T01:22:48+00:00,,2025-12-22T23:59:59+08:00,earliest_safe_bound:first_seen_or_qdii_tplus2,False,False,True
159941,2025-12-19,1.3419,5.3676,1.24,场内买入,场内卖出,akshare:eastmoney:fund_etf_fund_info_em,10,2026-09-08T01:22:48+00:00,,2025-12-23T23:59:59+08:00,earliest_safe_bound:first_seen_or_qdii_tplus2,False,False,True
159941,2025-12-22,1.3486,5.3944,0.5,场内买入,场内卖出,akshare:eastmoney:fund_etf_fund_info_em,10,2026-09-08T01:22:48+00:00,,2025-12-24T23:59:59+08:00,earliest_safe_bound:first_seen_or_qdii_tplus2,False,False,True
159941,2025-12-23,1.3554,5.4216,0.5,场内买入,场内卖出,akshare:eastmoney:fund_etf_fund_info_em,10,2026-09-08T01:22:48+00:00,,2025-12-25T23:59:59+08:00,earliest_safe_bound:first_seen_or_qdii_tplus2,False,False,True
159941,2025-12-24,1.3579,5.4316,0.18,场内买入,场内卖出,akshare:eastmoney:fund_etf_fund_info_em,10,2026-09-08T01:22:48+00:00,,2025-12-26T23:59:59+08:00,earliest_safe_bound:first_seen_or_qdii_tplus2,False,False,True
159941,2025-12-25,1.3564,5.4256,-0.11,暂停申购,暂停赎回,akshare:eastmoney:fund_etf_fund_info_em,10,2026-09-08T01:22:48+00:00,,2025-12-29T23:59:59+08:00,earliest_safe_bound:first_seen_or_qdii_tplus2,False,False,True
159941,2025-12-26,1.3551,5.4204,-0.1,场内买入,场内卖出,akshare:eastmoney:fund_etf_fund_info_em,10,2026-09-08T01:22:48+00:00,,2025-12-30T23:59:59+08:00,earliest_safe_bound:first_seen_or_qdii_tplus2,False,False,True
159941,2025-12-29,1.3482,5.3928,-0.51,场内买入,场内卖出,akshare:eastmoney:fund_etf_fund_info_em,10,2026-09-08T01:22:48+00:00,,2025-12-31T23:59:59+08:00,earliest_safe_bound:first_seen_or_qdii_tplus2,False,False,True
159941,2025-12-30,1.3452,5.3808,-0.22,场内买入,场内卖出,akshare:eastmoney:fund_etf_fund_info_em,10,2026-09-08T01:22:48+00:00,,2026-01-05T23:59:59+08:00,earliest_safe_bound:first_seen_or_qdii_tplus2,False,False,True
159941,2025-12-31,1.3329,5.3316,-0.91,场内买入,场内卖出,akshare:eastmoney:fund_etf_fund_info_em,10,2026-09-08T01:22:48+00:00,,2026-01-06T23:59:59+08:00,earliest_safe_bound:first_seen_or_qdii_tplus2,False,False,True
159941,2026-01-05,1.3396,5.3584,0.5,场内买入,场内卖出,akshare:eastmoney:fund_etf_fund_info_em,10,2026-09-08T01:22:48+00:00,,2026-01-07T23:59:59+08:00,earliest_safe_bound:first_seen_or_qdii_tplus2,False,False,True
159941,2026-01-06,1.3508,5.4032,0.84,场内买入,场内卖出,akshare:eastmoney:fund_etf_fund_info_em,10,2026-09-08T01:22:48+00:00,,2026-01-08T23:59:59+08:00,earliest_safe_bound:first_seen_or_qdii_tplus2,False,False,True
159941,2026-01-07,1.3519,5.4076,0.08,场内买入,场内卖出,akshare:eastmoney:fund_etf_fund_info_em,10,2026-09-08T01:22:48+00:00,,2026-01-09T23:59:59+08:00,earliest_safe_bound:first_seen_or_qdii_tplus2,False,False,True
159941,2026-01-08,1.3444,5.3776,-0.55,场内买入,场内卖出,akshare:eastmoney:fund_etf_fund_info_em,10,2026-09-08T01:22:48+00:00,,2026-01-12T23:59:59+08:00,earliest_safe_bound:first_seen_or_qdii_tplus2,False,False,True
159941,2026-01-09,1.3566,5.4264,0.91,场内买入,场内卖出,akshare:eastmoney:fund_etf_fund_info_em,10,2026-09-08T01:22:48+00:00,,2026-01-13T23:59:59+08:00,earliest_safe_bound:first_seen_or_qdii_tplus2,False,False,True
159941,2026-01-12,1.3572,5.4288,0.04,场内买入,场内卖出,akshare:eastmoney:fund_etf_fund_info_em,10,2026-09-08T01:22:48+00:00,,2026-01-14T23:59:59+08:00,earliest_safe_bound:first_seen_or_qdii_tplus2,False,False,True
159941,2026-01-13,1.3547,5.4188,-0.18,场内买入,场内卖出,akshare:eastmoney:fund_etf_fund_info_em,10,2026-09-08T01:22:48+00:00,,2026-01-15T23:59:59+08:00,earliest_safe_bound:first_seen_or_qdii_tplus2,False,False,True
159941,2026-01-14,1.3405,5.362,-1.05,场内买入,场内卖出,akshare:eastmoney:fund_etf_fund_info_em,10,2026-09-08T01:22:48+00:00,,2026-01-16T23:59:59+08:00,earliest_safe_bound:first_seen_or_qdii_tplus2,False,False,True
159941,2026-01-15,1.3437,5.3748,0.24,场内买入,场内卖出,akshare:eastmoney:fund_etf_fund_info_em,10,2026-09-08T01:22:48+00:00,,2026-01-19T23:59:59+08:00,earliest_safe_bound:first_seen_or_qdii_tplus2,False,False,True
159941,2026-01-16,1.3429,5.3716,-0.06,场内买入,场内卖出,akshare:eastmoney:fund_etf_fund_info_em,10,2026-09-08T01:22:48+00:00,,2026-01-20T23:59:59+08:00,earliest_safe_bound:first_seen_or_qdii_tplus2,False,False,True
159941,2026-01-19,1.3423,5.3692,-0.04,暂停申购,暂停赎回,akshare:eastmoney:fund_etf_fund_info_em,10,2026-09-08T01:22:48+00:00,,2026-01-21T23:59:59+08:00,earliest_safe_bound:first_seen_or_qdii_tplus2,False,False,True
159941,2026-01-20,1.3124,5.2496,-2.23,场内买入,场内卖出,akshare:eastmoney:fund_etf_fund_info_em,10,2026-09-08T01:22:48+00:00,,2026-01-22T23:59:59+08:00,earliest_safe_bound:first_seen_or_qdii_tplus2,False,False,True
159941,2026-01-21,1.3304,5.3216,1.37,场内买入,场内卖出,akshare:eastmoney:fund_etf_fund_info_em,10,2026-09-08T01:22:48+00:00,,2026-01-23T23:59:59+08:00,earliest_safe_bound:first_seen_or_qdii_tplus2,False,False,True
159941,2026-01-22,1.3411,5.3644,0.8,场内买入,场内卖出,akshare:eastmoney:fund_etf_fund_info_em,10,2026-09-08T01:22:48+00:00,,2026-01-26T23:59:59+08:00,earliest_safe_bound:first_seen_or_qdii_tplus2,False,False,True
159941,2026-01-23,1.3439,5.3756,0.21,场内买入,场内卖出,akshare:eastmoney:fund_etf_fund_info_em,10,2026-09-08T01:22:48+00:00,,2026-01-27T23:59:59+08:00,earliest_safe_bound:first_seen_or_qdii_tplus2,False,False,True
159941,2026-01-26,1.3479,5.3916,0.3,场内买入,场内卖出,akshare:eastmoney:fund_etf_fund_info_em,10,2026-09-08T01:22:48+00:00,,2026-01-28T23:59:59+08:00,earliest_safe_bound:first_seen_or_qdii_tplus2,False,False,True
159941,2026-01-27,1.36,5.44,0.9,场内买入,场内卖出,akshare:eastmoney:fund_etf_fund_info_em,10,2026-09-08T01:22:48+00:00,,2026-01-29T23:59:59+08:00,earliest_safe_bound:first_seen_or_qdii_tplus2,False,False,True
159941,2026-01-28,1.3625,5.45,0.18,场内买入,场内卖出,akshare:eastmoney:fund_etf_fund_info_em,10,2026-09-08T01:22:48+00:00,,2026-01-30T23:59:59+08:00,earliest_safe_bound:first_seen_or_qdii_tplus2,False,False,True
159941,2026-01-29,1.3554,5.4216,-0.52,场内买入,场内卖出,akshare:eastmoney:fund_etf_fund_info_em,10,2026-09-08T01:22:48+00:00,,2026-02-02T23:59:59+08:00,earliest_safe_bound:first_seen_or_qdii_tplus2,False,False,True
159941,2026-01-30,1.3365,5.346,-1.39,场内买入,场内卖出,akshare:eastmoney:fund_etf_fund_info_em,10,2026-09-08T01:22:48+00:00,,2026-02-03T23:59:59+08:00,earliest_safe_bound:first_seen_or_qdii_tplus2,False,False,True
159941,2026-02-02,1.3464,5.3856,0.74,场内买入,场内卖出,akshare:eastmoney:fund_etf_fund_info_em,10,2026-09-08T01:22:48+00:00,,2026-02-04T23:59:59+08:00,earliest_safe_bound:first_seen_or_qdii_tplus2,False,False,True
159941,2026-02-03,1.3239,5.2956,-1.67,场内买入,场内卖出,akshare:eastmoney:fund_etf_fund_info_em,10,2026-09-08T01:22:48+00:00,,2026-02-05T23:59:59+08:00,earliest_safe_bound:first_seen_or_qdii_tplus2,False,False,True
159941,2026-02-04,1.2994,5.1976,-1.85,场内买入,场内卖出,akshare:eastmoney:fund_etf_fund_info_em,10,2026-09-08T01:22:48+00:00,,2026-02-06T23:59:59+08:00,earliest_safe_bound:first_seen_or_qdii_tplus2,False,False,True
159941,2026-02-05,1.2822,5.1288,-1.32,场内买入,场内卖出,akshare:eastmoney:fund_etf_fund_info_em,10,2026-09-08T01:22:48+00:00,,2026-02-09T23:59:59+08:00,earliest_safe_bound:first_seen_or_qdii_tplus2,False,False,True
159941,2026-02-06,1.3096,5.2384,2.14,场内买入,场内卖出,akshare:eastmoney:fund_etf_fund_info_em,10,2026-09-08T01:22:48+00:00,,2026-02-10T23:59:59+08:00,earliest_safe_bound:first_seen_or_qdii_tplus2,False,False,True
159941,2026-02-09,1.3184,5.2736,0.67,场内买入,场内卖出,akshare:eastmoney:fund_etf_fund_info_em,10,2026-09-08T01:22:48+00:00,,2026-02-11T23:59:59+08:00,earliest_safe_bound:first_seen_or_qdii_tplus2,False,False,True
159941,2026-02-10,1.31,5.24,-0.64,场内买入,场内卖出,akshare:eastmoney:fund_etf_fund_info_em,10,2026-09-08T01:22:48+00:00,,2026-02-12T23:59:59+08:00,earliest_safe_bound:first_seen_or_qdii_tplus2,False,False,True
159941,2026-02-11,1.3134,5.2536,0.26,场内买入,场内卖出,akshare:eastmoney:fund_etf_fund_info_em,10,2026-09-08T01:22:48+00:00,,2026-02-13T23:59:59+08:00,earliest_safe_bound:first_seen_or_qdii_tplus2,False,False,True
159941,2026-02-12,1.287,5.148,-2.01,场内买入,场内卖出,akshare:eastmoney:fund_etf_fund_info_em,10,2026-09-08T01:22:48+00:00,,2026-02-24T23:59:59+08:00,earliest_safe_bound:first_seen_or_qdii_tplus2,False,False,True
159941,2026-02-13,1.2883,5.1532,0.1,场内买入,场内卖出,akshare:eastmoney:fund_etf_fund_info_em,10,2026-09-08T01:22:48+00:00,,2026-02-25T23:59:59+08:00,earliest_safe_bound:first_seen_or_qdii_tplus2,False,False,True
159941,2026-02-24,1.3012,5.2048,1.0,场内买入,场内卖出,akshare:eastmoney:fund_etf_fund_info_em,10,2026-09-08T01:22:48+00:00,,2026-02-26T23:59:59+08:00,earliest_safe_bound:first_seen_or_qdii_tplus2,False,False,True
159941,2026-02-25,1.3177,5.2708,1.27,场内买入,场内卖出,akshare:eastmoney:fund_etf_fund_info_em,10,2026-09-08T01:22:48+00:00,,2026-02-27T23:59:59+08:00,earliest_safe_bound:first_seen_or_qdii_tplus2,False,False,True
159941,2026-02-26,1.3008,5.2032,-1.28,场内买入,场内卖出,akshare:eastmoney:fund_etf_fund_info_em,10,2026-09-08T01:22:48+00:00,,2026-03-02T23:59:59+08:00,earliest_safe_bound:first_seen_or_qdii_tplus2,False,False,True
159941,2026-02-27,1.2969,5.1876,-0.3,场内买入,场内卖出,akshare:eastmoney:fund_etf_fund_info_em,10,2026-09-08T01:22:48+00:00,,2026-03-03T23:59:59+08:00,earliest_safe_bound:first_seen_or_qdii_tplus2,False,False,True
159941,2026-03-02,1.2987,5.1948,0.14,场内买入,场内卖出,akshare:eastmoney:fund_etf_fund_info_em,10,2026-09-08T01:22:48+00:00,,2026-03-04T23:59:59+08:00,earliest_safe_bound:first_seen_or_qdii_tplus2,False,False,True
159941,2026-03-03,1.282,5.128,-1.29,场内买入,场内卖出,akshare:eastmoney:fund_etf_fund_info_em,10,2026-09-08T01:22:48+00:00,,2026-03-05T23:59:59+08:00,earliest_safe_bound:first_seen_or_qdii_tplus2,False,False,True
159941,2026-03-04,1.3018,5.2072,1.54,场内买入,场内卖出,akshare:eastmoney:fund_etf_fund_info_em,10,2026-09-08T01:22:48+00:00,,2026-03-06T23:59:59+08:00,earliest_safe_bound:first_seen_or_qdii_tplus2,False,False,True
159941,2026-03-05,1.2959,5.1836,-0.45,场内买入,场内卖出,akshare:eastmoney:fund_etf_fund_info_em,10,2026-09-08T01:22:48+00:00,,2026-03-09T23:59:59+08:00,earliest_safe_bound:first_seen_or_qdii_tplus2,False,False,True
159941,2026-03-06,1.277,5.108,-1.46,场内买入,场内卖出,akshare:eastmoney:fund_etf_fund_info_em,10,2026-09-08T01:22:48+00:00,,2026-03-10T23:59:59+08:00,earliest_safe_bound:first_seen_or_qdii_tplus2,False,False,True
159941,2026-03-09,1.2959,5.1836,1.48,场内买入,场内卖出,akshare:eastmoney:fund_etf_fund_info_em,10,2026-09-08T01:22:48+00:00,,2026-03-11T23:59:59+08:00,earliest_safe_bound:first_seen_or_qdii_tplus2,False,False,True
159941,2026-03-10,1.2923,5.1692,-0.28,场内买入,场内卖出,akshare:eastmoney:fund_etf_fund_info_em,10,2026-09-08T01:22:48+00:00,,2026-03-12T23:59:59+08:00,earliest_safe_bound:first_seen_or_qdii_tplus2,False,False,True
159941,2026-03-11,1.2915,5.166,-0.06,场内买入,场内卖出,akshare:eastmoney:fund_etf_fund_info_em,10,2026-09-08T01:22:48+00:00,,2026-03-13T23:59:59+08:00,earliest_safe_bound:first_seen_or_qdii_tplus2,False,False,True
159941,2026-03-12,1.2701,5.0804,-1.66,场内买入,场内卖出,akshare:eastmoney:fund_etf_fund_info_em,10,2026-09-08T01:22:48+00:00,,2026-03-16T23:59:59+08:00,earliest_safe_bound:first_seen_or_qdii_tplus2,False,False,True
159941,2026-03-13,1.2631,5.0524,-0.55,场内买入,场内卖出,akshare:eastmoney:fund_etf_fund_info_em,10,2026-09-08T01:22:48+00:00,,2026-03-17T23:59:59+08:00,earliest_safe_bound:first_seen_or_qdii_tplus2,False,False,True
159941,2026-03-16,1.278,5.112,1.18,场内买入,场内卖出,akshare:eastmoney:fund_etf_fund_info_em,10,2026-09-08T01:22:48+00:00,,2026-03-18T23:59:59+08:00,earliest_safe_bound:first_seen_or_qdii_tplus2,False,False,True
159941,2026-03-17,1.2827,5.1308,0.37,场内买入,场内卖出,akshare:eastmoney:fund_etf_fund_info_em,10,2026-09-08T01:22:48+00:00,,2026-03-19T23:59:59+08:00,earliest_safe_bound:first_seen_or_qdii_tplus2,False,False,True
159941,2026-03-18,1.2635,5.054,-1.5,场内买入,场内卖出,akshare:eastmoney:fund_etf_fund_info_em,10,2026-09-08T01:22:48+00:00,,2026-03-20T23:59:59+08:00,earliest_safe_bound:first_seen_or_qdii_tplus2,False,False,True
159941,2026-03-19,1.2611,5.0444,-0.19,场内买入,场内卖出,akshare:eastmoney:fund_etf_fund_info_em,10,2026-09-08T01:22:48+00:00,,2026-03-23T23:59:59+08:00,earliest_safe_bound:first_seen_or_qdii_tplus2,False,False,True
159941,2026-03-20,1.2365,4.946,-1.95,场内买入,场内卖出,akshare:eastmoney:fund_etf_fund_info_em,10,2026-09-08T01:22:48+00:00,,2026-03-24T23:59:59+08:00,earliest_safe_bound:first_seen_or_qdii_tplus2,False,False,True
159941,2026-03-23,1.2536,5.0144,1.38,场内买入,场内卖出,akshare:eastmoney:fund_etf_fund_info_em,10,2026-09-08T01:22:48+00:00,,2026-03-25T23:59:59+08:00,earliest_safe_bound:first_seen_or_qdii_tplus2,False,False,True
159941,2026-03-24,1.2424,4.9696,-0.89,场内买入,场内卖出,akshare:eastmoney:fund_etf_fund_info_em,10,2026-09-08T01:22:48+00:00,,2026-03-26T23:59:59+08:00,earliest_safe_bound:first_seen_or_qdii_tplus2,False,False,True
159941,2026-03-25,1.2499,4.9996,0.6,场内买入,场内卖出,akshare:eastmoney:fund_etf_fund_info_em,10,2026-09-08T01:22:48+00:00,,2026-03-27T23:59:59+08:00,earliest_safe_bound:first_seen_or_qdii_tplus2,False,False,True
159941,2026-03-26,1.2228,4.8912,-2.17,场内买入,场内卖出,akshare:eastmoney:fund_etf_fund_info_em,10,2026-09-08T01:22:48+00:00,,2026-03-30T23:59:59+08:00,earliest_safe_bound:first_seen_or_qdii_tplus2,False,False,True
159941,2026-03-27,1.2008,4.8032,-1.8,场内买入,场内卖出,akshare:eastmoney:fund_etf_fund_info_em,10,2026-09-08T01:22:48+00:00,,2026-03-31T23:59:59+08:00,earliest_safe_bound:first_seen_or_qdii_tplus2,False,False,True
159941,2026-03-30,1.1929,4.7716,-0.66,场内买入,场内卖出,akshare:eastmoney:fund_etf_fund_info_em,10,2026-09-08T01:22:48+00:00,,2026-04-01T23:59:59+08:00,earliest_safe_bound:first_seen_or_qdii_tplus2,False,False,True
159941,2026-03-31,1.2327,4.9308,3.34,场内买入,场内卖出,akshare:eastmoney:fund_etf_fund_info_em,10,2026-09-08T01:22:48+00:00,,2026-04-02T23:59:59+08:00,earliest_safe_bound:first_seen_or_qdii_tplus2,False,False,True
159941,2026-04-01,1.2443,4.9772,0.94,场内买入,场内卖出,akshare:eastmoney:fund_etf_fund_info_em,10,2026-09-08T01:22:48+00:00,,2026-04-03T23:59:59+08:00,earliest_safe_bound:first_seen_or_qdii_tplus2,False,False,True
159941,2026-04-02,1.2432,4.9728,-0.09,场内买入,场内卖出,akshare:eastmoney:fund_etf_fund_info_em,10,2026-09-08T01:22:48+00:00,,2026-04-07T23:59:59+08:00,earliest_safe_bound:first_seen_or_qdii_tplus2,False,False,True
159941,2026-04-03,1.244,4.976,0.06,暂停申购,暂停赎回,akshare:eastmoney:fund_etf_fund_info_em,10,2026-09-08T01:22:48+00:00,,2026-04-08T23:59:59+08:00,earliest_safe_bound:first_seen_or_qdii_tplus2,False,False,True
159941,2026-04-07,1.2505,5.002,0.52,场内买入,场内卖出,akshare:eastmoney:fund_etf_fund_info_em,10,2026-09-08T01:22:48+00:00,,2026-04-09T23:59:59+08:00,earliest_safe_bound:first_seen_or_qdii_tplus2,False,False,True
159941,2026-04-08,1.2832,5.1328,2.61,场内买入,场内卖出,akshare:eastmoney:fund_etf_fund_info_em,10,2026-09-08T01:22:48+00:00,,2026-04-10T23:59:59+08:00,earliest_safe_bound:first_seen_or_qdii_tplus2,False,False,True
159941,2026-04-09,1.2918,5.1672,0.67,场内买入,场内卖出,akshare:eastmoney:fund_etf_fund_info_em,10,2026-09-08T01:22:48+00:00,,2026-04-13T23:59:59+08:00,earliest_safe_bound:first_seen_or_qdii_tplus2,False,False,True
159941,2026-04-10,1.2937,5.1748,0.15,场内买入,场内卖出,akshare:eastmoney:fund_etf_fund_info_em,10,2026-09-08T01:22:48+00:00,,2026-04-14T23:59:59+08:00,earliest_safe_bound:first_seen_or_qdii_tplus2,False,False,True
159941,2026-04-13,1.3073,5.2292,1.05,场内买入,场内卖出,akshare:eastmoney:fund_etf_fund_info_em,10,2026-09-08T01:22:48+00:00,,2026-04-15T23:59:59+08:00,earliest_safe_bound:first_seen_or_qdii_tplus2,False,False,True
159941,2026-04-14,1.3297,5.3188,1.71,场内买入,场内卖出,akshare:eastmoney:fund_etf_fund_info_em,10,2026-09-08T01:22:48+00:00,,2026-04-16T23:59:59+08:00,earliest_safe_bound:first_seen_or_qdii_tplus2,False,False,True
159941,2026-04-15,1.3482,5.3928,1.39,场内买入,场内卖出,akshare:eastmoney:fund_etf_fund_info_em,10,2026-09-08T01:22:48+00:00,,2026-04-17T23:59:59+08:00,earliest_safe_bound:first_seen_or_qdii_tplus2,False,False,True
159941,2026-04-16,1.3553,5.4212,0.53,场内买入,场内卖出,akshare:eastmoney:fund_etf_fund_info_em,10,2026-09-08T01:22:48+00:00,,2026-04-20T23:59:59+08:00,earliest_safe_bound:first_seen_or_qdii_tplus2,False,False,True
159941,2026-04-17,1.3729,5.4916,1.3,场内买入,场内卖出,akshare:eastmoney:fund_etf_fund_info_em,10,2026-09-08T01:22:48+00:00,,2026-04-21T23:59:59+08:00,earliest_safe_bound:first_seen_or_qdii_tplus2,False,False,True
159941,2026-04-20,1.3693,5.4772,-0.26,场内买入,场内卖出,akshare:eastmoney:fund_etf_fund_info_em,10,2026-09-08T01:22:48+00:00,,2026-04-22T23:59:59+08:00,earliest_safe_bound:first_seen_or_qdii_tplus2,False,False,True
159941,2026-04-21,1.3625,5.45,-0.5,场内买入,场内卖出,akshare:eastmoney:fund_etf_fund_info_em,10,2026-09-08T01:22:48+00:00,,2026-04-23T23:59:59+08:00,earliest_safe_bound:first_seen_or_qdii_tplus2,False,False,True
159941,2026-04-22,1.3862,5.5448,1.74,场内买入,场内卖出,akshare:eastmoney:fund_etf_fund_info_em,10,2026-09-08T01:22:48+00:00,,2026-04-24T23:59:59+08:00,earliest_safe_bound:first_seen_or_qdii_tplus2,False,False,True
159941,2026-04-23,1.3788,5.5152,-0.53,场内买入,场内卖出,akshare:eastmoney:fund_etf_fund_info_em,10,2026-09-08T01:22:48+00:00,,2026-04-27T23:59:59+08:00,earliest_safe_bound:first_seen_or_qdii_tplus2,False,False,True
159941,2026-04-24,1.4054,5.6216,1.93,场内买入,场内卖出,akshare:eastmoney:fund_etf_fund_info_em,10,2026-09-08T01:22:48+00:00,,2026-04-28T23:59:59+08:00,earliest_safe_bound:first_seen_or_qdii_tplus2,False,False,True
159941,2026-04-27,1.403,5.612,-0.17,场内买入,场内卖出,akshare:eastmoney:fund_etf_fund_info_em,10,2026-09-08T01:22:48+00:00,,2026-04-29T23:59:59+08:00,earliest_safe_bound:first_seen_or_qdii_tplus2,False,False,True
159941,2026-04-28,1.3892,5.5568,-0.98,场内买入,场内卖出,akshare:eastmoney:fund_etf_fund_info_em,10,2026-09-08T01:22:48+00:00,,2026-04-30T23:59:59+08:00,earliest_safe_bound:first_seen_or_qdii_tplus2,False,False,True
159941,2026-04-29,1.3974,5.5896,0.59,场内买入,场内卖出,akshare:eastmoney:fund_etf_fund_info_em,10,2026-09-08T01:22:48+00:00,,2026-05-06T23:59:59+08:00,earliest_safe_bound:first_seen_or_qdii_tplus2,False,False,True
159941,2026-04-30,1.4112,5.6448,0.99,场内买入,场内卖出,akshare:eastmoney:fund_etf_fund_info_em,10,2026-09-08T01:22:48+00:00,,2026-05-07T23:59:59+08:00,earliest_safe_bound:first_seen_or_qdii_tplus2,False,False,True
159941,2026-05-06,1.4685,5.874,4.06,场内买入,场内卖出,akshare:eastmoney:fund_etf_fund_info_em,10,2026-09-08T01:22:48+00:00,,2026-05-08T23:59:59+08:00,earliest_safe_bound:first_seen_or_qdii_tplus2,False,False,True
159941,2026-05-07,1.4652,5.8608,-0.22,场内买入,场内卖出,akshare:eastmoney:fund_etf_fund_info_em,10,2026-09-08T01:22:48+00:00,,2026-05-11T23:59:59+08:00,earliest_safe_bound:first_seen_or_qdii_tplus2,False,False,True
159941,2026-05-08,1.4999,5.9996,2.37,场内买入,场内卖出,akshare:eastmoney:fund_etf_fund_info_em,10,2026-09-08T01:22:48+00:00,,2026-05-12T23:59:59+08:00,earliest_safe_bound:first_seen_or_qdii_tplus2,False,False,True
159941,2026-05-11,1.5035,6.014,0.24,场内买入,场内卖出,akshare:eastmoney:fund_etf_fund_info_em,10,2026-09-08T01:22:48+00:00,,2026-05-13T23:59:59+08:00,earliest_safe_bound:first_seen_or_qdii_tplus2,False,False,True
159941,2026-05-12,1.4895,5.958,-0.93,场内买入,场内卖出,akshare:eastmoney:fund_etf_fund_info_em,10,2026-09-08T01:22:48+00:00,,2026-05-14T23:59:59+08:00,earliest_safe_bound:first_seen_or_qdii_tplus2,False,False,True
159941,2026-05-13,1.5051,6.0204,1.05,场内买入,场内卖出,akshare:eastmoney:fund_etf_fund_info_em,10,2026-09-08T01:22:48+00:00,,2026-05-15T23:59:59+08:00,earliest_safe_bound:first_seen_or_qdii_tplus2,False,False,True
159941,2026-05-14,1.5155,6.062,0.69,场内买入,场内卖出,akshare:eastmoney:fund_etf_fund_info_em,10,2026-09-08T01:22:48+00:00,,2026-05-18T23:59:59+08:00,earliest_safe_bound:first_seen_or_qdii_tplus2,False,False,True
159941,2026-05-15,1.4926,5.9704,-1.51,场内买入,场内卖出,akshare:eastmoney:fund_etf_fund_info_em,10,2026-09-08T01:22:48+00:00,,2026-05-19T23:59:59+08:00,earliest_safe_bound:first_seen_or_qdii_tplus2,False,False,True
159941,2026-05-18,1.4864,5.9456,-0.42,场内买入,场内卖出,akshare:eastmoney:fund_etf_fund_info_em,10,2026-09-08T01:22:48+00:00,,2026-05-20T23:59:59+08:00,earliest_safe_bound:first_seen_or_qdii_tplus2,False,False,True
159941,2026-05-19,1.476,5.904,-0.7,场内买入,场内卖出,akshare:eastmoney:fund_etf_fund_info_em,10,2026-09-08T01:22:48+00:00,,2026-05-21T23:59:59+08:00,earliest_safe_bound:first_seen_or_qdii_tplus2,False,False,True
159941,2026-05-20,1.5008,6.0032,1.68,场内买入,场内卖出,akshare:eastmoney:fund_etf_fund_info_em,10,2026-09-08T01:22:48+00:00,,2026-05-22T23:59:59+08:00,earliest_safe_bound:first_seen_or_qdii_tplus2,False,False,True
159941,2026-05-21,1.5029,6.0116,0.14,场内买入,场内卖出,akshare:eastmoney:fund_etf_fund_info_em,10,2026-09-08T01:22:48+00:00,,2026-05-25T23:59:59+08:00,earliest_safe_bound:first_seen_or_qdii_tplus2,False,False,True
159941,2026-05-22,1.5097,6.0388,0.45,场内买入,场内卖出,akshare:eastmoney:fund_etf_fund_info_em,10,2026-09-08T01:22:48+00:00,,2026-05-26T23:59:59+08:00,earliest_safe_bound:first_seen_or_qdii_tplus2,False,False,True
159941,2026-05-25,1.5085,6.034,-0.08,暂停申购,暂停赎回,akshare:eastmoney:fund_etf_fund_info_em,10,2026-09-08T01:22:48+00:00,,2026-05-27T23:59:59+08:00,earliest_safe_bound:first_seen_or_qdii_tplus2,False,False,True
159941,2026-05-26,1.5342,6.1368,1.7,场内买入,场内卖出,akshare:eastmoney:fund_etf_fund_info_em,10,2026-09-08T01:22:48+00:00,,2026-05-28T23:59:59+08:00,earliest_safe_bound:first_seen_or_qdii_tplus2,False,False,True
159941,2026-05-27,1.5328,6.1312,-0.09,场内买入,场内卖出,akshare:eastmoney:fund_etf_fund_info_em,10,2026-09-08T01:22:48+00:00,,2026-05-29T23:59:59+08:00,earliest_safe_bound:first_seen_or_qdii_tplus2,False,False,True
159941,2026-05-28,1.5445,6.178,0.76,场内买入,场内卖出,akshare:eastmoney:fund_etf_fund_info_em,10,2026-09-08T01:22:48+00:00,,2026-06-01T23:59:59+08:00,earliest_safe_bound:first_seen_or_qdii_tplus2,False,False,True
159941,2026-05-29,1.5488,6.1952,0.28,场内买入,场内卖出,akshare:eastmoney:fund_etf_fund_info_em,10,2026-09-08T01:22:48+00:00,,2026-06-02T23:59:59+08:00,earliest_safe_bound:first_seen_or_qdii_tplus2,False,False,True
159941,2026-06-01,1.5577,6.2308,0.57,场内买入,场内卖出,akshare:eastmoney:fund_etf_fund_info_em,10,2026-09-08T01:22:48+00:00,,2026-06-03T23:59:59+08:00,earliest_safe_bound:first_seen_or_qdii_tplus2,False,False,True
159941,2026-06-02,1.5657,6.2628,0.51,场内买入,场内卖出,akshare:eastmoney:fund_etf_fund_info_em,10,2026-09-08T01:22:48+00:00,,2026-06-04T23:59:59+08:00,earliest_safe_bound:first_seen_or_qdii_tplus2,False,False,True
159941,2026-06-03,1.5609,6.2436,-0.31,场内买入,场内卖出,akshare:eastmoney:fund_etf_fund_info_em,10,2026-09-08T01:22:48+00:00,,2026-06-05T23:59:59+08:00,earliest_safe_bound:first_seen_or_qdii_tplus2,False,False,True
159941,2026-06-04,1.5531,6.2124,-0.5,场内买入,场内卖出,akshare:eastmoney:fund_etf_fund_info_em,10,2026-09-08T01:22:48+00:00,,2026-06-08T23:59:59+08:00,earliest_safe_bound:first_seen_or_qdii_tplus2,False,False,True
159941,2026-06-05,1.4782,5.9128,-4.82,场内买入,场内卖出,akshare:eastmoney:fund_etf_fund_info_em,10,2026-09-08T01:22:48+00:00,,2026-06-09T23:59:59+08:00,earliest_safe_bound:first_seen_or_qdii_tplus2,False,False,True
159941,2026-06-08,1.5019,6.0076,1.6,场内买入,场内卖出,akshare:eastmoney:fund_etf_fund_info_em,10,2026-09-08T01:22:48+00:00,,2026-06-10T23:59:59+08:00,earliest_safe_bound:first_seen_or_qdii_tplus2,False,False,True
159941,2026-06-09,1.4839,5.9356,-1.2,场内买入,场内卖出,akshare:eastmoney:fund_etf_fund_info_em,10,2026-09-08T01:22:48+00:00,,2026-06-11T23:59:59+08:00,earliest_safe_bound:first_seen_or_qdii_tplus2,False,False,True
159941,2026-06-10,1.4542,5.8168,-2.0,场内买入,场内卖出,akshare:eastmoney:fund_etf_fund_info_em,10,2026-09-08T01:22:48+00:00,,2026-06-12T23:59:59+08:00,earliest_safe_bound:first_seen_or_qdii_tplus2,False,False,True
159941,2026-06-11,1.502,6.008,3.29,场内买入,场内卖出,akshare:eastmoney:fund_etf_fund_info_em,10,2026-09-08T01:22:48+00:00,,2026-06-15T23:59:59+08:00,earliest_safe_bound:first_seen_or_qdii_tplus2,False,False,True
159941,2026-06-12,1.5107,6.0428,0.58,场内买入,场内卖出,akshare:eastmoney:fund_etf_fund_info_em,10,2026-09-08T01:22:48+00:00,,2026-06-16T23:59:59+08:00,earliest_safe_bound:first_seen_or_qdii_tplus2,False,False,True
159941,2026-06-15,1.5562,6.2248,3.01,场内买入,场内卖出,akshare:eastmoney:fund_etf_fund_info_em,10,2026-09-08T01:22:48+00:00,,2026-06-17T23:59:59+08:00,earliest_safe_bound:first_seen_or_qdii_tplus2,False,False,True
159941,2026-06-16,1.5271,6.1084,-1.87,场内买入,场内卖出,akshare:eastmoney:fund_etf_fund_info_em,10,2026-09-08T01:22:48+00:00,,2026-06-18T23:59:59+08:00,earliest_safe_bound:first_seen_or_qdii_tplus2,False,False,True
159941,2026-06-17,1.5118,6.0472,-1.0,场内买入,场内卖出,akshare:eastmoney:fund_etf_fund_info_em,10,2026-09-08T01:22:48+00:00,,2026-06-22T23:59:59+08:00,earliest_safe_bound:first_seen_or_qdii_tplus2,False,False,True
159941,2026-06-18,1.5502,6.2008,2.54,场内买入,场内卖出,akshare:eastmoney:fund_etf_fund_info_em,10,2026-09-08T01:22:48+00:00,,2026-06-23T23:59:59+08:00,earliest_safe_bound:first_seen_or_qdii_tplus2,False,False,True
159941,2026-06-22,1.5476,6.1904,-0.17,场内买入,场内卖出,akshare:eastmoney:fund_etf_fund_info_em,10,2026-09-08T01:22:48+00:00,,2026-06-24T23:59:59+08:00,earliest_safe_bound:first_seen_or_qdii_tplus2,False,False,True
159941,2026-06-23,1.4966,5.9864,-3.3,场内买入,场内卖出,akshare:eastmoney:fund_etf_fund_info_em,10,2026-09-08T01:22:48+00:00,,2026-06-25T23:59:59+08:00,earliest_safe_bound:first_seen_or_qdii_tplus2,False,False,True
159941,2026-06-24,1.4905,5.962,-0.41,场内买入,场内卖出,akshare:eastmoney:fund_etf_fund_info_em,10,2026-09-08T01:22:48+00:00,,2026-06-26T23:59:59+08:00,earliest_safe_bound:first_seen_or_qdii_tplus2,False,False,True
159941,2026-06-25,1.5023,6.0092,0.79,场内买入,场内卖出,akshare:eastmoney:fund_etf_fund_info_em,10,2026-09-08T01:22:48+00:00,,2026-06-29T23:59:59+08:00,earliest_safe_bound:first_seen_or_qdii_tplus2,False,False,True
159941,2026-06-26,1.4844,5.9376,-1.19,场内买入,场内卖出,akshare:eastmoney:fund_etf_fund_info_em,10,2026-09-08T01:22:48+00:00,,2026-06-30T23:59:59+08:00,earliest_safe_bound:first_seen_or_qdii_tplus2,False,False,True
159941,2026-06-29,1.5182,6.0728,2.28,场内买入,场内卖出,akshare:eastmoney:fund_etf_fund_info_em,10,2026-09-08T01:22:48+00:00,,2026-07-01T23:59:59+08:00,earliest_safe_bound:first_seen_or_qdii_tplus2,False,False,True
159941,2026-06-30,1.5424,6.1696,1.59,场内买入,场内卖出,akshare:eastmoney:fund_etf_fund_info_em,10,2026-09-08T01:22:48+00:00,,2026-07-02T23:59:59+08:00,earliest_safe_bound:first_seen_or_qdii_tplus2,False,False,True
159941,2026-07-01,1.5175,6.07,-1.61,场内买入,场内卖出,akshare:eastmoney:fund_etf_fund_info_em,10,2026-09-08T01:22:48+00:00,,2026-07-03T23:59:59+08:00,earliest_safe_bound:first_seen_or_qdii_tplus2,False,False,True
159941,2026-07-02,1.493,5.972,-1.61,场内买入,场内卖出,akshare:eastmoney:fund_etf_fund_info_em,10,2026-09-08T01:22:48+00:00,,2026-07-06T23:59:59+08:00,earliest_safe_bound:first_seen_or_qdii_tplus2,False,False,True
159941,2026-07-03,1.4921,5.9684,-0.06,暂停申购,暂停赎回,akshare:eastmoney:fund_etf_fund_info_em,10,2026-09-08T01:22:48+00:00,,2026-07-07T23:59:59+08:00,earliest_safe_bound:first_seen_or_qdii_tplus2,False,False,True
159941,2026-07-06,1.5114,6.0456,1.29,场内买入,场内卖出,akshare:eastmoney:fund_etf_fund_info_em,10,2026-09-08T01:22:48+00:00,,2026-07-08T23:59:59+08:00,earliest_safe_bound:first_seen_or_qdii_tplus2,False,False,True
159941,2026-07-07,1.4841,5.9364,-1.81,场内买入,场内卖出,akshare:eastmoney:fund_etf_fund_info_em,10,2026-09-08T01:22:48+00:00,,2026-07-09T23:59:59+08:00,earliest_safe_bound:first_seen_or_qdii_tplus2,False,False,True
159941,2026-07-08,1.4887,5.9548,0.31,场内买入,场内卖出,akshare:eastmoney:fund_etf_fund_info_em,10,2026-09-08T01:22:48+00:00,,2026-07-10T23:59:59+08:00,earliest_safe_bound:first_seen_or_qdii_tplus2,False,False,True
159941,2026-07-09,1.5121,6.0484,1.57,场内买入,场内卖出,akshare:eastmoney:fund_etf_fund_info_em,10,2026-09-08T01:22:48+00:00,,2026-07-13T23:59:59+08:00,earliest_safe_bound:first_seen_or_qdii_tplus2,False,False,True
159941,2026-07-10,1.516,6.064,0.26,场内买入,场内卖出,akshare:eastmoney:fund_etf_fund_info_em,10,2026-09-08T01:22:48+00:00,,2026-07-14T23:59:59+08:00,earliest_safe_bound:first_seen_or_qdii_tplus2,False,False,True
159941,2026-07-13,1.4868,5.9472,-1.93,场内买入,场内卖出,akshare:eastmoney:fund_etf_fund_info_em,10,2026-09-08T01:22:48+00:00,,2026-07-15T23:59:59+08:00,earliest_safe_bound:first_seen_or_qdii_tplus2,False,False,True
159941,2026-07-14,1.5036,6.0144,1.13,场内买入,场内卖出,akshare:eastmoney:fund_etf_fund_info_em,10,2026-09-08T01:22:48+00:00,,2026-07-16T23:59:59+08:00,earliest_safe_bound:first_seen_or_qdii_tplus2,False,False,True
159941,2026-07-15,1.4974,5.9896,-0.41,场内买入,场内卖出,akshare:eastmoney:fund_etf_fund_info_em,10,2026-09-08T01:22:48+00:00,,2026-07-17T23:59:59+08:00,earliest_safe_bound:first_seen_or_qdii_tplus2,False,False,True
159941,2026-07-16,1.473,5.892,-1.63,场内买入,场内卖出,akshare:eastmoney:fund_etf_fund_info_em,10,2026-09-08T01:22:48+00:00,,2026-07-20T23:59:59+08:00,earliest_safe_bound:first_seen_or_qdii_tplus2,False,False,True
159941,2026-07-17,1.4514,5.8056,-1.47,场内买入,场内卖出,akshare:eastmoney:fund_etf_fund_info_em,10,2026-09-08T01:22:48+00:00,,2026-07-21T23:59:59+08:00,earliest_safe_bound:first_seen_or_qdii_tplus2,False,False,True
159941,2026-07-20,1.4522,5.8088,0.06,场内买入,场内卖出,akshare:eastmoney:fund_etf_fund_info_em,10,2026-09-08T01:22:48+00:00,,2026-07-22T23:59:59+08:00,earliest_safe_bound:first_seen_or_qdii_tplus2,False,False,True
159941,2026-07-21,1.4796,5.9184,1.89,场内买入,场内卖出,akshare:eastmoney:fund_etf_fund_info_em,10,2026-09-08T01:22:48+00:00,,2026-07-23T23:59:59+08:00,earliest_safe_bound:first_seen_or_qdii_tplus2,False,False,True
159941,2026-07-22,1.472,5.888,-0.51,场内买入,场内卖出,akshare:eastmoney:fund_etf_fund_info_em,10,2026-09-08T01:22:48+00:00,,2026-07-24T23:59:59+08:00,earliest_safe_bound:first_seen_or_qdii_tplus2,False,False,True
159941,2026-07-23,1.4438,5.7752,-1.92,场内买入,场内卖出,akshare:eastmoney:fund_etf_fund_info_em,10,2026-09-08T01:22:48+00:00,,2026-07-27T23:59:59+08:00,earliest_safe_bound:first_seen_or_qdii_tplus2,False,False,True
159941,2026-07-24,1.4277,5.7108,-1.12,场内买入,场内卖出,akshare:eastmoney:fund_etf_fund_info_em,10,2026-09-08T01:22:48+00:00,,2026-07-28T23:59:59+08:00,earliest_safe_bound:first_seen_or_qdii_tplus2,False,False,True
159941,2026-07-27,1.4224,5.6896,-0.37,场内买入,场内卖出,akshare:eastmoney:fund_etf_fund_info_em,10,2026-09-08T01:22:48+00:00,,2026-07-29T23:59:59+08:00,earliest_safe_bound:first_seen_or_qdii_tplus2,False,False,True
159941,2026-07-28,1.4086,5.6344,-0.97,场内买入,场内卖出,akshare:eastmoney:fund_etf_fund_info_em,10,2026-09-08T01:22:48+00:00,,2026-07-30T23:59:59+08:00,earliest_safe_bound:first_seen_or_qdii_tplus2,False,False,True
159941,2026-07-29,1.379,5.516,-2.1,场内买入,场内卖出,akshare:eastmoney:fund_etf_fund_info_em,10,2026-09-08T01:22:48+00:00,,2026-07-31T23:59:59+08:00,earliest_safe_bound:first_seen_or_qdii_tplus2,False,False,True
159941,2026-07-30,1.4251,5.7004,3.34,场内买入,场内卖出,akshare:eastmoney:fund_etf_fund_info_em,10,2026-09-08T01:22:48+00:00,,2026-08-03T23:59:59+08:00,earliest_safe_bound:first_seen_or_qdii_tplus2,False,False,True
159941,2026-07-31,1.4336,5.7344,0.6,场内买入,场内卖出,akshare:eastmoney:fund_etf_fund_info_em,10,2026-09-08T01:22:48+00:00,,2026-08-04T23:59:59+08:00,earliest_safe_bound:first_seen_or_qdii_tplus2,False,False,True
159941,2026-08-03,1.459,5.836,1.77,场内买入,场内卖出,akshare:eastmoney:fund_etf_fund_info_em,10,2026-09-08T01:22:48+00:00,,2026-08-05T23:59:59+08:00,earliest_safe_bound:first_seen_or_qdii_tplus2,False,False,True
159941,2026-08-04,1.508,6.032,3.36,场内买入,场内卖出,akshare:eastmoney:fund_etf_fund_info_em,10,2026-09-08T01:22:48+00:00,,2026-08-06T23:59:59+08:00,earliest_safe_bound:first_seen_or_qdii_tplus2,False,False,True
159941,2026-08-05,1.4947,5.9788,-0.88,场内买入,场内卖出,akshare:eastmoney:fund_etf_fund_info_em,10,2026-09-08T01:22:48+00:00,,2026-08-07T23:59:59+08:00,earliest_safe_bound:first_seen_or_qdii_tplus2,False,False,True
159941,2026-08-06,1.489,5.956,-0.38,场内买入,场内卖出,akshare:eastmoney:fund_etf_fund_info_em,10,2026-09-08T01:22:48+00:00,,2026-08-10T23:59:59+08:00,earliest_safe_bound:first_seen_or_qdii_tplus2,False,False,True
159941,2026-08-07,1.5067,6.0268,1.19,场内买入,场内卖出,akshare:eastmoney:fund_etf_fund_info_em,10,2026-09-08T01:22:48+00:00,,2026-08-11T23:59:59+08:00,earliest_safe_bound:first_seen_or_qdii_tplus2,False,False,True
159941,2026-08-10,1.5012,6.0048,-0.37,场内买入,场内卖出,akshare:eastmoney:fund_etf_fund_info_em,10,2026-09-08T01:22:48+00:00,,2026-08-12T23:59:59+08:00,earliest_safe_bound:first_seen_or_qdii_tplus2,False,False,True
159941,2026-08-11,1.4966,5.9864,-0.31,场内买入,场内卖出,akshare:eastmoney:fund_etf_fund_info_em,10,2026-09-08T01:22:48+00:00,,2026-08-13T23:59:59+08:00,earliest_safe_bound:first_seen_or_qdii_tplus2,False,False,True
159941,2026-08-12,1.5073,6.0292,0.71,场内买入,场内卖出,akshare:eastmoney:fund_etf_fund_info_em,10,2026-09-08T01:22:48+00:00,,2026-08-14T23:59:59+08:00,earliest_safe_bound:first_seen_or_qdii_tplus2,False,False,True
159941,2026-08-13,1.5248,6.0992,1.16,场内买入,场内卖出,akshare:eastmoney:fund_etf_fund_info_em,10,2026-09-08T01:22:48+00:00,,2026-08-17T23:59:59+08:00,earliest_safe_bound:first_seen_or_qdii_tplus2,False,False,True
159941,2026-08-14,1.5227,6.0908,-0.14,场内买入,场内卖出,akshare:eastmoney:fund_etf_fund_info_em,10,2026-09-08T01:22:48+00:00,,2026-08-18T23:59:59+08:00,earliest_safe_bound:first_seen_or_qdii_tplus2,False,False,True
159941,2026-08-17,1.52,6.08,-0.18,场内买入,场内卖出,akshare:eastmoney:fund_etf_fund_info_em,10,2026-09-08T01:22:48+00:00,,2026-08-19T23:59:59+08:00,earliest_safe_bound:first_seen_or_qdii_tplus2,False,False,True
159941,2026-08-18,1.4949,5.9796,-1.65,场内买入,场内卖出,akshare:eastmoney:fund_etf_fund_info_em,10,2026-09-08T01:22:48+00:00,,2026-08-20T23:59:59+08:00,earliest_safe_bound:first_seen_or_qdii_tplus2,False,False,True
159941,2026-08-19,1.4903,5.9612,-0.31,场内买入,场内卖出,akshare:eastmoney:fund_etf_fund_info_em,10,2026-09-08T01:22:48+00:00,,2026-08-21T23:59:59+08:00,earliest_safe_bound:first_seen_or_qdii_tplus2,False,False,True
159941,2026-08-20,1.4788,5.9152,-0.77,场内买入,场内卖出,akshare:eastmoney:fund_etf_fund_info_em,10,2026-09-08T01:22:48+00:00,,2026-08-24T23:59:59+08:00,earliest_safe_bound:first_seen_or_qdii_tplus2,False,False,True
159941,2026-08-21,1.4839,5.9356,0.34,场内买入,场内卖出,akshare:eastmoney:fund_etf_fund_info_em,10,2026-09-08T01:42:17+00:00,,2026-08-25T23:59:59+08:00,earliest_safe_bound:first_seen_or_qdii_tplus2,False,False,True
159941,2026-08-24,1.4697,5.8788,-0.96,场内买入,场内卖出,akshare:eastmoney:fund_etf_fund_info_em,10,2026-09-08T01:42:17+00:00,,2026-08-26T23:59:59+08:00,earliest_safe_bound:first_seen_or_qdii_tplus2,False,False,True
159941,2026-08-25,1.4792,5.9168,0.65,场内买入,场内卖出,akshare:eastmoney:fund_etf_fund_info_em,10,2026-09-08T01:42:17+00:00,,2026-08-27T23:59:59+08:00,earliest_safe_bound:first_seen_or_qdii_tplus2,False,False,True
159941,2026-08-26,1.4796,5.9184,0.03,场内买入,场内卖出,akshare:eastmoney:fund_etf_fund_info_em,10,2026-09-08T01:42:17+00:00,,2026-08-28T23:59:59+08:00,earliest_safe_bound:first_seen_or_qdii_tplus2,False,False,True
159941,2026-08-27,1.5007,6.0028,1.43,场内买入,场内卖出,akshare:eastmoney:fund_etf_fund_info_em,10,2026-09-08T01:42:17+00:00,,2026-08-31T23:59:59+08:00,earliest_safe_bound:first_seen_or_qdii_tplus2,False,False,True
159941,2026-08-28,1.4896,5.9584,-0.74,场内买入,场内卖出,akshare:eastmoney:fund_etf_fund_info_em,10,2026-09-08T01:42:17+00:00,,2026-09-01T23:59:59+08:00,earliest_safe_bound:first_seen_or_qdii_tplus2,False,False,True
159941,2026-08-31,1.491,5.964,0.09,场内买入,场内卖出,akshare:eastmoney:fund_etf_fund_info_em,10,2026-09-08T01:42:17+00:00,,2026-09-02T23:59:59+08:00,earliest_safe_bound:first_seen_or_qdii_tplus2,False,False,True
159941,2026-09-01,1.4714,5.8856,-1.31,场内买入,场内卖出,akshare:eastmoney:fund_etf_fund_info_em,10,2026-09-08T01:42:17+00:00,,2026-09-03T23:59:59+08:00,earliest_safe_bound:first_seen_or_qdii_tplus2,False,False,True
159941,2026-09-02,1.4751,5.9004,0.25,场内买入,场内卖出,akshare:eastmoney:fund_etf_fund_info_em,10,2026-09-08T01:42:17+00:00,,2026-09-04T23:59:59+08:00,earliest_safe_bound:first_seen_or_qdii_tplus2,False,False,True
159941,2026-09-03,1.4918,5.9672,1.13,场内买入,场内卖出,akshare:eastmoney:fund_etf_fund_info_em,10,2026-09-08T01:42:17+00:00,,2026-09-07T23:59:59+08:00,earliest_safe_bound:first_seen_or_qdii_tplus2,False,False,True
159941,2026-09-04,1.4947,5.9788,0.19,场内买入,场内卖出,akshare:eastmoney:fund_etf_fund_info_em,10,2026-09-08T02:20:24+00:00,,2026-09-08T10:20:24+08:00,first_seen_ingestion_bound,False,False,True
513100,2025-06-16,1.578,7.89,1.48,暂停申购,场内卖出,akshare:eastmoney:fund_etf_fund_info_em,10,2026-09-08T01:25:47+00:00,,2025-06-18T23:59:59+08:00,earliest_safe_bound:first_seen_or_qdii_tplus2,False,False,True
513100,2025-06-17,1.561,7.805,-1.08,暂停申购,场内卖出,akshare:eastmoney:fund_etf_fund_info_em,10,2026-09-08T01:25:47+00:00,,2025-06-19T23:59:59+08:00,earliest_safe_bound:first_seen_or_qdii_tplus2,False,False,True
513100,2025-06-18,1.561,7.805,0.0,暂停申购,场内卖出,akshare:eastmoney:fund_etf_fund_info_em,10,2026-09-08T01:25:47+00:00,,2025-06-20T23:59:59+08:00,earliest_safe_bound:first_seen_or_qdii_tplus2,False,False,True
513100,2025-06-19,1.561,7.805,0.0,暂停申购,暂停赎回,akshare:eastmoney:fund_etf_fund_info_em,10,2026-09-08T01:25:47+00:00,,2025-06-23T23:59:59+08:00,earliest_safe_bound:first_seen_or_qdii_tplus2,False,False,True
513100,2025-06-20,1.553,7.765,-0.51,暂停申购,场内卖出,akshare:eastmoney:fund_etf_fund_info_em,10,2026-09-08T01:25:47+00:00,,2025-06-24T23:59:59+08:00,earliest_safe_bound:first_seen_or_qdii_tplus2,False,False,True
513100,2025-06-23,1.57,7.85,1.09,暂停申购,场内卖出,akshare:eastmoney:fund_etf_fund_info_em,10,2026-09-08T01:25:47+00:00,,2025-06-25T23:59:59+08:00,earliest_safe_bound:first_seen_or_qdii_tplus2,False,False,True
513100,2025-06-24,1.593,7.965,1.46,暂停申购,场内卖出,akshare:eastmoney:fund_etf_fund_info_em,10,2026-09-08T01:25:47+00:00,,2025-06-26T23:59:59+08:00,earliest_safe_bound:first_seen_or_qdii_tplus2,False,False,True
513100,2025-06-25,1.596,7.98,0.19,暂停申购,场内卖出,akshare:eastmoney:fund_etf_fund_info_em,10,2026-09-08T01:25:47+00:00,,2025-06-27T23:59:59+08:00,earliest_safe_bound:first_seen_or_qdii_tplus2,False,False,True
513100,2025-06-26,1.61,8.05,0.88,暂停申购,场内卖出,akshare:eastmoney:fund_etf_fund_info_em,10,2026-09-08T01:25:47+00:00,,2025-06-30T23:59:59+08:00,earliest_safe_bound:first_seen_or_qdii_tplus2,False,False,True
513100,2025-06-27,1.617,8.085,0.43,暂停申购,场内卖出,akshare:eastmoney:fund_etf_fund_info_em,10,2026-09-08T01:25:47+00:00,,2025-07-01T23:59:59+08:00,earliest_safe_bound:first_seen_or_qdii_tplus2,False,False,True
513100,2025-06-30,1.626,8.13,0.56,暂停申购,场内卖出,akshare:eastmoney:fund_etf_fund_info_em,10,2026-09-08T01:25:47+00:00,,2025-07-02T23:59:59+08:00,earliest_safe_bound:first_seen_or_qdii_tplus2,False,False,True
513100,2025-07-01,1.611,8.055,-0.92,暂停申购,场内卖出,akshare:eastmoney:fund_etf_fund_info_em,10,2026-09-08T01:25:47+00:00,,2025-07-03T23:59:59+08:00,earliest_safe_bound:first_seen_or_qdii_tplus2,False,False,True
513100,2025-07-02,1.623,8.115,0.74,暂停申购,场内卖出,akshare:eastmoney:fund_etf_fund_info_em,10,2026-09-08T01:25:47+00:00,,2025-07-04T23:59:59+08:00,earliest_safe_bound:first_seen_or_qdii_tplus2,False,False,True
513100,2025-07-03,1.638,8.19,0.92,暂停申购,场内卖出,akshare:eastmoney:fund_etf_fund_info_em,10,2026-09-08T01:25:47+00:00,,2025-07-07T23:59:59+08:00,earliest_safe_bound:first_seen_or_qdii_tplus2,False,False,True
513100,2025-07-04,1.638,8.19,0.0,暂停申购,暂停赎回,akshare:eastmoney:fund_etf_fund_info_em,10,2026-09-08T01:25:47+00:00,,2025-07-08T23:59:59+08:00,earliest_safe_bound:first_seen_or_qdii_tplus2,False,False,True
513100,2025-07-07,1.625,8.125,-0.79,暂停申购,场内卖出,akshare:eastmoney:fund_etf_fund_info_em,10,2026-09-08T01:25:47+00:00,,2025-07-09T23:59:59+08:00,earliest_safe_bound:first_seen_or_qdii_tplus2,False,False,True
513100,2025-07-08,1.626,8.13,0.06,暂停申购,场内卖出,akshare:eastmoney:fund_etf_fund_info_em,10,2026-09-08T01:25:47+00:00,,2025-07-10T23:59:59+08:00,earliest_safe_bound:first_seen_or_qdii_tplus2,False,False,True
513100,2025-07-09,1.638,8.19,0.74,暂停申购,场内卖出,akshare:eastmoney:fund_etf_fund_info_em,10,2026-09-08T01:25:47+00:00,,2025-07-11T23:59:59+08:00,earliest_safe_bound:first_seen_or_qdii_tplus2,False,False,True
513100,2025-07-10,1.635,8.175,-0.18,暂停申购,场内卖出,akshare:eastmoney:fund_etf_fund_info_em,10,2026-09-08T01:25:47+00:00,,2025-07-14T23:59:59+08:00,earliest_safe_bound:first_seen_or_qdii_tplus2,False,False,True
513100,2025-07-11,1.631,8.155,-0.24,暂停申购,场内卖出,akshare:eastmoney:fund_etf_fund_info_em,10,2026-09-08T01:25:47+00:00,,2025-07-15T23:59:59+08:00,earliest_safe_bound:first_seen_or_qdii_tplus2,False,False,True
513100,2025-07-14,1.636,8.18,0.31,暂停申购,场内卖出,akshare:eastmoney:fund_etf_fund_info_em,10,2026-09-08T01:25:47+00:00,,2025-07-16T23:59:59+08:00,earliest_safe_bound:first_seen_or_qdii_tplus2,False,False,True
513100,2025-07-15,1.638,8.19,0.12,暂停申购,场内卖出,akshare:eastmoney:fund_etf_fund_info_em,10,2026-09-08T01:25:47+00:00,,2025-07-17T23:59:59+08:00,earliest_safe_bound:first_seen_or_qdii_tplus2,False,False,True
513100,2025-07-16,1.641,8.205,0.18,暂停申购,场内卖出,akshare:eastmoney:fund_etf_fund_info_em,10,2026-09-08T01:25:47+00:00,,2025-07-18T23:59:59+08:00,earliest_safe_bound:first_seen_or_qdii_tplus2,False,False,True
513100,2025-07-17,1.651,8.255,0.61,暂停申购,场内卖出,akshare:eastmoney:fund_etf_fund_info_em,10,2026-09-08T01:25:47+00:00,,2025-07-21T23:59:59+08:00,earliest_safe_bound:first_seen_or_qdii_tplus2,False,False,True
513100,2025-07-18,1.651,8.255,0.0,暂停申购,场内卖出,akshare:eastmoney:fund_etf_fund_info_em,10,2026-09-08T01:25:47+00:00,,2025-07-22T23:59:59+08:00,earliest_safe_bound:first_seen_or_qdii_tplus2,False,False,True
513100,2025-07-21,1.66,8.3,0.55,暂停申购,场内卖出,akshare:eastmoney:fund_etf_fund_info_em,10,2026-09-08T01:25:47+00:00,,2025-07-23T23:59:59+08:00,earliest_safe_bound:first_seen_or_qdii_tplus2,False,False,True
513100,2025-07-22,1.65,8.25,-0.6,暂停申购,场内卖出,akshare:eastmoney:fund_etf_fund_info_em,10,2026-09-08T01:25:47+00:00,,2025-07-24T23:59:59+08:00,earliest_safe_bound:first_seen_or_qdii_tplus2,False,False,True
513100,2025-07-23,1.656,8.28,0.36,暂停申购,场内卖出,akshare:eastmoney:fund_etf_fund_info_em,10,2026-09-08T01:25:47+00:00,,2025-07-25T23:59:59+08:00,earliest_safe_bound:first_seen_or_qdii_tplus2,False,False,True
513100,2025-07-24,1.659,8.295,0.18,暂停申购,场内卖出,akshare:eastmoney:fund_etf_fund_info_em,10,2026-09-08T01:25:47+00:00,,2025-07-28T23:59:59+08:00,earliest_safe_bound:first_seen_or_qdii_tplus2,False,False,True
513100,2025-07-25,1.664,8.32,0.3,暂停申购,场内卖出,akshare:eastmoney:fund_etf_fund_info_em,10,2026-09-08T01:25:47+00:00,,2025-07-29T23:59:59+08:00,earliest_safe_bound:first_seen_or_qdii_tplus2,False,False,True
513100,2025-07-28,1.671,8.355,0.42,暂停申购,场内卖出,akshare:eastmoney:fund_etf_fund_info_em,10,2026-09-08T01:25:47+00:00,,2025-07-30T23:59:59+08:00,earliest_safe_bound:first_seen_or_qdii_tplus2,False,False,True
513100,2025-07-29,1.668,8.34,-0.18,暂停申购,场内卖出,akshare:eastmoney:fund_etf_fund_info_em,10,2026-09-08T01:25:47+00:00,,2025-07-31T23:59:59+08:00,earliest_safe_bound:first_seen_or_qdii_tplus2,False,False,True
513100,2025-07-30,1.669,8.345,0.06,暂停申购,场内卖出,akshare:eastmoney:fund_etf_fund_info_em,10,2026-09-08T01:25:47+00:00,,2025-08-01T23:59:59+08:00,earliest_safe_bound:first_seen_or_qdii_tplus2,False,False,True
513100,2025-07-31,1.662,8.31,-0.42,暂停申购,场内卖出,akshare:eastmoney:fund_etf_fund_info_em,10,2026-09-08T01:25:47+00:00,,2025-08-04T23:59:59+08:00,earliest_safe_bound:first_seen_or_qdii_tplus2,False,False,True
513100,2025-08-01,1.629,8.145,-1.99,暂停申购,场内卖出,akshare:eastmoney:fund_etf_fund_info_em,10,2026-09-08T01:25:47+00:00,,2025-08-05T23:59:59+08:00,earliest_safe_bound:first_seen_or_qdii_tplus2,False,False,True
513100,2025-08-04,1.657,8.285,1.72,暂停申购,场内卖出,akshare:eastmoney:fund_etf_fund_info_em,10,2026-09-08T01:25:47+00:00,,2025-08-06T23:59:59+08:00,earliest_safe_bound:first_seen_or_qdii_tplus2,False,False,True
513100,2025-08-05,1.644,8.22,-0.78,暂停申购,场内卖出,akshare:eastmoney:fund_etf_fund_info_em,10,2026-09-08T01:25:47+00:00,,2025-08-07T23:59:59+08:00,earliest_safe_bound:first_seen_or_qdii_tplus2,False,False,True
513100,2025-08-06,1.666,8.33,1.34,暂停申购,场内卖出,akshare:eastmoney:fund_etf_fund_info_em,10,2026-09-08T01:25:47+00:00,,2025-08-08T23:59:59+08:00,earliest_safe_bound:first_seen_or_qdii_tplus2,False,False,True
513100,2025-08-07,1.67,8.35,0.24,暂停申购,场内卖出,akshare:eastmoney:fund_etf_fund_info_em,10,2026-09-08T01:25:47+00:00,,2025-08-11T23:59:59+08:00,earliest_safe_bound:first_seen_or_qdii_tplus2,False,False,True
513100,2025-08-08,1.687,8.435,1.02,暂停申购,场内卖出,akshare:eastmoney:fund_etf_fund_info_em,10,2026-09-08T01:25:47+00:00,,2025-08-12T23:59:59+08:00,earliest_safe_bound:first_seen_or_qdii_tplus2,False,False,True
513100,2025-08-11,1.681,8.405,-0.36,暂停申购,场内卖出,akshare:eastmoney:fund_etf_fund_info_em,10,2026-09-08T01:25:47+00:00,,2025-08-13T23:59:59+08:00,earliest_safe_bound:first_seen_or_qdii_tplus2,False,False,True
513100,2025-08-12,1.704,8.52,1.37,暂停申购,场内卖出,akshare:eastmoney:fund_etf_fund_info_em,10,2026-09-08T01:25:47+00:00,,2025-08-14T23:59:59+08:00,earliest_safe_bound:first_seen_or_qdii_tplus2,False,False,True
513100,2025-08-13,1.703,8.515,-0.06,暂停申购,场内卖出,akshare:eastmoney:fund_etf_fund_info_em,10,2026-09-08T01:25:47+00:00,,2025-08-15T23:59:59+08:00,earliest_safe_bound:first_seen_or_qdii_tplus2,False,False,True
513100,2025-08-14,1.702,8.51,-0.06,暂停申购,场内卖出,akshare:eastmoney:fund_etf_fund_info_em,10,2026-09-08T01:25:47+00:00,,2025-08-18T23:59:59+08:00,earliest_safe_bound:first_seen_or_qdii_tplus2,False,False,True
513100,2025-08-15,1.694,8.47,-0.47,暂停申购,场内卖出,akshare:eastmoney:fund_etf_fund_info_em,10,2026-09-08T01:25:47+00:00,,2025-08-19T23:59:59+08:00,earliest_safe_bound:first_seen_or_qdii_tplus2,False,False,True
513100,2025-08-18,1.693,8.465,-0.06,暂停申购,场内卖出,akshare:eastmoney:fund_etf_fund_info_em,10,2026-09-08T01:25:47+00:00,,2025-08-20T23:59:59+08:00,earliest_safe_bound:first_seen_or_qdii_tplus2,False,False,True
513100,2025-08-19,1.67,8.35,-1.36,暂停申购,场内卖出,akshare:eastmoney:fund_etf_fund_info_em,10,2026-09-08T01:25:47+00:00,,2025-08-21T23:59:59+08:00,earliest_safe_bound:first_seen_or_qdii_tplus2,False,False,True
513100,2025-08-20,1.661,8.305,-0.54,暂停申购,场内卖出,akshare:eastmoney:fund_etf_fund_info_em,10,2026-09-08T01:25:47+00:00,,2025-08-22T23:59:59+08:00,earliest_safe_bound:first_seen_or_qdii_tplus2,False,False,True
513100,2025-08-21,1.651,8.255,-0.6,暂停申购,场内卖出,akshare:eastmoney:fund_etf_fund_info_em,10,2026-09-08T01:25:47+00:00,,2025-08-25T23:59:59+08:00,earliest_safe_bound:first_seen_or_qdii_tplus2,False,False,True
513100,2025-08-22,1.677,8.385,1.57,暂停申购,场内卖出,akshare:eastmoney:fund_etf_fund_info_em,10,2026-09-08T01:25:47+00:00,,2025-08-26T23:59:59+08:00,earliest_safe_bound:first_seen_or_qdii_tplus2,False,False,True
513100,2025-08-25,1.669,8.345,-0.48,暂停申购,场内卖出,akshare:eastmoney:fund_etf_fund_info_em,10,2026-09-08T01:25:47+00:00,,2025-08-27T23:59:59+08:00,earliest_safe_bound:first_seen_or_qdii_tplus2,False,False,True
513100,2025-08-26,1.676,8.38,0.42,暂停申购,场内卖出,akshare:eastmoney:fund_etf_fund_info_em,10,2026-09-08T01:25:47+00:00,,2025-08-28T23:59:59+08:00,earliest_safe_bound:first_seen_or_qdii_tplus2,False,False,True
513100,2025-08-27,1.677,8.385,0.06,暂停申购,场内卖出,akshare:eastmoney:fund_etf_fund_info_em,10,2026-09-08T01:25:47+00:00,,2025-08-29T23:59:59+08:00,earliest_safe_bound:first_seen_or_qdii_tplus2,False,False,True
513100,2025-08-28,1.686,8.43,0.54,暂停申购,场内卖出,akshare:eastmoney:fund_etf_fund_info_em,10,2026-09-08T01:25:47+00:00,,2025-09-01T23:59:59+08:00,earliest_safe_bound:first_seen_or_qdii_tplus2,False,False,True
513100,2025-08-29,1.665,8.325,-1.25,暂停申购,场内卖出,akshare:eastmoney:fund_etf_fund_info_em,10,2026-09-08T01:25:47+00:00,,2025-09-02T23:59:59+08:00,earliest_safe_bound:first_seen_or_qdii_tplus2,False,False,True
513100,2025-09-01,1.666,8.33,0.06,暂停申购,暂停赎回,akshare:eastmoney:fund_etf_fund_info_em,10,2026-09-08T01:25:47+00:00,,2025-09-03T23:59:59+08:00,earliest_safe_bound:first_seen_or_qdii_tplus2,False,False,True
513100,2025-09-02,1.653,8.265,-0.78,暂停申购,场内卖出,akshare:eastmoney:fund_etf_fund_info_em,10,2026-09-08T01:25:47+00:00,,2025-09-04T23:59:59+08:00,earliest_safe_bound:first_seen_or_qdii_tplus2,False,False,True
513100,2025-09-03,1.666,8.33,0.79,暂停申购,场内卖出,akshare:eastmoney:fund_etf_fund_info_em,10,2026-09-08T01:25:47+00:00,,2025-09-05T23:59:59+08:00,earliest_safe_bound:first_seen_or_qdii_tplus2,False,False,True
513100,2025-09-04,1.681,8.405,0.9,暂停申购,场内卖出,akshare:eastmoney:fund_etf_fund_info_em,10,2026-09-08T01:25:47+00:00,,2025-09-08T23:59:59+08:00,earliest_safe_bound:first_seen_or_qdii_tplus2,False,False,True
513100,2025-09-05,1.683,8.415,0.12,暂停申购,场内卖出,akshare:eastmoney:fund_etf_fund_info_em,10,2026-09-08T01:25:47+00:00,,2025-09-09T23:59:59+08:00,earliest_safe_bound:first_seen_or_qdii_tplus2,False,False,True
513100,2025-09-08,1.69,8.45,0.42,暂停申购,场内卖出,akshare:eastmoney:fund_etf_fund_info_em,10,2026-09-08T01:25:47+00:00,,2025-09-10T23:59:59+08:00,earliest_safe_bound:first_seen_or_qdii_tplus2,False,False,True
513100,2025-09-09,1.694,8.47,0.24,暂停申购,场内卖出,akshare:eastmoney:fund_etf_fund_info_em,10,2026-09-08T01:25:47+00:00,,2025-09-11T23:59:59+08:00,earliest_safe_bound:first_seen_or_qdii_tplus2,False,False,True
513100,2025-09-10,1.696,8.48,0.12,暂停申购,场内卖出,akshare:eastmoney:fund_etf_fund_info_em,10,2026-09-08T01:25:47+00:00,,2025-09-12T23:59:59+08:00,earliest_safe_bound:first_seen_or_qdii_tplus2,False,False,True
513100,2025-09-11,1.706,8.53,0.59,暂停申购,场内卖出,akshare:eastmoney:fund_etf_fund_info_em,10,2026-09-08T01:25:47+00:00,,2025-09-15T23:59:59+08:00,earliest_safe_bound:first_seen_or_qdii_tplus2,False,False,True
513100,2025-09-12,1.712,8.56,0.35,暂停申购,场内卖出,akshare:eastmoney:fund_etf_fund_info_em,10,2026-09-08T01:25:47+00:00,,2025-09-16T23:59:59+08:00,earliest_safe_bound:first_seen_or_qdii_tplus2,False,False,True
513100,2025-09-15,1.728,8.64,0.93,暂停申购,场内卖出,akshare:eastmoney:fund_etf_fund_info_em,10,2026-09-08T01:25:47+00:00,,2025-09-17T23:59:59+08:00,earliest_safe_bound:first_seen_or_qdii_tplus2,False,False,True
513100,2025-09-16,1.725,8.625,-0.17,暂停申购,场内卖出,akshare:eastmoney:fund_etf_fund_info_em,10,2026-09-08T01:25:47+00:00,,2025-09-18T23:59:59+08:00,earliest_safe_bound:first_seen_or_qdii_tplus2,False,False,True
513100,2025-09-17,1.721,8.605,-0.23,暂停申购,场内卖出,akshare:eastmoney:fund_etf_fund_info_em,10,2026-09-08T01:25:47+00:00,,2025-09-19T23:59:59+08:00,earliest_safe_bound:first_seen_or_qdii_tplus2,False,False,True
513100,2025-09-18,1.739,8.695,1.05,暂停申购,场内卖出,akshare:eastmoney:fund_etf_fund_info_em,10,2026-09-08T01:25:47+00:00,,2025-09-22T23:59:59+08:00,earliest_safe_bound:first_seen_or_qdii_tplus2,False,False,True
513100,2025-09-19,1.752,8.76,0.75,暂停申购,场内卖出,akshare:eastmoney:fund_etf_fund_info_em,10,2026-09-08T01:25:47+00:00,,2025-09-23T23:59:59+08:00,earliest_safe_bound:first_seen_or_qdii_tplus2,False,False,True
513100,2025-09-22,1.761,8.805,0.51,暂停申购,场内卖出,akshare:eastmoney:fund_etf_fund_info_em,10,2026-09-08T01:25:47+00:00,,2025-09-24T23:59:59+08:00,earliest_safe_bound:first_seen_or_qdii_tplus2,False,False,True
513100,2025-09-23,1.747,8.735,-0.8,暂停申购,场内卖出,akshare:eastmoney:fund_etf_fund_info_em,10,2026-09-08T01:25:47+00:00,,2025-09-25T23:59:59+08:00,earliest_safe_bound:first_seen_or_qdii_tplus2,False,False,True
513100,2025-09-24,1.742,8.71,-0.29,暂停申购,场内卖出,akshare:eastmoney:fund_etf_fund_info_em,10,2026-09-08T01:25:47+00:00,,2025-09-26T23:59:59+08:00,earliest_safe_bound:first_seen_or_qdii_tplus2,False,False,True
513100,2025-09-25,1.736,8.68,-0.34,暂停申购,场内卖出,akshare:eastmoney:fund_etf_fund_info_em,10,2026-09-08T01:25:47+00:00,,2025-09-29T23:59:59+08:00,earliest_safe_bound:first_seen_or_qdii_tplus2,False,False,True
513100,2025-09-26,1.744,8.72,0.46,暂停申购,场内卖出,akshare:eastmoney:fund_etf_fund_info_em,10,2026-09-08T01:25:47+00:00,,2025-09-30T23:59:59+08:00,earliest_safe_bound:first_seen_or_qdii_tplus2,False,False,True
513100,2025-09-29,1.75,8.75,0.34,暂停申购,场内卖出,akshare:eastmoney:fund_etf_fund_info_em,10,2026-09-08T01:25:47+00:00,,2025-10-09T23:59:59+08:00,earliest_safe_bound:first_seen_or_qdii_tplus2,False,False,True
513100,2025-09-30,1.754,8.77,0.23,暂停申购,场内卖出,akshare:eastmoney:fund_etf_fund_info_em,10,2026-09-08T01:25:47+00:00,,2025-10-10T23:59:59+08:00,earliest_safe_bound:first_seen_or_qdii_tplus2,False,False,True
513100,2025-10-09,1.785,8.925,1.77,暂停申购,场内卖出,akshare:eastmoney:fund_etf_fund_info_em,10,2026-09-08T01:25:47+00:00,,2025-10-13T23:59:59+08:00,earliest_safe_bound:first_seen_or_qdii_tplus2,False,False,True
513100,2025-10-10,1.721,8.605,-3.59,暂停申购,场内卖出,akshare:eastmoney:fund_etf_fund_info_em,10,2026-09-08T01:25:47+00:00,,2025-10-14T23:59:59+08:00,earliest_safe_bound:first_seen_or_qdii_tplus2,False,False,True
513100,2025-10-13,1.757,8.785,2.09,暂停申购,场内卖出,akshare:eastmoney:fund_etf_fund_info_em,10,2026-09-08T01:25:47+00:00,,2025-10-15T23:59:59+08:00,earliest_safe_bound:first_seen_or_qdii_tplus2,False,False,True
513100,2025-10-14,1.746,8.73,-0.63,暂停申购,场内卖出,akshare:eastmoney:fund_etf_fund_info_em,10,2026-09-08T01:25:47+00:00,,2025-10-16T23:59:59+08:00,earliest_safe_bound:first_seen_or_qdii_tplus2,False,False,True
513100,2025-10-15,1.757,8.785,0.63,暂停申购,场内卖出,akshare:eastmoney:fund_etf_fund_info_em,10,2026-09-08T01:25:47+00:00,,2025-10-17T23:59:59+08:00,earliest_safe_bound:first_seen_or_qdii_tplus2,False,False,True
513100,2025-10-16,1.75,8.75,-0.4,暂停申购,场内卖出,akshare:eastmoney:fund_etf_fund_info_em,10,2026-09-08T01:25:47+00:00,,2025-10-20T23:59:59+08:00,earliest_safe_bound:first_seen_or_qdii_tplus2,False,False,True
513100,2025-10-17,1.761,8.805,0.63,暂停申购,场内卖出,akshare:eastmoney:fund_etf_fund_info_em,10,2026-09-08T01:25:47+00:00,,2025-10-21T23:59:59+08:00,earliest_safe_bound:first_seen_or_qdii_tplus2,False,False,True
513100,2025-10-20,1.784,8.92,1.31,暂停申购,场内卖出,akshare:eastmoney:fund_etf_fund_info_em,10,2026-09-08T01:25:47+00:00,,2025-10-22T23:59:59+08:00,earliest_safe_bound:first_seen_or_qdii_tplus2,False,False,True
513100,2025-10-21,1.782,8.91,-0.11,暂停申购,场内卖出,akshare:eastmoney:fund_etf_fund_info_em,10,2026-09-08T01:25:47+00:00,,2025-10-23T23:59:59+08:00,earliest_safe_bound:first_seen_or_qdii_tplus2,False,False,True
513100,2025-10-22,1.765,8.825,-0.95,暂停申购,场内卖出,akshare:eastmoney:fund_etf_fund_info_em,10,2026-09-08T01:25:47+00:00,,2025-10-24T23:59:59+08:00,earliest_safe_bound:first_seen_or_qdii_tplus2,False,False,True
513100,2025-10-23,1.779,8.895,0.79,暂停申购,场内卖出,akshare:eastmoney:fund_etf_fund_info_em,10,2026-09-08T01:25:47+00:00,,2025-10-27T23:59:59+08:00,earliest_safe_bound:first_seen_or_qdii_tplus2,False,False,True
513100,2025-10-24,1.798,8.99,1.07,暂停申购,场内卖出,akshare:eastmoney:fund_etf_fund_info_em,10,2026-09-08T01:25:47+00:00,,2025-10-28T23:59:59+08:00,earliest_safe_bound:first_seen_or_qdii_tplus2,False,False,True
513100,2025-10-27,1.829,9.145,1.72,暂停申购,场内卖出,akshare:eastmoney:fund_etf_fund_info_em,10,2026-09-08T01:25:47+00:00,,2025-10-29T23:59:59+08:00,earliest_safe_bound:first_seen_or_qdii_tplus2,False,False,True
513100,2025-10-28,1.842,9.21,0.71,暂停申购,场内卖出,akshare:eastmoney:fund_etf_fund_info_em,10,2026-09-08T01:25:47+00:00,,2025-10-30T23:59:59+08:00,earliest_safe_bound:first_seen_or_qdii_tplus2,False,False,True
513100,2025-10-29,1.85,9.25,0.43,暂停申购,场内卖出,akshare:eastmoney:fund_etf_fund_info_em,10,2026-09-08T01:25:47+00:00,,2025-10-31T23:59:59+08:00,earliest_safe_bound:first_seen_or_qdii_tplus2,False,False,True
513100,2025-10-30,1.823,9.115,-1.46,暂停申购,场内卖出,akshare:eastmoney:fund_etf_fund_info_em,10,2026-09-08T01:25:47+00:00,,2025-11-03T23:59:59+08:00,earliest_safe_bound:first_seen_or_qdii_tplus2,False,False,True
513100,2025-10-31,1.832,9.16,0.49,暂停申购,场内卖出,akshare:eastmoney:fund_etf_fund_info_em,10,2026-09-08T01:25:47+00:00,,2025-11-04T23:59:59+08:00,earliest_safe_bound:first_seen_or_qdii_tplus2,False,False,True
513100,2025-11-03,1.84,9.2,0.44,暂停申购,场内卖出,akshare:eastmoney:fund_etf_fund_info_em,10,2026-09-08T01:25:47+00:00,,2025-11-05T23:59:59+08:00,earliest_safe_bound:first_seen_or_qdii_tplus2,False,False,True
513100,2025-11-04,1.802,9.01,-2.07,暂停申购,场内卖出,akshare:eastmoney:fund_etf_fund_info_em,10,2026-09-08T01:25:47+00:00,,2025-11-06T23:59:59+08:00,earliest_safe_bound:first_seen_or_qdii_tplus2,False,False,True
513100,2025-11-05,1.816,9.08,0.78,暂停申购,场内卖出,akshare:eastmoney:fund_etf_fund_info_em,10,2026-09-08T01:25:47+00:00,,2025-11-07T23:59:59+08:00,earliest_safe_bound:first_seen_or_qdii_tplus2,False,False,True
513100,2025-11-06,1.78,8.9,-1.98,暂停申购,场内卖出,akshare:eastmoney:fund_etf_fund_info_em,10,2026-09-08T01:25:47+00:00,,2025-11-10T23:59:59+08:00,earliest_safe_bound:first_seen_or_qdii_tplus2,False,False,True
513100,2025-11-07,1.774,8.87,-0.34,暂停申购,场内卖出,akshare:eastmoney:fund_etf_fund_info_em,10,2026-09-08T01:25:47+00:00,,2025-11-11T23:59:59+08:00,earliest_safe_bound:first_seen_or_qdii_tplus2,False,False,True
513100,2025-11-10,1.814,9.07,2.25,暂停申购,场内卖出,akshare:eastmoney:fund_etf_fund_info_em,10,2026-09-08T01:25:47+00:00,,2025-11-12T23:59:59+08:00,earliest_safe_bound:first_seen_or_qdii_tplus2,False,False,True
513100,2025-11-11,1.808,9.04,-0.33,暂停申购,场内卖出,akshare:eastmoney:fund_etf_fund_info_em,10,2026-09-08T01:25:47+00:00,,2025-11-13T23:59:59+08:00,earliest_safe_bound:first_seen_or_qdii_tplus2,False,False,True
513100,2025-11-12,1.806,9.03,-0.11,暂停申购,场内卖出,akshare:eastmoney:fund_etf_fund_info_em,10,2026-09-08T01:25:47+00:00,,2025-11-14T23:59:59+08:00,earliest_safe_bound:first_seen_or_qdii_tplus2,False,False,True
513100,2025-11-13,1.77,8.85,-1.99,暂停申购,场内卖出,akshare:eastmoney:fund_etf_fund_info_em,10,2026-09-08T01:25:47+00:00,,2025-11-17T23:59:59+08:00,earliest_safe_bound:first_seen_or_qdii_tplus2,False,False,True
513100,2025-11-14,1.77,8.85,0.0,暂停申购,场内卖出,akshare:eastmoney:fund_etf_fund_info_em,10,2026-09-08T01:25:47+00:00,,2025-11-18T23:59:59+08:00,earliest_safe_bound:first_seen_or_qdii_tplus2,False,False,True
513100,2025-11-17,1.755,8.775,-0.85,暂停申购,场内卖出,akshare:eastmoney:fund_etf_fund_info_em,10,2026-09-08T01:25:47+00:00,,2025-11-19T23:59:59+08:00,earliest_safe_bound:first_seen_or_qdii_tplus2,False,False,True
513100,2025-11-18,1.735,8.675,-1.14,暂停申购,场内卖出,akshare:eastmoney:fund_etf_fund_info_em,10,2026-09-08T01:25:47+00:00,,2025-11-20T23:59:59+08:00,earliest_safe_bound:first_seen_or_qdii_tplus2,False,False,True
513100,2025-11-19,1.745,8.725,0.58,暂停申购,场内卖出,akshare:eastmoney:fund_etf_fund_info_em,10,2026-09-08T01:25:47+00:00,,2025-11-21T23:59:59+08:00,earliest_safe_bound:first_seen_or_qdii_tplus2,False,False,True
513100,2025-11-20,1.705,8.525,-2.29,暂停申购,场内卖出,akshare:eastmoney:fund_etf_fund_info_em,10,2026-09-08T01:25:47+00:00,,2025-11-24T23:59:59+08:00,earliest_safe_bound:first_seen_or_qdii_tplus2,False,False,True
513100,2025-11-21,1.717,8.585,0.7,暂停申购,场内卖出,akshare:eastmoney:fund_etf_fund_info_em,10,2026-09-08T01:25:47+00:00,,2025-11-25T23:59:59+08:00,earliest_safe_bound:first_seen_or_qdii_tplus2,False,False,True
513100,2025-11-24,1.761,8.805,2.56,暂停申购,场内卖出,akshare:eastmoney:fund_etf_fund_info_em,10,2026-09-08T01:25:47+00:00,,2025-11-26T23:59:59+08:00,earliest_safe_bound:first_seen_or_qdii_tplus2,False,False,True
513100,2025-11-25,1.771,8.855,0.57,暂停申购,场内卖出,akshare:eastmoney:fund_etf_fund_info_em,10,2026-09-08T01:25:47+00:00,,2025-11-27T23:59:59+08:00,earliest_safe_bound:first_seen_or_qdii_tplus2,False,False,True
513100,2025-11-26,1.786,8.93,0.85,暂停申购,场内卖出,akshare:eastmoney:fund_etf_fund_info_em,10,2026-09-08T01:25:47+00:00,,2025-11-28T23:59:59+08:00,earliest_safe_bound:first_seen_or_qdii_tplus2,False,False,True
513100,2025-11-27,1.785,8.925,-0.06,暂停申购,暂停赎回,akshare:eastmoney:fund_etf_fund_info_em,10,2026-09-08T01:25:47+00:00,,2025-12-01T23:59:59+08:00,earliest_safe_bound:first_seen_or_qdii_tplus2,False,False,True
513100,2025-11-28,1.799,8.995,0.78,暂停申购,场内卖出,akshare:eastmoney:fund_etf_fund_info_em,10,2026-09-08T01:25:47+00:00,,2025-12-02T23:59:59+08:00,earliest_safe_bound:first_seen_or_qdii_tplus2,False,False,True
513100,2025-12-01,1.792,8.96,-0.39,暂停申购,场内卖出,akshare:eastmoney:fund_etf_fund_info_em,10,2026-09-08T01:25:47+00:00,,2025-12-03T23:59:59+08:00,earliest_safe_bound:first_seen_or_qdii_tplus2,False,False,True
513100,2025-12-02,1.808,9.04,0.89,暂停申购,场内卖出,akshare:eastmoney:fund_etf_fund_info_em,10,2026-09-08T01:25:47+00:00,,2025-12-04T23:59:59+08:00,earliest_safe_bound:first_seen_or_qdii_tplus2,False,False,True
513100,2025-12-03,1.811,9.055,0.17,暂停申购,场内卖出,akshare:eastmoney:fund_etf_fund_info_em,10,2026-09-08T01:25:47+00:00,,2025-12-05T23:59:59+08:00,earliest_safe_bound:first_seen_or_qdii_tplus2,False,False,True
513100,2025-12-04,1.808,9.04,-0.17,暂停申购,场内卖出,akshare:eastmoney:fund_etf_fund_info_em,10,2026-09-08T01:25:47+00:00,,2025-12-08T23:59:59+08:00,earliest_safe_bound:first_seen_or_qdii_tplus2,False,False,True
513100,2025-12-05,1.817,9.085,0.5,暂停申购,场内卖出,akshare:eastmoney:fund_etf_fund_info_em,10,2026-09-08T01:25:47+00:00,,2025-12-09T23:59:59+08:00,earliest_safe_bound:first_seen_or_qdii_tplus2,False,False,True
513100,2025-12-08,1.813,9.065,-0.22,暂停申购,场内卖出,akshare:eastmoney:fund_etf_fund_info_em,10,2026-09-08T01:25:47+00:00,,2025-12-10T23:59:59+08:00,earliest_safe_bound:first_seen_or_qdii_tplus2,False,False,True
513100,2025-12-09,1.816,9.08,0.17,暂停申购,场内卖出,akshare:eastmoney:fund_etf_fund_info_em,10,2026-09-08T01:25:47+00:00,,2025-12-11T23:59:59+08:00,earliest_safe_bound:first_seen_or_qdii_tplus2,False,False,True
513100,2025-12-10,1.823,9.115,0.39,暂停申购,场内卖出,akshare:eastmoney:fund_etf_fund_info_em,10,2026-09-08T01:25:47+00:00,,2025-12-12T23:59:59+08:00,earliest_safe_bound:first_seen_or_qdii_tplus2,False,False,True
513100,2025-12-11,1.815,9.075,-0.44,暂停申购,场内卖出,akshare:eastmoney:fund_etf_fund_info_em,10,2026-09-08T01:25:47+00:00,,2025-12-15T23:59:59+08:00,earliest_safe_bound:first_seen_or_qdii_tplus2,False,False,True
513100,2025-12-12,1.779,8.895,-1.98,暂停申购,场内卖出,akshare:eastmoney:fund_etf_fund_info_em,10,2026-09-08T01:25:47+00:00,,2025-12-16T23:59:59+08:00,earliest_safe_bound:first_seen_or_qdii_tplus2,False,False,True
513100,2025-12-15,1.77,8.85,-0.51,暂停申购,场内卖出,akshare:eastmoney:fund_etf_fund_info_em,10,2026-09-08T01:25:47+00:00,,2025-12-17T23:59:59+08:00,earliest_safe_bound:first_seen_or_qdii_tplus2,False,False,True
513100,2025-12-16,1.773,8.865,0.17,暂停申购,场内卖出,akshare:eastmoney:fund_etf_fund_info_em,10,2026-09-08T01:25:47+00:00,,2025-12-18T23:59:59+08:00,earliest_safe_bound:first_seen_or_qdii_tplus2,False,False,True
513100,2025-12-17,1.739,8.695,-1.92,暂停申购,场内卖出,akshare:eastmoney:fund_etf_fund_info_em,10,2026-09-08T01:25:47+00:00,,2025-12-19T23:59:59+08:00,earliest_safe_bound:first_seen_or_qdii_tplus2,False,False,True
513100,2025-12-18,1.765,8.825,1.5,暂停申购,场内卖出,akshare:eastmoney:fund_etf_fund_info_em,10,2026-09-08T01:25:47+00:00,,2025-12-22T23:59:59+08:00,earliest_safe_bound:first_seen_or_qdii_tplus2,False,False,True
513100,2025-12-19,1.787,8.935,1.25,暂停申购,场内卖出,akshare:eastmoney:fund_etf_fund_info_em,10,2026-09-08T01:25:47+00:00,,2025-12-23T23:59:59+08:00,earliest_safe_bound:first_seen_or_qdii_tplus2,False,False,True
513100,2025-12-22,1.7955,8.9775,0.48,暂停申购,场内卖出,akshare:eastmoney:fund_etf_fund_info_em,10,2026-09-08T01:25:47+00:00,,2025-12-24T23:59:59+08:00,earliest_safe_bound:first_seen_or_qdii_tplus2,False,False,True
513100,2025-12-23,1.8032,9.016,0.43,暂停申购,场内卖出,akshare:eastmoney:fund_etf_fund_info_em,10,2026-09-08T01:25:47+00:00,,2025-12-25T23:59:59+08:00,earliest_safe_bound:first_seen_or_qdii_tplus2,False,False,True
513100,2025-12-24,1.8067,9.0335,0.19,暂停申购,场内卖出,akshare:eastmoney:fund_etf_fund_info_em,10,2026-09-08T01:25:47+00:00,,2025-12-26T23:59:59+08:00,earliest_safe_bound:first_seen_or_qdii_tplus2,False,False,True
513100,2025-12-25,1.8047,9.0235,-0.11,暂停申购,暂停赎回,akshare:eastmoney:fund_etf_fund_info_em,10,2026-09-08T01:25:47+00:00,,2025-12-29T23:59:59+08:00,earliest_safe_bound:first_seen_or_qdii_tplus2,False,False,True
513100,2025-12-26,1.803,9.015,-0.09,暂停申购,场内卖出,akshare:eastmoney:fund_etf_fund_info_em,10,2026-09-08T01:25:47+00:00,,2025-12-30T23:59:59+08:00,earliest_safe_bound:first_seen_or_qdii_tplus2,False,False,True
513100,2025-12-29,1.7938,8.969,-0.51,暂停申购,场内卖出,akshare:eastmoney:fund_etf_fund_info_em,10,2026-09-08T01:25:47+00:00,,2025-12-31T23:59:59+08:00,earliest_safe_bound:first_seen_or_qdii_tplus2,False,False,True
513100,2025-12-30,1.7898,8.949,-0.22,暂停申购,场内卖出,akshare:eastmoney:fund_etf_fund_info_em,10,2026-09-08T01:25:47+00:00,,2026-01-05T23:59:59+08:00,earliest_safe_bound:first_seen_or_qdii_tplus2,False,False,True
513100,2025-12-31,1.7735,8.8675,-0.91,暂停申购,场内卖出,akshare:eastmoney:fund_etf_fund_info_em,10,2026-09-08T01:25:47+00:00,,2026-01-06T23:59:59+08:00,earliest_safe_bound:first_seen_or_qdii_tplus2,False,False,True
513100,2026-01-05,1.7825,8.9125,0.51,暂停申购,场内卖出,akshare:eastmoney:fund_etf_fund_info_em,10,2026-09-08T01:25:47+00:00,,2026-01-07T23:59:59+08:00,earliest_safe_bound:first_seen_or_qdii_tplus2,False,False,True
513100,2026-01-06,1.7978,8.989,0.86,暂停申购,场内卖出,akshare:eastmoney:fund_etf_fund_info_em,10,2026-09-08T01:25:47+00:00,,2026-01-08T23:59:59+08:00,earliest_safe_bound:first_seen_or_qdii_tplus2,False,False,True
513100,2026-01-07,1.7991,8.9955,0.07,暂停申购,场内卖出,akshare:eastmoney:fund_etf_fund_info_em,10,2026-09-08T01:25:47+00:00,,2026-01-09T23:59:59+08:00,earliest_safe_bound:first_seen_or_qdii_tplus2,False,False,True
513100,2026-01-08,1.789,8.945,-0.56,暂停申购,场内卖出,akshare:eastmoney:fund_etf_fund_info_em,10,2026-09-08T01:25:47+00:00,,2026-01-12T23:59:59+08:00,earliest_safe_bound:first_seen_or_qdii_tplus2,False,False,True
513100,2026-01-09,1.8054,9.027,0.92,暂停申购,场内卖出,akshare:eastmoney:fund_etf_fund_info_em,10,2026-09-08T01:25:47+00:00,,2026-01-13T23:59:59+08:00,earliest_safe_bound:first_seen_or_qdii_tplus2,False,False,True
513100,2026-01-12,1.8063,9.0315,0.05,暂停申购,场内卖出,akshare:eastmoney:fund_etf_fund_info_em,10,2026-09-08T01:25:47+00:00,,2026-01-14T23:59:59+08:00,earliest_safe_bound:first_seen_or_qdii_tplus2,False,False,True
513100,2026-01-13,1.8029,9.0145,-0.19,暂停申购,场内卖出,akshare:eastmoney:fund_etf_fund_info_em,10,2026-09-08T01:25:47+00:00,,2026-01-15T23:59:59+08:00,earliest_safe_bound:first_seen_or_qdii_tplus2,False,False,True
513100,2026-01-14,1.7841,8.9205,-1.04,暂停申购,场内卖出,akshare:eastmoney:fund_etf_fund_info_em,10,2026-09-08T01:25:47+00:00,,2026-01-16T23:59:59+08:00,earliest_safe_bound:first_seen_or_qdii_tplus2,False,False,True
513100,2026-01-15,1.7884,8.942,0.24,暂停申购,场内卖出,akshare:eastmoney:fund_etf_fund_info_em,10,2026-09-08T01:25:47+00:00,,2026-01-19T23:59:59+08:00,earliest_safe_bound:first_seen_or_qdii_tplus2,False,False,True
513100,2026-01-16,1.7874,8.937,-0.06,暂停申购,场内卖出,akshare:eastmoney:fund_etf_fund_info_em,10,2026-09-08T01:25:47+00:00,,2026-01-20T23:59:59+08:00,earliest_safe_bound:first_seen_or_qdii_tplus2,False,False,True
513100,2026-01-19,1.7866,8.933,-0.04,暂停申购,暂停赎回,akshare:eastmoney:fund_etf_fund_info_em,10,2026-09-08T01:25:47+00:00,,2026-01-21T23:59:59+08:00,earliest_safe_bound:first_seen_or_qdii_tplus2,False,False,True
513100,2026-01-20,1.7476,8.738,-2.18,暂停申购,场内卖出,akshare:eastmoney:fund_etf_fund_info_em,10,2026-09-08T01:25:47+00:00,,2026-01-22T23:59:59+08:00,earliest_safe_bound:first_seen_or_qdii_tplus2,False,False,True
513100,2026-01-21,1.7714,8.857,1.36,暂停申购,场内卖出,akshare:eastmoney:fund_etf_fund_info_em,10,2026-09-08T01:25:47+00:00,,2026-01-23T23:59:59+08:00,earliest_safe_bound:first_seen_or_qdii_tplus2,False,False,True
513100,2026-01-22,1.7849,8.9245,0.76,暂停申购,场内卖出,akshare:eastmoney:fund_etf_fund_info_em,10,2026-09-08T01:25:47+00:00,,2026-01-26T23:59:59+08:00,earliest_safe_bound:first_seen_or_qdii_tplus2,False,False,True
513100,2026-01-23,1.7887,8.9435,0.21,暂停申购,场内卖出,akshare:eastmoney:fund_etf_fund_info_em,10,2026-09-08T01:25:47+00:00,,2026-01-27T23:59:59+08:00,earliest_safe_bound:first_seen_or_qdii_tplus2,False,False,True
513100,2026-01-26,1.794,8.97,0.3,暂停申购,场内卖出,akshare:eastmoney:fund_etf_fund_info_em,10,2026-09-08T01:25:47+00:00,,2026-01-28T23:59:59+08:00,earliest_safe_bound:first_seen_or_qdii_tplus2,False,False,True
513100,2026-01-27,1.8101,9.0505,0.9,暂停申购,场内卖出,akshare:eastmoney:fund_etf_fund_info_em,10,2026-09-08T01:25:47+00:00,,2026-01-29T23:59:59+08:00,earliest_safe_bound:first_seen_or_qdii_tplus2,False,False,True
513100,2026-01-28,1.8133,9.0665,0.18,暂停申购,场内卖出,akshare:eastmoney:fund_etf_fund_info_em,10,2026-09-08T01:25:47+00:00,,2026-01-30T23:59:59+08:00,earliest_safe_bound:first_seen_or_qdii_tplus2,False,False,True
513100,2026-01-29,1.804,9.02,-0.51,暂停申购,场内卖出,akshare:eastmoney:fund_etf_fund_info_em,10,2026-09-08T01:25:47+00:00,,2026-02-02T23:59:59+08:00,earliest_safe_bound:first_seen_or_qdii_tplus2,False,False,True
513100,2026-01-30,1.7788,8.894,-1.4,暂停申购,场内卖出,akshare:eastmoney:fund_etf_fund_info_em,10,2026-09-08T01:25:47+00:00,,2026-02-03T23:59:59+08:00,earliest_safe_bound:first_seen_or_qdii_tplus2,False,False,True
513100,2026-02-02,1.792,8.96,0.74,暂停申购,场内卖出,akshare:eastmoney:fund_etf_fund_info_em,10,2026-09-08T01:25:47+00:00,,2026-02-04T23:59:59+08:00,earliest_safe_bound:first_seen_or_qdii_tplus2,False,False,True
513100,2026-02-03,1.7621,8.8105,-1.67,暂停申购,场内卖出,akshare:eastmoney:fund_etf_fund_info_em,10,2026-09-08T01:25:47+00:00,,2026-02-05T23:59:59+08:00,earliest_safe_bound:first_seen_or_qdii_tplus2,False,False,True
513100,2026-02-04,1.7292,8.646,-1.87,暂停申购,场内卖出,akshare:eastmoney:fund_etf_fund_info_em,10,2026-09-08T01:25:47+00:00,,2026-02-06T23:59:59+08:00,earliest_safe_bound:first_seen_or_qdii_tplus2,False,False,True
513100,2026-02-05,1.7063,8.5315,-1.32,暂停申购,场内卖出,akshare:eastmoney:fund_etf_fund_info_em,10,2026-09-08T01:25:47+00:00,,2026-02-09T23:59:59+08:00,earliest_safe_bound:first_seen_or_qdii_tplus2,False,False,True
513100,2026-02-06,1.7432,8.716,2.16,暂停申购,场内卖出,akshare:eastmoney:fund_etf_fund_info_em,10,2026-09-08T01:25:47+00:00,,2026-02-10T23:59:59+08:00,earliest_safe_bound:first_seen_or_qdii_tplus2,False,False,True
513100,2026-02-09,1.7549,8.7745,0.67,暂停申购,场内卖出,akshare:eastmoney:fund_etf_fund_info_em,10,2026-09-08T01:25:47+00:00,,2026-02-11T23:59:59+08:00,earliest_safe_bound:first_seen_or_qdii_tplus2,False,False,True
513100,2026-02-10,1.7437,8.7185,-0.64,暂停申购,场内卖出,akshare:eastmoney:fund_etf_fund_info_em,10,2026-09-08T01:25:47+00:00,,2026-02-12T23:59:59+08:00,earliest_safe_bound:first_seen_or_qdii_tplus2,False,False,True
513100,2026-02-11,1.7482,8.741,0.26,暂停申购,场内卖出,akshare:eastmoney:fund_etf_fund_info_em,10,2026-09-08T01:25:47+00:00,,2026-02-13T23:59:59+08:00,earliest_safe_bound:first_seen_or_qdii_tplus2,False,False,True
513100,2026-02-12,1.7131,8.5655,-2.01,暂停申购,场内卖出,akshare:eastmoney:fund_etf_fund_info_em,10,2026-09-08T01:25:47+00:00,,2026-02-24T23:59:59+08:00,earliest_safe_bound:first_seen_or_qdii_tplus2,False,False,True
513100,2026-02-13,1.7149,8.5745,0.11,暂停申购,场内卖出,akshare:eastmoney:fund_etf_fund_info_em,10,2026-09-08T01:25:47+00:00,,2026-02-25T23:59:59+08:00,earliest_safe_bound:first_seen_or_qdii_tplus2,False,False,True
513100,2026-02-24,1.732,8.66,1.0,暂停申购,场内卖出,akshare:eastmoney:fund_etf_fund_info_em,10,2026-09-08T01:25:47+00:00,,2026-02-26T23:59:59+08:00,earliest_safe_bound:first_seen_or_qdii_tplus2,False,False,True
513100,2026-02-25,1.7541,8.7705,1.28,暂停申购,场内卖出,akshare:eastmoney:fund_etf_fund_info_em,10,2026-09-08T01:25:47+00:00,,2026-02-27T23:59:59+08:00,earliest_safe_bound:first_seen_or_qdii_tplus2,False,False,True
513100,2026-02-26,1.7314,8.657,-1.29,暂停申购,场内卖出,akshare:eastmoney:fund_etf_fund_info_em,10,2026-09-08T01:25:47+00:00,,2026-03-02T23:59:59+08:00,earliest_safe_bound:first_seen_or_qdii_tplus2,False,False,True
513100,2026-02-27,1.7264,8.632,-0.29,暂停申购,场内卖出,akshare:eastmoney:fund_etf_fund_info_em,10,2026-09-08T01:25:47+00:00,,2026-03-03T23:59:59+08:00,earliest_safe_bound:first_seen_or_qdii_tplus2,False,False,True
513100,2026-03-02,1.7287,8.6435,0.13,暂停申购,场内卖出,akshare:eastmoney:fund_etf_fund_info_em,10,2026-09-08T01:25:47+00:00,,2026-03-04T23:59:59+08:00,earliest_safe_bound:first_seen_or_qdii_tplus2,False,False,True
513100,2026-03-03,1.7065,8.5325,-1.28,暂停申购,场内卖出,akshare:eastmoney:fund_etf_fund_info_em,10,2026-09-08T01:25:47+00:00,,2026-03-05T23:59:59+08:00,earliest_safe_bound:first_seen_or_qdii_tplus2,False,False,True
513100,2026-03-04,1.7331,8.6655,1.56,暂停申购,场内卖出,akshare:eastmoney:fund_etf_fund_info_em,10,2026-09-08T01:25:47+00:00,,2026-03-06T23:59:59+08:00,earliest_safe_bound:first_seen_or_qdii_tplus2,False,False,True
513100,2026-03-05,1.7253,8.6265,-0.45,暂停申购,场内卖出,akshare:eastmoney:fund_etf_fund_info_em,10,2026-09-08T01:25:47+00:00,,2026-03-09T23:59:59+08:00,earliest_safe_bound:first_seen_or_qdii_tplus2,False,False,True
513100,2026-03-06,1.6999,8.4995,-1.47,暂停申购,场内卖出,akshare:eastmoney:fund_etf_fund_info_em,10,2026-09-08T01:25:47+00:00,,2026-03-10T23:59:59+08:00,earliest_safe_bound:first_seen_or_qdii_tplus2,False,False,True
513100,2026-03-09,1.7253,8.6265,1.49,暂停申购,场内卖出,akshare:eastmoney:fund_etf_fund_info_em,10,2026-09-08T01:25:47+00:00,,2026-03-11T23:59:59+08:00,earliest_safe_bound:first_seen_or_qdii_tplus2,False,False,True
513100,2026-03-10,1.7204,8.602,-0.28,暂停申购,场内卖出,akshare:eastmoney:fund_etf_fund_info_em,10,2026-09-08T01:25:47+00:00,,2026-03-12T23:59:59+08:00,earliest_safe_bound:first_seen_or_qdii_tplus2,False,False,True
513100,2026-03-11,1.7194,8.597,-0.06,暂停申购,场内卖出,akshare:eastmoney:fund_etf_fund_info_em,10,2026-09-08T01:25:47+00:00,,2026-03-13T23:59:59+08:00,earliest_safe_bound:first_seen_or_qdii_tplus2,False,False,True
513100,2026-03-12,1.6908,8.454,-1.66,暂停申购,场内卖出,akshare:eastmoney:fund_etf_fund_info_em,10,2026-09-08T01:25:47+00:00,,2026-03-16T23:59:59+08:00,earliest_safe_bound:first_seen_or_qdii_tplus2,False,False,True
513100,2026-03-13,1.6815,8.4075,-0.55,暂停申购,场内卖出,akshare:eastmoney:fund_etf_fund_info_em,10,2026-09-08T01:25:47+00:00,,2026-03-17T23:59:59+08:00,earliest_safe_bound:first_seen_or_qdii_tplus2,False,False,True
513100,2026-03-16,1.7015,8.5075,1.19,暂停申购,场内卖出,akshare:eastmoney:fund_etf_fund_info_em,10,2026-09-08T01:25:47+00:00,,2026-03-18T23:59:59+08:00,earliest_safe_bound:first_seen_or_qdii_tplus2,False,False,True
513100,2026-03-17,1.7078,8.539,0.37,暂停申购,场内卖出,akshare:eastmoney:fund_etf_fund_info_em,10,2026-09-08T01:25:47+00:00,,2026-03-19T23:59:59+08:00,earliest_safe_bound:first_seen_or_qdii_tplus2,False,False,True
513100,2026-03-18,1.6821,8.4105,-1.5,暂停申购,场内卖出,akshare:eastmoney:fund_etf_fund_info_em,10,2026-09-08T01:25:47+00:00,,2026-03-20T23:59:59+08:00,earliest_safe_bound:first_seen_or_qdii_tplus2,False,False,True
513100,2026-03-19,1.6788,8.394,-0.2,暂停申购,场内卖出,akshare:eastmoney:fund_etf_fund_info_em,10,2026-09-08T01:25:47+00:00,,2026-03-23T23:59:59+08:00,earliest_safe_bound:first_seen_or_qdii_tplus2,False,False,True
513100,2026-03-20,1.6456,8.228,-1.98,暂停申购,场内卖出,akshare:eastmoney:fund_etf_fund_info_em,10,2026-09-08T01:25:47+00:00,,2026-03-24T23:59:59+08:00,earliest_safe_bound:first_seen_or_qdii_tplus2,False,False,True
513100,2026-03-23,1.6688,8.344,1.41,暂停申购,场内卖出,akshare:eastmoney:fund_etf_fund_info_em,10,2026-09-08T01:25:47+00:00,,2026-03-25T23:59:59+08:00,earliest_safe_bound:first_seen_or_qdii_tplus2,False,False,True
513100,2026-03-24,1.6537,8.2685,-0.9,暂停申购,场内卖出,akshare:eastmoney:fund_etf_fund_info_em,10,2026-09-08T01:25:47+00:00,,2026-03-26T23:59:59+08:00,earliest_safe_bound:first_seen_or_qdii_tplus2,False,False,True
513100,2026-03-25,1.664,8.32,0.62,暂停申购,场内卖出,akshare:eastmoney:fund_etf_fund_info_em,10,2026-09-08T01:25:47+00:00,,2026-03-27T23:59:59+08:00,earliest_safe_bound:first_seen_or_qdii_tplus2,False,False,True
513100,2026-03-26,1.6276,8.138,-2.19,暂停申购,场内卖出,akshare:eastmoney:fund_etf_fund_info_em,10,2026-09-08T01:25:47+00:00,,2026-03-30T23:59:59+08:00,earliest_safe_bound:first_seen_or_qdii_tplus2,False,False,True
513100,2026-03-27,1.5981,7.9905,-1.81,暂停申购,场内卖出,akshare:eastmoney:fund_etf_fund_info_em,10,2026-09-08T01:25:47+00:00,,2026-03-31T23:59:59+08:00,earliest_safe_bound:first_seen_or_qdii_tplus2,False,False,True
513100,2026-03-30,1.5874,7.937,-0.67,暂停申购,场内卖出,akshare:eastmoney:fund_etf_fund_info_em,10,2026-09-08T01:25:47+00:00,,2026-04-01T23:59:59+08:00,earliest_safe_bound:first_seen_or_qdii_tplus2,False,False,True
513100,2026-03-31,1.641,8.205,3.38,暂停申购,场内卖出,akshare:eastmoney:fund_etf_fund_info_em,10,2026-09-08T01:25:47+00:00,,2026-04-02T23:59:59+08:00,earliest_safe_bound:first_seen_or_qdii_tplus2,False,False,True
513100,2026-04-01,1.6565,8.2825,0.94,暂停申购,场内卖出,akshare:eastmoney:fund_etf_fund_info_em,10,2026-09-08T01:25:47+00:00,,2026-04-03T23:59:59+08:00,earliest_safe_bound:first_seen_or_qdii_tplus2,False,False,True
513100,2026-04-02,1.6551,8.2755,-0.08,暂停申购,场内卖出,akshare:eastmoney:fund_etf_fund_info_em,10,2026-09-08T01:25:47+00:00,,2026-04-07T23:59:59+08:00,earliest_safe_bound:first_seen_or_qdii_tplus2,False,False,True
513100,2026-04-03,1.6561,8.2805,0.06,暂停申购,暂停赎回,akshare:eastmoney:fund_etf_fund_info_em,10,2026-09-08T01:25:47+00:00,,2026-04-08T23:59:59+08:00,earliest_safe_bound:first_seen_or_qdii_tplus2,False,False,True
513100,2026-04-07,1.665,8.325,0.54,暂停申购,场内卖出,akshare:eastmoney:fund_etf_fund_info_em,10,2026-09-08T01:25:47+00:00,,2026-04-09T23:59:59+08:00,earliest_safe_bound:first_seen_or_qdii_tplus2,False,False,True
513100,2026-04-08,1.709,8.545,2.64,暂停申购,场内卖出,akshare:eastmoney:fund_etf_fund_info_em,10,2026-09-08T01:25:47+00:00,,2026-04-10T23:59:59+08:00,earliest_safe_bound:first_seen_or_qdii_tplus2,False,False,True
513100,2026-04-09,1.7205,8.6025,0.67,暂停申购,场内卖出,akshare:eastmoney:fund_etf_fund_info_em,10,2026-09-08T01:25:47+00:00,,2026-04-13T23:59:59+08:00,earliest_safe_bound:first_seen_or_qdii_tplus2,False,False,True
513100,2026-04-10,1.7229,8.6145,0.14,暂停申购,场内卖出,akshare:eastmoney:fund_etf_fund_info_em,10,2026-09-08T01:25:47+00:00,,2026-04-14T23:59:59+08:00,earliest_safe_bound:first_seen_or_qdii_tplus2,False,False,True
513100,2026-04-13,1.7411,8.7055,1.06,暂停申购,场内卖出,akshare:eastmoney:fund_etf_fund_info_em,10,2026-09-08T01:25:47+00:00,,2026-04-15T23:59:59+08:00,earliest_safe_bound:first_seen_or_qdii_tplus2,False,False,True
513100,2026-04-14,1.7708,8.854,1.71,暂停申购,场内卖出,akshare:eastmoney:fund_etf_fund_info_em,10,2026-09-08T01:25:47+00:00,,2026-04-16T23:59:59+08:00,earliest_safe_bound:first_seen_or_qdii_tplus2,False,False,True
513100,2026-04-15,1.7953,8.9765,1.38,暂停申购,场内卖出,akshare:eastmoney:fund_etf_fund_info_em,10,2026-09-08T01:25:47+00:00,,2026-04-17T23:59:59+08:00,earliest_safe_bound:first_seen_or_qdii_tplus2,False,False,True
513100,2026-04-16,1.8049,9.0245,0.53,暂停申购,场内卖出,akshare:eastmoney:fund_etf_fund_info_em,10,2026-09-08T01:25:47+00:00,,2026-04-20T23:59:59+08:00,earliest_safe_bound:first_seen_or_qdii_tplus2,False,False,True
513100,2026-04-17,1.8282,9.141,1.29,暂停申购,场内卖出,akshare:eastmoney:fund_etf_fund_info_em,10,2026-09-08T01:25:47+00:00,,2026-04-21T23:59:59+08:00,earliest_safe_bound:first_seen_or_qdii_tplus2,False,False,True
513100,2026-04-20,1.8232,9.116,-0.27,暂停申购,场内卖出,akshare:eastmoney:fund_etf_fund_info_em,10,2026-09-08T01:25:47+00:00,,2026-04-22T23:59:59+08:00,earliest_safe_bound:first_seen_or_qdii_tplus2,False,False,True
513100,2026-04-21,1.8142,9.071,-0.49,暂停申购,场内卖出,akshare:eastmoney:fund_etf_fund_info_em,10,2026-09-08T01:25:47+00:00,,2026-04-23T23:59:59+08:00,earliest_safe_bound:first_seen_or_qdii_tplus2,False,False,True
513100,2026-04-22,1.8464,9.232,1.77,暂停申购,场内卖出,akshare:eastmoney:fund_etf_fund_info_em,10,2026-09-08T01:25:47+00:00,,2026-04-24T23:59:59+08:00,earliest_safe_bound:first_seen_or_qdii_tplus2,False,False,True
513100,2026-04-23,1.8362,9.181,-0.55,暂停申购,场内卖出,akshare:eastmoney:fund_etf_fund_info_em,10,2026-09-08T01:25:47+00:00,,2026-04-27T23:59:59+08:00,earliest_safe_bound:first_seen_or_qdii_tplus2,False,False,True
513100,2026-04-24,1.8723,9.3615,1.97,暂停申购,场内卖出,akshare:eastmoney:fund_etf_fund_info_em,10,2026-09-08T01:25:47+00:00,,2026-04-28T23:59:59+08:00,earliest_safe_bound:first_seen_or_qdii_tplus2,False,False,True
513100,2026-04-27,1.8699,9.3495,-0.13,暂停申购,场内卖出,akshare:eastmoney:fund_etf_fund_info_em,10,2026-09-08T01:25:47+00:00,,2026-04-29T23:59:59+08:00,earliest_safe_bound:first_seen_or_qdii_tplus2,False,False,True
513100,2026-04-28,1.8513,9.2565,-0.99,暂停申购,场内卖出,akshare:eastmoney:fund_etf_fund_info_em,10,2026-09-08T01:25:47+00:00,,2026-04-30T23:59:59+08:00,earliest_safe_bound:first_seen_or_qdii_tplus2,False,False,True
513100,2026-04-29,1.8625,9.3125,0.6,暂停申购,场内卖出,akshare:eastmoney:fund_etf_fund_info_em,10,2026-09-08T01:25:47+00:00,,2026-05-06T23:59:59+08:00,earliest_safe_bound:first_seen_or_qdii_tplus2,False,False,True
513100,2026-04-30,1.8812,9.406,1.0,暂停申购,场内卖出,akshare:eastmoney:fund_etf_fund_info_em,10,2026-09-08T01:25:47+00:00,,2026-05-07T23:59:59+08:00,earliest_safe_bound:first_seen_or_qdii_tplus2,False,False,True
513100,2026-05-06,1.9576,9.788,4.06,暂停申购,场内卖出,akshare:eastmoney:fund_etf_fund_info_em,10,2026-09-08T01:25:47+00:00,,2026-05-08T23:59:59+08:00,earliest_safe_bound:first_seen_or_qdii_tplus2,False,False,True
513100,2026-05-07,1.9531,9.7655,-0.23,暂停申购,场内卖出,akshare:eastmoney:fund_etf_fund_info_em,10,2026-09-08T01:25:47+00:00,,2026-05-11T23:59:59+08:00,earliest_safe_bound:first_seen_or_qdii_tplus2,False,False,True
513100,2026-05-08,1.9993,9.9965,2.37,暂停申购,场内卖出,akshare:eastmoney:fund_etf_fund_info_em,10,2026-09-08T01:25:47+00:00,,2026-05-12T23:59:59+08:00,earliest_safe_bound:first_seen_or_qdii_tplus2,False,False,True
513100,2026-05-11,2.0042,10.021,0.25,暂停申购,场内卖出,akshare:eastmoney:fund_etf_fund_info_em,10,2026-09-08T01:25:47+00:00,,2026-05-13T23:59:59+08:00,earliest_safe_bound:first_seen_or_qdii_tplus2,False,False,True
513100,2026-05-12,1.9856,9.928,-0.93,暂停申购,场内卖出,akshare:eastmoney:fund_etf_fund_info_em,10,2026-09-08T01:25:47+00:00,,2026-05-14T23:59:59+08:00,earliest_safe_bound:first_seen_or_qdii_tplus2,False,False,True
513100,2026-05-13,2.0063,10.0315,1.04,暂停申购,场内卖出,akshare:eastmoney:fund_etf_fund_info_em,10,2026-09-08T01:25:47+00:00,,2026-05-15T23:59:59+08:00,earliest_safe_bound:first_seen_or_qdii_tplus2,False,False,True
513100,2026-05-14,2.02,10.1,0.68,暂停申购,场内卖出,akshare:eastmoney:fund_etf_fund_info_em,10,2026-09-08T01:25:47+00:00,,2026-05-18T23:59:59+08:00,earliest_safe_bound:first_seen_or_qdii_tplus2,False,False,True
513100,2026-05-15,1.9896,9.948,-1.5,暂停申购,场内卖出,akshare:eastmoney:fund_etf_fund_info_em,10,2026-09-08T01:25:47+00:00,,2026-05-19T23:59:59+08:00,earliest_safe_bound:first_seen_or_qdii_tplus2,False,False,True
513100,2026-05-18,1.9811,9.9055,-0.43,暂停申购,场内卖出,akshare:eastmoney:fund_etf_fund_info_em,10,2026-09-08T01:25:47+00:00,,2026-05-20T23:59:59+08:00,earliest_safe_bound:first_seen_or_qdii_tplus2,False,False,True
513100,2026-05-19,1.9675,9.8375,-0.69,暂停申购,场内卖出,akshare:eastmoney:fund_etf_fund_info_em,10,2026-09-08T01:25:47+00:00,,2026-05-21T23:59:59+08:00,earliest_safe_bound:first_seen_or_qdii_tplus2,False,False,True
513100,2026-05-20,2.0006,10.003,1.68,暂停申购,场内卖出,akshare:eastmoney:fund_etf_fund_info_em,10,2026-09-08T01:25:47+00:00,,2026-05-22T23:59:59+08:00,earliest_safe_bound:first_seen_or_qdii_tplus2,False,False,True
513100,2026-05-21,2.0035,10.0175,0.14,暂停申购,场内卖出,akshare:eastmoney:fund_etf_fund_info_em,10,2026-09-08T01:25:47+00:00,,2026-05-25T23:59:59+08:00,earliest_safe_bound:first_seen_or_qdii_tplus2,False,False,True
513100,2026-05-22,2.0126,10.063,0.45,暂停申购,场内卖出,akshare:eastmoney:fund_etf_fund_info_em,10,2026-09-08T01:25:47+00:00,,2026-05-26T23:59:59+08:00,earliest_safe_bound:first_seen_or_qdii_tplus2,False,False,True
513100,2026-05-25,2.0109,10.0545,-0.08,暂停申购,暂停赎回,akshare:eastmoney:fund_etf_fund_info_em,10,2026-09-08T01:25:47+00:00,,2026-05-27T23:59:59+08:00,earliest_safe_bound:first_seen_or_qdii_tplus2,False,False,True
513100,2026-05-26,2.0453,10.2265,1.71,暂停申购,场内卖出,akshare:eastmoney:fund_etf_fund_info_em,10,2026-09-08T01:25:47+00:00,,2026-05-28T23:59:59+08:00,earliest_safe_bound:first_seen_or_qdii_tplus2,False,False,True
513100,2026-05-27,2.0435,10.2175,-0.09,暂停申购,场内卖出,akshare:eastmoney:fund_etf_fund_info_em,10,2026-09-08T01:25:47+00:00,,2026-05-29T23:59:59+08:00,earliest_safe_bound:first_seen_or_qdii_tplus2,False,False,True
513100,2026-05-28,2.0591,10.2955,0.76,暂停申购,场内卖出,akshare:eastmoney:fund_etf_fund_info_em,10,2026-09-08T01:25:47+00:00,,2026-06-01T23:59:59+08:00,earliest_safe_bound:first_seen_or_qdii_tplus2,False,False,True
513100,2026-05-29,2.0646,10.323,0.27,暂停申购,场内卖出,akshare:eastmoney:fund_etf_fund_info_em,10,2026-09-08T01:25:47+00:00,,2026-06-02T23:59:59+08:00,earliest_safe_bound:first_seen_or_qdii_tplus2,False,False,True
513100,2026-06-01,2.0764,10.382,0.57,暂停申购,场内卖出,akshare:eastmoney:fund_etf_fund_info_em,10,2026-09-08T01:25:47+00:00,,2026-06-03T23:59:59+08:00,earliest_safe_bound:first_seen_or_qdii_tplus2,False,False,True
513100,2026-06-02,2.087,10.435,0.51,暂停申购,场内卖出,akshare:eastmoney:fund_etf_fund_info_em,10,2026-09-08T01:25:47+00:00,,2026-06-04T23:59:59+08:00,earliest_safe_bound:first_seen_or_qdii_tplus2,False,False,True
513100,2026-06-03,2.0808,10.404,-0.3,暂停申购,场内卖出,akshare:eastmoney:fund_etf_fund_info_em,10,2026-09-08T01:25:47+00:00,,2026-06-05T23:59:59+08:00,earliest_safe_bound:first_seen_or_qdii_tplus2,False,False,True
513100,2026-06-04,2.0707,10.3535,-0.49,暂停申购,场内卖出,akshare:eastmoney:fund_etf_fund_info_em,10,2026-09-08T01:25:47+00:00,,2026-06-08T23:59:59+08:00,earliest_safe_bound:first_seen_or_qdii_tplus2,False,False,True
513100,2026-06-05,1.971,9.855,-4.81,暂停申购,场内卖出,akshare:eastmoney:fund_etf_fund_info_em,10,2026-09-08T01:25:47+00:00,,2026-06-09T23:59:59+08:00,earliest_safe_bound:first_seen_or_qdii_tplus2,False,False,True
513100,2026-06-08,2.0029,10.0145,1.62,暂停申购,场内卖出,akshare:eastmoney:fund_etf_fund_info_em,10,2026-09-08T01:25:47+00:00,,2026-06-10T23:59:59+08:00,earliest_safe_bound:first_seen_or_qdii_tplus2,False,False,True
513100,2026-06-09,1.979,9.895,-1.19,暂停申购,场内卖出,akshare:eastmoney:fund_etf_fund_info_em,10,2026-09-08T01:25:47+00:00,,2026-06-11T23:59:59+08:00,earliest_safe_bound:first_seen_or_qdii_tplus2,False,False,True
513100,2026-06-10,1.9394,9.697,-2.0,暂停申购,场内卖出,akshare:eastmoney:fund_etf_fund_info_em,10,2026-09-08T01:25:47+00:00,,2026-06-12T23:59:59+08:00,earliest_safe_bound:first_seen_or_qdii_tplus2,False,False,True
513100,2026-06-11,2.0035,10.0175,3.31,暂停申购,场内卖出,akshare:eastmoney:fund_etf_fund_info_em,10,2026-09-08T01:25:47+00:00,,2026-06-15T23:59:59+08:00,earliest_safe_bound:first_seen_or_qdii_tplus2,False,False,True
513100,2026-06-12,2.0152,10.076,0.58,暂停申购,场内卖出,akshare:eastmoney:fund_etf_fund_info_em,10,2026-09-08T01:25:47+00:00,,2026-06-16T23:59:59+08:00,earliest_safe_bound:first_seen_or_qdii_tplus2,False,False,True
513100,2026-06-15,2.0754,10.377,2.99,暂停申购,场内卖出,akshare:eastmoney:fund_etf_fund_info_em,10,2026-09-08T01:25:47+00:00,,2026-06-17T23:59:59+08:00,earliest_safe_bound:first_seen_or_qdii_tplus2,False,False,True
513100,2026-06-16,2.037,10.185,-1.85,暂停申购,场内卖出,akshare:eastmoney:fund_etf_fund_info_em,10,2026-09-08T01:25:47+00:00,,2026-06-18T23:59:59+08:00,earliest_safe_bound:first_seen_or_qdii_tplus2,False,False,True
513100,2026-06-17,2.0164,10.082,-1.01,暂停申购,场内卖出,akshare:eastmoney:fund_etf_fund_info_em,10,2026-09-08T01:25:47+00:00,,2026-06-22T23:59:59+08:00,earliest_safe_bound:first_seen_or_qdii_tplus2,False,False,True
513100,2026-06-18,2.0671,10.3355,2.51,暂停申购,场内卖出,akshare:eastmoney:fund_etf_fund_info_em,10,2026-09-08T01:25:47+00:00,,2026-06-23T23:59:59+08:00,earliest_safe_bound:first_seen_or_qdii_tplus2,False,False,True
513100,2026-06-22,2.0635,10.3175,-0.17,暂停申购,场内卖出,akshare:eastmoney:fund_etf_fund_info_em,10,2026-09-08T01:25:47+00:00,,2026-06-24T23:59:59+08:00,earliest_safe_bound:first_seen_or_qdii_tplus2,False,False,True
513100,2026-06-23,1.9962,9.981,-3.26,暂停申购,场内卖出,akshare:eastmoney:fund_etf_fund_info_em,10,2026-09-08T01:25:47+00:00,,2026-06-25T23:59:59+08:00,earliest_safe_bound:first_seen_or_qdii_tplus2,False,False,True
513100,2026-06-24,1.9881,9.9405,-0.41,暂停申购,场内卖出,akshare:eastmoney:fund_etf_fund_info_em,10,2026-09-08T01:25:47+00:00,,2026-06-26T23:59:59+08:00,earliest_safe_bound:first_seen_or_qdii_tplus2,False,False,True
513100,2026-06-25,2.0034,10.017,0.77,暂停申购,场内卖出,akshare:eastmoney:fund_etf_fund_info_em,10,2026-09-08T01:25:47+00:00,,2026-06-29T23:59:59+08:00,earliest_safe_bound:first_seen_or_qdii_tplus2,False,False,True
513100,2026-06-26,1.9801,9.9005,-1.16,暂停申购,场内卖出,akshare:eastmoney:fund_etf_fund_info_em,10,2026-09-08T01:25:47+00:00,,2026-06-30T23:59:59+08:00,earliest_safe_bound:first_seen_or_qdii_tplus2,False,False,True
513100,2026-06-29,2.0249,10.1245,2.26,暂停申购,场内卖出,akshare:eastmoney:fund_etf_fund_info_em,10,2026-09-08T01:25:47+00:00,,2026-07-01T23:59:59+08:00,earliest_safe_bound:first_seen_or_qdii_tplus2,False,False,True
513100,2026-06-30,2.0568,10.284,1.58,暂停申购,场内卖出,akshare:eastmoney:fund_etf_fund_info_em,10,2026-09-08T01:25:47+00:00,,2026-07-02T23:59:59+08:00,earliest_safe_bound:first_seen_or_qdii_tplus2,False,False,True
513100,2026-07-01,2.0243,10.1215,-1.58,暂停申购,场内卖出,akshare:eastmoney:fund_etf_fund_info_em,10,2026-09-08T01:25:47+00:00,,2026-07-03T23:59:59+08:00,earliest_safe_bound:first_seen_or_qdii_tplus2,False,False,True
513100,2026-07-02,1.992,9.96,-1.6,暂停申购,场内卖出,akshare:eastmoney:fund_etf_fund_info_em,10,2026-09-08T01:25:47+00:00,,2026-07-06T23:59:59+08:00,earliest_safe_bound:first_seen_or_qdii_tplus2,False,False,True
513100,2026-07-03,1.9908,9.954,-0.06,暂停申购,暂停赎回,akshare:eastmoney:fund_etf_fund_info_em,10,2026-09-08T01:25:47+00:00,,2026-07-07T23:59:59+08:00,earliest_safe_bound:first_seen_or_qdii_tplus2,False,False,True
513100,2026-07-06,2.0164,10.082,1.29,暂停申购,场内卖出,akshare:eastmoney:fund_etf_fund_info_em,10,2026-09-08T01:25:47+00:00,,2026-07-08T23:59:59+08:00,earliest_safe_bound:first_seen_or_qdii_tplus2,False,False,True
513100,2026-07-07,1.9803,9.9015,-1.79,暂停申购,场内卖出,akshare:eastmoney:fund_etf_fund_info_em,10,2026-09-08T01:25:47+00:00,,2026-07-09T23:59:59+08:00,earliest_safe_bound:first_seen_or_qdii_tplus2,False,False,True
513100,2026-07-08,1.9863,9.9315,0.3,暂停申购,场内卖出,akshare:eastmoney:fund_etf_fund_info_em,10,2026-09-08T01:25:47+00:00,,2026-07-10T23:59:59+08:00,earliest_safe_bound:first_seen_or_qdii_tplus2,False,False,True
513100,2026-07-09,2.0172,10.086,1.56,暂停申购,场内卖出,akshare:eastmoney:fund_etf_fund_info_em,10,2026-09-08T01:25:47+00:00,,2026-07-13T23:59:59+08:00,earliest_safe_bound:first_seen_or_qdii_tplus2,False,False,True
513100,2026-07-10,2.0224,10.112,0.26,暂停申购,场内卖出,akshare:eastmoney:fund_etf_fund_info_em,10,2026-09-08T01:25:47+00:00,,2026-07-14T23:59:59+08:00,earliest_safe_bound:first_seen_or_qdii_tplus2,False,False,True
513100,2026-07-13,1.9839,9.9195,-1.9,暂停申购,场内卖出,akshare:eastmoney:fund_etf_fund_info_em,10,2026-09-08T01:25:47+00:00,,2026-07-15T23:59:59+08:00,earliest_safe_bound:first_seen_or_qdii_tplus2,False,False,True
513100,2026-07-14,2.0061,10.0305,1.12,暂停申购,场内卖出,akshare:eastmoney:fund_etf_fund_info_em,10,2026-09-08T01:25:47+00:00,,2026-07-16T23:59:59+08:00,earliest_safe_bound:first_seen_or_qdii_tplus2,False,False,True
513100,2026-07-15,1.9981,9.9905,-0.4,暂停申购,场内卖出,akshare:eastmoney:fund_etf_fund_info_em,10,2026-09-08T01:25:47+00:00,,2026-07-17T23:59:59+08:00,earliest_safe_bound:first_seen_or_qdii_tplus2,False,False,True
513100,2026-07-16,1.9659,9.8295,-1.61,暂停申购,场内卖出,akshare:eastmoney:fund_etf_fund_info_em,10,2026-09-08T01:25:47+00:00,,2026-07-20T23:59:59+08:00,earliest_safe_bound:first_seen_or_qdii_tplus2,False,False,True
513100,2026-07-17,1.9371,9.6855,-1.46,暂停申购,场内卖出,akshare:eastmoney:fund_etf_fund_info_em,10,2026-09-08T01:25:47+00:00,,2026-07-21T23:59:59+08:00,earliest_safe_bound:first_seen_or_qdii_tplus2,False,False,True
513100,2026-07-20,1.9381,9.6905,0.05,暂停申购,场内卖出,akshare:eastmoney:fund_etf_fund_info_em,10,2026-09-08T01:25:47+00:00,,2026-07-22T23:59:59+08:00,earliest_safe_bound:first_seen_or_qdii_tplus2,False,False,True
513100,2026-07-21,1.9744,9.872,1.87,暂停申购,场内卖出,akshare:eastmoney:fund_etf_fund_info_em,10,2026-09-08T01:25:47+00:00,,2026-07-23T23:59:59+08:00,earliest_safe_bound:first_seen_or_qdii_tplus2,False,False,True
513100,2026-07-22,1.9643,9.8215,-0.51,暂停申购,场内卖出,akshare:eastmoney:fund_etf_fund_info_em,10,2026-09-08T01:25:47+00:00,,2026-07-24T23:59:59+08:00,earliest_safe_bound:first_seen_or_qdii_tplus2,False,False,True
513100,2026-07-23,1.9267,9.6335,-1.91,暂停申购,场内卖出,akshare:eastmoney:fund_etf_fund_info_em,10,2026-09-08T01:25:47+00:00,,2026-07-27T23:59:59+08:00,earliest_safe_bound:first_seen_or_qdii_tplus2,False,False,True
513100,2026-07-24,1.9055,9.5275,-1.1,暂停申购,场内卖出,akshare:eastmoney:fund_etf_fund_info_em,10,2026-09-08T01:25:47+00:00,,2026-07-28T23:59:59+08:00,earliest_safe_bound:first_seen_or_qdii_tplus2,False,False,True
513100,2026-07-27,1.8986,9.493,-0.36,暂停申购,场内卖出,akshare:eastmoney:fund_etf_fund_info_em,10,2026-09-08T01:25:47+00:00,,2026-07-29T23:59:59+08:00,earliest_safe_bound:first_seen_or_qdii_tplus2,False,False,True
513100,2026-07-28,1.8805,9.4025,-0.95,暂停申购,场内卖出,akshare:eastmoney:fund_etf_fund_info_em,10,2026-09-08T01:25:47+00:00,,2026-07-30T23:59:59+08:00,earliest_safe_bound:first_seen_or_qdii_tplus2,False,False,True
513100,2026-07-29,1.841,9.205,-2.1,暂停申购,场内卖出,akshare:eastmoney:fund_etf_fund_info_em,10,2026-09-08T01:25:47+00:00,,2026-07-31T23:59:59+08:00,earliest_safe_bound:first_seen_or_qdii_tplus2,False,False,True
513100,2026-07-30,1.9024,9.512,3.34,暂停申购,场内卖出,akshare:eastmoney:fund_etf_fund_info_em,10,2026-09-08T01:25:47+00:00,,2026-08-03T23:59:59+08:00,earliest_safe_bound:first_seen_or_qdii_tplus2,False,False,True
513100,2026-07-31,1.9139,9.5695,0.6,暂停申购,场内卖出,akshare:eastmoney:fund_etf_fund_info_em,10,2026-09-08T01:25:47+00:00,,2026-08-04T23:59:59+08:00,earliest_safe_bound:first_seen_or_qdii_tplus2,False,False,True
513100,2026-08-03,1.9477,9.7385,1.77,暂停申购,场内卖出,akshare:eastmoney:fund_etf_fund_info_em,10,2026-09-08T01:25:47+00:00,,2026-08-05T23:59:59+08:00,earliest_safe_bound:first_seen_or_qdii_tplus2,False,False,True
513100,2026-08-04,2.0129,10.0645,3.35,暂停申购,场内卖出,akshare:eastmoney:fund_etf_fund_info_em,10,2026-09-08T01:25:47+00:00,,2026-08-06T23:59:59+08:00,earliest_safe_bound:first_seen_or_qdii_tplus2,False,False,True
513100,2026-08-05,1.9959,9.9795,-0.84,暂停申购,场内卖出,akshare:eastmoney:fund_etf_fund_info_em,10,2026-09-08T01:25:47+00:00,,2026-08-07T23:59:59+08:00,earliest_safe_bound:first_seen_or_qdii_tplus2,False,False,True
513100,2026-08-06,1.9882,9.941,-0.39,暂停申购,场内卖出,akshare:eastmoney:fund_etf_fund_info_em,10,2026-09-08T01:25:47+00:00,,2026-08-10T23:59:59+08:00,earliest_safe_bound:first_seen_or_qdii_tplus2,False,False,True
513100,2026-08-07,2.012,10.06,1.2,暂停申购,场内卖出,akshare:eastmoney:fund_etf_fund_info_em,10,2026-09-08T01:25:47+00:00,,2026-08-11T23:59:59+08:00,earliest_safe_bound:first_seen_or_qdii_tplus2,False,False,True
513100,2026-08-10,2.0047,10.0235,-0.36,暂停申购,场内卖出,akshare:eastmoney:fund_etf_fund_info_em,10,2026-09-08T01:25:47+00:00,,2026-08-12T23:59:59+08:00,earliest_safe_bound:first_seen_or_qdii_tplus2,False,False,True
513100,2026-08-11,1.9985,9.9925,-0.31,暂停申购,场内卖出,akshare:eastmoney:fund_etf_fund_info_em,10,2026-09-08T01:25:47+00:00,,2026-08-13T23:59:59+08:00,earliest_safe_bound:first_seen_or_qdii_tplus2,False,False,True
513100,2026-08-12,2.0127,10.0635,0.71,暂停申购,场内卖出,akshare:eastmoney:fund_etf_fund_info_em,10,2026-09-08T01:25:47+00:00,,2026-08-14T23:59:59+08:00,earliest_safe_bound:first_seen_or_qdii_tplus2,False,False,True
513100,2026-08-13,2.0359,10.1795,1.15,暂停申购,场内卖出,akshare:eastmoney:fund_etf_fund_info_em,10,2026-09-08T01:25:47+00:00,,2026-08-17T23:59:59+08:00,earliest_safe_bound:first_seen_or_qdii_tplus2,False,False,True
513100,2026-08-14,2.033,10.165,-0.14,暂停申购,场内卖出,akshare:eastmoney:fund_etf_fund_info_em,10,2026-09-08T01:25:47+00:00,,2026-08-18T23:59:59+08:00,earliest_safe_bound:first_seen_or_qdii_tplus2,False,False,True
513100,2026-08-17,2.0294,10.147,-0.18,暂停申购,场内卖出,akshare:eastmoney:fund_etf_fund_info_em,10,2026-09-08T01:25:47+00:00,,2026-08-19T23:59:59+08:00,earliest_safe_bound:first_seen_or_qdii_tplus2,False,False,True
513100,2026-08-18,1.9961,9.9805,-1.64,暂停申购,场内卖出,akshare:eastmoney:fund_etf_fund_info_em,10,2026-09-08T01:25:47+00:00,,2026-08-20T23:59:59+08:00,earliest_safe_bound:first_seen_or_qdii_tplus2,False,False,True
513100,2026-08-19,1.9902,9.951,-0.3,暂停申购,场内卖出,akshare:eastmoney:fund_etf_fund_info_em,10,2026-09-08T01:25:47+00:00,,2026-08-21T23:59:59+08:00,earliest_safe_bound:first_seen_or_qdii_tplus2,False,False,True
513100,2026-08-20,1.9748,9.874,-0.77,暂停申购,场内卖出,akshare:eastmoney:fund_etf_fund_info_em,10,2026-09-08T01:25:47+00:00,,2026-08-24T23:59:59+08:00,earliest_safe_bound:first_seen_or_qdii_tplus2,False,False,True
513100,2026-08-21,1.9816,9.908,0.34,暂停申购,场内卖出,akshare:eastmoney:fund_etf_fund_info_em,10,2026-09-08T01:43:15+00:00,,2026-08-25T23:59:59+08:00,earliest_safe_bound:first_seen_or_qdii_tplus2,False,False,True
513100,2026-08-24,1.9629,9.8145,-0.94,暂停申购,场内卖出,akshare:eastmoney:fund_etf_fund_info_em,10,2026-09-08T01:43:15+00:00,,2026-08-26T23:59:59+08:00,earliest_safe_bound:first_seen_or_qdii_tplus2,False,False,True
513100,2026-08-25,1.9756,9.878,0.65,暂停申购,场内卖出,akshare:eastmoney:fund_etf_fund_info_em,10,2026-09-08T01:43:15+00:00,,2026-08-27T23:59:59+08:00,earliest_safe_bound:first_seen_or_qdii_tplus2,False,False,True
513100,2026-08-26,1.9759,9.8795,0.02,暂停申购,场内卖出,akshare:eastmoney:fund_etf_fund_info_em,10,2026-09-08T01:43:15+00:00,,2026-08-28T23:59:59+08:00,earliest_safe_bound:first_seen_or_qdii_tplus2,False,False,True
513100,2026-08-27,2.0043,10.0215,1.44,暂停申购,场内卖出,akshare:eastmoney:fund_etf_fund_info_em,10,2026-09-08T01:43:15+00:00,,2026-08-31T23:59:59+08:00,earliest_safe_bound:first_seen_or_qdii_tplus2,False,False,True
513100,2026-08-28,1.9895,9.9475,-0.74,暂停申购,场内卖出,akshare:eastmoney:fund_etf_fund_info_em,10,2026-09-08T01:43:15+00:00,,2026-09-01T23:59:59+08:00,earliest_safe_bound:first_seen_or_qdii_tplus2,False,False,True
513100,2026-08-31,1.9914,9.957,0.1,暂停申购,场内卖出,akshare:eastmoney:fund_etf_fund_info_em,10,2026-09-08T01:43:15+00:00,,2026-09-02T23:59:59+08:00,earliest_safe_bound:first_seen_or_qdii_tplus2,False,False,True
513100,2026-09-01,1.9652,9.826,-1.32,暂停申购,场内卖出,akshare:eastmoney:fund_etf_fund_info_em,10,2026-09-08T01:43:15+00:00,,2026-09-03T23:59:59+08:00,earliest_safe_bound:first_seen_or_qdii_tplus2,False,False,True
513100,2026-09-02,1.9702,9.851,0.25,暂停申购,场内卖出,akshare:eastmoney:fund_etf_fund_info_em,10,2026-09-08T01:43:15+00:00,,2026-09-04T23:59:59+08:00,earliest_safe_bound:first_seen_or_qdii_tplus2,False,False,True
513100,2026-09-03,1.9925,9.9625,1.13,暂停申购,场内卖出,akshare:eastmoney:fund_etf_fund_info_em,10,2026-09-08T01:43:15+00:00,,2026-09-07T23:59:59+08:00,earliest_safe_bound:first_seen_or_qdii_tplus2,False,False,True
513100,2026-09-04,1.9962,9.981,0.19,暂停申购,场内卖出,akshare:eastmoney:fund_etf_fund_info_em,10,2026-09-08T02:21:13+00:00,,2026-09-08T10:21:13+08:00,first_seen_ingestion_bound,False,False,True
513110,2025-06-16,1.8185,1.8185,1.43,场内买入,场内卖出,akshare:eastmoney:fund_etf_fund_info_em,10,2026-09-08T01:26:13+00:00,,2025-06-18T23:59:59+08:00,earliest_safe_bound:first_seen_or_qdii_tplus2,False,False,True
513110,2025-06-17,1.7993,1.7993,-1.06,场内买入,场内卖出,akshare:eastmoney:fund_etf_fund_info_em,10,2026-09-08T01:26:13+00:00,,2025-06-19T23:59:59+08:00,earliest_safe_bound:first_seen_or_qdii_tplus2,False,False,True
513110,2025-06-18,1.7997,1.7997,0.02,场内买入,场内卖出,akshare:eastmoney:fund_etf_fund_info_em,10,2026-09-08T01:26:13+00:00,,2025-06-20T23:59:59+08:00,earliest_safe_bound:first_seen_or_qdii_tplus2,False,False,True
513110,2025-06-19,1.7988,1.7988,-0.05,暂停申购,暂停赎回,akshare:eastmoney:fund_etf_fund_info_em,10,2026-09-08T01:26:13+00:00,,2025-06-23T23:59:59+08:00,earliest_safe_bound:first_seen_or_qdii_tplus2,False,False,True
513110,2025-06-20,1.7904,1.7904,-0.47,场内买入,场内卖出,akshare:eastmoney:fund_etf_fund_info_em,10,2026-09-08T01:26:13+00:00,,2025-06-24T23:59:59+08:00,earliest_safe_bound:first_seen_or_qdii_tplus2,False,False,True
513110,2025-06-23,1.8095,1.8095,1.07,场内买入,场内卖出,akshare:eastmoney:fund_etf_fund_info_em,10,2026-09-08T01:26:13+00:00,,2025-06-25T23:59:59+08:00,earliest_safe_bound:first_seen_or_qdii_tplus2,False,False,True
513110,2025-06-24,1.8356,1.8356,1.44,场内买入,场内卖出,akshare:eastmoney:fund_etf_fund_info_em,10,2026-09-08T01:26:13+00:00,,2025-06-26T23:59:59+08:00,earliest_safe_bound:first_seen_or_qdii_tplus2,False,False,True
513110,2025-06-25,1.8398,1.8398,0.23,场内买入,场内卖出,akshare:eastmoney:fund_etf_fund_info_em,10,2026-09-08T01:26:13+00:00,,2025-06-27T23:59:59+08:00,earliest_safe_bound:first_seen_or_qdii_tplus2,False,False,True
513110,2025-06-26,1.8556,1.8556,0.86,场内买入,场内卖出,akshare:eastmoney:fund_etf_fund_info_em,10,2026-09-08T01:26:13+00:00,,2025-06-30T23:59:59+08:00,earliest_safe_bound:first_seen_or_qdii_tplus2,False,False,True
513110,2025-06-27,1.863,1.863,0.4,场内买入,场内卖出,akshare:eastmoney:fund_etf_fund_info_em,10,2026-09-08T01:26:13+00:00,,2025-07-01T23:59:59+08:00,earliest_safe_bound:first_seen_or_qdii_tplus2,False,False,True
513110,2025-06-30,1.8736,1.8736,0.57,场内买入,场内卖出,akshare:eastmoney:fund_etf_fund_info_em,10,2026-09-08T01:26:13+00:00,,2025-07-02T23:59:59+08:00,earliest_safe_bound:first_seen_or_qdii_tplus2,False,False,True
513110,2025-07-01,1.8557,1.8557,-0.96,场内买入,场内卖出,akshare:eastmoney:fund_etf_fund_info_em,10,2026-09-08T01:26:13+00:00,,2025-07-03T23:59:59+08:00,earliest_safe_bound:first_seen_or_qdii_tplus2,False,False,True
513110,2025-07-02,1.8695,1.8695,0.74,场内买入,场内卖出,akshare:eastmoney:fund_etf_fund_info_em,10,2026-09-08T01:26:13+00:00,,2025-07-04T23:59:59+08:00,earliest_safe_bound:first_seen_or_qdii_tplus2,False,False,True
513110,2025-07-03,1.8875,1.8875,0.96,场内买入,场内卖出,akshare:eastmoney:fund_etf_fund_info_em,10,2026-09-08T01:26:13+00:00,,2025-07-07T23:59:59+08:00,earliest_safe_bound:first_seen_or_qdii_tplus2,False,False,True
513110,2025-07-04,1.8877,1.8877,0.01,暂停申购,暂停赎回,akshare:eastmoney:fund_etf_fund_info_em,10,2026-09-08T01:26:13+00:00,,2025-07-08T23:59:59+08:00,earliest_safe_bound:first_seen_or_qdii_tplus2,False,False,True
513110,2025-07-07,1.872,1.872,-0.83,场内买入,场内卖出,akshare:eastmoney:fund_etf_fund_info_em,10,2026-09-08T01:26:13+00:00,,2025-07-09T23:59:59+08:00,earliest_safe_bound:first_seen_or_qdii_tplus2,False,False,True
513110,2025-07-08,1.874,1.874,0.11,场内买入,场内卖出,akshare:eastmoney:fund_etf_fund_info_em,10,2026-09-08T01:26:13+00:00,,2025-07-10T23:59:59+08:00,earliest_safe_bound:first_seen_or_qdii_tplus2,False,False,True
513110,2025-07-09,1.8874,1.8874,0.72,场内买入,场内卖出,akshare:eastmoney:fund_etf_fund_info_em,10,2026-09-08T01:26:13+00:00,,2025-07-11T23:59:59+08:00,earliest_safe_bound:first_seen_or_qdii_tplus2,False,False,True
513110,2025-07-10,1.8835,1.8835,-0.21,场内买入,场内卖出,akshare:eastmoney:fund_etf_fund_info_em,10,2026-09-08T01:26:13+00:00,,2025-07-14T23:59:59+08:00,earliest_safe_bound:first_seen_or_qdii_tplus2,False,False,True
513110,2025-07-11,1.8785,1.8785,-0.27,场内买入,场内卖出,akshare:eastmoney:fund_etf_fund_info_em,10,2026-09-08T01:26:13+00:00,,2025-07-15T23:59:59+08:00,earliest_safe_bound:first_seen_or_qdii_tplus2,False,False,True
513110,2025-07-14,1.8849,1.8849,0.34,场内买入,场内卖出,akshare:eastmoney:fund_etf_fund_info_em,10,2026-09-08T01:26:13+00:00,,2025-07-16T23:59:59+08:00,earliest_safe_bound:first_seen_or_qdii_tplus2,False,False,True
513110,2025-07-15,1.8874,1.8874,0.13,场内买入,场内卖出,akshare:eastmoney:fund_etf_fund_info_em,10,2026-09-08T01:26:13+00:00,,2025-07-17T23:59:59+08:00,earliest_safe_bound:first_seen_or_qdii_tplus2,False,False,True
513110,2025-07-16,1.89,1.89,0.14,场内买入,场内卖出,akshare:eastmoney:fund_etf_fund_info_em,10,2026-09-08T01:26:13+00:00,,2025-07-18T23:59:59+08:00,earliest_safe_bound:first_seen_or_qdii_tplus2,False,False,True
513110,2025-07-17,1.9023,1.9023,0.65,场内买入,场内卖出,akshare:eastmoney:fund_etf_fund_info_em,10,2026-09-08T01:26:13+00:00,,2025-07-21T23:59:59+08:00,earliest_safe_bound:first_seen_or_qdii_tplus2,False,False,True
513110,2025-07-18,1.9022,1.9022,-0.01,场内买入,场内卖出,akshare:eastmoney:fund_etf_fund_info_em,10,2026-09-08T01:26:13+00:00,,2025-07-22T23:59:59+08:00,earliest_safe_bound:first_seen_or_qdii_tplus2,False,False,True
513110,2025-07-21,1.9121,1.9121,0.52,场内买入,场内卖出,akshare:eastmoney:fund_etf_fund_info_em,10,2026-09-08T01:26:13+00:00,,2025-07-23T23:59:59+08:00,earliest_safe_bound:first_seen_or_qdii_tplus2,False,False,True
513110,2025-07-22,1.9009,1.9009,-0.59,场内买入,场内卖出,akshare:eastmoney:fund_etf_fund_info_em,10,2026-09-08T01:26:13+00:00,,2025-07-24T23:59:59+08:00,earliest_safe_bound:first_seen_or_qdii_tplus2,False,False,True
513110,2025-07-23,1.9077,1.9077,0.36,场内买入,场内卖出,akshare:eastmoney:fund_etf_fund_info_em,10,2026-09-08T01:26:13+00:00,,2025-07-25T23:59:59+08:00,earliest_safe_bound:first_seen_or_qdii_tplus2,False,False,True
513110,2025-07-24,1.9116,1.9116,0.2,场内买入,场内卖出,akshare:eastmoney:fund_etf_fund_info_em,10,2026-09-08T01:26:13+00:00,,2025-07-28T23:59:59+08:00,earliest_safe_bound:first_seen_or_qdii_tplus2,False,False,True
513110,2025-07-25,1.9167,1.9167,0.27,场内买入,场内卖出,akshare:eastmoney:fund_etf_fund_info_em,10,2026-09-08T01:26:13+00:00,,2025-07-29T23:59:59+08:00,earliest_safe_bound:first_seen_or_qdii_tplus2,False,False,True
513110,2025-07-28,1.9249,1.9249,0.43,场内买入,场内卖出,akshare:eastmoney:fund_etf_fund_info_em,10,2026-09-08T01:26:13+00:00,,2025-07-30T23:59:59+08:00,earliest_safe_bound:first_seen_or_qdii_tplus2,False,False,True
513110,2025-07-29,1.9222,1.9222,-0.14,场内买入,场内卖出,akshare:eastmoney:fund_etf_fund_info_em,10,2026-09-08T01:26:13+00:00,,2025-07-31T23:59:59+08:00,earliest_safe_bound:first_seen_or_qdii_tplus2,False,False,True
513110,2025-07-30,1.9233,1.9233,0.06,场内买入,场内卖出,akshare:eastmoney:fund_etf_fund_info_em,10,2026-09-08T01:26:13+00:00,,2025-08-01T23:59:59+08:00,earliest_safe_bound:first_seen_or_qdii_tplus2,False,False,True
513110,2025-07-31,1.9144,1.9144,-0.46,场内买入,场内卖出,akshare:eastmoney:fund_etf_fund_info_em,10,2026-09-08T01:26:13+00:00,,2025-08-04T23:59:59+08:00,earliest_safe_bound:first_seen_or_qdii_tplus2,False,False,True
513110,2025-08-01,1.877,1.877,-1.95,场内买入,场内卖出,akshare:eastmoney:fund_etf_fund_info_em,10,2026-09-08T01:26:13+00:00,,2025-08-05T23:59:59+08:00,earliest_safe_bound:first_seen_or_qdii_tplus2,False,False,True
513110,2025-08-04,1.909,1.909,1.7,场内买入,场内卖出,akshare:eastmoney:fund_etf_fund_info_em,10,2026-09-08T01:26:13+00:00,,2025-08-06T23:59:59+08:00,earliest_safe_bound:first_seen_or_qdii_tplus2,False,False,True
513110,2025-08-05,1.8943,1.8943,-0.77,场内买入,场内卖出,akshare:eastmoney:fund_etf_fund_info_em,10,2026-09-08T01:26:13+00:00,,2025-08-07T23:59:59+08:00,earliest_safe_bound:first_seen_or_qdii_tplus2,False,False,True
513110,2025-08-06,1.9197,1.9197,1.34,场内买入,场内卖出,akshare:eastmoney:fund_etf_fund_info_em,10,2026-09-08T01:26:13+00:00,,2025-08-08T23:59:59+08:00,earliest_safe_bound:first_seen_or_qdii_tplus2,False,False,True
513110,2025-08-07,1.9239,1.9239,0.22,场内买入,场内卖出,akshare:eastmoney:fund_etf_fund_info_em,10,2026-09-08T01:26:13+00:00,,2025-08-11T23:59:59+08:00,earliest_safe_bound:first_seen_or_qdii_tplus2,False,False,True
513110,2025-08-08,1.9431,1.9431,1.0,场内买入,场内卖出,akshare:eastmoney:fund_etf_fund_info_em,10,2026-09-08T01:26:13+00:00,,2025-08-12T23:59:59+08:00,earliest_safe_bound:first_seen_or_qdii_tplus2,False,False,True
513110,2025-08-11,1.9368,1.9368,-0.32,场内买入,场内卖出,akshare:eastmoney:fund_etf_fund_info_em,10,2026-09-08T01:26:13+00:00,,2025-08-13T23:59:59+08:00,earliest_safe_bound:first_seen_or_qdii_tplus2,False,False,True
513110,2025-08-12,1.9627,1.9627,1.34,场内买入,场内卖出,akshare:eastmoney:fund_etf_fund_info_em,10,2026-09-08T01:26:13+00:00,,2025-08-14T23:59:59+08:00,earliest_safe_bound:first_seen_or_qdii_tplus2,False,False,True
513110,2025-08-13,1.9616,1.9616,-0.06,场内买入,场内卖出,akshare:eastmoney:fund_etf_fund_info_em,10,2026-09-08T01:26:13+00:00,,2025-08-15T23:59:59+08:00,earliest_safe_bound:first_seen_or_qdii_tplus2,False,False,True
513110,2025-08-14,1.9599,1.9599,-0.09,场内买入,场内卖出,akshare:eastmoney:fund_etf_fund_info_em,10,2026-09-08T01:26:13+00:00,,2025-08-18T23:59:59+08:00,earliest_safe_bound:first_seen_or_qdii_tplus2,False,False,True
513110,2025-08-15,1.951,1.951,-0.45,场内买入,场内卖出,akshare:eastmoney:fund_etf_fund_info_em,10,2026-09-08T01:26:13+00:00,,2025-08-19T23:59:59+08:00,earliest_safe_bound:first_seen_or_qdii_tplus2,False,False,True
513110,2025-08-18,1.9498,1.9498,-0.06,场内买入,场内卖出,akshare:eastmoney:fund_etf_fund_info_em,10,2026-09-08T01:26:13+00:00,,2025-08-20T23:59:59+08:00,earliest_safe_bound:first_seen_or_qdii_tplus2,False,False,True
513110,2025-08-19,1.9238,1.9238,-1.33,场内买入,场内卖出,akshare:eastmoney:fund_etf_fund_info_em,10,2026-09-08T01:26:13+00:00,,2025-08-21T23:59:59+08:00,earliest_safe_bound:first_seen_or_qdii_tplus2,False,False,True
513110,2025-08-20,1.9133,1.9133,-0.55,场内买入,场内卖出,akshare:eastmoney:fund_etf_fund_info_em,10,2026-09-08T01:26:13+00:00,,2025-08-22T23:59:59+08:00,earliest_safe_bound:first_seen_or_qdii_tplus2,False,False,True
513110,2025-08-21,1.9023,1.9023,-0.57,场内买入,场内卖出,akshare:eastmoney:fund_etf_fund_info_em,10,2026-09-08T01:26:13+00:00,,2025-08-25T23:59:59+08:00,earliest_safe_bound:first_seen_or_qdii_tplus2,False,False,True
513110,2025-08-22,1.9324,1.9324,1.58,场内买入,场内卖出,akshare:eastmoney:fund_etf_fund_info_em,10,2026-09-08T01:26:13+00:00,,2025-08-26T23:59:59+08:00,earliest_safe_bound:first_seen_or_qdii_tplus2,False,False,True
513110,2025-08-25,1.9221,1.9221,-0.53,场内买入,场内卖出,akshare:eastmoney:fund_etf_fund_info_em,10,2026-09-08T01:26:13+00:00,,2025-08-27T23:59:59+08:00,earliest_safe_bound:first_seen_or_qdii_tplus2,False,False,True
513110,2025-08-26,1.9309,1.9309,0.46,场内买入,场内卖出,akshare:eastmoney:fund_etf_fund_info_em,10,2026-09-08T01:26:13+00:00,,2025-08-28T23:59:59+08:00,earliest_safe_bound:first_seen_or_qdii_tplus2,False,False,True
513110,2025-08-27,1.9321,1.9321,0.06,场内买入,场内卖出,akshare:eastmoney:fund_etf_fund_info_em,10,2026-09-08T01:26:13+00:00,,2025-08-29T23:59:59+08:00,earliest_safe_bound:first_seen_or_qdii_tplus2,False,False,True
513110,2025-08-28,1.9422,1.9422,0.52,场内买入,场内卖出,akshare:eastmoney:fund_etf_fund_info_em,10,2026-09-08T01:26:13+00:00,,2025-09-01T23:59:59+08:00,earliest_safe_bound:first_seen_or_qdii_tplus2,False,False,True
513110,2025-08-29,1.9178,1.9178,-1.26,场内买入,场内卖出,akshare:eastmoney:fund_etf_fund_info_em,10,2026-09-08T01:26:13+00:00,,2025-09-02T23:59:59+08:00,earliest_safe_bound:first_seen_or_qdii_tplus2,False,False,True
513110,2025-09-01,1.9188,1.9188,0.05,暂停申购,暂停赎回,akshare:eastmoney:fund_etf_fund_info_em,10,2026-09-08T01:26:13+00:00,,2025-09-03T23:59:59+08:00,earliest_safe_bound:first_seen_or_qdii_tplus2,False,False,True
513110,2025-09-02,1.9042,1.9042,-0.76,场内买入,场内卖出,akshare:eastmoney:fund_etf_fund_info_em,10,2026-09-08T01:26:13+00:00,,2025-09-04T23:59:59+08:00,earliest_safe_bound:first_seen_or_qdii_tplus2,False,False,True
513110,2025-09-03,1.9196,1.9196,0.81,场内买入,场内卖出,akshare:eastmoney:fund_etf_fund_info_em,10,2026-09-08T01:26:13+00:00,,2025-09-05T23:59:59+08:00,earliest_safe_bound:first_seen_or_qdii_tplus2,False,False,True
513110,2025-09-04,1.936,1.936,0.85,场内买入,场内卖出,akshare:eastmoney:fund_etf_fund_info_em,10,2026-09-08T01:26:13+00:00,,2025-09-08T23:59:59+08:00,earliest_safe_bound:first_seen_or_qdii_tplus2,False,False,True
513110,2025-09-05,1.938,1.938,0.1,场内买入,场内卖出,akshare:eastmoney:fund_etf_fund_info_em,10,2026-09-08T01:26:13+00:00,,2025-09-09T23:59:59+08:00,earliest_safe_bound:first_seen_or_qdii_tplus2,False,False,True
513110,2025-09-08,1.9459,1.9459,0.41,场内买入,场内卖出,akshare:eastmoney:fund_etf_fund_info_em,10,2026-09-08T01:26:13+00:00,,2025-09-10T23:59:59+08:00,earliest_safe_bound:first_seen_or_qdii_tplus2,False,False,True
513110,2025-09-09,1.9516,1.9516,0.29,场内买入,场内卖出,akshare:eastmoney:fund_etf_fund_info_em,10,2026-09-08T01:26:13+00:00,,2025-09-11T23:59:59+08:00,earliest_safe_bound:first_seen_or_qdii_tplus2,False,False,True
513110,2025-09-10,1.9538,1.9538,0.11,场内买入,场内卖出,akshare:eastmoney:fund_etf_fund_info_em,10,2026-09-08T01:26:13+00:00,,2025-09-12T23:59:59+08:00,earliest_safe_bound:first_seen_or_qdii_tplus2,False,False,True
513110,2025-09-11,1.9647,1.9647,0.56,场内买入,场内卖出,akshare:eastmoney:fund_etf_fund_info_em,10,2026-09-08T01:26:13+00:00,,2025-09-15T23:59:59+08:00,earliest_safe_bound:first_seen_or_qdii_tplus2,False,False,True
513110,2025-09-12,1.9724,1.9724,0.39,场内买入,场内卖出,akshare:eastmoney:fund_etf_fund_info_em,10,2026-09-08T01:26:13+00:00,,2025-09-16T23:59:59+08:00,earliest_safe_bound:first_seen_or_qdii_tplus2,False,False,True
513110,2025-09-15,1.9894,1.9894,0.86,场内买入,场内卖出,akshare:eastmoney:fund_etf_fund_info_em,10,2026-09-08T01:26:13+00:00,,2025-09-17T23:59:59+08:00,earliest_safe_bound:first_seen_or_qdii_tplus2,False,False,True
513110,2025-09-16,1.9869,1.9869,-0.13,场内买入,场内卖出,akshare:eastmoney:fund_etf_fund_info_em,10,2026-09-08T01:26:13+00:00,,2025-09-18T23:59:59+08:00,earliest_safe_bound:first_seen_or_qdii_tplus2,False,False,True
513110,2025-09-17,1.9824,1.9824,-0.23,场内买入,场内卖出,akshare:eastmoney:fund_etf_fund_info_em,10,2026-09-08T01:26:13+00:00,,2025-09-19T23:59:59+08:00,earliest_safe_bound:first_seen_or_qdii_tplus2,False,False,True
513110,2025-09-18,2.0032,2.0032,1.05,场内买入,场内卖出,akshare:eastmoney:fund_etf_fund_info_em,10,2026-09-08T01:26:13+00:00,,2025-09-22T23:59:59+08:00,earliest_safe_bound:first_seen_or_qdii_tplus2,False,False,True
513110,2025-09-19,2.0183,2.0183,0.75,场内买入,场内卖出,akshare:eastmoney:fund_etf_fund_info_em,10,2026-09-08T01:26:13+00:00,,2025-09-23T23:59:59+08:00,earliest_safe_bound:first_seen_or_qdii_tplus2,False,False,True
513110,2025-09-22,2.0288,2.0288,0.52,场内买入,场内卖出,akshare:eastmoney:fund_etf_fund_info_em,10,2026-09-08T01:26:13+00:00,,2025-09-24T23:59:59+08:00,earliest_safe_bound:first_seen_or_qdii_tplus2,False,False,True
513110,2025-09-23,2.0127,2.0127,-0.79,场内买入,场内卖出,akshare:eastmoney:fund_etf_fund_info_em,10,2026-09-08T01:26:13+00:00,,2025-09-25T23:59:59+08:00,earliest_safe_bound:first_seen_or_qdii_tplus2,False,False,True
513110,2025-09-24,2.0069,2.0069,-0.29,场内买入,场内卖出,akshare:eastmoney:fund_etf_fund_info_em,10,2026-09-08T01:26:13+00:00,,2025-09-26T23:59:59+08:00,earliest_safe_bound:first_seen_or_qdii_tplus2,False,False,True
513110,2025-09-25,1.9994,1.9994,-0.37,场内买入,场内卖出,akshare:eastmoney:fund_etf_fund_info_em,10,2026-09-08T01:26:13+00:00,,2025-09-29T23:59:59+08:00,earliest_safe_bound:first_seen_or_qdii_tplus2,False,False,True
513110,2025-09-26,2.0089,2.0089,0.48,场内买入,场内卖出,akshare:eastmoney:fund_etf_fund_info_em,10,2026-09-08T01:26:13+00:00,,2025-09-30T23:59:59+08:00,earliest_safe_bound:first_seen_or_qdii_tplus2,False,False,True
513110,2025-09-29,2.0157,2.0157,0.34,场内买入,场内卖出,akshare:eastmoney:fund_etf_fund_info_em,10,2026-09-08T01:26:13+00:00,,2025-10-09T23:59:59+08:00,earliest_safe_bound:first_seen_or_qdii_tplus2,False,False,True
513110,2025-09-30,2.0204,2.0204,0.23,场内买入,场内卖出,akshare:eastmoney:fund_etf_fund_info_em,10,2026-09-08T01:26:13+00:00,,2025-10-10T23:59:59+08:00,earliest_safe_bound:first_seen_or_qdii_tplus2,False,False,True
513110,2025-10-09,2.0555,2.0555,1.74,场内买入,场内卖出,akshare:eastmoney:fund_etf_fund_info_em,10,2026-09-08T01:26:13+00:00,,2025-10-13T23:59:59+08:00,earliest_safe_bound:first_seen_or_qdii_tplus2,False,False,True
513110,2025-10-10,1.9826,1.9826,-3.55,场内买入,场内卖出,akshare:eastmoney:fund_etf_fund_info_em,10,2026-09-08T01:26:13+00:00,,2025-10-14T23:59:59+08:00,earliest_safe_bound:first_seen_or_qdii_tplus2,False,False,True
513110,2025-10-13,2.0244,2.0244,2.11,场内买入,场内卖出,akshare:eastmoney:fund_etf_fund_info_em,10,2026-09-08T01:26:13+00:00,,2025-10-15T23:59:59+08:00,earliest_safe_bound:first_seen_or_qdii_tplus2,False,False,True
513110,2025-10-14,2.0108,2.0108,-0.67,场内买入,场内卖出,akshare:eastmoney:fund_etf_fund_info_em,10,2026-09-08T01:26:13+00:00,,2025-10-16T23:59:59+08:00,earliest_safe_bound:first_seen_or_qdii_tplus2,False,False,True
513110,2025-10-15,2.0235,2.0235,0.63,场内买入,场内卖出,akshare:eastmoney:fund_etf_fund_info_em,10,2026-09-08T01:26:13+00:00,,2025-10-17T23:59:59+08:00,earliest_safe_bound:first_seen_or_qdii_tplus2,False,False,True
513110,2025-10-16,2.0155,2.0155,-0.4,场内买入,场内卖出,akshare:eastmoney:fund_etf_fund_info_em,10,2026-09-08T01:26:13+00:00,,2025-10-20T23:59:59+08:00,earliest_safe_bound:first_seen_or_qdii_tplus2,False,False,True
513110,2025-10-17,2.028,2.028,0.62,场内买入,场内卖出,akshare:eastmoney:fund_etf_fund_info_em,10,2026-09-08T01:26:13+00:00,,2025-10-21T23:59:59+08:00,earliest_safe_bound:first_seen_or_qdii_tplus2,False,False,True
513110,2025-10-20,2.0547,2.0547,1.32,场内买入,场内卖出,akshare:eastmoney:fund_etf_fund_info_em,10,2026-09-08T01:26:13+00:00,,2025-10-22T23:59:59+08:00,earliest_safe_bound:first_seen_or_qdii_tplus2,False,False,True
513110,2025-10-21,2.0523,2.0523,-0.12,场内买入,场内卖出,akshare:eastmoney:fund_etf_fund_info_em,10,2026-09-08T01:26:13+00:00,,2025-10-23T23:59:59+08:00,earliest_safe_bound:first_seen_or_qdii_tplus2,False,False,True
513110,2025-10-22,2.0327,2.0327,-0.96,场内买入,场内卖出,akshare:eastmoney:fund_etf_fund_info_em,10,2026-09-08T01:26:13+00:00,,2025-10-24T23:59:59+08:00,earliest_safe_bound:first_seen_or_qdii_tplus2,False,False,True
513110,2025-10-23,2.0493,2.0493,0.82,场内买入,场内卖出,akshare:eastmoney:fund_etf_fund_info_em,10,2026-09-08T01:26:13+00:00,,2025-10-27T23:59:59+08:00,earliest_safe_bound:first_seen_or_qdii_tplus2,False,False,True
513110,2025-10-24,2.0707,2.0707,1.04,场内买入,场内卖出,akshare:eastmoney:fund_etf_fund_info_em,10,2026-09-08T01:26:13+00:00,,2025-10-28T23:59:59+08:00,earliest_safe_bound:first_seen_or_qdii_tplus2,False,False,True
513110,2025-10-27,2.1068,2.1068,1.74,场内买入,场内卖出,akshare:eastmoney:fund_etf_fund_info_em,10,2026-09-08T01:26:13+00:00,,2025-10-29T23:59:59+08:00,earliest_safe_bound:first_seen_or_qdii_tplus2,False,False,True
513110,2025-10-28,2.1216,2.1216,0.7,场内买入,场内卖出,akshare:eastmoney:fund_etf_fund_info_em,10,2026-09-08T01:26:13+00:00,,2025-10-30T23:59:59+08:00,earliest_safe_bound:first_seen_or_qdii_tplus2,False,False,True
513110,2025-10-29,2.1299,2.1299,0.39,场内买入,场内卖出,akshare:eastmoney:fund_etf_fund_info_em,10,2026-09-08T01:26:13+00:00,,2025-10-31T23:59:59+08:00,earliest_safe_bound:first_seen_or_qdii_tplus2,False,False,True
513110,2025-10-30,2.0992,2.0992,-1.44,场内买入,场内卖出,akshare:eastmoney:fund_etf_fund_info_em,10,2026-09-08T01:26:13+00:00,,2025-11-03T23:59:59+08:00,earliest_safe_bound:first_seen_or_qdii_tplus2,False,False,True
513110,2025-10-31,2.1098,2.1098,0.5,场内买入,场内卖出,akshare:eastmoney:fund_etf_fund_info_em,10,2026-09-08T01:26:13+00:00,,2025-11-04T23:59:59+08:00,earliest_safe_bound:first_seen_or_qdii_tplus2,False,False,True
513110,2025-11-03,2.1184,2.1184,0.41,场内买入,场内卖出,akshare:eastmoney:fund_etf_fund_info_em,10,2026-09-08T01:26:13+00:00,,2025-11-05T23:59:59+08:00,earliest_safe_bound:first_seen_or_qdii_tplus2,False,False,True
513110,2025-11-04,2.0753,2.0753,-2.03,场内买入,场内卖出,akshare:eastmoney:fund_etf_fund_info_em,10,2026-09-08T01:26:13+00:00,,2025-11-06T23:59:59+08:00,earliest_safe_bound:first_seen_or_qdii_tplus2,False,False,True
513110,2025-11-05,2.0907,2.0907,0.74,场内买入,场内卖出,akshare:eastmoney:fund_etf_fund_info_em,10,2026-09-08T01:26:13+00:00,,2025-11-07T23:59:59+08:00,earliest_safe_bound:first_seen_or_qdii_tplus2,False,False,True
513110,2025-11-06,2.0498,2.0498,-1.96,场内买入,场内卖出,akshare:eastmoney:fund_etf_fund_info_em,10,2026-09-08T01:26:13+00:00,,2025-11-10T23:59:59+08:00,earliest_safe_bound:first_seen_or_qdii_tplus2,False,False,True
513110,2025-11-07,2.0433,2.0433,-0.32,场内买入,场内卖出,akshare:eastmoney:fund_etf_fund_info_em,10,2026-09-08T01:26:13+00:00,,2025-11-11T23:59:59+08:00,earliest_safe_bound:first_seen_or_qdii_tplus2,False,False,True
513110,2025-11-10,2.0887,2.0887,2.22,场内买入,场内卖出,akshare:eastmoney:fund_etf_fund_info_em,10,2026-09-08T01:26:13+00:00,,2025-11-12T23:59:59+08:00,earliest_safe_bound:first_seen_or_qdii_tplus2,False,False,True
513110,2025-11-11,2.0825,2.0825,-0.3,场内买入,场内卖出,akshare:eastmoney:fund_etf_fund_info_em,10,2026-09-08T01:26:13+00:00,,2025-11-13T23:59:59+08:00,earliest_safe_bound:first_seen_or_qdii_tplus2,False,False,True
513110,2025-11-12,2.0802,2.0802,-0.11,场内买入,场内卖出,akshare:eastmoney:fund_etf_fund_info_em,10,2026-09-08T01:26:13+00:00,,2025-11-14T23:59:59+08:00,earliest_safe_bound:first_seen_or_qdii_tplus2,False,False,True
513110,2025-11-13,2.0385,2.0385,-2.0,场内买入,场内卖出,akshare:eastmoney:fund_etf_fund_info_em,10,2026-09-08T01:26:13+00:00,,2025-11-17T23:59:59+08:00,earliest_safe_bound:first_seen_or_qdii_tplus2,False,False,True
513110,2025-11-14,2.0387,2.0387,0.01,场内买入,场内卖出,akshare:eastmoney:fund_etf_fund_info_em,10,2026-09-08T01:26:13+00:00,,2025-11-18T23:59:59+08:00,earliest_safe_bound:first_seen_or_qdii_tplus2,False,False,True
513110,2025-11-17,2.0214,2.0214,-0.85,场内买入,场内卖出,akshare:eastmoney:fund_etf_fund_info_em,10,2026-09-08T01:26:13+00:00,,2025-11-19T23:59:59+08:00,earliest_safe_bound:first_seen_or_qdii_tplus2,False,False,True
513110,2025-11-18,1.9985,1.9985,-1.13,场内买入,场内卖出,akshare:eastmoney:fund_etf_fund_info_em,10,2026-09-08T01:26:13+00:00,,2025-11-20T23:59:59+08:00,earliest_safe_bound:first_seen_or_qdii_tplus2,False,False,True
513110,2025-11-19,2.01,2.01,0.58,场内买入,场内卖出,akshare:eastmoney:fund_etf_fund_info_em,10,2026-09-08T01:26:13+00:00,,2025-11-21T23:59:59+08:00,earliest_safe_bound:first_seen_or_qdii_tplus2,False,False,True
513110,2025-11-20,1.9635,1.9635,-2.31,场内买入,场内卖出,akshare:eastmoney:fund_etf_fund_info_em,10,2026-09-08T01:26:13+00:00,,2025-11-24T23:59:59+08:00,earliest_safe_bound:first_seen_or_qdii_tplus2,False,False,True
513110,2025-11-21,1.9778,1.9778,0.73,场内买入,场内卖出,akshare:eastmoney:fund_etf_fund_info_em,10,2026-09-08T01:26:13+00:00,,2025-11-25T23:59:59+08:00,earliest_safe_bound:first_seen_or_qdii_tplus2,False,False,True
513110,2025-11-24,2.0283,2.0283,2.55,场内买入,场内卖出,akshare:eastmoney:fund_etf_fund_info_em,10,2026-09-08T01:26:13+00:00,,2025-11-26T23:59:59+08:00,earliest_safe_bound:first_seen_or_qdii_tplus2,False,False,True
513110,2025-11-25,2.0394,2.0394,0.55,场内买入,场内卖出,akshare:eastmoney:fund_etf_fund_info_em,10,2026-09-08T01:26:13+00:00,,2025-11-27T23:59:59+08:00,earliest_safe_bound:first_seen_or_qdii_tplus2,False,False,True
513110,2025-11-26,2.0563,2.0563,0.83,场内买入,场内卖出,akshare:eastmoney:fund_etf_fund_info_em,10,2026-09-08T01:26:13+00:00,,2025-11-28T23:59:59+08:00,earliest_safe_bound:first_seen_or_qdii_tplus2,False,False,True
513110,2025-11-27,2.0558,2.0558,-0.02,暂停申购,暂停赎回,akshare:eastmoney:fund_etf_fund_info_em,10,2026-09-08T01:26:13+00:00,,2025-12-01T23:59:59+08:00,earliest_safe_bound:first_seen_or_qdii_tplus2,False,False,True
513110,2025-11-28,2.072,2.072,0.79,场内买入,场内卖出,akshare:eastmoney:fund_etf_fund_info_em,10,2026-09-08T01:26:13+00:00,,2025-12-02T23:59:59+08:00,earliest_safe_bound:first_seen_or_qdii_tplus2,False,False,True
513110,2025-12-01,2.0636,2.0636,-0.41,场内买入,场内卖出,akshare:eastmoney:fund_etf_fund_info_em,10,2026-09-08T01:26:13+00:00,,2025-12-03T23:59:59+08:00,earliest_safe_bound:first_seen_or_qdii_tplus2,False,False,True
513110,2025-12-02,2.0818,2.0818,0.88,场内买入,场内卖出,akshare:eastmoney:fund_etf_fund_info_em,10,2026-09-08T01:26:13+00:00,,2025-12-04T23:59:59+08:00,earliest_safe_bound:first_seen_or_qdii_tplus2,False,False,True
513110,2025-12-03,2.0848,2.0848,0.14,场内买入,场内卖出,akshare:eastmoney:fund_etf_fund_info_em,10,2026-09-08T01:26:13+00:00,,2025-12-05T23:59:59+08:00,earliest_safe_bound:first_seen_or_qdii_tplus2,False,False,True
513110,2025-12-04,2.0822,2.0822,-0.12,场内买入,场内卖出,akshare:eastmoney:fund_etf_fund_info_em,10,2026-09-08T01:26:13+00:00,,2025-12-08T23:59:59+08:00,earliest_safe_bound:first_seen_or_qdii_tplus2,False,False,True
513110,2025-12-05,2.0917,2.0917,0.46,场内买入,场内卖出,akshare:eastmoney:fund_etf_fund_info_em,10,2026-09-08T01:26:13+00:00,,2025-12-09T23:59:59+08:00,earliest_safe_bound:first_seen_or_qdii_tplus2,False,False,True
513110,2025-12-08,2.0869,2.0869,-0.23,场内买入,场内卖出,akshare:eastmoney:fund_etf_fund_info_em,10,2026-09-08T01:26:13+00:00,,2025-12-10T23:59:59+08:00,earliest_safe_bound:first_seen_or_qdii_tplus2,False,False,True
513110,2025-12-09,2.0904,2.0904,0.17,场内买入,场内卖出,akshare:eastmoney:fund_etf_fund_info_em,10,2026-09-08T01:26:13+00:00,,2025-12-11T23:59:59+08:00,earliest_safe_bound:first_seen_or_qdii_tplus2,False,False,True
513110,2025-12-10,2.0984,2.0984,0.38,场内买入,场内卖出,akshare:eastmoney:fund_etf_fund_info_em,10,2026-09-08T01:26:13+00:00,,2025-12-12T23:59:59+08:00,earliest_safe_bound:first_seen_or_qdii_tplus2,False,False,True
513110,2025-12-11,2.0892,2.0892,-0.44,场内买入,场内卖出,akshare:eastmoney:fund_etf_fund_info_em,10,2026-09-08T01:26:13+00:00,,2025-12-15T23:59:59+08:00,earliest_safe_bound:first_seen_or_qdii_tplus2,False,False,True
513110,2025-12-12,2.0481,2.0481,-1.97,场内买入,场内卖出,akshare:eastmoney:fund_etf_fund_info_em,10,2026-09-08T01:26:13+00:00,,2025-12-16T23:59:59+08:00,earliest_safe_bound:first_seen_or_qdii_tplus2,False,False,True
513110,2025-12-15,2.0382,2.0382,-0.48,场内买入,场内卖出,akshare:eastmoney:fund_etf_fund_info_em,10,2026-09-08T01:26:13+00:00,,2025-12-17T23:59:59+08:00,earliest_safe_bound:first_seen_or_qdii_tplus2,False,False,True
513110,2025-12-16,2.0417,2.0417,0.17,场内买入,场内卖出,akshare:eastmoney:fund_etf_fund_info_em,10,2026-09-08T01:26:13+00:00,,2025-12-18T23:59:59+08:00,earliest_safe_bound:first_seen_or_qdii_tplus2,False,False,True
513110,2025-12-17,2.0016,2.0016,-1.96,场内买入,场内卖出,akshare:eastmoney:fund_etf_fund_info_em,10,2026-09-08T01:26:13+00:00,,2025-12-19T23:59:59+08:00,earliest_safe_bound:first_seen_or_qdii_tplus2,False,False,True
513110,2025-12-18,2.0319,2.0319,1.51,场内买入,场内卖出,akshare:eastmoney:fund_etf_fund_info_em,10,2026-09-08T01:26:13+00:00,,2025-12-22T23:59:59+08:00,earliest_safe_bound:first_seen_or_qdii_tplus2,False,False,True
513110,2025-12-19,2.0563,2.0563,1.2,场内买入,场内卖出,akshare:eastmoney:fund_etf_fund_info_em,10,2026-09-08T01:26:13+00:00,,2025-12-23T23:59:59+08:00,earliest_safe_bound:first_seen_or_qdii_tplus2,False,False,True
513110,2025-12-22,2.0664,2.0664,0.49,场内买入,场内卖出,akshare:eastmoney:fund_etf_fund_info_em,10,2026-09-08T01:26:13+00:00,,2025-12-24T23:59:59+08:00,earliest_safe_bound:first_seen_or_qdii_tplus2,False,False,True
513110,2025-12-23,2.0752,2.0752,0.43,场内买入,场内卖出,akshare:eastmoney:fund_etf_fund_info_em,10,2026-09-08T01:26:13+00:00,,2025-12-25T23:59:59+08:00,earliest_safe_bound:first_seen_or_qdii_tplus2,False,False,True
513110,2025-12-24,2.0791,2.0791,0.19,场内买入,场内卖出,akshare:eastmoney:fund_etf_fund_info_em,10,2026-09-08T01:26:13+00:00,,2025-12-26T23:59:59+08:00,earliest_safe_bound:first_seen_or_qdii_tplus2,False,False,True
513110,2025-12-25,2.0768,2.0768,-0.11,暂停申购,暂停赎回,akshare:eastmoney:fund_etf_fund_info_em,10,2026-09-08T01:26:13+00:00,,2025-12-29T23:59:59+08:00,earliest_safe_bound:first_seen_or_qdii_tplus2,False,False,True
513110,2025-12-26,2.0748,2.0748,-0.1,场内买入,场内卖出,akshare:eastmoney:fund_etf_fund_info_em,10,2026-09-08T01:26:13+00:00,,2025-12-30T23:59:59+08:00,earliest_safe_bound:first_seen_or_qdii_tplus2,False,False,True
513110,2025-12-29,2.0643,2.0643,-0.51,场内买入,场内卖出,akshare:eastmoney:fund_etf_fund_info_em,10,2026-09-08T01:26:13+00:00,,2025-12-31T23:59:59+08:00,earliest_safe_bound:first_seen_or_qdii_tplus2,False,False,True
513110,2025-12-30,2.0597,2.0597,-0.22,场内买入,场内卖出,akshare:eastmoney:fund_etf_fund_info_em,10,2026-09-08T01:26:13+00:00,,2026-01-05T23:59:59+08:00,earliest_safe_bound:first_seen_or_qdii_tplus2,False,False,True
513110,2025-12-31,2.0409,2.0409,-0.91,场内买入,场内卖出,akshare:eastmoney:fund_etf_fund_info_em,10,2026-09-08T01:26:13+00:00,,2026-01-06T23:59:59+08:00,earliest_safe_bound:first_seen_or_qdii_tplus2,False,False,True
513110,2026-01-05,2.0512,2.0512,0.5,场内买入,场内卖出,akshare:eastmoney:fund_etf_fund_info_em,10,2026-09-08T01:26:13+00:00,,2026-01-07T23:59:59+08:00,earliest_safe_bound:first_seen_or_qdii_tplus2,False,False,True
513110,2026-01-06,2.0687,2.0687,0.85,场内买入,场内卖出,akshare:eastmoney:fund_etf_fund_info_em,10,2026-09-08T01:26:13+00:00,,2026-01-08T23:59:59+08:00,earliest_safe_bound:first_seen_or_qdii_tplus2,False,False,True
513110,2026-01-07,2.0702,2.0702,0.07,场内买入,场内卖出,akshare:eastmoney:fund_etf_fund_info_em,10,2026-09-08T01:26:13+00:00,,2026-01-09T23:59:59+08:00,earliest_safe_bound:first_seen_or_qdii_tplus2,False,False,True
513110,2026-01-08,2.0586,2.0586,-0.56,场内买入,场内卖出,akshare:eastmoney:fund_etf_fund_info_em,10,2026-09-08T01:26:13+00:00,,2026-01-12T23:59:59+08:00,earliest_safe_bound:first_seen_or_qdii_tplus2,False,False,True
513110,2026-01-09,2.0774,2.0774,0.91,场内买入,场内卖出,akshare:eastmoney:fund_etf_fund_info_em,10,2026-09-08T01:26:13+00:00,,2026-01-13T23:59:59+08:00,earliest_safe_bound:first_seen_or_qdii_tplus2,False,False,True
513110,2026-01-12,2.0783,2.0783,0.04,场内买入,场内卖出,akshare:eastmoney:fund_etf_fund_info_em,10,2026-09-08T01:26:13+00:00,,2026-01-14T23:59:59+08:00,earliest_safe_bound:first_seen_or_qdii_tplus2,False,False,True
513110,2026-01-13,2.0745,2.0745,-0.18,场内买入,场内卖出,akshare:eastmoney:fund_etf_fund_info_em,10,2026-09-08T01:26:13+00:00,,2026-01-15T23:59:59+08:00,earliest_safe_bound:first_seen_or_qdii_tplus2,False,False,True
513110,2026-01-14,2.0529,2.0529,-1.04,场内买入,场内卖出,akshare:eastmoney:fund_etf_fund_info_em,10,2026-09-08T01:26:13+00:00,,2026-01-16T23:59:59+08:00,earliest_safe_bound:first_seen_or_qdii_tplus2,False,False,True
513110,2026-01-15,2.0577,2.0577,0.23,场内买入,场内卖出,akshare:eastmoney:fund_etf_fund_info_em,10,2026-09-08T01:26:13+00:00,,2026-01-19T23:59:59+08:00,earliest_safe_bound:first_seen_or_qdii_tplus2,False,False,True
513110,2026-01-16,2.0566,2.0566,-0.05,场内买入,场内卖出,akshare:eastmoney:fund_etf_fund_info_em,10,2026-09-08T01:26:13+00:00,,2026-01-20T23:59:59+08:00,earliest_safe_bound:first_seen_or_qdii_tplus2,False,False,True
513110,2026-01-19,2.0557,2.0557,-0.04,暂停申购,暂停赎回,akshare:eastmoney:fund_etf_fund_info_em,10,2026-09-08T01:26:13+00:00,,2026-01-21T23:59:59+08:00,earliest_safe_bound:first_seen_or_qdii_tplus2,False,False,True
513110,2026-01-20,2.0099,2.0099,-2.23,场内买入,场内卖出,akshare:eastmoney:fund_etf_fund_info_em,10,2026-09-08T01:26:13+00:00,,2026-01-22T23:59:59+08:00,earliest_safe_bound:first_seen_or_qdii_tplus2,False,False,True
513110,2026-01-21,2.0372,2.0372,1.36,场内买入,场内卖出,akshare:eastmoney:fund_etf_fund_info_em,10,2026-09-08T01:26:13+00:00,,2026-01-23T23:59:59+08:00,earliest_safe_bound:first_seen_or_qdii_tplus2,False,False,True
513110,2026-01-22,2.0526,2.0526,0.76,场内买入,场内卖出,akshare:eastmoney:fund_etf_fund_info_em,10,2026-09-08T01:26:13+00:00,,2026-01-26T23:59:59+08:00,earliest_safe_bound:first_seen_or_qdii_tplus2,False,False,True
513110,2026-01-23,2.0569,2.0569,0.21,场内买入,场内卖出,akshare:eastmoney:fund_etf_fund_info_em,10,2026-09-08T01:26:13+00:00,,2026-01-27T23:59:59+08:00,earliest_safe_bound:first_seen_or_qdii_tplus2,False,False,True
513110,2026-01-26,2.0629,2.0629,0.29,场内买入,场内卖出,akshare:eastmoney:fund_etf_fund_info_em,10,2026-09-08T01:26:13+00:00,,2026-01-28T23:59:59+08:00,earliest_safe_bound:first_seen_or_qdii_tplus2,False,False,True
513110,2026-01-27,2.0814,2.0814,0.9,场内买入,场内卖出,akshare:eastmoney:fund_etf_fund_info_em,10,2026-09-08T01:26:13+00:00,,2026-01-29T23:59:59+08:00,earliest_safe_bound:first_seen_or_qdii_tplus2,False,False,True
513110,2026-01-28,2.085,2.085,0.17,场内买入,场内卖出,akshare:eastmoney:fund_etf_fund_info_em,10,2026-09-08T01:26:13+00:00,,2026-01-30T23:59:59+08:00,earliest_safe_bound:first_seen_or_qdii_tplus2,False,False,True
513110,2026-01-29,2.0743,2.0743,-0.51,场内买入,场内卖出,akshare:eastmoney:fund_etf_fund_info_em,10,2026-09-08T01:26:13+00:00,,2026-02-02T23:59:59+08:00,earliest_safe_bound:first_seen_or_qdii_tplus2,False,False,True
513110,2026-01-30,2.0453,2.0453,-1.4,场内买入,场内卖出,akshare:eastmoney:fund_etf_fund_info_em,10,2026-09-08T01:26:13+00:00,,2026-02-03T23:59:59+08:00,earliest_safe_bound:first_seen_or_qdii_tplus2,False,False,True
513110,2026-02-02,2.0605,2.0605,0.74,场内买入,场内卖出,akshare:eastmoney:fund_etf_fund_info_em,10,2026-09-08T01:26:13+00:00,,2026-02-04T23:59:59+08:00,earliest_safe_bound:first_seen_or_qdii_tplus2,False,False,True
513110,2026-02-03,2.0261,2.0261,-1.67,场内买入,场内卖出,akshare:eastmoney:fund_etf_fund_info_em,10,2026-09-08T01:26:13+00:00,,2026-02-05T23:59:59+08:00,earliest_safe_bound:first_seen_or_qdii_tplus2,False,False,True
513110,2026-02-04,1.9883,1.9883,-1.87,场内买入,场内卖出,akshare:eastmoney:fund_etf_fund_info_em,10,2026-09-08T01:26:13+00:00,,2026-02-06T23:59:59+08:00,earliest_safe_bound:first_seen_or_qdii_tplus2,False,False,True
513110,2026-02-05,1.962,1.962,-1.32,场内买入,场内卖出,akshare:eastmoney:fund_etf_fund_info_em,10,2026-09-08T01:26:13+00:00,,2026-02-09T23:59:59+08:00,earliest_safe_bound:first_seen_or_qdii_tplus2,False,False,True
513110,2026-02-06,2.0044,2.0044,2.16,场内买入,场内卖出,akshare:eastmoney:fund_etf_fund_info_em,10,2026-09-08T01:26:13+00:00,,2026-02-10T23:59:59+08:00,earliest_safe_bound:first_seen_or_qdii_tplus2,False,False,True
513110,2026-02-09,2.0177,2.0177,0.66,场内买入,场内卖出,akshare:eastmoney:fund_etf_fund_info_em,10,2026-09-08T01:26:13+00:00,,2026-02-11T23:59:59+08:00,earliest_safe_bound:first_seen_or_qdii_tplus2,False,False,True
513110,2026-02-10,2.0048,2.0048,-0.64,场内买入,场内卖出,akshare:eastmoney:fund_etf_fund_info_em,10,2026-09-08T01:26:13+00:00,,2026-02-12T23:59:59+08:00,earliest_safe_bound:first_seen_or_qdii_tplus2,False,False,True
513110,2026-02-11,2.0099,2.0099,0.25,场内买入,场内卖出,akshare:eastmoney:fund_etf_fund_info_em,10,2026-09-08T01:26:13+00:00,,2026-02-13T23:59:59+08:00,earliest_safe_bound:first_seen_or_qdii_tplus2,False,False,True
513110,2026-02-12,1.9696,1.9696,-2.01,场内买入,场内卖出,akshare:eastmoney:fund_etf_fund_info_em,10,2026-09-08T01:26:13+00:00,,2026-02-24T23:59:59+08:00,earliest_safe_bound:first_seen_or_qdii_tplus2,False,False,True
513110,2026-02-13,1.9717,1.9717,0.11,场内买入,场内卖出,akshare:eastmoney:fund_etf_fund_info_em,10,2026-09-08T01:26:13+00:00,,2026-02-25T23:59:59+08:00,earliest_safe_bound:first_seen_or_qdii_tplus2,False,False,True
513110,2026-02-24,1.9912,1.9912,0.99,场内买入,场内卖出,akshare:eastmoney:fund_etf_fund_info_em,10,2026-09-08T01:26:13+00:00,,2026-02-26T23:59:59+08:00,earliest_safe_bound:first_seen_or_qdii_tplus2,False,False,True
513110,2026-02-25,2.0165,2.0165,1.27,场内买入,场内卖出,akshare:eastmoney:fund_etf_fund_info_em,10,2026-09-08T01:26:13+00:00,,2026-02-27T23:59:59+08:00,earliest_safe_bound:first_seen_or_qdii_tplus2,False,False,True
513110,2026-02-26,1.9904,1.9904,-1.29,场内买入,场内卖出,akshare:eastmoney:fund_etf_fund_info_em,10,2026-09-08T01:26:13+00:00,,2026-03-02T23:59:59+08:00,earliest_safe_bound:first_seen_or_qdii_tplus2,False,False,True
513110,2026-02-27,1.9847,1.9847,-0.29,场内买入,场内卖出,akshare:eastmoney:fund_etf_fund_info_em,10,2026-09-08T01:26:13+00:00,,2026-03-03T23:59:59+08:00,earliest_safe_bound:first_seen_or_qdii_tplus2,False,False,True
513110,2026-03-02,1.9873,1.9873,0.13,场内买入,场内卖出,akshare:eastmoney:fund_etf_fund_info_em,10,2026-09-08T01:26:13+00:00,,2026-03-04T23:59:59+08:00,earliest_safe_bound:first_seen_or_qdii_tplus2,False,False,True
513110,2026-03-03,1.9617,1.9617,-1.29,场内买入,场内卖出,akshare:eastmoney:fund_etf_fund_info_em,10,2026-09-08T01:26:13+00:00,,2026-03-05T23:59:59+08:00,earliest_safe_bound:first_seen_or_qdii_tplus2,False,False,True
513110,2026-03-04,1.9922,1.9922,1.55,场内买入,场内卖出,akshare:eastmoney:fund_etf_fund_info_em,10,2026-09-08T01:26:13+00:00,,2026-03-06T23:59:59+08:00,earliest_safe_bound:first_seen_or_qdii_tplus2,False,False,True
513110,2026-03-05,1.9832,1.9832,-0.45,场内买入,场内卖出,akshare:eastmoney:fund_etf_fund_info_em,10,2026-09-08T01:26:13+00:00,,2026-03-09T23:59:59+08:00,earliest_safe_bound:first_seen_or_qdii_tplus2,False,False,True
513110,2026-03-06,1.9541,1.9541,-1.47,场内买入,场内卖出,akshare:eastmoney:fund_etf_fund_info_em,10,2026-09-08T01:26:13+00:00,,2026-03-10T23:59:59+08:00,earliest_safe_bound:first_seen_or_qdii_tplus2,False,False,True
513110,2026-03-09,1.9833,1.9833,1.49,场内买入,场内卖出,akshare:eastmoney:fund_etf_fund_info_em,10,2026-09-08T01:26:13+00:00,,2026-03-11T23:59:59+08:00,earliest_safe_bound:first_seen_or_qdii_tplus2,False,False,True
513110,2026-03-10,1.9775,1.9775,-0.29,场内买入,场内卖出,akshare:eastmoney:fund_etf_fund_info_em,10,2026-09-08T01:26:13+00:00,,2026-03-12T23:59:59+08:00,earliest_safe_bound:first_seen_or_qdii_tplus2,False,False,True
513110,2026-03-11,1.9763,1.9763,-0.06,场内买入,场内卖出,akshare:eastmoney:fund_etf_fund_info_em,10,2026-09-08T01:26:13+00:00,,2026-03-13T23:59:59+08:00,earliest_safe_bound:first_seen_or_qdii_tplus2,False,False,True
513110,2026-03-12,1.9434,1.9434,-1.66,场内买入,场内卖出,akshare:eastmoney:fund_etf_fund_info_em,10,2026-09-08T01:26:13+00:00,,2026-03-16T23:59:59+08:00,earliest_safe_bound:first_seen_or_qdii_tplus2,False,False,True
513110,2026-03-13,1.9328,1.9328,-0.55,场内买入,场内卖出,akshare:eastmoney:fund_etf_fund_info_em,10,2026-09-08T01:26:13+00:00,,2026-03-17T23:59:59+08:00,earliest_safe_bound:first_seen_or_qdii_tplus2,False,False,True
513110,2026-03-16,1.9557,1.9557,1.18,场内买入,场内卖出,akshare:eastmoney:fund_etf_fund_info_em,10,2026-09-08T01:26:13+00:00,,2026-03-18T23:59:59+08:00,earliest_safe_bound:first_seen_or_qdii_tplus2,False,False,True
513110,2026-03-17,1.9629,1.9629,0.37,场内买入,场内卖出,akshare:eastmoney:fund_etf_fund_info_em,10,2026-09-08T01:26:13+00:00,,2026-03-19T23:59:59+08:00,earliest_safe_bound:first_seen_or_qdii_tplus2,False,False,True
513110,2026-03-18,1.9334,1.9334,-1.5,场内买入,场内卖出,akshare:eastmoney:fund_etf_fund_info_em,10,2026-09-08T01:26:13+00:00,,2026-03-20T23:59:59+08:00,earliest_safe_bound:first_seen_or_qdii_tplus2,False,False,True
513110,2026-03-19,1.9296,1.9296,-0.2,场内买入,场内卖出,akshare:eastmoney:fund_etf_fund_info_em,10,2026-09-08T01:26:13+00:00,,2026-03-23T23:59:59+08:00,earliest_safe_bound:first_seen_or_qdii_tplus2,False,False,True
513110,2026-03-20,1.8915,1.8915,-1.97,场内买入,场内卖出,akshare:eastmoney:fund_etf_fund_info_em,10,2026-09-08T01:26:13+00:00,,2026-03-24T23:59:59+08:00,earliest_safe_bound:first_seen_or_qdii_tplus2,False,False,True
513110,2026-03-23,1.9182,1.9182,1.41,场内买入,场内卖出,akshare:eastmoney:fund_etf_fund_info_em,10,2026-09-08T01:26:13+00:00,,2026-03-25T23:59:59+08:00,earliest_safe_bound:first_seen_or_qdii_tplus2,False,False,True
513110,2026-03-24,1.9008,1.9008,-0.91,场内买入,场内卖出,akshare:eastmoney:fund_etf_fund_info_em,10,2026-09-08T01:26:13+00:00,,2026-03-26T23:59:59+08:00,earliest_safe_bound:first_seen_or_qdii_tplus2,False,False,True
513110,2026-03-25,1.9126,1.9126,0.62,场内买入,场内卖出,akshare:eastmoney:fund_etf_fund_info_em,10,2026-09-08T01:26:13+00:00,,2026-03-27T23:59:59+08:00,earliest_safe_bound:first_seen_or_qdii_tplus2,False,False,True
513110,2026-03-26,1.871,1.871,-2.18,场内买入,场内卖出,akshare:eastmoney:fund_etf_fund_info_em,10,2026-09-08T01:26:13+00:00,,2026-03-30T23:59:59+08:00,earliest_safe_bound:first_seen_or_qdii_tplus2,False,False,True
513110,2026-03-27,1.8372,1.8372,-1.81,场内买入,场内卖出,akshare:eastmoney:fund_etf_fund_info_em,10,2026-09-08T01:26:13+00:00,,2026-03-31T23:59:59+08:00,earliest_safe_bound:first_seen_or_qdii_tplus2,False,False,True
513110,2026-03-30,1.8249,1.8249,-0.67,场内买入,场内卖出,akshare:eastmoney:fund_etf_fund_info_em,10,2026-09-08T01:26:13+00:00,,2026-04-01T23:59:59+08:00,earliest_safe_bound:first_seen_or_qdii_tplus2,False,False,True
513110,2026-03-31,1.8864,1.8864,3.37,场内买入,场内卖出,akshare:eastmoney:fund_etf_fund_info_em,10,2026-09-08T01:26:13+00:00,,2026-04-02T23:59:59+08:00,earliest_safe_bound:first_seen_or_qdii_tplus2,False,False,True
513110,2026-04-01,1.904,1.904,0.93,场内买入,场内卖出,akshare:eastmoney:fund_etf_fund_info_em,10,2026-09-08T01:26:13+00:00,,2026-04-03T23:59:59+08:00,earliest_safe_bound:first_seen_or_qdii_tplus2,False,False,True
513110,2026-04-02,1.9023,1.9023,-0.09,场内买入,场内卖出,akshare:eastmoney:fund_etf_fund_info_em,10,2026-09-08T01:26:13+00:00,,2026-04-07T23:59:59+08:00,earliest_safe_bound:first_seen_or_qdii_tplus2,False,False,True
513110,2026-04-03,1.9035,1.9035,0.06,暂停申购,暂停赎回,akshare:eastmoney:fund_etf_fund_info_em,10,2026-09-08T01:26:13+00:00,,2026-04-08T23:59:59+08:00,earliest_safe_bound:first_seen_or_qdii_tplus2,False,False,True
513110,2026-04-07,1.9136,1.9136,0.53,场内买入,场内卖出,akshare:eastmoney:fund_etf_fund_info_em,10,2026-09-08T01:26:13+00:00,,2026-04-09T23:59:59+08:00,earliest_safe_bound:first_seen_or_qdii_tplus2,False,False,True
513110,2026-04-08,1.9638,1.9638,2.62,场内买入,场内卖出,akshare:eastmoney:fund_etf_fund_info_em,10,2026-09-08T01:26:13+00:00,,2026-04-10T23:59:59+08:00,earliest_safe_bound:first_seen_or_qdii_tplus2,False,False,True
513110,2026-04-09,1.977,1.977,0.67,场内买入,场内卖出,akshare:eastmoney:fund_etf_fund_info_em,10,2026-09-08T01:26:13+00:00,,2026-04-13T23:59:59+08:00,earliest_safe_bound:first_seen_or_qdii_tplus2,False,False,True
513110,2026-04-10,1.9797,1.9797,0.14,场内买入,场内卖出,akshare:eastmoney:fund_etf_fund_info_em,10,2026-09-08T01:26:13+00:00,,2026-04-14T23:59:59+08:00,earliest_safe_bound:first_seen_or_qdii_tplus2,False,False,True
513110,2026-04-13,2.0006,2.0006,1.06,场内买入,场内卖出,akshare:eastmoney:fund_etf_fund_info_em,10,2026-09-08T01:26:13+00:00,,2026-04-15T23:59:59+08:00,earliest_safe_bound:first_seen_or_qdii_tplus2,False,False,True
513110,2026-04-14,2.0346,2.0346,1.7,场内买入,场内卖出,akshare:eastmoney:fund_etf_fund_info_em,10,2026-09-08T01:26:13+00:00,,2026-04-16T23:59:59+08:00,earliest_safe_bound:first_seen_or_qdii_tplus2,False,False,True
513110,2026-04-15,2.0627,2.0627,1.38,场内买入,场内卖出,akshare:eastmoney:fund_etf_fund_info_em,10,2026-09-08T01:26:13+00:00,,2026-04-17T23:59:59+08:00,earliest_safe_bound:first_seen_or_qdii_tplus2,False,False,True
513110,2026-04-16,2.0738,2.0738,0.54,场内买入,场内卖出,akshare:eastmoney:fund_etf_fund_info_em,10,2026-09-08T01:26:13+00:00,,2026-04-20T23:59:59+08:00,earliest_safe_bound:first_seen_or_qdii_tplus2,False,False,True
513110,2026-04-17,2.1006,2.1006,1.29,场内买入,场内卖出,akshare:eastmoney:fund_etf_fund_info_em,10,2026-09-08T01:26:13+00:00,,2026-04-21T23:59:59+08:00,earliest_safe_bound:first_seen_or_qdii_tplus2,False,False,True
513110,2026-04-20,2.0948,2.0948,-0.28,场内买入,场内卖出,akshare:eastmoney:fund_etf_fund_info_em,10,2026-09-08T01:26:13+00:00,,2026-04-22T23:59:59+08:00,earliest_safe_bound:first_seen_or_qdii_tplus2,False,False,True
513110,2026-04-21,2.0844,2.0844,-0.5,场内买入,场内卖出,akshare:eastmoney:fund_etf_fund_info_em,10,2026-09-08T01:26:13+00:00,,2026-04-23T23:59:59+08:00,earliest_safe_bound:first_seen_or_qdii_tplus2,False,False,True
513110,2026-04-22,2.1214,2.1214,1.78,场内买入,场内卖出,akshare:eastmoney:fund_etf_fund_info_em,10,2026-09-08T01:26:13+00:00,,2026-04-24T23:59:59+08:00,earliest_safe_bound:first_seen_or_qdii_tplus2,False,False,True
513110,2026-04-23,2.1097,2.1097,-0.55,场内买入,场内卖出,akshare:eastmoney:fund_etf_fund_info_em,10,2026-09-08T01:26:13+00:00,,2026-04-27T23:59:59+08:00,earliest_safe_bound:first_seen_or_qdii_tplus2,False,False,True
513110,2026-04-24,2.1511,2.1511,1.96,场内买入,场内卖出,akshare:eastmoney:fund_etf_fund_info_em,10,2026-09-08T01:26:13+00:00,,2026-04-28T23:59:59+08:00,earliest_safe_bound:first_seen_or_qdii_tplus2,False,False,True
513110,2026-04-27,2.1482,2.1482,-0.13,场内买入,场内卖出,akshare:eastmoney:fund_etf_fund_info_em,10,2026-09-08T01:26:13+00:00,,2026-04-29T23:59:59+08:00,earliest_safe_bound:first_seen_or_qdii_tplus2,False,False,True
513110,2026-04-28,2.1269,2.1269,-0.99,场内买入,场内卖出,akshare:eastmoney:fund_etf_fund_info_em,10,2026-09-08T01:26:13+00:00,,2026-04-30T23:59:59+08:00,earliest_safe_bound:first_seen_or_qdii_tplus2,False,False,True
513110,2026-04-29,2.1398,2.1398,0.61,场内买入,场内卖出,akshare:eastmoney:fund_etf_fund_info_em,10,2026-09-08T01:26:13+00:00,,2026-05-06T23:59:59+08:00,earliest_safe_bound:first_seen_or_qdii_tplus2,False,False,True
513110,2026-04-30,2.1611,2.1611,1.0,场内买入,场内卖出,akshare:eastmoney:fund_etf_fund_info_em,10,2026-09-08T01:26:13+00:00,,2026-05-07T23:59:59+08:00,earliest_safe_bound:first_seen_or_qdii_tplus2,False,False,True
513110,2026-05-06,2.2485,2.2485,4.04,场内买入,场内卖出,akshare:eastmoney:fund_etf_fund_info_em,10,2026-09-08T01:26:13+00:00,,2026-05-08T23:59:59+08:00,earliest_safe_bound:first_seen_or_qdii_tplus2,False,False,True
513110,2026-05-07,2.2433,2.2433,-0.23,场内买入,场内卖出,akshare:eastmoney:fund_etf_fund_info_em,10,2026-09-08T01:26:13+00:00,,2026-05-11T23:59:59+08:00,earliest_safe_bound:first_seen_or_qdii_tplus2,False,False,True
513110,2026-05-08,2.2963,2.2963,2.36,场内买入,场内卖出,akshare:eastmoney:fund_etf_fund_info_em,10,2026-09-08T01:26:13+00:00,,2026-05-12T23:59:59+08:00,earliest_safe_bound:first_seen_or_qdii_tplus2,False,False,True
513110,2026-05-11,2.3018,2.3018,0.24,场内买入,场内卖出,akshare:eastmoney:fund_etf_fund_info_em,10,2026-09-08T01:26:13+00:00,,2026-05-13T23:59:59+08:00,earliest_safe_bound:first_seen_or_qdii_tplus2,False,False,True
513110,2026-05-12,2.2804,2.2804,-0.93,场内买入,场内卖出,akshare:eastmoney:fund_etf_fund_info_em,10,2026-09-08T01:26:13+00:00,,2026-05-14T23:59:59+08:00,earliest_safe_bound:first_seen_or_qdii_tplus2,False,False,True
513110,2026-05-13,2.3042,2.3042,1.04,场内买入,场内卖出,akshare:eastmoney:fund_etf_fund_info_em,10,2026-09-08T01:26:13+00:00,,2026-05-15T23:59:59+08:00,earliest_safe_bound:first_seen_or_qdii_tplus2,False,False,True
513110,2026-05-14,2.3198,2.3198,0.68,场内买入,场内卖出,akshare:eastmoney:fund_etf_fund_info_em,10,2026-09-08T01:26:13+00:00,,2026-05-18T23:59:59+08:00,earliest_safe_bound:first_seen_or_qdii_tplus2,False,False,True
513110,2026-05-15,2.285,2.285,-1.5,场内买入,场内卖出,akshare:eastmoney:fund_etf_fund_info_em,10,2026-09-08T01:26:13+00:00,,2026-05-19T23:59:59+08:00,earliest_safe_bound:first_seen_or_qdii_tplus2,False,False,True
513110,2026-05-18,2.2754,2.2754,-0.42,场内买入,场内卖出,akshare:eastmoney:fund_etf_fund_info_em,10,2026-09-08T01:26:13+00:00,,2026-05-20T23:59:59+08:00,earliest_safe_bound:first_seen_or_qdii_tplus2,False,False,True
513110,2026-05-19,2.2598,2.2598,-0.69,场内买入,场内卖出,akshare:eastmoney:fund_etf_fund_info_em,10,2026-09-08T01:26:13+00:00,,2026-05-21T23:59:59+08:00,earliest_safe_bound:first_seen_or_qdii_tplus2,False,False,True
513110,2026-05-20,2.2978,2.2978,1.68,场内买入,场内卖出,akshare:eastmoney:fund_etf_fund_info_em,10,2026-09-08T01:26:13+00:00,,2026-05-22T23:59:59+08:00,earliest_safe_bound:first_seen_or_qdii_tplus2,False,False,True
513110,2026-05-21,2.3011,2.3011,0.14,场内买入,场内卖出,akshare:eastmoney:fund_etf_fund_info_em,10,2026-09-08T01:26:13+00:00,,2026-05-25T23:59:59+08:00,earliest_safe_bound:first_seen_or_qdii_tplus2,False,False,True
513110,2026-05-22,2.3115,2.3115,0.45,场内买入,场内卖出,akshare:eastmoney:fund_etf_fund_info_em,10,2026-09-08T01:26:13+00:00,,2026-05-26T23:59:59+08:00,earliest_safe_bound:first_seen_or_qdii_tplus2,False,False,True
513110,2026-05-25,2.3095,2.3095,-0.09,暂停申购,暂停赎回,akshare:eastmoney:fund_etf_fund_info_em,10,2026-09-08T01:26:13+00:00,,2026-05-27T23:59:59+08:00,earliest_safe_bound:first_seen_or_qdii_tplus2,False,False,True
513110,2026-05-26,2.3489,2.3489,1.71,场内买入,场内卖出,akshare:eastmoney:fund_etf_fund_info_em,10,2026-09-08T01:26:13+00:00,,2026-05-28T23:59:59+08:00,earliest_safe_bound:first_seen_or_qdii_tplus2,False,False,True
513110,2026-05-27,2.3468,2.3468,-0.09,场内买入,场内卖出,akshare:eastmoney:fund_etf_fund_info_em,10,2026-09-08T01:26:13+00:00,,2026-05-29T23:59:59+08:00,earliest_safe_bound:first_seen_or_qdii_tplus2,False,False,True
513110,2026-05-28,2.3645,2.3645,0.75,场内买入,场内卖出,akshare:eastmoney:fund_etf_fund_info_em,10,2026-09-08T01:26:13+00:00,,2026-06-01T23:59:59+08:00,earliest_safe_bound:first_seen_or_qdii_tplus2,False,False,True
513110,2026-05-29,2.3709,2.3709,0.27,场内买入,场内卖出,akshare:eastmoney:fund_etf_fund_info_em,10,2026-09-08T01:26:13+00:00,,2026-06-02T23:59:59+08:00,earliest_safe_bound:first_seen_or_qdii_tplus2,False,False,True
513110,2026-06-01,2.3844,2.3844,0.57,场内买入,场内卖出,akshare:eastmoney:fund_etf_fund_info_em,10,2026-09-08T01:26:13+00:00,,2026-06-03T23:59:59+08:00,earliest_safe_bound:first_seen_or_qdii_tplus2,False,False,True
513110,2026-06-02,2.3965,2.3965,0.51,场内买入,场内卖出,akshare:eastmoney:fund_etf_fund_info_em,10,2026-09-08T01:26:13+00:00,,2026-06-04T23:59:59+08:00,earliest_safe_bound:first_seen_or_qdii_tplus2,False,False,True
513110,2026-06-03,2.3894,2.3894,-0.3,场内买入,场内卖出,akshare:eastmoney:fund_etf_fund_info_em,10,2026-09-08T01:26:13+00:00,,2026-06-05T23:59:59+08:00,earliest_safe_bound:first_seen_or_qdii_tplus2,False,False,True
513110,2026-06-04,2.3777,2.3777,-0.49,场内买入,场内卖出,akshare:eastmoney:fund_etf_fund_info_em,10,2026-09-08T01:26:13+00:00,,2026-06-08T23:59:59+08:00,earliest_safe_bound:first_seen_or_qdii_tplus2,False,False,True
513110,2026-06-05,2.2634,2.2634,-4.81,场内买入,场内卖出,akshare:eastmoney:fund_etf_fund_info_em,10,2026-09-08T01:26:13+00:00,,2026-06-09T23:59:59+08:00,earliest_safe_bound:first_seen_or_qdii_tplus2,False,False,True
513110,2026-06-08,2.3001,2.3001,1.62,场内买入,场内卖出,akshare:eastmoney:fund_etf_fund_info_em,10,2026-09-08T01:26:13+00:00,,2026-06-10T23:59:59+08:00,earliest_safe_bound:first_seen_or_qdii_tplus2,False,False,True
513110,2026-06-09,2.2727,2.2727,-1.19,场内买入,场内卖出,akshare:eastmoney:fund_etf_fund_info_em,10,2026-09-08T01:26:13+00:00,,2026-06-11T23:59:59+08:00,earliest_safe_bound:first_seen_or_qdii_tplus2,False,False,True
513110,2026-06-10,2.2273,2.2273,-2.0,场内买入,场内卖出,akshare:eastmoney:fund_etf_fund_info_em,10,2026-09-08T01:26:13+00:00,,2026-06-12T23:59:59+08:00,earliest_safe_bound:first_seen_or_qdii_tplus2,False,False,True
513110,2026-06-11,2.3007,2.3007,3.3,场内买入,场内卖出,akshare:eastmoney:fund_etf_fund_info_em,10,2026-09-08T01:26:13+00:00,,2026-06-15T23:59:59+08:00,earliest_safe_bound:first_seen_or_qdii_tplus2,False,False,True
513110,2026-06-12,2.3142,2.3142,0.59,场内买入,场内卖出,akshare:eastmoney:fund_etf_fund_info_em,10,2026-09-08T01:26:13+00:00,,2026-06-16T23:59:59+08:00,earliest_safe_bound:first_seen_or_qdii_tplus2,False,False,True
513110,2026-06-15,2.384,2.384,3.02,场内买入,场内卖出,akshare:eastmoney:fund_etf_fund_info_em,10,2026-09-08T01:26:13+00:00,,2026-06-17T23:59:59+08:00,earliest_safe_bound:first_seen_or_qdii_tplus2,False,False,True
513110,2026-06-16,2.3399,2.3399,-1.85,场内买入,场内卖出,akshare:eastmoney:fund_etf_fund_info_em,10,2026-09-08T01:26:13+00:00,,2026-06-18T23:59:59+08:00,earliest_safe_bound:first_seen_or_qdii_tplus2,False,False,True
513110,2026-06-17,2.3163,2.3163,-1.01,场内买入,场内卖出,akshare:eastmoney:fund_etf_fund_info_em,10,2026-09-08T01:26:13+00:00,,2026-06-22T23:59:59+08:00,earliest_safe_bound:first_seen_or_qdii_tplus2,False,False,True
513110,2026-06-18,2.3739,2.3739,2.49,场内买入,场内卖出,akshare:eastmoney:fund_etf_fund_info_em,10,2026-09-08T01:26:13+00:00,,2026-06-23T23:59:59+08:00,earliest_safe_bound:first_seen_or_qdii_tplus2,False,False,True
513110,2026-06-22,2.3693,2.3693,-0.19,场内买入,场内卖出,akshare:eastmoney:fund_etf_fund_info_em,10,2026-09-08T01:26:13+00:00,,2026-06-24T23:59:59+08:00,earliest_safe_bound:first_seen_or_qdii_tplus2,False,False,True
513110,2026-06-23,2.2923,2.2923,-3.25,场内买入,场内卖出,akshare:eastmoney:fund_etf_fund_info_em,10,2026-09-08T01:26:13+00:00,,2026-06-25T23:59:59+08:00,earliest_safe_bound:first_seen_or_qdii_tplus2,False,False,True
513110,2026-06-24,2.2831,2.2831,-0.4,场内买入,场内卖出,akshare:eastmoney:fund_etf_fund_info_em,10,2026-09-08T01:26:13+00:00,,2026-06-26T23:59:59+08:00,earliest_safe_bound:first_seen_or_qdii_tplus2,False,False,True
513110,2026-06-25,2.3005,2.3005,0.76,场内买入,场内卖出,akshare:eastmoney:fund_etf_fund_info_em,10,2026-09-08T01:26:13+00:00,,2026-06-29T23:59:59+08:00,earliest_safe_bound:first_seen_or_qdii_tplus2,False,False,True
513110,2026-06-26,2.274,2.274,-1.15,场内买入,场内卖出,akshare:eastmoney:fund_etf_fund_info_em,10,2026-09-08T01:26:13+00:00,,2026-06-30T23:59:59+08:00,earliest_safe_bound:first_seen_or_qdii_tplus2,False,False,True
513110,2026-06-29,2.3252,2.3252,2.25,场内买入,场内卖出,akshare:eastmoney:fund_etf_fund_info_em,10,2026-09-08T01:26:13+00:00,,2026-07-01T23:59:59+08:00,earliest_safe_bound:first_seen_or_qdii_tplus2,False,False,True
513110,2026-06-30,2.3619,2.3619,1.58,场内买入,场内卖出,akshare:eastmoney:fund_etf_fund_info_em,10,2026-09-08T01:26:13+00:00,,2026-07-02T23:59:59+08:00,earliest_safe_bound:first_seen_or_qdii_tplus2,False,False,True
513110,2026-07-01,2.3244,2.3244,-1.59,场内买入,场内卖出,akshare:eastmoney:fund_etf_fund_info_em,10,2026-09-08T01:26:13+00:00,,2026-07-03T23:59:59+08:00,earliest_safe_bound:first_seen_or_qdii_tplus2,False,False,True
513110,2026-07-02,2.2876,2.2876,-1.58,场内买入,场内卖出,akshare:eastmoney:fund_etf_fund_info_em,10,2026-09-08T01:26:13+00:00,,2026-07-06T23:59:59+08:00,earliest_safe_bound:first_seen_or_qdii_tplus2,False,False,True
513110,2026-07-03,2.2862,2.2862,-0.06,暂停申购,暂停赎回,akshare:eastmoney:fund_etf_fund_info_em,10,2026-09-08T01:26:13+00:00,,2026-07-07T23:59:59+08:00,earliest_safe_bound:first_seen_or_qdii_tplus2,False,False,True
513110,2026-07-06,2.3159,2.3159,1.3,场内买入,场内卖出,akshare:eastmoney:fund_etf_fund_info_em,10,2026-09-08T01:26:13+00:00,,2026-07-08T23:59:59+08:00,earliest_safe_bound:first_seen_or_qdii_tplus2,False,False,True
513110,2026-07-07,2.2747,2.2747,-1.78,场内买入,场内卖出,akshare:eastmoney:fund_etf_fund_info_em,10,2026-09-08T01:26:13+00:00,,2026-07-09T23:59:59+08:00,earliest_safe_bound:first_seen_or_qdii_tplus2,False,False,True
513110,2026-07-08,2.2816,2.2816,0.3,场内买入,场内卖出,akshare:eastmoney:fund_etf_fund_info_em,10,2026-09-08T01:26:13+00:00,,2026-07-10T23:59:59+08:00,earliest_safe_bound:first_seen_or_qdii_tplus2,False,False,True
513110,2026-07-09,2.317,2.317,1.55,场内买入,场内卖出,akshare:eastmoney:fund_etf_fund_info_em,10,2026-09-08T01:26:13+00:00,,2026-07-13T23:59:59+08:00,earliest_safe_bound:first_seen_or_qdii_tplus2,False,False,True
513110,2026-07-10,2.3229,2.3229,0.25,场内买入,场内卖出,akshare:eastmoney:fund_etf_fund_info_em,10,2026-09-08T01:26:13+00:00,,2026-07-14T23:59:59+08:00,earliest_safe_bound:first_seen_or_qdii_tplus2,False,False,True
513110,2026-07-13,2.2787,2.2787,-1.9,场内买入,场内卖出,akshare:eastmoney:fund_etf_fund_info_em,10,2026-09-08T01:26:13+00:00,,2026-07-15T23:59:59+08:00,earliest_safe_bound:first_seen_or_qdii_tplus2,False,False,True
513110,2026-07-14,2.3042,2.3042,1.12,场内买入,场内卖出,akshare:eastmoney:fund_etf_fund_info_em,10,2026-09-08T01:26:13+00:00,,2026-07-16T23:59:59+08:00,earliest_safe_bound:first_seen_or_qdii_tplus2,False,False,True
513110,2026-07-15,2.295,2.295,-0.4,场内买入,场内卖出,akshare:eastmoney:fund_etf_fund_info_em,10,2026-09-08T01:26:13+00:00,,2026-07-17T23:59:59+08:00,earliest_safe_bound:first_seen_or_qdii_tplus2,False,False,True
513110,2026-07-16,2.258,2.258,-1.61,场内买入,场内卖出,akshare:eastmoney:fund_etf_fund_info_em,10,2026-09-08T01:26:13+00:00,,2026-07-20T23:59:59+08:00,earliest_safe_bound:first_seen_or_qdii_tplus2,False,False,True
513110,2026-07-17,2.2251,2.2251,-1.46,场内买入,场内卖出,akshare:eastmoney:fund_etf_fund_info_em,10,2026-09-08T01:26:13+00:00,,2026-07-21T23:59:59+08:00,earliest_safe_bound:first_seen_or_qdii_tplus2,False,False,True
513110,2026-07-20,2.2262,2.2262,0.05,场内买入,场内卖出,akshare:eastmoney:fund_etf_fund_info_em,10,2026-09-08T01:26:13+00:00,,2026-07-22T23:59:59+08:00,earliest_safe_bound:first_seen_or_qdii_tplus2,False,False,True
513110,2026-07-21,2.2678,2.2678,1.87,场内买入,场内卖出,akshare:eastmoney:fund_etf_fund_info_em,10,2026-09-08T01:26:13+00:00,,2026-07-23T23:59:59+08:00,earliest_safe_bound:first_seen_or_qdii_tplus2,False,False,True
513110,2026-07-22,2.2562,2.2562,-0.51,场内买入,场内卖出,akshare:eastmoney:fund_etf_fund_info_em,10,2026-09-08T01:26:13+00:00,,2026-07-24T23:59:59+08:00,earliest_safe_bound:first_seen_or_qdii_tplus2,False,False,True
513110,2026-07-23,2.2131,2.2131,-1.91,场内买入,场内卖出,akshare:eastmoney:fund_etf_fund_info_em,10,2026-09-08T01:26:13+00:00,,2026-07-27T23:59:59+08:00,earliest_safe_bound:first_seen_or_qdii_tplus2,False,False,True
513110,2026-07-24,2.1889,2.1889,-1.09,场内买入,场内卖出,akshare:eastmoney:fund_etf_fund_info_em,10,2026-09-08T01:26:13+00:00,,2026-07-28T23:59:59+08:00,earliest_safe_bound:first_seen_or_qdii_tplus2,False,False,True
513110,2026-07-27,2.1809,2.1809,-0.37,场内买入,场内卖出,akshare:eastmoney:fund_etf_fund_info_em,10,2026-09-08T01:26:13+00:00,,2026-07-29T23:59:59+08:00,earliest_safe_bound:first_seen_or_qdii_tplus2,False,False,True
513110,2026-07-28,2.1601,2.1601,-0.95,场内买入,场内卖出,akshare:eastmoney:fund_etf_fund_info_em,10,2026-09-08T01:26:13+00:00,,2026-07-30T23:59:59+08:00,earliest_safe_bound:first_seen_or_qdii_tplus2,False,False,True
513110,2026-07-29,2.115,2.115,-2.09,场内买入,场内卖出,akshare:eastmoney:fund_etf_fund_info_em,10,2026-09-08T01:26:13+00:00,,2026-07-31T23:59:59+08:00,earliest_safe_bound:first_seen_or_qdii_tplus2,False,False,True
513110,2026-07-30,2.1853,2.1853,3.32,场内买入,场内卖出,akshare:eastmoney:fund_etf_fund_info_em,10,2026-09-08T01:26:13+00:00,,2026-08-03T23:59:59+08:00,earliest_safe_bound:first_seen_or_qdii_tplus2,False,False,True
513110,2026-07-31,2.1984,2.1984,0.6,场内买入,场内卖出,akshare:eastmoney:fund_etf_fund_info_em,10,2026-09-08T01:26:13+00:00,,2026-08-04T23:59:59+08:00,earliest_safe_bound:first_seen_or_qdii_tplus2,False,False,True
513110,2026-08-03,2.2372,2.2372,1.76,场内买入,场内卖出,akshare:eastmoney:fund_etf_fund_info_em,10,2026-09-08T01:26:13+00:00,,2026-08-05T23:59:59+08:00,earliest_safe_bound:first_seen_or_qdii_tplus2,False,False,True
513110,2026-08-04,2.3117,2.3117,3.33,场内买入,场内卖出,akshare:eastmoney:fund_etf_fund_info_em,10,2026-09-08T01:26:13+00:00,,2026-08-06T23:59:59+08:00,earliest_safe_bound:first_seen_or_qdii_tplus2,False,False,True
513110,2026-08-05,2.2918,2.2918,-0.86,场内买入,场内卖出,akshare:eastmoney:fund_etf_fund_info_em,10,2026-09-08T01:26:13+00:00,,2026-08-07T23:59:59+08:00,earliest_safe_bound:first_seen_or_qdii_tplus2,False,False,True
513110,2026-08-06,2.2831,2.2831,-0.38,场内买入,场内卖出,akshare:eastmoney:fund_etf_fund_info_em,10,2026-09-08T01:26:13+00:00,,2026-08-10T23:59:59+08:00,earliest_safe_bound:first_seen_or_qdii_tplus2,False,False,True
513110,2026-08-07,2.3103,2.3103,1.19,场内买入,场内卖出,akshare:eastmoney:fund_etf_fund_info_em,10,2026-09-08T01:26:13+00:00,,2026-08-11T23:59:59+08:00,earliest_safe_bound:first_seen_or_qdii_tplus2,False,False,True
513110,2026-08-10,2.3018,2.3018,-0.37,场内买入,场内卖出,akshare:eastmoney:fund_etf_fund_info_em,10,2026-09-08T01:26:13+00:00,,2026-08-12T23:59:59+08:00,earliest_safe_bound:first_seen_or_qdii_tplus2,False,False,True
513110,2026-08-11,2.2948,2.2948,-0.3,场内买入,场内卖出,akshare:eastmoney:fund_etf_fund_info_em,10,2026-09-08T01:26:13+00:00,,2026-08-13T23:59:59+08:00,earliest_safe_bound:first_seen_or_qdii_tplus2,False,False,True
513110,2026-08-12,2.311,2.311,0.71,场内买入,场内卖出,akshare:eastmoney:fund_etf_fund_info_em,10,2026-09-08T01:26:13+00:00,,2026-08-14T23:59:59+08:00,earliest_safe_bound:first_seen_or_qdii_tplus2,False,False,True
513110,2026-08-13,2.3375,2.3375,1.15,场内买入,场内卖出,akshare:eastmoney:fund_etf_fund_info_em,10,2026-09-08T01:26:13+00:00,,2026-08-17T23:59:59+08:00,earliest_safe_bound:first_seen_or_qdii_tplus2,False,False,True
513110,2026-08-14,2.3342,2.3342,-0.14,场内买入,场内卖出,akshare:eastmoney:fund_etf_fund_info_em,10,2026-09-08T01:26:13+00:00,,2026-08-18T23:59:59+08:00,earliest_safe_bound:first_seen_or_qdii_tplus2,False,False,True
513110,2026-08-17,2.33,2.33,-0.18,场内买入,场内卖出,akshare:eastmoney:fund_etf_fund_info_em,10,2026-09-08T01:26:13+00:00,,2026-08-19T23:59:59+08:00,earliest_safe_bound:first_seen_or_qdii_tplus2,False,False,True
513110,2026-08-18,2.292,2.292,-1.63,场内买入,场内卖出,akshare:eastmoney:fund_etf_fund_info_em,10,2026-09-08T01:26:13+00:00,,2026-08-20T23:59:59+08:00,earliest_safe_bound:first_seen_or_qdii_tplus2,False,False,True
513110,2026-08-19,2.2853,2.2853,-0.29,场内买入,场内卖出,akshare:eastmoney:fund_etf_fund_info_em,10,2026-09-08T01:26:13+00:00,,2026-08-21T23:59:59+08:00,earliest_safe_bound:first_seen_or_qdii_tplus2,False,False,True
513110,2026-08-20,2.2675,2.2675,-0.78,场内买入,场内卖出,akshare:eastmoney:fund_etf_fund_info_em,10,2026-09-08T01:26:13+00:00,,2026-08-24T23:59:59+08:00,earliest_safe_bound:first_seen_or_qdii_tplus2,False,False,True
513110,2026-08-21,2.2753,2.2753,0.34,场内买入,场内卖出,akshare:eastmoney:fund_etf_fund_info_em,10,2026-09-08T01:43:20+00:00,,2026-08-25T23:59:59+08:00,earliest_safe_bound:first_seen_or_qdii_tplus2,False,False,True
513110,2026-08-24,2.2539,2.2539,-0.94,场内买入,场内卖出,akshare:eastmoney:fund_etf_fund_info_em,10,2026-09-08T01:43:20+00:00,,2026-08-26T23:59:59+08:00,earliest_safe_bound:first_seen_or_qdii_tplus2,False,False,True
513110,2026-08-25,2.2685,2.2685,0.65,场内买入,场内卖出,akshare:eastmoney:fund_etf_fund_info_em,10,2026-09-08T01:43:20+00:00,,2026-08-27T23:59:59+08:00,earliest_safe_bound:first_seen_or_qdii_tplus2,False,False,True
513110,2026-08-26,2.2688,2.2688,0.01,场内买入,场内卖出,akshare:eastmoney:fund_etf_fund_info_em,10,2026-09-08T01:43:20+00:00,,2026-08-28T23:59:59+08:00,earliest_safe_bound:first_seen_or_qdii_tplus2,False,False,True
513110,2026-08-27,2.3013,2.3013,1.43,场内买入,场内卖出,akshare:eastmoney:fund_etf_fund_info_em,10,2026-09-08T01:43:20+00:00,,2026-08-31T23:59:59+08:00,earliest_safe_bound:first_seen_or_qdii_tplus2,False,False,True
513110,2026-08-28,2.2843,2.2843,-0.74,场内买入,场内卖出,akshare:eastmoney:fund_etf_fund_info_em,10,2026-09-08T01:43:20+00:00,,2026-09-01T23:59:59+08:00,earliest_safe_bound:first_seen_or_qdii_tplus2,False,False,True
513110,2026-08-31,2.2865,2.2865,0.1,场内买入,场内卖出,akshare:eastmoney:fund_etf_fund_info_em,10,2026-09-08T01:43:20+00:00,,2026-09-02T23:59:59+08:00,earliest_safe_bound:first_seen_or_qdii_tplus2,False,False,True
513110,2026-09-01,2.2566,2.2566,-1.31,场内买入,场内卖出,akshare:eastmoney:fund_etf_fund_info_em,10,2026-09-08T01:43:20+00:00,,2026-09-03T23:59:59+08:00,earliest_safe_bound:first_seen_or_qdii_tplus2,False,False,True
513110,2026-09-02,2.2622,2.2622,0.25,场内买入,场内卖出,akshare:eastmoney:fund_etf_fund_info_em,10,2026-09-08T01:43:20+00:00,,2026-09-04T23:59:59+08:00,earliest_safe_bound:first_seen_or_qdii_tplus2,False,False,True
513110,2026-09-03,2.2877,2.2877,1.13,场内买入,场内卖出,akshare:eastmoney:fund_etf_fund_info_em,10,2026-09-08T01:43:20+00:00,,2026-09-07T23:59:59+08:00,earliest_safe_bound:first_seen_or_qdii_tplus2,False,False,True
513110,2026-09-04,2.2921,2.2921,0.19,场内买入,场内卖出,akshare:eastmoney:fund_etf_fund_info_em,10,2026-09-08T02:21:18+00:00,,2026-09-08T10:21:18+08:00,first_seen_ingestion_bound,False,False,True
513300,2025-06-16,1.9689,1.9689,1.39,场内买入,场内卖出,akshare:eastmoney:fund_etf_fund_info_em,10,2026-09-08T01:26:38+00:00,,2025-06-18T23:59:59+08:00,earliest_safe_bound:first_seen_or_qdii_tplus2,False,False,True
513300,2025-06-17,1.9499,1.9499,-0.97,场内买入,场内卖出,akshare:eastmoney:fund_etf_fund_info_em,10,2026-09-08T01:26:38+00:00,,2025-06-19T23:59:59+08:00,earliest_safe_bound:first_seen_or_qdii_tplus2,False,False,True
513300,2025-06-18,1.9509,1.9509,0.05,场内买入,场内卖出,akshare:eastmoney:fund_etf_fund_info_em,10,2026-09-08T01:26:38+00:00,,2025-06-20T23:59:59+08:00,earliest_safe_bound:first_seen_or_qdii_tplus2,False,False,True
513300,2025-06-19,1.9523,1.9523,0.07,暂停申购,暂停赎回,akshare:eastmoney:fund_etf_fund_info_em,10,2026-09-08T01:26:38+00:00,,2025-06-23T23:59:59+08:00,earliest_safe_bound:first_seen_or_qdii_tplus2,False,False,True
513300,2025-06-20,1.9422,1.9422,-0.52,场内买入,场内卖出,akshare:eastmoney:fund_etf_fund_info_em,10,2026-09-08T01:26:38+00:00,,2025-06-24T23:59:59+08:00,earliest_safe_bound:first_seen_or_qdii_tplus2,False,False,True
513300,2025-06-23,1.963,1.963,1.07,场内买入,场内卖出,akshare:eastmoney:fund_etf_fund_info_em,10,2026-09-08T01:26:38+00:00,,2025-06-25T23:59:59+08:00,earliest_safe_bound:first_seen_or_qdii_tplus2,False,False,True
513300,2025-06-24,1.9908,1.9908,1.42,场内买入,场内卖出,akshare:eastmoney:fund_etf_fund_info_em,10,2026-09-08T01:26:38+00:00,,2025-06-26T23:59:59+08:00,earliest_safe_bound:first_seen_or_qdii_tplus2,False,False,True
513300,2025-06-25,1.9933,1.9933,0.13,场内买入,场内卖出,akshare:eastmoney:fund_etf_fund_info_em,10,2026-09-08T01:26:38+00:00,,2025-06-27T23:59:59+08:00,earliest_safe_bound:first_seen_or_qdii_tplus2,False,False,True
513300,2025-06-26,2.0109,2.0109,0.88,场内买入,场内卖出,akshare:eastmoney:fund_etf_fund_info_em,10,2026-09-08T01:26:38+00:00,,2025-06-30T23:59:59+08:00,earliest_safe_bound:first_seen_or_qdii_tplus2,False,False,True
513300,2025-06-27,2.0191,2.0191,0.41,场内买入,场内卖出,akshare:eastmoney:fund_etf_fund_info_em,10,2026-09-08T01:26:38+00:00,,2025-07-01T23:59:59+08:00,earliest_safe_bound:first_seen_or_qdii_tplus2,False,False,True
513300,2025-06-30,2.0309,2.0309,0.58,场内买入,场内卖出,akshare:eastmoney:fund_etf_fund_info_em,10,2026-09-08T01:26:38+00:00,,2025-07-02T23:59:59+08:00,earliest_safe_bound:first_seen_or_qdii_tplus2,False,False,True
513300,2025-07-01,2.0122,2.0122,-0.92,场内买入,场内卖出,akshare:eastmoney:fund_etf_fund_info_em,10,2026-09-08T01:26:38+00:00,,2025-07-03T23:59:59+08:00,earliest_safe_bound:first_seen_or_qdii_tplus2,False,False,True
513300,2025-07-02,2.0282,2.0282,0.8,场内买入,场内卖出,akshare:eastmoney:fund_etf_fund_info_em,10,2026-09-08T01:26:38+00:00,,2025-07-04T23:59:59+08:00,earliest_safe_bound:first_seen_or_qdii_tplus2,False,False,True
513300,2025-07-03,2.0468,2.0468,0.92,场内买入,场内卖出,akshare:eastmoney:fund_etf_fund_info_em,10,2026-09-08T01:26:38+00:00,,2025-07-07T23:59:59+08:00,earliest_safe_bound:first_seen_or_qdii_tplus2,False,False,True
513300,2025-07-04,2.0476,2.0476,0.04,暂停申购,暂停赎回,akshare:eastmoney:fund_etf_fund_info_em,10,2026-09-08T01:26:38+00:00,,2025-07-08T23:59:59+08:00,earliest_safe_bound:first_seen_or_qdii_tplus2,False,False,True
513300,2025-07-07,2.0336,2.0336,-0.68,场内买入,场内卖出,akshare:eastmoney:fund_etf_fund_info_em,10,2026-09-08T01:26:38+00:00,,2025-07-09T23:59:59+08:00,earliest_safe_bound:first_seen_or_qdii_tplus2,False,False,True
513300,2025-07-08,2.0347,2.0347,0.05,场内买入,场内卖出,akshare:eastmoney:fund_etf_fund_info_em,10,2026-09-08T01:26:38+00:00,,2025-07-10T23:59:59+08:00,earliest_safe_bound:first_seen_or_qdii_tplus2,False,False,True
513300,2025-07-09,2.0524,2.0524,0.87,场内买入,场内卖出,akshare:eastmoney:fund_etf_fund_info_em,10,2026-09-08T01:26:38+00:00,,2025-07-11T23:59:59+08:00,earliest_safe_bound:first_seen_or_qdii_tplus2,False,False,True
513300,2025-07-10,2.0478,2.0478,-0.22,场内买入,场内卖出,akshare:eastmoney:fund_etf_fund_info_em,10,2026-09-08T01:26:38+00:00,,2025-07-14T23:59:59+08:00,earliest_safe_bound:first_seen_or_qdii_tplus2,False,False,True
513300,2025-07-11,2.0412,2.0412,-0.32,场内买入,场内卖出,akshare:eastmoney:fund_etf_fund_info_em,10,2026-09-08T01:26:38+00:00,,2025-07-15T23:59:59+08:00,earliest_safe_bound:first_seen_or_qdii_tplus2,False,False,True
513300,2025-07-14,2.0474,2.0474,0.3,场内买入,场内卖出,akshare:eastmoney:fund_etf_fund_info_em,10,2026-09-08T01:26:38+00:00,,2025-07-16T23:59:59+08:00,earliest_safe_bound:first_seen_or_qdii_tplus2,False,False,True
513300,2025-07-15,2.0514,2.0514,0.2,场内买入,场内卖出,akshare:eastmoney:fund_etf_fund_info_em,10,2026-09-08T01:26:38+00:00,,2025-07-17T23:59:59+08:00,earliest_safe_bound:first_seen_or_qdii_tplus2,False,False,True
513300,2025-07-16,2.0547,2.0547,0.16,场内买入,场内卖出,akshare:eastmoney:fund_etf_fund_info_em,10,2026-09-08T01:26:38+00:00,,2025-07-18T23:59:59+08:00,earliest_safe_bound:first_seen_or_qdii_tplus2,False,False,True
513300,2025-07-17,2.0705,2.0705,0.77,场内买入,场内卖出,akshare:eastmoney:fund_etf_fund_info_em,10,2026-09-08T01:26:38+00:00,,2025-07-21T23:59:59+08:00,earliest_safe_bound:first_seen_or_qdii_tplus2,False,False,True
513300,2025-07-18,2.069,2.069,-0.07,场内买入,场内卖出,akshare:eastmoney:fund_etf_fund_info_em,10,2026-09-08T01:26:38+00:00,,2025-07-22T23:59:59+08:00,earliest_safe_bound:first_seen_or_qdii_tplus2,False,False,True
513300,2025-07-21,2.0781,2.0781,0.44,场内买入,场内卖出,akshare:eastmoney:fund_etf_fund_info_em,10,2026-09-08T01:26:38+00:00,,2025-07-23T23:59:59+08:00,earliest_safe_bound:first_seen_or_qdii_tplus2,False,False,True
513300,2025-07-22,2.068,2.068,-0.49,场内买入,场内卖出,akshare:eastmoney:fund_etf_fund_info_em,10,2026-09-08T01:26:38+00:00,,2025-07-24T23:59:59+08:00,earliest_safe_bound:first_seen_or_qdii_tplus2,False,False,True
513300,2025-07-23,2.0729,2.0729,0.24,场内买入,场内卖出,akshare:eastmoney:fund_etf_fund_info_em,10,2026-09-08T01:26:38+00:00,,2025-07-25T23:59:59+08:00,earliest_safe_bound:first_seen_or_qdii_tplus2,False,False,True
513300,2025-07-24,2.0751,2.0751,0.11,场内买入,场内卖出,akshare:eastmoney:fund_etf_fund_info_em,10,2026-09-08T01:26:38+00:00,,2025-07-28T23:59:59+08:00,earliest_safe_bound:first_seen_or_qdii_tplus2,False,False,True
513300,2025-07-25,2.0836,2.0836,0.41,场内买入,场内卖出,akshare:eastmoney:fund_etf_fund_info_em,10,2026-09-08T01:26:38+00:00,,2025-07-29T23:59:59+08:00,earliest_safe_bound:first_seen_or_qdii_tplus2,False,False,True
513300,2025-07-28,2.0933,2.0933,0.47,场内买入,场内卖出,akshare:eastmoney:fund_etf_fund_info_em,10,2026-09-08T01:26:38+00:00,,2025-07-30T23:59:59+08:00,earliest_safe_bound:first_seen_or_qdii_tplus2,False,False,True
513300,2025-07-29,2.0897,2.0897,-0.17,场内买入,场内卖出,akshare:eastmoney:fund_etf_fund_info_em,10,2026-09-08T01:26:38+00:00,,2025-07-31T23:59:59+08:00,earliest_safe_bound:first_seen_or_qdii_tplus2,False,False,True
513300,2025-07-30,2.0938,2.0938,0.2,场内买入,场内卖出,akshare:eastmoney:fund_etf_fund_info_em,10,2026-09-08T01:26:38+00:00,,2025-08-01T23:59:59+08:00,earliest_safe_bound:first_seen_or_qdii_tplus2,False,False,True
513300,2025-07-31,2.0862,2.0862,-0.36,场内买入,场内卖出,akshare:eastmoney:fund_etf_fund_info_em,10,2026-09-08T01:26:38+00:00,,2025-08-04T23:59:59+08:00,earliest_safe_bound:first_seen_or_qdii_tplus2,False,False,True
513300,2025-08-01,2.0504,2.0504,-1.72,场内买入,场内卖出,akshare:eastmoney:fund_etf_fund_info_em,10,2026-09-08T01:26:38+00:00,,2025-08-05T23:59:59+08:00,earliest_safe_bound:first_seen_or_qdii_tplus2,False,False,True
513300,2025-08-04,2.0789,2.0789,1.39,场内买入,场内卖出,akshare:eastmoney:fund_etf_fund_info_em,10,2026-09-08T01:26:38+00:00,,2025-08-06T23:59:59+08:00,earliest_safe_bound:first_seen_or_qdii_tplus2,False,False,True
513300,2025-08-05,2.0666,2.0666,-0.59,场内买入,场内卖出,akshare:eastmoney:fund_etf_fund_info_em,10,2026-09-08T01:26:38+00:00,,2025-08-07T23:59:59+08:00,earliest_safe_bound:first_seen_or_qdii_tplus2,False,False,True
513300,2025-08-06,2.0937,2.0937,1.31,场内买入,场内卖出,akshare:eastmoney:fund_etf_fund_info_em,10,2026-09-08T01:26:38+00:00,,2025-08-08T23:59:59+08:00,earliest_safe_bound:first_seen_or_qdii_tplus2,False,False,True
513300,2025-08-07,2.0968,2.0968,0.15,场内买入,场内卖出,akshare:eastmoney:fund_etf_fund_info_em,10,2026-09-08T01:26:38+00:00,,2025-08-11T23:59:59+08:00,earliest_safe_bound:first_seen_or_qdii_tplus2,False,False,True
513300,2025-08-08,2.1182,2.1182,1.02,场内买入,场内卖出,akshare:eastmoney:fund_etf_fund_info_em,10,2026-09-08T01:26:38+00:00,,2025-08-12T23:59:59+08:00,earliest_safe_bound:first_seen_or_qdii_tplus2,False,False,True
513300,2025-08-11,2.1106,2.1106,-0.36,场内买入,场内卖出,akshare:eastmoney:fund_etf_fund_info_em,10,2026-09-08T01:26:38+00:00,,2025-08-13T23:59:59+08:00,earliest_safe_bound:first_seen_or_qdii_tplus2,False,False,True
513300,2025-08-12,2.1408,2.1408,1.43,场内买入,场内卖出,akshare:eastmoney:fund_etf_fund_info_em,10,2026-09-08T01:26:38+00:00,,2025-08-14T23:59:59+08:00,earliest_safe_bound:first_seen_or_qdii_tplus2,False,False,True
513300,2025-08-13,2.1378,2.1378,-0.14,场内买入,场内卖出,akshare:eastmoney:fund_etf_fund_info_em,10,2026-09-08T01:26:38+00:00,,2025-08-15T23:59:59+08:00,earliest_safe_bound:first_seen_or_qdii_tplus2,False,False,True
513300,2025-08-14,2.1356,2.1356,-0.1,场内买入,场内卖出,akshare:eastmoney:fund_etf_fund_info_em,10,2026-09-08T01:26:38+00:00,,2025-08-18T23:59:59+08:00,earliest_safe_bound:first_seen_or_qdii_tplus2,False,False,True
513300,2025-08-15,2.1274,2.1274,-0.38,场内买入,场内卖出,akshare:eastmoney:fund_etf_fund_info_em,10,2026-09-08T01:26:38+00:00,,2025-08-19T23:59:59+08:00,earliest_safe_bound:first_seen_or_qdii_tplus2,False,False,True
513300,2025-08-18,2.1268,2.1268,-0.03,场内买入,场内卖出,akshare:eastmoney:fund_etf_fund_info_em,10,2026-09-08T01:26:38+00:00,,2025-08-20T23:59:59+08:00,earliest_safe_bound:first_seen_or_qdii_tplus2,False,False,True
513300,2025-08-19,2.0979,2.0979,-1.36,场内买入,场内卖出,akshare:eastmoney:fund_etf_fund_info_em,10,2026-09-08T01:26:38+00:00,,2025-08-21T23:59:59+08:00,earliest_safe_bound:first_seen_or_qdii_tplus2,False,False,True
513300,2025-08-20,2.0844,2.0844,-0.64,场内买入,场内卖出,akshare:eastmoney:fund_etf_fund_info_em,10,2026-09-08T01:26:38+00:00,,2025-08-22T23:59:59+08:00,earliest_safe_bound:first_seen_or_qdii_tplus2,False,False,True
513300,2025-08-21,2.0749,2.0749,-0.46,场内买入,场内卖出,akshare:eastmoney:fund_etf_fund_info_em,10,2026-09-08T01:26:38+00:00,,2025-08-25T23:59:59+08:00,earliest_safe_bound:first_seen_or_qdii_tplus2,False,False,True
513300,2025-08-22,2.108,2.108,1.6,场内买入,场内卖出,akshare:eastmoney:fund_etf_fund_info_em,10,2026-09-08T01:26:38+00:00,,2025-08-26T23:59:59+08:00,earliest_safe_bound:first_seen_or_qdii_tplus2,False,False,True
513300,2025-08-25,2.0924,2.0924,-0.74,场内买入,场内卖出,akshare:eastmoney:fund_etf_fund_info_em,10,2026-09-08T01:26:38+00:00,,2025-08-27T23:59:59+08:00,earliest_safe_bound:first_seen_or_qdii_tplus2,False,False,True
513300,2025-08-26,2.1046,2.1046,0.58,场内买入,场内卖出,akshare:eastmoney:fund_etf_fund_info_em,10,2026-09-08T01:26:38+00:00,,2025-08-28T23:59:59+08:00,earliest_safe_bound:first_seen_or_qdii_tplus2,False,False,True
513300,2025-08-27,2.1075,2.1075,0.14,场内买入,场内卖出,akshare:eastmoney:fund_etf_fund_info_em,10,2026-09-08T01:26:38+00:00,,2025-08-29T23:59:59+08:00,earliest_safe_bound:first_seen_or_qdii_tplus2,False,False,True
513300,2025-08-28,2.1135,2.1135,0.28,场内买入,场内卖出,akshare:eastmoney:fund_etf_fund_info_em,10,2026-09-08T01:26:38+00:00,,2025-09-01T23:59:59+08:00,earliest_safe_bound:first_seen_or_qdii_tplus2,False,False,True
513300,2025-08-29,2.0854,2.0854,-1.33,场内买入,场内卖出,akshare:eastmoney:fund_etf_fund_info_em,10,2026-09-08T01:26:38+00:00,,2025-09-02T23:59:59+08:00,earliest_safe_bound:first_seen_or_qdii_tplus2,False,False,True
513300,2025-09-01,2.086,2.086,0.03,暂停申购,暂停赎回,akshare:eastmoney:fund_etf_fund_info_em,10,2026-09-08T01:26:38+00:00,,2025-09-03T23:59:59+08:00,earliest_safe_bound:first_seen_or_qdii_tplus2,False,False,True
513300,2025-09-02,2.0743,2.0743,-0.56,场内买入,场内卖出,akshare:eastmoney:fund_etf_fund_info_em,10,2026-09-08T01:26:38+00:00,,2025-09-04T23:59:59+08:00,earliest_safe_bound:first_seen_or_qdii_tplus2,False,False,True
513300,2025-09-03,2.09,2.09,0.76,场内买入,场内卖出,akshare:eastmoney:fund_etf_fund_info_em,10,2026-09-08T01:26:38+00:00,,2025-09-05T23:59:59+08:00,earliest_safe_bound:first_seen_or_qdii_tplus2,False,False,True
513300,2025-09-04,2.1076,2.1076,0.84,场内买入,场内卖出,akshare:eastmoney:fund_etf_fund_info_em,10,2026-09-08T01:26:38+00:00,,2025-09-08T23:59:59+08:00,earliest_safe_bound:first_seen_or_qdii_tplus2,False,False,True
513300,2025-09-05,2.1087,2.1087,0.05,场内买入,场内卖出,akshare:eastmoney:fund_etf_fund_info_em,10,2026-09-08T01:26:38+00:00,,2025-09-09T23:59:59+08:00,earliest_safe_bound:first_seen_or_qdii_tplus2,False,False,True
513300,2025-09-08,2.117,2.117,0.39,场内买入,场内卖出,akshare:eastmoney:fund_etf_fund_info_em,10,2026-09-08T01:26:38+00:00,,2025-09-10T23:59:59+08:00,earliest_safe_bound:first_seen_or_qdii_tplus2,False,False,True
513300,2025-09-09,2.1218,2.1218,0.23,场内买入,场内卖出,akshare:eastmoney:fund_etf_fund_info_em,10,2026-09-08T01:26:38+00:00,,2025-09-11T23:59:59+08:00,earliest_safe_bound:first_seen_or_qdii_tplus2,False,False,True
513300,2025-09-10,2.1215,2.1215,-0.01,场内买入,场内卖出,akshare:eastmoney:fund_etf_fund_info_em,10,2026-09-08T01:26:38+00:00,,2025-09-12T23:59:59+08:00,earliest_safe_bound:first_seen_or_qdii_tplus2,False,False,True
513300,2025-09-11,2.1346,2.1346,0.62,场内买入,场内卖出,akshare:eastmoney:fund_etf_fund_info_em,10,2026-09-08T01:26:38+00:00,,2025-09-15T23:59:59+08:00,earliest_safe_bound:first_seen_or_qdii_tplus2,False,False,True
513300,2025-09-12,2.1428,2.1428,0.38,场内买入,场内卖出,akshare:eastmoney:fund_etf_fund_info_em,10,2026-09-08T01:26:38+00:00,,2025-09-16T23:59:59+08:00,earliest_safe_bound:first_seen_or_qdii_tplus2,False,False,True
513300,2025-09-15,2.1615,2.1615,0.87,场内买入,场内卖出,akshare:eastmoney:fund_etf_fund_info_em,10,2026-09-08T01:26:38+00:00,,2025-09-17T23:59:59+08:00,earliest_safe_bound:first_seen_or_qdii_tplus2,False,False,True
513300,2025-09-16,2.1572,2.1572,-0.2,场内买入,场内卖出,akshare:eastmoney:fund_etf_fund_info_em,10,2026-09-08T01:26:38+00:00,,2025-09-18T23:59:59+08:00,earliest_safe_bound:first_seen_or_qdii_tplus2,False,False,True
513300,2025-09-17,2.1508,2.1508,-0.3,场内买入,场内卖出,akshare:eastmoney:fund_etf_fund_info_em,10,2026-09-08T01:26:38+00:00,,2025-09-19T23:59:59+08:00,earliest_safe_bound:first_seen_or_qdii_tplus2,False,False,True
513300,2025-09-18,2.1709,2.1709,0.93,场内买入,场内卖出,akshare:eastmoney:fund_etf_fund_info_em,10,2026-09-08T01:26:38+00:00,,2025-09-22T23:59:59+08:00,earliest_safe_bound:first_seen_or_qdii_tplus2,False,False,True
513300,2025-09-19,2.1875,2.1875,0.76,场内买入,场内卖出,akshare:eastmoney:fund_etf_fund_info_em,10,2026-09-08T01:26:38+00:00,,2025-09-23T23:59:59+08:00,earliest_safe_bound:first_seen_or_qdii_tplus2,False,False,True
513300,2025-09-22,2.2009,2.2009,0.61,场内买入,场内卖出,akshare:eastmoney:fund_etf_fund_info_em,10,2026-09-08T01:26:38+00:00,,2025-09-24T23:59:59+08:00,earliest_safe_bound:first_seen_or_qdii_tplus2,False,False,True
513300,2025-09-23,2.1843,2.1843,-0.75,场内买入,场内卖出,akshare:eastmoney:fund_etf_fund_info_em,10,2026-09-08T01:26:38+00:00,,2025-09-25T23:59:59+08:00,earliest_safe_bound:first_seen_or_qdii_tplus2,False,False,True
513300,2025-09-24,2.1787,2.1787,-0.26,场内买入,场内卖出,akshare:eastmoney:fund_etf_fund_info_em,10,2026-09-08T01:26:38+00:00,,2025-09-26T23:59:59+08:00,earliest_safe_bound:first_seen_or_qdii_tplus2,False,False,True
513300,2025-09-25,2.1716,2.1716,-0.33,场内买入,场内卖出,akshare:eastmoney:fund_etf_fund_info_em,10,2026-09-08T01:26:38+00:00,,2025-09-29T23:59:59+08:00,earliest_safe_bound:first_seen_or_qdii_tplus2,False,False,True
513300,2025-09-26,2.1834,2.1834,0.54,场内买入,场内卖出,akshare:eastmoney:fund_etf_fund_info_em,10,2026-09-08T01:26:38+00:00,,2025-09-30T23:59:59+08:00,earliest_safe_bound:first_seen_or_qdii_tplus2,False,False,True
513300,2025-09-29,2.1877,2.1877,0.2,场内买入,场内卖出,akshare:eastmoney:fund_etf_fund_info_em,10,2026-09-08T01:26:38+00:00,,2025-10-09T23:59:59+08:00,earliest_safe_bound:first_seen_or_qdii_tplus2,False,False,True
513300,2025-09-30,2.195,2.195,0.33,场内买入,场内卖出,akshare:eastmoney:fund_etf_fund_info_em,10,2026-09-08T01:26:38+00:00,,2025-10-10T23:59:59+08:00,earliest_safe_bound:first_seen_or_qdii_tplus2,False,False,True
513300,2025-10-09,2.2338,2.2338,1.77,场内买入,场内卖出,akshare:eastmoney:fund_etf_fund_info_em,10,2026-09-08T01:26:38+00:00,,2025-10-13T23:59:59+08:00,earliest_safe_bound:first_seen_or_qdii_tplus2,False,False,True
513300,2025-10-10,2.1551,2.1551,-3.52,场内买入,场内卖出,akshare:eastmoney:fund_etf_fund_info_em,10,2026-09-08T01:26:38+00:00,,2025-10-14T23:59:59+08:00,earliest_safe_bound:first_seen_or_qdii_tplus2,False,False,True
513300,2025-10-13,2.2039,2.2039,2.26,场内买入,场内卖出,akshare:eastmoney:fund_etf_fund_info_em,10,2026-09-08T01:26:38+00:00,,2025-10-15T23:59:59+08:00,earliest_safe_bound:first_seen_or_qdii_tplus2,False,False,True
513300,2025-10-14,2.1918,2.1918,-0.55,场内买入,场内卖出,akshare:eastmoney:fund_etf_fund_info_em,10,2026-09-08T01:26:38+00:00,,2025-10-16T23:59:59+08:00,earliest_safe_bound:first_seen_or_qdii_tplus2,False,False,True
513300,2025-10-15,2.2015,2.2015,0.44,场内买入,场内卖出,akshare:eastmoney:fund_etf_fund_info_em,10,2026-09-08T01:26:38+00:00,,2025-10-17T23:59:59+08:00,earliest_safe_bound:first_seen_or_qdii_tplus2,False,False,True
513300,2025-10-16,2.1936,2.1936,-0.36,场内买入,场内卖出,akshare:eastmoney:fund_etf_fund_info_em,10,2026-09-08T01:26:38+00:00,,2025-10-20T23:59:59+08:00,earliest_safe_bound:first_seen_or_qdii_tplus2,False,False,True
513300,2025-10-17,2.2082,2.2082,0.67,场内买入,场内卖出,akshare:eastmoney:fund_etf_fund_info_em,10,2026-09-08T01:26:38+00:00,,2025-10-21T23:59:59+08:00,earliest_safe_bound:first_seen_or_qdii_tplus2,False,False,True
513300,2025-10-20,2.2357,2.2357,1.25,场内买入,场内卖出,akshare:eastmoney:fund_etf_fund_info_em,10,2026-09-08T01:26:38+00:00,,2025-10-22T23:59:59+08:00,earliest_safe_bound:first_seen_or_qdii_tplus2,False,False,True
513300,2025-10-21,2.2328,2.2328,-0.13,场内买入,场内卖出,akshare:eastmoney:fund_etf_fund_info_em,10,2026-09-08T01:26:38+00:00,,2025-10-23T23:59:59+08:00,earliest_safe_bound:first_seen_or_qdii_tplus2,False,False,True
513300,2025-10-22,2.2126,2.2126,-0.9,场内买入,场内卖出,akshare:eastmoney:fund_etf_fund_info_em,10,2026-09-08T01:26:38+00:00,,2025-10-24T23:59:59+08:00,earliest_safe_bound:first_seen_or_qdii_tplus2,False,False,True
513300,2025-10-23,2.2317,2.2317,0.86,场内买入,场内卖出,akshare:eastmoney:fund_etf_fund_info_em,10,2026-09-08T01:26:38+00:00,,2025-10-27T23:59:59+08:00,earliest_safe_bound:first_seen_or_qdii_tplus2,False,False,True
513300,2025-10-24,2.2547,2.2547,1.03,场内买入,场内卖出,akshare:eastmoney:fund_etf_fund_info_em,10,2026-09-08T01:26:38+00:00,,2025-10-28T23:59:59+08:00,earliest_safe_bound:first_seen_or_qdii_tplus2,False,False,True
513300,2025-10-27,2.2923,2.2923,1.67,场内买入,场内卖出,akshare:eastmoney:fund_etf_fund_info_em,10,2026-09-08T01:26:38+00:00,,2025-10-29T23:59:59+08:00,earliest_safe_bound:first_seen_or_qdii_tplus2,False,False,True
513300,2025-10-28,2.3054,2.3054,0.57,场内买入,场内卖出,akshare:eastmoney:fund_etf_fund_info_em,10,2026-09-08T01:26:38+00:00,,2025-10-30T23:59:59+08:00,earliest_safe_bound:first_seen_or_qdii_tplus2,False,False,True
513300,2025-10-29,2.3143,2.3143,0.39,场内买入,场内卖出,akshare:eastmoney:fund_etf_fund_info_em,10,2026-09-08T01:26:38+00:00,,2025-10-31T23:59:59+08:00,earliest_safe_bound:first_seen_or_qdii_tplus2,False,False,True
513300,2025-10-30,2.2832,2.2832,-1.34,场内买入,场内卖出,akshare:eastmoney:fund_etf_fund_info_em,10,2026-09-08T01:26:38+00:00,,2025-11-03T23:59:59+08:00,earliest_safe_bound:first_seen_or_qdii_tplus2,False,False,True
513300,2025-10-31,2.2962,2.2962,0.57,场内买入,场内卖出,akshare:eastmoney:fund_etf_fund_info_em,10,2026-09-08T01:26:38+00:00,,2025-11-04T23:59:59+08:00,earliest_safe_bound:first_seen_or_qdii_tplus2,False,False,True
513300,2025-11-03,2.3073,2.3073,0.48,场内买入,场内卖出,akshare:eastmoney:fund_etf_fund_info_em,10,2026-09-08T01:26:38+00:00,,2025-11-05T23:59:59+08:00,earliest_safe_bound:first_seen_or_qdii_tplus2,False,False,True
513300,2025-11-04,2.2622,2.2622,-1.95,场内买入,场内卖出,akshare:eastmoney:fund_etf_fund_info_em,10,2026-09-08T01:26:38+00:00,,2025-11-06T23:59:59+08:00,earliest_safe_bound:first_seen_or_qdii_tplus2,False,False,True
513300,2025-11-05,2.2792,2.2792,0.75,场内买入,场内卖出,akshare:eastmoney:fund_etf_fund_info_em,10,2026-09-08T01:26:38+00:00,,2025-11-07T23:59:59+08:00,earliest_safe_bound:first_seen_or_qdii_tplus2,False,False,True
513300,2025-11-06,2.2341,2.2341,-1.98,场内买入,场内卖出,akshare:eastmoney:fund_etf_fund_info_em,10,2026-09-08T01:26:38+00:00,,2025-11-10T23:59:59+08:00,earliest_safe_bound:first_seen_or_qdii_tplus2,False,False,True
513300,2025-11-07,2.2278,2.2278,-0.28,场内买入,场内卖出,akshare:eastmoney:fund_etf_fund_info_em,10,2026-09-08T01:26:38+00:00,,2025-11-11T23:59:59+08:00,earliest_safe_bound:first_seen_or_qdii_tplus2,False,False,True
513300,2025-11-10,2.2756,2.2756,2.15,场内买入,场内卖出,akshare:eastmoney:fund_etf_fund_info_em,10,2026-09-08T01:26:38+00:00,,2025-11-12T23:59:59+08:00,earliest_safe_bound:first_seen_or_qdii_tplus2,False,False,True
513300,2025-11-11,2.2694,2.2694,-0.27,场内买入,场内卖出,akshare:eastmoney:fund_etf_fund_info_em,10,2026-09-08T01:26:38+00:00,,2025-11-13T23:59:59+08:00,earliest_safe_bound:first_seen_or_qdii_tplus2,False,False,True
513300,2025-11-12,2.2669,2.2669,-0.11,场内买入,场内卖出,akshare:eastmoney:fund_etf_fund_info_em,10,2026-09-08T01:26:38+00:00,,2025-11-14T23:59:59+08:00,earliest_safe_bound:first_seen_or_qdii_tplus2,False,False,True
513300,2025-11-13,2.2135,2.2135,-2.36,场内买入,场内卖出,akshare:eastmoney:fund_etf_fund_info_em,10,2026-09-08T01:26:38+00:00,,2025-11-17T23:59:59+08:00,earliest_safe_bound:first_seen_or_qdii_tplus2,False,False,True
513300,2025-11-14,2.2158,2.2158,0.1,场内买入,场内卖出,akshare:eastmoney:fund_etf_fund_info_em,10,2026-09-08T01:26:38+00:00,,2025-11-18T23:59:59+08:00,earliest_safe_bound:first_seen_or_qdii_tplus2,False,False,True
513300,2025-11-17,2.199,2.199,-0.76,场内买入,场内卖出,akshare:eastmoney:fund_etf_fund_info_em,10,2026-09-08T01:26:38+00:00,,2025-11-19T23:59:59+08:00,earliest_safe_bound:first_seen_or_qdii_tplus2,False,False,True
513300,2025-11-18,2.1753,2.1753,-1.08,场内买入,场内卖出,akshare:eastmoney:fund_etf_fund_info_em,10,2026-09-08T01:26:38+00:00,,2025-11-20T23:59:59+08:00,earliest_safe_bound:first_seen_or_qdii_tplus2,False,False,True
513300,2025-11-19,2.1864,2.1864,0.51,场内买入,场内卖出,akshare:eastmoney:fund_etf_fund_info_em,10,2026-09-08T01:26:38+00:00,,2025-11-21T23:59:59+08:00,earliest_safe_bound:first_seen_or_qdii_tplus2,False,False,True
513300,2025-11-20,2.1367,2.1367,-2.27,场内买入,场内卖出,akshare:eastmoney:fund_etf_fund_info_em,10,2026-09-08T01:26:38+00:00,,2025-11-24T23:59:59+08:00,earliest_safe_bound:first_seen_or_qdii_tplus2,False,False,True
513300,2025-11-21,2.1522,2.1522,0.73,场内买入,场内卖出,akshare:eastmoney:fund_etf_fund_info_em,10,2026-09-08T01:26:38+00:00,,2025-11-25T23:59:59+08:00,earliest_safe_bound:first_seen_or_qdii_tplus2,False,False,True
513300,2025-11-24,2.2066,2.2066,2.53,场内买入,场内卖出,akshare:eastmoney:fund_etf_fund_info_em,10,2026-09-08T01:26:38+00:00,,2025-11-26T23:59:59+08:00,earliest_safe_bound:first_seen_or_qdii_tplus2,False,False,True
513300,2025-11-25,2.2157,2.2157,0.41,场内买入,场内卖出,akshare:eastmoney:fund_etf_fund_info_em,10,2026-09-08T01:26:38+00:00,,2025-11-27T23:59:59+08:00,earliest_safe_bound:first_seen_or_qdii_tplus2,False,False,True
513300,2025-11-26,2.2304,2.2304,0.66,场内买入,场内卖出,akshare:eastmoney:fund_etf_fund_info_em,10,2026-09-08T01:26:38+00:00,,2025-11-28T23:59:59+08:00,earliest_safe_bound:first_seen_or_qdii_tplus2,False,False,True
513300,2025-11-27,2.2306,2.2306,0.01,暂停申购,暂停赎回,akshare:eastmoney:fund_etf_fund_info_em,10,2026-09-08T01:26:38+00:00,,2025-12-01T23:59:59+08:00,earliest_safe_bound:first_seen_or_qdii_tplus2,False,False,True
513300,2025-11-28,2.247,2.247,0.74,场内买入,场内卖出,akshare:eastmoney:fund_etf_fund_info_em,10,2026-09-08T01:26:38+00:00,,2025-12-02T23:59:59+08:00,earliest_safe_bound:first_seen_or_qdii_tplus2,False,False,True
513300,2025-12-01,2.2368,2.2368,-0.45,场内买入,场内卖出,akshare:eastmoney:fund_etf_fund_info_em,10,2026-09-08T01:26:38+00:00,,2025-12-03T23:59:59+08:00,earliest_safe_bound:first_seen_or_qdii_tplus2,False,False,True
513300,2025-12-02,2.2549,2.2549,0.81,场内买入,场内卖出,akshare:eastmoney:fund_etf_fund_info_em,10,2026-09-08T01:26:38+00:00,,2025-12-04T23:59:59+08:00,earliest_safe_bound:first_seen_or_qdii_tplus2,False,False,True
513300,2025-12-03,2.2577,2.2577,0.12,场内买入,场内卖出,akshare:eastmoney:fund_etf_fund_info_em,10,2026-09-08T01:26:38+00:00,,2025-12-05T23:59:59+08:00,earliest_safe_bound:first_seen_or_qdii_tplus2,False,False,True
513300,2025-12-04,2.2569,2.2569,-0.04,场内买入,场内卖出,akshare:eastmoney:fund_etf_fund_info_em,10,2026-09-08T01:26:38+00:00,,2025-12-08T23:59:59+08:00,earliest_safe_bound:first_seen_or_qdii_tplus2,False,False,True
513300,2025-12-05,2.267,2.267,0.45,场内买入,场内卖出,akshare:eastmoney:fund_etf_fund_info_em,10,2026-09-08T01:26:38+00:00,,2025-12-09T23:59:59+08:00,earliest_safe_bound:first_seen_or_qdii_tplus2,False,False,True
513300,2025-12-08,2.2616,2.2616,-0.24,场内买入,场内卖出,akshare:eastmoney:fund_etf_fund_info_em,10,2026-09-08T01:26:38+00:00,,2025-12-10T23:59:59+08:00,earliest_safe_bound:first_seen_or_qdii_tplus2,False,False,True
513300,2025-12-09,2.2654,2.2654,0.17,场内买入,场内卖出,akshare:eastmoney:fund_etf_fund_info_em,10,2026-09-08T01:26:38+00:00,,2025-12-11T23:59:59+08:00,earliest_safe_bound:first_seen_or_qdii_tplus2,False,False,True
513300,2025-12-10,2.2722,2.2722,0.3,场内买入,场内卖出,akshare:eastmoney:fund_etf_fund_info_em,10,2026-09-08T01:26:38+00:00,,2025-12-12T23:59:59+08:00,earliest_safe_bound:first_seen_or_qdii_tplus2,False,False,True
513300,2025-12-11,2.2632,2.2632,-0.4,场内买入,场内卖出,akshare:eastmoney:fund_etf_fund_info_em,10,2026-09-08T01:26:38+00:00,,2025-12-15T23:59:59+08:00,earliest_safe_bound:first_seen_or_qdii_tplus2,False,False,True
513300,2025-12-12,2.2189,2.2189,-1.96,场内买入,场内卖出,akshare:eastmoney:fund_etf_fund_info_em,10,2026-09-08T01:26:38+00:00,,2025-12-16T23:59:59+08:00,earliest_safe_bound:first_seen_or_qdii_tplus2,False,False,True
513300,2025-12-15,2.2053,2.2053,-0.61,场内买入,场内卖出,akshare:eastmoney:fund_etf_fund_info_em,10,2026-09-08T01:26:38+00:00,,2025-12-17T23:59:59+08:00,earliest_safe_bound:first_seen_or_qdii_tplus2,False,False,True
513300,2025-12-16,2.2089,2.2089,0.16,场内买入,场内卖出,akshare:eastmoney:fund_etf_fund_info_em,10,2026-09-08T01:26:38+00:00,,2025-12-18T23:59:59+08:00,earliest_safe_bound:first_seen_or_qdii_tplus2,False,False,True
513300,2025-12-17,2.1672,2.1672,-1.89,场内买入,场内卖出,akshare:eastmoney:fund_etf_fund_info_em,10,2026-09-08T01:26:38+00:00,,2025-12-19T23:59:59+08:00,earliest_safe_bound:first_seen_or_qdii_tplus2,False,False,True
513300,2025-12-18,2.1987,2.1987,1.45,场内买入,场内卖出,akshare:eastmoney:fund_etf_fund_info_em,10,2026-09-08T01:26:38+00:00,,2025-12-22T23:59:59+08:00,earliest_safe_bound:first_seen_or_qdii_tplus2,False,False,True
513300,2025-12-19,2.2272,2.2272,1.3,场内买入,场内卖出,akshare:eastmoney:fund_etf_fund_info_em,10,2026-09-08T01:26:38+00:00,,2025-12-23T23:59:59+08:00,earliest_safe_bound:first_seen_or_qdii_tplus2,False,False,True
513300,2025-12-22,2.2362,2.2362,0.4,场内买入,场内卖出,akshare:eastmoney:fund_etf_fund_info_em,10,2026-09-08T01:26:38+00:00,,2025-12-24T23:59:59+08:00,earliest_safe_bound:first_seen_or_qdii_tplus2,False,False,True
513300,2025-12-23,2.2443,2.2443,0.36,场内买入,场内卖出,akshare:eastmoney:fund_etf_fund_info_em,10,2026-09-08T01:26:38+00:00,,2025-12-25T23:59:59+08:00,earliest_safe_bound:first_seen_or_qdii_tplus2,False,False,True
513300,2025-12-24,2.246,2.246,0.08,场内买入,场内卖出,akshare:eastmoney:fund_etf_fund_info_em,10,2026-09-08T01:26:38+00:00,,2025-12-26T23:59:59+08:00,earliest_safe_bound:first_seen_or_qdii_tplus2,False,False,True
513300,2025-12-25,2.2434,2.2434,-0.12,暂停申购,暂停赎回,akshare:eastmoney:fund_etf_fund_info_em,10,2026-09-08T01:26:38+00:00,,2025-12-29T23:59:59+08:00,earliest_safe_bound:first_seen_or_qdii_tplus2,False,False,True
513300,2025-12-26,2.243,2.243,-0.02,场内买入,场内卖出,akshare:eastmoney:fund_etf_fund_info_em,10,2026-09-08T01:26:38+00:00,,2025-12-30T23:59:59+08:00,earliest_safe_bound:first_seen_or_qdii_tplus2,False,False,True
513300,2025-12-29,2.2323,2.2323,-0.48,场内买入,场内卖出,akshare:eastmoney:fund_etf_fund_info_em,10,2026-09-08T01:26:38+00:00,,2025-12-31T23:59:59+08:00,earliest_safe_bound:first_seen_or_qdii_tplus2,False,False,True
513300,2025-12-30,2.2209,2.2209,-0.51,场内买入,场内卖出,akshare:eastmoney:fund_etf_fund_info_em,10,2026-09-08T01:26:38+00:00,,2026-01-05T23:59:59+08:00,earliest_safe_bound:first_seen_or_qdii_tplus2,False,False,True
513300,2025-12-31,2.203,2.203,-0.81,场内买入,场内卖出,akshare:eastmoney:fund_etf_fund_info_em,10,2026-09-08T01:26:38+00:00,,2026-01-06T23:59:59+08:00,earliest_safe_bound:first_seen_or_qdii_tplus2,False,False,True
513300,2026-01-05,2.2124,2.2124,0.43,场内买入,场内卖出,akshare:eastmoney:fund_etf_fund_info_em,10,2026-09-08T01:26:38+00:00,,2026-01-07T23:59:59+08:00,earliest_safe_bound:first_seen_or_qdii_tplus2,False,False,True
513300,2026-01-06,2.233,2.233,0.93,场内买入,场内卖出,akshare:eastmoney:fund_etf_fund_info_em,10,2026-09-08T01:26:38+00:00,,2026-01-08T23:59:59+08:00,earliest_safe_bound:first_seen_or_qdii_tplus2,False,False,True
513300,2026-01-07,2.2377,2.2377,0.21,场内买入,场内卖出,akshare:eastmoney:fund_etf_fund_info_em,10,2026-09-08T01:26:38+00:00,,2026-01-09T23:59:59+08:00,earliest_safe_bound:first_seen_or_qdii_tplus2,False,False,True
513300,2026-01-08,2.2222,2.2222,-0.69,场内买入,场内卖出,akshare:eastmoney:fund_etf_fund_info_em,10,2026-09-08T01:26:38+00:00,,2026-01-12T23:59:59+08:00,earliest_safe_bound:first_seen_or_qdii_tplus2,False,False,True
513300,2026-01-09,2.2445,2.2445,1.0,场内买入,场内卖出,akshare:eastmoney:fund_etf_fund_info_em,10,2026-09-08T01:26:38+00:00,,2026-01-13T23:59:59+08:00,earliest_safe_bound:first_seen_or_qdii_tplus2,False,False,True
513300,2026-01-12,2.2438,2.2438,-0.03,场内买入,场内卖出,akshare:eastmoney:fund_etf_fund_info_em,10,2026-09-08T01:26:38+00:00,,2026-01-14T23:59:59+08:00,earliest_safe_bound:first_seen_or_qdii_tplus2,False,False,True
513300,2026-01-13,2.2404,2.2404,-0.15,场内买入,场内卖出,akshare:eastmoney:fund_etf_fund_info_em,10,2026-09-08T01:26:38+00:00,,2026-01-15T23:59:59+08:00,earliest_safe_bound:first_seen_or_qdii_tplus2,False,False,True
513300,2026-01-14,2.2154,2.2154,-1.12,场内买入,场内卖出,akshare:eastmoney:fund_etf_fund_info_em,10,2026-09-08T01:26:38+00:00,,2026-01-16T23:59:59+08:00,earliest_safe_bound:first_seen_or_qdii_tplus2,False,False,True
513300,2026-01-15,2.2218,2.2218,0.29,场内买入,场内卖出,akshare:eastmoney:fund_etf_fund_info_em,10,2026-09-08T01:26:38+00:00,,2026-01-19T23:59:59+08:00,earliest_safe_bound:first_seen_or_qdii_tplus2,False,False,True
513300,2026-01-16,2.2193,2.2193,-0.11,场内买入,场内卖出,akshare:eastmoney:fund_etf_fund_info_em,10,2026-09-08T01:26:38+00:00,,2026-01-20T23:59:59+08:00,earliest_safe_bound:first_seen_or_qdii_tplus2,False,False,True
513300,2026-01-19,2.2175,2.2175,-0.08,暂停申购,暂停赎回,akshare:eastmoney:fund_etf_fund_info_em,10,2026-09-08T01:26:38+00:00,,2026-01-21T23:59:59+08:00,earliest_safe_bound:first_seen_or_qdii_tplus2,False,False,True
513300,2026-01-20,2.1689,2.1689,-2.19,场内买入,场内卖出,akshare:eastmoney:fund_etf_fund_info_em,10,2026-09-08T01:26:38+00:00,,2026-01-22T23:59:59+08:00,earliest_safe_bound:first_seen_or_qdii_tplus2,False,False,True
513300,2026-01-21,2.1993,2.1993,1.4,场内买入,场内卖出,akshare:eastmoney:fund_etf_fund_info_em,10,2026-09-08T01:26:38+00:00,,2026-01-23T23:59:59+08:00,earliest_safe_bound:first_seen_or_qdii_tplus2,False,False,True
513300,2026-01-22,2.2157,2.2157,0.75,场内买入,场内卖出,akshare:eastmoney:fund_etf_fund_info_em,10,2026-09-08T01:26:38+00:00,,2026-01-26T23:59:59+08:00,earliest_safe_bound:first_seen_or_qdii_tplus2,False,False,True
513300,2026-01-23,2.2237,2.2237,0.36,场内买入,场内卖出,akshare:eastmoney:fund_etf_fund_info_em,10,2026-09-08T01:26:38+00:00,,2026-01-27T23:59:59+08:00,earliest_safe_bound:first_seen_or_qdii_tplus2,False,False,True
513300,2026-01-26,2.2306,2.2306,0.31,场内买入,场内卖出,akshare:eastmoney:fund_etf_fund_info_em,10,2026-09-08T01:26:38+00:00,,2026-01-28T23:59:59+08:00,earliest_safe_bound:first_seen_or_qdii_tplus2,False,False,True
513300,2026-01-27,2.25,2.25,0.87,场内买入,场内卖出,akshare:eastmoney:fund_etf_fund_info_em,10,2026-09-08T01:26:38+00:00,,2026-01-29T23:59:59+08:00,earliest_safe_bound:first_seen_or_qdii_tplus2,False,False,True
513300,2026-01-28,2.2535,2.2535,0.16,场内买入,场内卖出,akshare:eastmoney:fund_etf_fund_info_em,10,2026-09-08T01:26:38+00:00,,2026-01-30T23:59:59+08:00,earliest_safe_bound:first_seen_or_qdii_tplus2,False,False,True
513300,2026-01-29,2.2419,2.2419,-0.51,场内买入,场内卖出,akshare:eastmoney:fund_etf_fund_info_em,10,2026-09-08T01:26:38+00:00,,2026-02-02T23:59:59+08:00,earliest_safe_bound:first_seen_or_qdii_tplus2,False,False,True
513300,2026-01-30,2.2139,2.2139,-1.25,场内买入,场内卖出,akshare:eastmoney:fund_etf_fund_info_em,10,2026-09-08T01:26:38+00:00,,2026-02-03T23:59:59+08:00,earliest_safe_bound:first_seen_or_qdii_tplus2,False,False,True
513300,2026-02-02,2.2308,2.2308,0.76,场内买入,场内卖出,akshare:eastmoney:fund_etf_fund_info_em,10,2026-09-08T01:26:38+00:00,,2026-02-04T23:59:59+08:00,earliest_safe_bound:first_seen_or_qdii_tplus2,False,False,True
513300,2026-02-03,2.1913,2.1913,-1.77,场内买入,场内卖出,akshare:eastmoney:fund_etf_fund_info_em,10,2026-09-08T01:26:38+00:00,,2026-02-05T23:59:59+08:00,earliest_safe_bound:first_seen_or_qdii_tplus2,False,False,True
513300,2026-02-04,2.1527,2.1527,-1.76,场内买入,场内卖出,akshare:eastmoney:fund_etf_fund_info_em,10,2026-09-08T01:26:38+00:00,,2026-02-06T23:59:59+08:00,earliest_safe_bound:first_seen_or_qdii_tplus2,False,False,True
513300,2026-02-05,2.1246,2.1246,-1.31,场内买入,场内卖出,akshare:eastmoney:fund_etf_fund_info_em,10,2026-09-08T01:26:38+00:00,,2026-02-09T23:59:59+08:00,earliest_safe_bound:first_seen_or_qdii_tplus2,False,False,True
513300,2026-02-06,2.1696,2.1696,2.12,场内买入,场内卖出,akshare:eastmoney:fund_etf_fund_info_em,10,2026-09-08T01:26:38+00:00,,2026-02-10T23:59:59+08:00,earliest_safe_bound:first_seen_or_qdii_tplus2,False,False,True
513300,2026-02-09,2.1825,2.1825,0.59,场内买入,场内卖出,akshare:eastmoney:fund_etf_fund_info_em,10,2026-09-08T01:26:38+00:00,,2026-02-11T23:59:59+08:00,earliest_safe_bound:first_seen_or_qdii_tplus2,False,False,True
513300,2026-02-10,2.1655,2.1655,-0.78,场内买入,场内卖出,akshare:eastmoney:fund_etf_fund_info_em,10,2026-09-08T01:26:38+00:00,,2026-02-12T23:59:59+08:00,earliest_safe_bound:first_seen_or_qdii_tplus2,False,False,True
513300,2026-02-11,2.1713,2.1713,0.27,场内买入,场内卖出,akshare:eastmoney:fund_etf_fund_info_em,10,2026-09-08T01:26:38+00:00,,2026-02-13T23:59:59+08:00,earliest_safe_bound:first_seen_or_qdii_tplus2,False,False,True
513300,2026-02-12,2.1243,2.1243,-2.16,场内买入,场内卖出,akshare:eastmoney:fund_etf_fund_info_em,10,2026-09-08T01:26:38+00:00,,2026-02-24T23:59:59+08:00,earliest_safe_bound:first_seen_or_qdii_tplus2,False,False,True
513300,2026-02-13,2.1307,2.1307,0.3,场内买入,场内卖出,akshare:eastmoney:fund_etf_fund_info_em,10,2026-09-08T01:26:38+00:00,,2026-02-25T23:59:59+08:00,earliest_safe_bound:first_seen_or_qdii_tplus2,False,False,True
513300,2026-02-24,2.1453,2.1453,0.69,场内买入,场内卖出,akshare:eastmoney:fund_etf_fund_info_em,10,2026-09-08T01:26:38+00:00,,2026-02-26T23:59:59+08:00,earliest_safe_bound:first_seen_or_qdii_tplus2,False,False,True
513300,2026-02-25,2.1685,2.1685,1.08,场内买入,场内卖出,akshare:eastmoney:fund_etf_fund_info_em,10,2026-09-08T01:26:38+00:00,,2026-02-27T23:59:59+08:00,earliest_safe_bound:first_seen_or_qdii_tplus2,False,False,True
513300,2026-02-26,2.1342,2.1342,-1.58,场内买入,场内卖出,akshare:eastmoney:fund_etf_fund_info_em,10,2026-09-08T01:26:38+00:00,,2026-03-02T23:59:59+08:00,earliest_safe_bound:first_seen_or_qdii_tplus2,False,False,True
513300,2026-02-27,2.133,2.133,-0.06,场内买入,场内卖出,akshare:eastmoney:fund_etf_fund_info_em,10,2026-09-08T01:26:38+00:00,,2026-03-03T23:59:59+08:00,earliest_safe_bound:first_seen_or_qdii_tplus2,False,False,True
513300,2026-03-02,2.1445,2.1445,0.54,场内买入,场内卖出,akshare:eastmoney:fund_etf_fund_info_em,10,2026-09-08T01:26:38+00:00,,2026-03-04T23:59:59+08:00,earliest_safe_bound:first_seen_or_qdii_tplus2,False,False,True
513300,2026-03-03,2.1255,2.1255,-0.89,场内买入,场内卖出,akshare:eastmoney:fund_etf_fund_info_em,10,2026-09-08T01:26:38+00:00,,2026-03-05T23:59:59+08:00,earliest_safe_bound:first_seen_or_qdii_tplus2,False,False,True
513300,2026-03-04,2.1622,2.1622,1.73,场内买入,场内卖出,akshare:eastmoney:fund_etf_fund_info_em,10,2026-09-08T01:26:38+00:00,,2026-03-06T23:59:59+08:00,earliest_safe_bound:first_seen_or_qdii_tplus2,False,False,True
513300,2026-03-05,2.151,2.151,-0.52,场内买入,场内卖出,akshare:eastmoney:fund_etf_fund_info_em,10,2026-09-08T01:26:38+00:00,,2026-03-09T23:59:59+08:00,earliest_safe_bound:first_seen_or_qdii_tplus2,False,False,True
513300,2026-03-06,2.1195,2.1195,-1.46,场内买入,场内卖出,akshare:eastmoney:fund_etf_fund_info_em,10,2026-09-08T01:26:38+00:00,,2026-03-10T23:59:59+08:00,earliest_safe_bound:first_seen_or_qdii_tplus2,False,False,True
513300,2026-03-09,2.1527,2.1527,1.57,场内买入,场内卖出,akshare:eastmoney:fund_etf_fund_info_em,10,2026-09-08T01:26:38+00:00,,2026-03-11T23:59:59+08:00,earliest_safe_bound:first_seen_or_qdii_tplus2,False,False,True
513300,2026-03-10,2.1382,2.1382,-0.67,场内买入,场内卖出,akshare:eastmoney:fund_etf_fund_info_em,10,2026-09-08T01:26:38+00:00,,2026-03-12T23:59:59+08:00,earliest_safe_bound:first_seen_or_qdii_tplus2,False,False,True
513300,2026-03-11,2.1375,2.1375,-0.03,场内买入,场内卖出,akshare:eastmoney:fund_etf_fund_info_em,10,2026-09-08T01:26:38+00:00,,2026-03-13T23:59:59+08:00,earliest_safe_bound:first_seen_or_qdii_tplus2,False,False,True
513300,2026-03-12,2.1032,2.1032,-1.6,场内买入,场内卖出,akshare:eastmoney:fund_etf_fund_info_em,10,2026-09-08T01:26:38+00:00,,2026-03-16T23:59:59+08:00,earliest_safe_bound:first_seen_or_qdii_tplus2,False,False,True
513300,2026-03-13,2.0968,2.0968,-0.3,场内买入,场内卖出,akshare:eastmoney:fund_etf_fund_info_em,10,2026-09-08T01:26:38+00:00,,2026-03-17T23:59:59+08:00,earliest_safe_bound:first_seen_or_qdii_tplus2,False,False,True
513300,2026-03-16,2.1221,2.1221,1.21,场内买入,场内卖出,akshare:eastmoney:fund_etf_fund_info_em,10,2026-09-08T01:26:38+00:00,,2026-03-18T23:59:59+08:00,earliest_safe_bound:first_seen_or_qdii_tplus2,False,False,True
513300,2026-03-17,2.1283,2.1283,0.29,场内买入,场内卖出,akshare:eastmoney:fund_etf_fund_info_em,10,2026-09-08T01:26:38+00:00,,2026-03-19T23:59:59+08:00,earliest_safe_bound:first_seen_or_qdii_tplus2,False,False,True
513300,2026-03-18,2.0938,2.0938,-1.62,场内买入,场内卖出,akshare:eastmoney:fund_etf_fund_info_em,10,2026-09-08T01:26:38+00:00,,2026-03-20T23:59:59+08:00,earliest_safe_bound:first_seen_or_qdii_tplus2,False,False,True
513300,2026-03-19,2.0958,2.0958,0.1,场内买入,场内卖出,akshare:eastmoney:fund_etf_fund_info_em,10,2026-09-08T01:26:38+00:00,,2026-03-23T23:59:59+08:00,earliest_safe_bound:first_seen_or_qdii_tplus2,False,False,True
513300,2026-03-20,2.0509,2.0509,-2.14,场内买入,场内卖出,akshare:eastmoney:fund_etf_fund_info_em,10,2026-09-08T01:26:38+00:00,,2026-03-24T23:59:59+08:00,earliest_safe_bound:first_seen_or_qdii_tplus2,False,False,True
513300,2026-03-23,2.0827,2.0827,1.55,场内买入,场内卖出,akshare:eastmoney:fund_etf_fund_info_em,10,2026-09-08T01:26:38+00:00,,2026-03-25T23:59:59+08:00,earliest_safe_bound:first_seen_or_qdii_tplus2,False,False,True
513300,2026-03-24,2.0603,2.0603,-1.08,场内买入,场内卖出,akshare:eastmoney:fund_etf_fund_info_em,10,2026-09-08T01:26:38+00:00,,2026-03-26T23:59:59+08:00,earliest_safe_bound:first_seen_or_qdii_tplus2,False,False,True
513300,2026-03-25,2.0786,2.0786,0.89,场内买入,场内卖出,akshare:eastmoney:fund_etf_fund_info_em,10,2026-09-08T01:26:38+00:00,,2026-03-27T23:59:59+08:00,earliest_safe_bound:first_seen_or_qdii_tplus2,False,False,True
513300,2026-03-26,2.0302,2.0302,-2.33,场内买入,场内卖出,akshare:eastmoney:fund_etf_fund_info_em,10,2026-09-08T01:26:38+00:00,,2026-03-30T23:59:59+08:00,earliest_safe_bound:first_seen_or_qdii_tplus2,False,False,True
513300,2026-03-27,1.9935,1.9935,-1.81,场内买入,场内卖出,akshare:eastmoney:fund_etf_fund_info_em,10,2026-09-08T01:26:38+00:00,,2026-03-31T23:59:59+08:00,earliest_safe_bound:first_seen_or_qdii_tplus2,False,False,True
513300,2026-03-30,1.9777,1.9777,-0.79,场内买入,场内卖出,akshare:eastmoney:fund_etf_fund_info_em,10,2026-09-08T01:26:38+00:00,,2026-04-01T23:59:59+08:00,earliest_safe_bound:first_seen_or_qdii_tplus2,False,False,True
513300,2026-03-31,2.044,2.044,3.35,场内买入,场内卖出,akshare:eastmoney:fund_etf_fund_info_em,10,2026-09-08T01:26:38+00:00,,2026-04-02T23:59:59+08:00,earliest_safe_bound:first_seen_or_qdii_tplus2,False,False,True
513300,2026-04-01,2.0597,2.0597,0.77,场内买入,场内卖出,akshare:eastmoney:fund_etf_fund_info_em,10,2026-09-08T01:26:38+00:00,,2026-04-03T23:59:59+08:00,earliest_safe_bound:first_seen_or_qdii_tplus2,False,False,True
513300,2026-04-02,2.0658,2.0658,0.3,场内买入,场内卖出,akshare:eastmoney:fund_etf_fund_info_em,10,2026-09-08T01:26:38+00:00,,2026-04-07T23:59:59+08:00,earliest_safe_bound:first_seen_or_qdii_tplus2,False,False,True
513300,2026-04-03,2.062,2.062,-0.18,暂停申购,暂停赎回,akshare:eastmoney:fund_etf_fund_info_em,10,2026-09-08T01:26:38+00:00,,2026-04-08T23:59:59+08:00,earliest_safe_bound:first_seen_or_qdii_tplus2,False,False,True
513300,2026-04-07,2.0722,2.0722,0.49,场内买入,场内卖出,akshare:eastmoney:fund_etf_fund_info_em,10,2026-09-08T01:26:38+00:00,,2026-04-09T23:59:59+08:00,earliest_safe_bound:first_seen_or_qdii_tplus2,False,False,True
513300,2026-04-08,2.119,2.119,2.26,场内买入,场内卖出,akshare:eastmoney:fund_etf_fund_info_em,10,2026-09-08T01:26:38+00:00,,2026-04-10T23:59:59+08:00,earliest_safe_bound:first_seen_or_qdii_tplus2,False,False,True
513300,2026-04-09,2.1381,2.1381,0.9,场内买入,场内卖出,akshare:eastmoney:fund_etf_fund_info_em,10,2026-09-08T01:26:38+00:00,,2026-04-13T23:59:59+08:00,earliest_safe_bound:first_seen_or_qdii_tplus2,False,False,True
513300,2026-04-10,2.14,2.14,0.09,场内买入,场内卖出,akshare:eastmoney:fund_etf_fund_info_em,10,2026-09-08T01:26:38+00:00,,2026-04-14T23:59:59+08:00,earliest_safe_bound:first_seen_or_qdii_tplus2,False,False,True
513300,2026-04-13,2.1624,2.1624,1.05,场内买入,场内卖出,akshare:eastmoney:fund_etf_fund_info_em,10,2026-09-08T01:26:38+00:00,,2026-04-15T23:59:59+08:00,earliest_safe_bound:first_seen_or_qdii_tplus2,False,False,True
513300,2026-04-14,2.1958,2.1958,1.54,场内买入,场内卖出,akshare:eastmoney:fund_etf_fund_info_em,10,2026-09-08T01:26:38+00:00,,2026-04-16T23:59:59+08:00,earliest_safe_bound:first_seen_or_qdii_tplus2,False,False,True
513300,2026-04-15,2.2271,2.2271,1.43,场内买入,场内卖出,akshare:eastmoney:fund_etf_fund_info_em,10,2026-09-08T01:26:38+00:00,,2026-04-17T23:59:59+08:00,earliest_safe_bound:first_seen_or_qdii_tplus2,False,False,True
513300,2026-04-16,2.2377,2.2377,0.48,场内买入,场内卖出,akshare:eastmoney:fund_etf_fund_info_em,10,2026-09-08T01:26:38+00:00,,2026-04-20T23:59:59+08:00,earliest_safe_bound:first_seen_or_qdii_tplus2,False,False,True
513300,2026-04-17,2.2699,2.2699,1.44,场内买入,场内卖出,akshare:eastmoney:fund_etf_fund_info_em,10,2026-09-08T01:26:38+00:00,,2026-04-21T23:59:59+08:00,earliest_safe_bound:first_seen_or_qdii_tplus2,False,False,True
513300,2026-04-20,2.2602,2.2602,-0.43,场内买入,场内卖出,akshare:eastmoney:fund_etf_fund_info_em,10,2026-09-08T01:26:38+00:00,,2026-04-22T23:59:59+08:00,earliest_safe_bound:first_seen_or_qdii_tplus2,False,False,True
513300,2026-04-21,2.2493,2.2493,-0.48,场内买入,场内卖出,akshare:eastmoney:fund_etf_fund_info_em,10,2026-09-08T01:26:38+00:00,,2026-04-23T23:59:59+08:00,earliest_safe_bound:first_seen_or_qdii_tplus2,False,False,True
513300,2026-04-22,2.29,2.29,1.81,场内买入,场内卖出,akshare:eastmoney:fund_etf_fund_info_em,10,2026-09-08T01:26:38+00:00,,2026-04-24T23:59:59+08:00,earliest_safe_bound:first_seen_or_qdii_tplus2,False,False,True
513300,2026-04-23,2.2809,2.2809,-0.4,场内买入,场内卖出,akshare:eastmoney:fund_etf_fund_info_em,10,2026-09-08T01:26:38+00:00,,2026-04-27T23:59:59+08:00,earliest_safe_bound:first_seen_or_qdii_tplus2,False,False,True
513300,2026-04-24,2.3254,2.3254,1.95,场内买入,场内卖出,akshare:eastmoney:fund_etf_fund_info_em,10,2026-09-08T01:26:38+00:00,,2026-04-28T23:59:59+08:00,earliest_safe_bound:first_seen_or_qdii_tplus2,False,False,True
513300,2026-04-27,2.3223,2.3223,-0.13,场内买入,场内卖出,akshare:eastmoney:fund_etf_fund_info_em,10,2026-09-08T01:26:38+00:00,,2026-04-29T23:59:59+08:00,earliest_safe_bound:first_seen_or_qdii_tplus2,False,False,True
513300,2026-04-28,2.3025,2.3025,-0.85,场内买入,场内卖出,akshare:eastmoney:fund_etf_fund_info_em,10,2026-09-08T01:26:38+00:00,,2026-04-30T23:59:59+08:00,earliest_safe_bound:first_seen_or_qdii_tplus2,False,False,True
513300,2026-04-29,2.3141,2.3141,0.5,场内买入,场内卖出,akshare:eastmoney:fund_etf_fund_info_em,10,2026-09-08T01:26:38+00:00,,2026-05-06T23:59:59+08:00,earliest_safe_bound:first_seen_or_qdii_tplus2,False,False,True
513300,2026-04-30,2.338,2.338,1.03,场内买入,场内卖出,akshare:eastmoney:fund_etf_fund_info_em,10,2026-09-08T01:26:38+00:00,,2026-05-07T23:59:59+08:00,earliest_safe_bound:first_seen_or_qdii_tplus2,False,False,True
513300,2026-05-06,2.4289,2.4289,3.89,场内买入,场内卖出,akshare:eastmoney:fund_etf_fund_info_em,10,2026-09-08T01:26:38+00:00,,2026-05-08T23:59:59+08:00,earliest_safe_bound:first_seen_or_qdii_tplus2,False,False,True
513300,2026-05-07,2.421,2.421,-0.33,场内买入,场内卖出,akshare:eastmoney:fund_etf_fund_info_em,10,2026-09-08T01:26:38+00:00,,2026-05-11T23:59:59+08:00,earliest_safe_bound:first_seen_or_qdii_tplus2,False,False,True
513300,2026-05-08,2.4783,2.4783,2.37,场内买入,场内卖出,akshare:eastmoney:fund_etf_fund_info_em,10,2026-09-08T01:26:38+00:00,,2026-05-12T23:59:59+08:00,earliest_safe_bound:first_seen_or_qdii_tplus2,False,False,True
513300,2026-05-11,2.4829,2.4829,0.19,场内买入,场内卖出,akshare:eastmoney:fund_etf_fund_info_em,10,2026-09-08T01:26:38+00:00,,2026-05-13T23:59:59+08:00,earliest_safe_bound:first_seen_or_qdii_tplus2,False,False,True
513300,2026-05-12,2.461,2.461,-0.88,场内买入,场内卖出,akshare:eastmoney:fund_etf_fund_info_em,10,2026-09-08T01:26:38+00:00,,2026-05-14T23:59:59+08:00,earliest_safe_bound:first_seen_or_qdii_tplus2,False,False,True
513300,2026-05-13,2.4851,2.4851,0.98,场内买入,场内卖出,akshare:eastmoney:fund_etf_fund_info_em,10,2026-09-08T01:26:38+00:00,,2026-05-15T23:59:59+08:00,earliest_safe_bound:first_seen_or_qdii_tplus2,False,False,True
513300,2026-05-14,2.5019,2.5019,0.68,场内买入,场内卖出,akshare:eastmoney:fund_etf_fund_info_em,10,2026-09-08T01:26:38+00:00,,2026-05-18T23:59:59+08:00,earliest_safe_bound:first_seen_or_qdii_tplus2,False,False,True
513300,2026-05-15,2.4694,2.4694,-1.3,场内买入,场内卖出,akshare:eastmoney:fund_etf_fund_info_em,10,2026-09-08T01:26:38+00:00,,2026-05-19T23:59:59+08:00,earliest_safe_bound:first_seen_or_qdii_tplus2,False,False,True
513300,2026-05-18,2.4578,2.4578,-0.47,场内买入,场内卖出,akshare:eastmoney:fund_etf_fund_info_em,10,2026-09-08T01:26:38+00:00,,2026-05-20T23:59:59+08:00,earliest_safe_bound:first_seen_or_qdii_tplus2,False,False,True
513300,2026-05-19,2.4434,2.4434,-0.59,场内买入,场内卖出,akshare:eastmoney:fund_etf_fund_info_em,10,2026-09-08T01:26:38+00:00,,2026-05-21T23:59:59+08:00,earliest_safe_bound:first_seen_or_qdii_tplus2,False,False,True
513300,2026-05-20,2.4847,2.4847,1.69,场内买入,场内卖出,akshare:eastmoney:fund_etf_fund_info_em,10,2026-09-08T01:26:38+00:00,,2026-05-22T23:59:59+08:00,earliest_safe_bound:first_seen_or_qdii_tplus2,False,False,True
513300,2026-05-21,2.489,2.489,0.17,场内买入,场内卖出,akshare:eastmoney:fund_etf_fund_info_em,10,2026-09-08T01:26:38+00:00,,2026-05-25T23:59:59+08:00,earliest_safe_bound:first_seen_or_qdii_tplus2,False,False,True
513300,2026-05-22,2.4964,2.4964,0.3,场内买入,场内卖出,akshare:eastmoney:fund_etf_fund_info_em,10,2026-09-08T01:26:38+00:00,,2026-05-26T23:59:59+08:00,earliest_safe_bound:first_seen_or_qdii_tplus2,False,False,True
513300,2026-05-25,2.4924,2.4924,-0.16,暂停申购,暂停赎回,akshare:eastmoney:fund_etf_fund_info_em,10,2026-09-08T01:26:38+00:00,,2026-05-27T23:59:59+08:00,earliest_safe_bound:first_seen_or_qdii_tplus2,False,False,True
513300,2026-05-26,2.5371,2.5371,1.79,场内买入,场内卖出,akshare:eastmoney:fund_etf_fund_info_em,10,2026-09-08T01:26:38+00:00,,2026-05-28T23:59:59+08:00,earliest_safe_bound:first_seen_or_qdii_tplus2,False,False,True
513300,2026-05-27,2.5333,2.5333,-0.15,场内买入,场内卖出,akshare:eastmoney:fund_etf_fund_info_em,10,2026-09-08T01:26:38+00:00,,2026-05-29T23:59:59+08:00,earliest_safe_bound:first_seen_or_qdii_tplus2,False,False,True
513300,2026-05-28,2.5536,2.5536,0.8,场内买入,场内卖出,akshare:eastmoney:fund_etf_fund_info_em,10,2026-09-08T01:26:38+00:00,,2026-06-01T23:59:59+08:00,earliest_safe_bound:first_seen_or_qdii_tplus2,False,False,True
513300,2026-05-29,2.5584,2.5584,0.19,场内买入,场内卖出,akshare:eastmoney:fund_etf_fund_info_em,10,2026-09-08T01:26:38+00:00,,2026-06-02T23:59:59+08:00,earliest_safe_bound:first_seen_or_qdii_tplus2,False,False,True
513300,2026-06-01,2.5724,2.5724,0.55,场内买入,场内卖出,akshare:eastmoney:fund_etf_fund_info_em,10,2026-09-08T01:26:38+00:00,,2026-06-03T23:59:59+08:00,earliest_safe_bound:first_seen_or_qdii_tplus2,False,False,True
513300,2026-06-02,2.5835,2.5835,0.43,场内买入,场内卖出,akshare:eastmoney:fund_etf_fund_info_em,10,2026-09-08T01:26:38+00:00,,2026-06-04T23:59:59+08:00,earliest_safe_bound:first_seen_or_qdii_tplus2,False,False,True
513300,2026-06-03,2.5794,2.5794,-0.16,场内买入,场内卖出,akshare:eastmoney:fund_etf_fund_info_em,10,2026-09-08T01:26:38+00:00,,2026-06-05T23:59:59+08:00,earliest_safe_bound:first_seen_or_qdii_tplus2,False,False,True
513300,2026-06-04,2.5678,2.5678,-0.45,场内买入,场内卖出,akshare:eastmoney:fund_etf_fund_info_em,10,2026-09-08T01:26:38+00:00,,2026-06-08T23:59:59+08:00,earliest_safe_bound:first_seen_or_qdii_tplus2,False,False,True
513300,2026-06-05,2.4444,2.4444,-4.81,场内买入,场内卖出,akshare:eastmoney:fund_etf_fund_info_em,10,2026-09-08T01:26:38+00:00,,2026-06-09T23:59:59+08:00,earliest_safe_bound:first_seen_or_qdii_tplus2,False,False,True
513300,2026-06-08,2.4868,2.4868,1.73,场内买入,场内卖出,akshare:eastmoney:fund_etf_fund_info_em,10,2026-09-08T01:26:38+00:00,,2026-06-10T23:59:59+08:00,earliest_safe_bound:first_seen_or_qdii_tplus2,False,False,True
513300,2026-06-09,2.4547,2.4547,-1.29,场内买入,场内卖出,akshare:eastmoney:fund_etf_fund_info_em,10,2026-09-08T01:26:38+00:00,,2026-06-11T23:59:59+08:00,earliest_safe_bound:first_seen_or_qdii_tplus2,False,False,True
513300,2026-06-10,2.4074,2.4074,-1.93,场内买入,场内卖出,akshare:eastmoney:fund_etf_fund_info_em,10,2026-09-08T01:26:38+00:00,,2026-06-12T23:59:59+08:00,earliest_safe_bound:first_seen_or_qdii_tplus2,False,False,True
513300,2026-06-11,2.4868,2.4868,3.3,场内买入,场内卖出,akshare:eastmoney:fund_etf_fund_info_em,10,2026-09-08T01:26:38+00:00,,2026-06-15T23:59:59+08:00,earliest_safe_bound:first_seen_or_qdii_tplus2,False,False,True
513300,2026-06-12,2.4974,2.4974,0.43,场内买入,场内卖出,akshare:eastmoney:fund_etf_fund_info_em,10,2026-09-08T01:26:38+00:00,,2026-06-16T23:59:59+08:00,earliest_safe_bound:first_seen_or_qdii_tplus2,False,False,True
513300,2026-06-15,2.5718,2.5718,2.98,场内买入,场内卖出,akshare:eastmoney:fund_etf_fund_info_em,10,2026-09-08T01:26:38+00:00,,2026-06-17T23:59:59+08:00,earliest_safe_bound:first_seen_or_qdii_tplus2,False,False,True
513300,2026-06-16,2.5238,2.5238,-1.87,场内买入,场内卖出,akshare:eastmoney:fund_etf_fund_info_em,10,2026-09-08T01:26:38+00:00,,2026-06-18T23:59:59+08:00,earliest_safe_bound:first_seen_or_qdii_tplus2,False,False,True
513300,2026-06-17,2.4983,2.4983,-1.01,场内买入,场内卖出,akshare:eastmoney:fund_etf_fund_info_em,10,2026-09-08T01:26:38+00:00,,2026-06-22T23:59:59+08:00,earliest_safe_bound:first_seen_or_qdii_tplus2,False,False,True
513300,2026-06-18,2.5617,2.5617,2.54,场内买入,场内卖出,akshare:eastmoney:fund_etf_fund_info_em,10,2026-09-08T01:26:38+00:00,,2026-06-23T23:59:59+08:00,earliest_safe_bound:first_seen_or_qdii_tplus2,False,False,True
513300,2026-06-22,2.5626,2.5626,0.04,场内买入,场内卖出,akshare:eastmoney:fund_etf_fund_info_em,10,2026-09-08T01:26:38+00:00,,2026-06-24T23:59:59+08:00,earliest_safe_bound:first_seen_or_qdii_tplus2,False,False,True
513300,2026-06-23,2.4815,2.4815,-3.16,场内买入,场内卖出,akshare:eastmoney:fund_etf_fund_info_em,10,2026-09-08T01:26:38+00:00,,2026-06-25T23:59:59+08:00,earliest_safe_bound:first_seen_or_qdii_tplus2,False,False,True
513300,2026-06-24,2.477,2.477,-0.18,场内买入,场内卖出,akshare:eastmoney:fund_etf_fund_info_em,10,2026-09-08T01:26:38+00:00,,2026-06-26T23:59:59+08:00,earliest_safe_bound:first_seen_or_qdii_tplus2,False,False,True
513300,2026-06-25,2.4942,2.4942,0.69,场内买入,场内卖出,akshare:eastmoney:fund_etf_fund_info_em,10,2026-09-08T01:26:38+00:00,,2026-06-29T23:59:59+08:00,earliest_safe_bound:first_seen_or_qdii_tplus2,False,False,True
513300,2026-06-26,2.4677,2.4677,-1.06,场内买入,场内卖出,akshare:eastmoney:fund_etf_fund_info_em,10,2026-09-08T01:26:38+00:00,,2026-06-30T23:59:59+08:00,earliest_safe_bound:first_seen_or_qdii_tplus2,False,False,True
513300,2026-06-29,2.5196,2.5196,2.1,场内买入,场内卖出,akshare:eastmoney:fund_etf_fund_info_em,10,2026-09-08T01:26:38+00:00,,2026-07-01T23:59:59+08:00,earliest_safe_bound:first_seen_or_qdii_tplus2,False,False,True
513300,2026-06-30,2.5588,2.5588,1.56,场内买入,场内卖出,akshare:eastmoney:fund_etf_fund_info_em,10,2026-09-08T01:26:38+00:00,,2026-07-02T23:59:59+08:00,earliest_safe_bound:first_seen_or_qdii_tplus2,False,False,True
513300,2026-07-01,2.5228,2.5228,-1.41,场内买入,场内卖出,akshare:eastmoney:fund_etf_fund_info_em,10,2026-09-08T01:26:38+00:00,,2026-07-03T23:59:59+08:00,earliest_safe_bound:first_seen_or_qdii_tplus2,False,False,True
513300,2026-07-02,2.4799,2.4799,-1.7,场内买入,场内卖出,akshare:eastmoney:fund_etf_fund_info_em,10,2026-09-08T01:26:38+00:00,,2026-07-06T23:59:59+08:00,earliest_safe_bound:first_seen_or_qdii_tplus2,False,False,True
513300,2026-07-03,2.4774,2.4774,-0.1,暂停申购,暂停赎回,akshare:eastmoney:fund_etf_fund_info_em,10,2026-09-08T01:26:38+00:00,,2026-07-07T23:59:59+08:00,earliest_safe_bound:first_seen_or_qdii_tplus2,False,False,True
513300,2026-07-06,2.5124,2.5124,1.41,场内买入,场内卖出,akshare:eastmoney:fund_etf_fund_info_em,10,2026-09-08T01:26:38+00:00,,2026-07-08T23:59:59+08:00,earliest_safe_bound:first_seen_or_qdii_tplus2,False,False,True
513300,2026-07-07,2.4697,2.4697,-1.7,场内买入,场内卖出,akshare:eastmoney:fund_etf_fund_info_em,10,2026-09-08T01:26:38+00:00,,2026-07-09T23:59:59+08:00,earliest_safe_bound:first_seen_or_qdii_tplus2,False,False,True
513300,2026-07-08,2.4766,2.4766,0.28,场内买入,场内卖出,akshare:eastmoney:fund_etf_fund_info_em,10,2026-09-08T01:26:38+00:00,,2026-07-10T23:59:59+08:00,earliest_safe_bound:first_seen_or_qdii_tplus2,False,False,True
513300,2026-07-09,2.5161,2.5161,1.59,场内买入,场内卖出,akshare:eastmoney:fund_etf_fund_info_em,10,2026-09-08T01:26:38+00:00,,2026-07-13T23:59:59+08:00,earliest_safe_bound:first_seen_or_qdii_tplus2,False,False,True
513300,2026-07-10,2.5185,2.5185,0.1,场内买入,场内卖出,akshare:eastmoney:fund_etf_fund_info_em,10,2026-09-08T01:26:38+00:00,,2026-07-14T23:59:59+08:00,earliest_safe_bound:first_seen_or_qdii_tplus2,False,False,True
513300,2026-07-13,2.4718,2.4718,-1.85,场内买入,场内卖出,akshare:eastmoney:fund_etf_fund_info_em,10,2026-09-08T01:26:38+00:00,,2026-07-15T23:59:59+08:00,earliest_safe_bound:first_seen_or_qdii_tplus2,False,False,True
513300,2026-07-14,2.4978,2.4978,1.05,场内买入,场内卖出,akshare:eastmoney:fund_etf_fund_info_em,10,2026-09-08T01:26:38+00:00,,2026-07-16T23:59:59+08:00,earliest_safe_bound:first_seen_or_qdii_tplus2,False,False,True
513300,2026-07-15,2.4877,2.4877,-0.4,场内买入,场内卖出,akshare:eastmoney:fund_etf_fund_info_em,10,2026-09-08T01:26:38+00:00,,2026-07-17T23:59:59+08:00,earliest_safe_bound:first_seen_or_qdii_tplus2,False,False,True
513300,2026-07-16,2.4465,2.4465,-1.66,场内买入,场内卖出,akshare:eastmoney:fund_etf_fund_info_em,10,2026-09-08T01:26:38+00:00,,2026-07-20T23:59:59+08:00,earliest_safe_bound:first_seen_or_qdii_tplus2,False,False,True
513300,2026-07-17,2.4132,2.4132,-1.36,场内买入,场内卖出,akshare:eastmoney:fund_etf_fund_info_em,10,2026-09-08T01:26:38+00:00,,2026-07-21T23:59:59+08:00,earliest_safe_bound:first_seen_or_qdii_tplus2,False,False,True
513300,2026-07-20,2.4106,2.4106,-0.11,场内买入,场内卖出,akshare:eastmoney:fund_etf_fund_info_em,10,2026-09-08T01:26:38+00:00,,2026-07-22T23:59:59+08:00,earliest_safe_bound:first_seen_or_qdii_tplus2,False,False,True
513300,2026-07-21,2.4566,2.4566,1.91,场内买入,场内卖出,akshare:eastmoney:fund_etf_fund_info_em,10,2026-09-08T01:26:38+00:00,,2026-07-23T23:59:59+08:00,earliest_safe_bound:first_seen_or_qdii_tplus2,False,False,True
513300,2026-07-22,2.4463,2.4463,-0.42,场内买入,场内卖出,akshare:eastmoney:fund_etf_fund_info_em,10,2026-09-08T01:26:38+00:00,,2026-07-24T23:59:59+08:00,earliest_safe_bound:first_seen_or_qdii_tplus2,False,False,True
513300,2026-07-23,2.3988,2.3988,-1.94,场内买入,场内卖出,akshare:eastmoney:fund_etf_fund_info_em,10,2026-09-08T01:26:38+00:00,,2026-07-27T23:59:59+08:00,earliest_safe_bound:first_seen_or_qdii_tplus2,False,False,True
513300,2026-07-24,2.373,2.373,-1.08,场内买入,场内卖出,akshare:eastmoney:fund_etf_fund_info_em,10,2026-09-08T01:26:38+00:00,,2026-07-28T23:59:59+08:00,earliest_safe_bound:first_seen_or_qdii_tplus2,False,False,True
513300,2026-07-27,2.3628,2.3628,-0.43,场内买入,场内卖出,akshare:eastmoney:fund_etf_fund_info_em,10,2026-09-08T01:26:38+00:00,,2026-07-29T23:59:59+08:00,earliest_safe_bound:first_seen_or_qdii_tplus2,False,False,True
513300,2026-07-28,2.3397,2.3397,-0.98,场内买入,场内卖出,akshare:eastmoney:fund_etf_fund_info_em,10,2026-09-08T01:26:38+00:00,,2026-07-30T23:59:59+08:00,earliest_safe_bound:first_seen_or_qdii_tplus2,False,False,True
513300,2026-07-29,2.291,2.291,-2.08,场内买入,场内卖出,akshare:eastmoney:fund_etf_fund_info_em,10,2026-09-08T01:26:38+00:00,,2026-07-31T23:59:59+08:00,earliest_safe_bound:first_seen_or_qdii_tplus2,False,False,True
513300,2026-07-30,2.3647,2.3647,3.22,场内买入,场内卖出,akshare:eastmoney:fund_etf_fund_info_em,10,2026-09-08T01:26:38+00:00,,2026-08-03T23:59:59+08:00,earliest_safe_bound:first_seen_or_qdii_tplus2,False,False,True
513300,2026-07-31,2.3752,2.3752,0.44,场内买入,场内卖出,akshare:eastmoney:fund_etf_fund_info_em,10,2026-09-08T01:26:38+00:00,,2026-08-04T23:59:59+08:00,earliest_safe_bound:first_seen_or_qdii_tplus2,False,False,True
513300,2026-08-03,2.4194,2.4194,1.86,场内买入,场内卖出,akshare:eastmoney:fund_etf_fund_info_em,10,2026-09-08T01:26:38+00:00,,2026-08-05T23:59:59+08:00,earliest_safe_bound:first_seen_or_qdii_tplus2,False,False,True
513300,2026-08-04,2.4997,2.4997,3.32,场内买入,场内卖出,akshare:eastmoney:fund_etf_fund_info_em,10,2026-09-08T01:26:38+00:00,,2026-08-06T23:59:59+08:00,earliest_safe_bound:first_seen_or_qdii_tplus2,False,False,True
513300,2026-08-05,2.4771,2.4771,-0.9,场内买入,场内卖出,akshare:eastmoney:fund_etf_fund_info_em,10,2026-09-08T01:26:38+00:00,,2026-08-07T23:59:59+08:00,earliest_safe_bound:first_seen_or_qdii_tplus2,False,False,True
513300,2026-08-06,2.4686,2.4686,-0.34,场内买入,场内卖出,akshare:eastmoney:fund_etf_fund_info_em,10,2026-09-08T01:26:38+00:00,,2026-08-10T23:59:59+08:00,earliest_safe_bound:first_seen_or_qdii_tplus2,False,False,True
513300,2026-08-07,2.4965,2.4965,1.13,场内买入,场内卖出,akshare:eastmoney:fund_etf_fund_info_em,10,2026-09-08T01:26:38+00:00,,2026-08-11T23:59:59+08:00,earliest_safe_bound:first_seen_or_qdii_tplus2,False,False,True
513300,2026-08-10,2.4873,2.4873,-0.37,场内买入,场内卖出,akshare:eastmoney:fund_etf_fund_info_em,10,2026-09-08T01:26:38+00:00,,2026-08-12T23:59:59+08:00,earliest_safe_bound:first_seen_or_qdii_tplus2,False,False,True
513300,2026-08-11,2.48,2.48,-0.29,场内买入,场内卖出,akshare:eastmoney:fund_etf_fund_info_em,10,2026-09-08T01:26:38+00:00,,2026-08-13T23:59:59+08:00,earliest_safe_bound:first_seen_or_qdii_tplus2,False,False,True
513300,2026-08-12,2.4978,2.4978,0.72,场内买入,场内卖出,akshare:eastmoney:fund_etf_fund_info_em,10,2026-09-08T01:26:38+00:00,,2026-08-14T23:59:59+08:00,earliest_safe_bound:first_seen_or_qdii_tplus2,False,False,True
513300,2026-08-13,2.5262,2.5262,1.14,场内买入,场内卖出,akshare:eastmoney:fund_etf_fund_info_em,10,2026-09-08T01:26:38+00:00,,2026-08-17T23:59:59+08:00,earliest_safe_bound:first_seen_or_qdii_tplus2,False,False,True
513300,2026-08-14,2.5219,2.5219,-0.17,场内买入,场内卖出,akshare:eastmoney:fund_etf_fund_info_em,10,2026-09-08T01:26:38+00:00,,2026-08-18T23:59:59+08:00,earliest_safe_bound:first_seen_or_qdii_tplus2,False,False,True
513300,2026-08-17,2.5161,2.5161,-0.23,场内买入,场内卖出,akshare:eastmoney:fund_etf_fund_info_em,10,2026-09-08T01:26:38+00:00,,2026-08-19T23:59:59+08:00,earliest_safe_bound:first_seen_or_qdii_tplus2,False,False,True
513300,2026-08-18,2.4754,2.4754,-1.62,场内买入,场内卖出,akshare:eastmoney:fund_etf_fund_info_em,10,2026-09-08T01:26:38+00:00,,2026-08-20T23:59:59+08:00,earliest_safe_bound:first_seen_or_qdii_tplus2,False,False,True
513300,2026-08-19,2.468,2.468,-0.3,场内买入,场内卖出,akshare:eastmoney:fund_etf_fund_info_em,10,2026-09-08T01:26:38+00:00,,2026-08-21T23:59:59+08:00,earliest_safe_bound:first_seen_or_qdii_tplus2,False,False,True
513300,2026-08-20,2.4454,2.4454,-0.92,场内买入,场内卖出,akshare:eastmoney:fund_etf_fund_info_em,10,2026-09-08T01:26:38+00:00,,2026-08-24T23:59:59+08:00,earliest_safe_bound:first_seen_or_qdii_tplus2,False,False,True
513300,2026-08-21,2.4524,2.4524,0.29,场内买入,场内卖出,akshare:eastmoney:fund_etf_fund_info_em,10,2026-09-08T01:43:26+00:00,,2026-08-25T23:59:59+08:00,earliest_safe_bound:first_seen_or_qdii_tplus2,False,False,True
513300,2026-08-24,2.4294,2.4294,-0.94,场内买入,场内卖出,akshare:eastmoney:fund_etf_fund_info_em,10,2026-09-08T01:43:26+00:00,,2026-08-26T23:59:59+08:00,earliest_safe_bound:first_seen_or_qdii_tplus2,False,False,True
513300,2026-08-25,2.4449,2.4449,0.64,场内买入,场内卖出,akshare:eastmoney:fund_etf_fund_info_em,10,2026-09-08T01:43:26+00:00,,2026-08-27T23:59:59+08:00,earliest_safe_bound:first_seen_or_qdii_tplus2,False,False,True
513300,2026-08-26,2.445,2.445,0.0,场内买入,场内卖出,akshare:eastmoney:fund_etf_fund_info_em,10,2026-09-08T01:43:26+00:00,,2026-08-28T23:59:59+08:00,earliest_safe_bound:first_seen_or_qdii_tplus2,False,False,True
513300,2026-08-27,2.4797,2.4797,1.42,场内买入,场内卖出,akshare:eastmoney:fund_etf_fund_info_em,10,2026-09-08T01:43:26+00:00,,2026-08-31T23:59:59+08:00,earliest_safe_bound:first_seen_or_qdii_tplus2,False,False,True
513300,2026-08-28,2.4627,2.4627,-0.69,场内买入,场内卖出,akshare:eastmoney:fund_etf_fund_info_em,10,2026-09-08T01:43:26+00:00,,2026-09-01T23:59:59+08:00,earliest_safe_bound:first_seen_or_qdii_tplus2,False,False,True
513300,2026-08-31,2.4641,2.4641,0.06,场内买入,场内卖出,akshare:eastmoney:fund_etf_fund_info_em,10,2026-09-08T01:43:26+00:00,,2026-09-02T23:59:59+08:00,earliest_safe_bound:first_seen_or_qdii_tplus2,False,False,True
513300,2026-09-01,2.4332,2.4332,-1.25,场内买入,场内卖出,akshare:eastmoney:fund_etf_fund_info_em,10,2026-09-08T01:43:26+00:00,,2026-09-03T23:59:59+08:00,earliest_safe_bound:first_seen_or_qdii_tplus2,False,False,True
513300,2026-09-02,2.4386,2.4386,0.22,场内买入,场内卖出,akshare:eastmoney:fund_etf_fund_info_em,10,2026-09-08T01:43:26+00:00,,2026-09-04T23:59:59+08:00,earliest_safe_bound:first_seen_or_qdii_tplus2,False,False,True
513300,2026-09-03,2.4657,2.4657,1.11,场内买入,场内卖出,akshare:eastmoney:fund_etf_fund_info_em,10,2026-09-08T01:43:26+00:00,,2026-09-07T23:59:59+08:00,earliest_safe_bound:first_seen_or_qdii_tplus2,False,False,True
513300,2026-09-04,2.4685,2.4685,0.11,场内买入,场内卖出,akshare:eastmoney:fund_etf_fund_info_em,10,2026-09-08T02:21:24+00:00,,2026-09-08T10:21:24+08:00,first_seen_ingestion_bound,False,False,True
513390,2025-06-16,1.7676,1.7676,1.43,场内买入,场内卖出,akshare:eastmoney:fund_etf_fund_info_em,10,2026-09-08T01:27:06+00:00,,2025-06-18T23:59:59+08:00,earliest_safe_bound:first_seen_or_qdii_tplus2,False,False,True
513390,2025-06-17,1.749,1.749,-1.05,场内买入,场内卖出,akshare:eastmoney:fund_etf_fund_info_em,10,2026-09-08T01:27:06+00:00,,2025-06-19T23:59:59+08:00,earliest_safe_bound:first_seen_or_qdii_tplus2,False,False,True
513390,2025-06-18,1.7494,1.7494,0.02,场内买入,场内卖出,akshare:eastmoney:fund_etf_fund_info_em,10,2026-09-08T01:27:06+00:00,,2025-06-20T23:59:59+08:00,earliest_safe_bound:first_seen_or_qdii_tplus2,False,False,True
513390,2025-06-19,1.7486,1.7486,-0.05,暂停申购,暂停赎回,akshare:eastmoney:fund_etf_fund_info_em,10,2026-09-08T01:27:06+00:00,,2025-06-23T23:59:59+08:00,earliest_safe_bound:first_seen_or_qdii_tplus2,False,False,True
513390,2025-06-20,1.7404,1.7404,-0.47,场内买入,场内卖出,akshare:eastmoney:fund_etf_fund_info_em,10,2026-09-08T01:27:06+00:00,,2025-06-24T23:59:59+08:00,earliest_safe_bound:first_seen_or_qdii_tplus2,False,False,True
513390,2025-06-23,1.7591,1.7591,1.07,场内买入,场内卖出,akshare:eastmoney:fund_etf_fund_info_em,10,2026-09-08T01:27:06+00:00,,2025-06-25T23:59:59+08:00,earliest_safe_bound:first_seen_or_qdii_tplus2,False,False,True
513390,2025-06-24,1.7846,1.7846,1.45,场内买入,场内卖出,akshare:eastmoney:fund_etf_fund_info_em,10,2026-09-08T01:27:06+00:00,,2025-06-26T23:59:59+08:00,earliest_safe_bound:first_seen_or_qdii_tplus2,False,False,True
513390,2025-06-25,1.7887,1.7887,0.23,场内买入,场内卖出,akshare:eastmoney:fund_etf_fund_info_em,10,2026-09-08T01:27:06+00:00,,2025-06-27T23:59:59+08:00,earliest_safe_bound:first_seen_or_qdii_tplus2,False,False,True
513390,2025-06-26,1.8043,1.8043,0.87,场内买入,场内卖出,akshare:eastmoney:fund_etf_fund_info_em,10,2026-09-08T01:27:06+00:00,,2025-06-30T23:59:59+08:00,earliest_safe_bound:first_seen_or_qdii_tplus2,False,False,True
513390,2025-06-27,1.8114,1.8114,0.39,场内买入,场内卖出,akshare:eastmoney:fund_etf_fund_info_em,10,2026-09-08T01:27:06+00:00,,2025-07-01T23:59:59+08:00,earliest_safe_bound:first_seen_or_qdii_tplus2,False,False,True
513390,2025-06-30,1.822,1.822,0.59,场内买入,场内卖出,akshare:eastmoney:fund_etf_fund_info_em,10,2026-09-08T01:27:06+00:00,,2025-07-02T23:59:59+08:00,earliest_safe_bound:first_seen_or_qdii_tplus2,False,False,True
513390,2025-07-01,1.8045,1.8045,-0.96,场内买入,场内卖出,akshare:eastmoney:fund_etf_fund_info_em,10,2026-09-08T01:27:06+00:00,,2025-07-03T23:59:59+08:00,earliest_safe_bound:first_seen_or_qdii_tplus2,False,False,True
513390,2025-07-02,1.818,1.818,0.75,场内买入,场内卖出,akshare:eastmoney:fund_etf_fund_info_em,10,2026-09-08T01:27:06+00:00,,2025-07-04T23:59:59+08:00,earliest_safe_bound:first_seen_or_qdii_tplus2,False,False,True
513390,2025-07-03,1.8356,1.8356,0.97,场内买入,场内卖出,akshare:eastmoney:fund_etf_fund_info_em,10,2026-09-08T01:27:06+00:00,,2025-07-07T23:59:59+08:00,earliest_safe_bound:first_seen_or_qdii_tplus2,False,False,True
513390,2025-07-04,1.8358,1.8358,0.01,暂停申购,暂停赎回,akshare:eastmoney:fund_etf_fund_info_em,10,2026-09-08T01:27:06+00:00,,2025-07-08T23:59:59+08:00,earliest_safe_bound:first_seen_or_qdii_tplus2,False,False,True
513390,2025-07-07,1.8204,1.8204,-0.84,场内买入,场内卖出,akshare:eastmoney:fund_etf_fund_info_em,10,2026-09-08T01:27:06+00:00,,2025-07-09T23:59:59+08:00,earliest_safe_bound:first_seen_or_qdii_tplus2,False,False,True
513390,2025-07-08,1.8224,1.8224,0.11,场内买入,场内卖出,akshare:eastmoney:fund_etf_fund_info_em,10,2026-09-08T01:27:06+00:00,,2025-07-10T23:59:59+08:00,earliest_safe_bound:first_seen_or_qdii_tplus2,False,False,True
513390,2025-07-09,1.8356,1.8356,0.72,场内买入,场内卖出,akshare:eastmoney:fund_etf_fund_info_em,10,2026-09-08T01:27:06+00:00,,2025-07-11T23:59:59+08:00,earliest_safe_bound:first_seen_or_qdii_tplus2,False,False,True
513390,2025-07-10,1.832,1.832,-0.2,场内买入,场内卖出,akshare:eastmoney:fund_etf_fund_info_em,10,2026-09-08T01:27:06+00:00,,2025-07-14T23:59:59+08:00,earliest_safe_bound:first_seen_or_qdii_tplus2,False,False,True
513390,2025-07-11,1.8272,1.8272,-0.26,场内买入,场内卖出,akshare:eastmoney:fund_etf_fund_info_em,10,2026-09-08T01:27:06+00:00,,2025-07-15T23:59:59+08:00,earliest_safe_bound:first_seen_or_qdii_tplus2,False,False,True
513390,2025-07-14,1.8334,1.8334,0.34,场内买入,场内卖出,akshare:eastmoney:fund_etf_fund_info_em,10,2026-09-08T01:27:06+00:00,,2025-07-16T23:59:59+08:00,earliest_safe_bound:first_seen_or_qdii_tplus2,False,False,True
513390,2025-07-15,1.8358,1.8358,0.13,场内买入,场内卖出,akshare:eastmoney:fund_etf_fund_info_em,10,2026-09-08T01:27:06+00:00,,2025-07-17T23:59:59+08:00,earliest_safe_bound:first_seen_or_qdii_tplus2,False,False,True
513390,2025-07-16,1.8384,1.8384,0.14,场内买入,场内卖出,akshare:eastmoney:fund_etf_fund_info_em,10,2026-09-08T01:27:06+00:00,,2025-07-18T23:59:59+08:00,earliest_safe_bound:first_seen_or_qdii_tplus2,False,False,True
513390,2025-07-17,1.8503,1.8503,0.65,场内买入,场内卖出,akshare:eastmoney:fund_etf_fund_info_em,10,2026-09-08T01:27:06+00:00,,2025-07-21T23:59:59+08:00,earliest_safe_bound:first_seen_or_qdii_tplus2,False,False,True
513390,2025-07-18,1.8501,1.8501,-0.01,场内买入,场内卖出,akshare:eastmoney:fund_etf_fund_info_em,10,2026-09-08T01:27:06+00:00,,2025-07-22T23:59:59+08:00,earliest_safe_bound:first_seen_or_qdii_tplus2,False,False,True
513390,2025-07-21,1.8599,1.8599,0.53,场内买入,场内卖出,akshare:eastmoney:fund_etf_fund_info_em,10,2026-09-08T01:27:06+00:00,,2025-07-23T23:59:59+08:00,earliest_safe_bound:first_seen_or_qdii_tplus2,False,False,True
513390,2025-07-22,1.8489,1.8489,-0.59,场内买入,场内卖出,akshare:eastmoney:fund_etf_fund_info_em,10,2026-09-08T01:27:06+00:00,,2025-07-24T23:59:59+08:00,earliest_safe_bound:first_seen_or_qdii_tplus2,False,False,True
513390,2025-07-23,1.8556,1.8556,0.36,场内买入,场内卖出,akshare:eastmoney:fund_etf_fund_info_em,10,2026-09-08T01:27:06+00:00,,2025-07-25T23:59:59+08:00,earliest_safe_bound:first_seen_or_qdii_tplus2,False,False,True
513390,2025-07-24,1.8594,1.8594,0.2,场内买入,场内卖出,akshare:eastmoney:fund_etf_fund_info_em,10,2026-09-08T01:27:06+00:00,,2025-07-28T23:59:59+08:00,earliest_safe_bound:first_seen_or_qdii_tplus2,False,False,True
513390,2025-07-25,1.8645,1.8645,0.27,场内买入,场内卖出,akshare:eastmoney:fund_etf_fund_info_em,10,2026-09-08T01:27:06+00:00,,2025-07-29T23:59:59+08:00,earliest_safe_bound:first_seen_or_qdii_tplus2,False,False,True
513390,2025-07-28,1.8724,1.8724,0.42,场内买入,场内卖出,akshare:eastmoney:fund_etf_fund_info_em,10,2026-09-08T01:27:06+00:00,,2025-07-30T23:59:59+08:00,earliest_safe_bound:first_seen_or_qdii_tplus2,False,False,True
513390,2025-07-29,1.8698,1.8698,-0.14,场内买入,场内卖出,akshare:eastmoney:fund_etf_fund_info_em,10,2026-09-08T01:27:06+00:00,,2025-07-31T23:59:59+08:00,earliest_safe_bound:first_seen_or_qdii_tplus2,False,False,True
513390,2025-07-30,1.8709,1.8709,0.06,场内买入,场内卖出,akshare:eastmoney:fund_etf_fund_info_em,10,2026-09-08T01:27:06+00:00,,2025-08-01T23:59:59+08:00,earliest_safe_bound:first_seen_or_qdii_tplus2,False,False,True
513390,2025-07-31,1.8621,1.8621,-0.47,场内买入,场内卖出,akshare:eastmoney:fund_etf_fund_info_em,10,2026-09-08T01:27:06+00:00,,2025-08-04T23:59:59+08:00,earliest_safe_bound:first_seen_or_qdii_tplus2,False,False,True
513390,2025-08-01,1.8257,1.8257,-1.95,场内买入,场内卖出,akshare:eastmoney:fund_etf_fund_info_em,10,2026-09-08T01:27:06+00:00,,2025-08-05T23:59:59+08:00,earliest_safe_bound:first_seen_or_qdii_tplus2,False,False,True
513390,2025-08-04,1.857,1.857,1.71,暂停申购,场内卖出,akshare:eastmoney:fund_etf_fund_info_em,10,2026-09-08T01:27:06+00:00,,2025-08-06T23:59:59+08:00,earliest_safe_bound:first_seen_or_qdii_tplus2,False,False,True
513390,2025-08-05,1.8427,1.8427,-0.77,暂停申购,场内卖出,akshare:eastmoney:fund_etf_fund_info_em,10,2026-09-08T01:27:06+00:00,,2025-08-07T23:59:59+08:00,earliest_safe_bound:first_seen_or_qdii_tplus2,False,False,True
513390,2025-08-06,1.8674,1.8674,1.34,暂停申购,场内卖出,akshare:eastmoney:fund_etf_fund_info_em,10,2026-09-08T01:27:06+00:00,,2025-08-08T23:59:59+08:00,earliest_safe_bound:first_seen_or_qdii_tplus2,False,False,True
513390,2025-08-07,1.8717,1.8717,0.23,暂停申购,场内卖出,akshare:eastmoney:fund_etf_fund_info_em,10,2026-09-08T01:27:06+00:00,,2025-08-11T23:59:59+08:00,earliest_safe_bound:first_seen_or_qdii_tplus2,False,False,True
513390,2025-08-08,1.8904,1.8904,1.0,暂停申购,场内卖出,akshare:eastmoney:fund_etf_fund_info_em,10,2026-09-08T01:27:06+00:00,,2025-08-12T23:59:59+08:00,earliest_safe_bound:first_seen_or_qdii_tplus2,False,False,True
513390,2025-08-11,1.8844,1.8844,-0.32,暂停申购,场内卖出,akshare:eastmoney:fund_etf_fund_info_em,10,2026-09-08T01:27:06+00:00,,2025-08-13T23:59:59+08:00,earliest_safe_bound:first_seen_or_qdii_tplus2,False,False,True
513390,2025-08-12,1.9096,1.9096,1.34,暂停申购,场内卖出,akshare:eastmoney:fund_etf_fund_info_em,10,2026-09-08T01:27:06+00:00,,2025-08-14T23:59:59+08:00,earliest_safe_bound:first_seen_or_qdii_tplus2,False,False,True
513390,2025-08-13,1.9086,1.9086,-0.05,暂停申购,场内卖出,akshare:eastmoney:fund_etf_fund_info_em,10,2026-09-08T01:27:06+00:00,,2025-08-15T23:59:59+08:00,earliest_safe_bound:first_seen_or_qdii_tplus2,False,False,True
513390,2025-08-14,1.9069,1.9069,-0.09,暂停申购,场内卖出,akshare:eastmoney:fund_etf_fund_info_em,10,2026-09-08T01:27:06+00:00,,2025-08-18T23:59:59+08:00,earliest_safe_bound:first_seen_or_qdii_tplus2,False,False,True
513390,2025-08-15,1.8983,1.8983,-0.45,暂停申购,场内卖出,akshare:eastmoney:fund_etf_fund_info_em,10,2026-09-08T01:27:06+00:00,,2025-08-19T23:59:59+08:00,earliest_safe_bound:first_seen_or_qdii_tplus2,False,False,True
513390,2025-08-18,1.8971,1.8971,-0.06,暂停申购,场内卖出,akshare:eastmoney:fund_etf_fund_info_em,10,2026-09-08T01:27:06+00:00,,2025-08-20T23:59:59+08:00,earliest_safe_bound:first_seen_or_qdii_tplus2,False,False,True
513390,2025-08-19,1.8717,1.8717,-1.34,暂停申购,场内卖出,akshare:eastmoney:fund_etf_fund_info_em,10,2026-09-08T01:27:06+00:00,,2025-08-21T23:59:59+08:00,earliest_safe_bound:first_seen_or_qdii_tplus2,False,False,True
513390,2025-08-20,1.8615,1.8615,-0.54,暂停申购,场内卖出,akshare:eastmoney:fund_etf_fund_info_em,10,2026-09-08T01:27:06+00:00,,2025-08-22T23:59:59+08:00,earliest_safe_bound:first_seen_or_qdii_tplus2,False,False,True
513390,2025-08-21,1.8507,1.8507,-0.58,暂停申购,场内卖出,akshare:eastmoney:fund_etf_fund_info_em,10,2026-09-08T01:27:06+00:00,,2025-08-25T23:59:59+08:00,earliest_safe_bound:first_seen_or_qdii_tplus2,False,False,True
513390,2025-08-22,1.88,1.88,1.58,暂停申购,场内卖出,akshare:eastmoney:fund_etf_fund_info_em,10,2026-09-08T01:27:06+00:00,,2025-08-26T23:59:59+08:00,earliest_safe_bound:first_seen_or_qdii_tplus2,False,False,True
513390,2025-08-25,1.87,1.87,-0.53,暂停申购,场内卖出,akshare:eastmoney:fund_etf_fund_info_em,10,2026-09-08T01:27:06+00:00,,2025-08-27T23:59:59+08:00,earliest_safe_bound:first_seen_or_qdii_tplus2,False,False,True
513390,2025-08-26,1.8786,1.8786,0.46,暂停申购,场内卖出,akshare:eastmoney:fund_etf_fund_info_em,10,2026-09-08T01:27:06+00:00,,2025-08-28T23:59:59+08:00,earliest_safe_bound:first_seen_or_qdii_tplus2,False,False,True
513390,2025-08-27,1.8797,1.8797,0.06,暂停申购,场内卖出,akshare:eastmoney:fund_etf_fund_info_em,10,2026-09-08T01:27:06+00:00,,2025-08-29T23:59:59+08:00,earliest_safe_bound:first_seen_or_qdii_tplus2,False,False,True
513390,2025-08-28,1.8894,1.8894,0.52,暂停申购,场内卖出,akshare:eastmoney:fund_etf_fund_info_em,10,2026-09-08T01:27:06+00:00,,2025-09-01T23:59:59+08:00,earliest_safe_bound:first_seen_or_qdii_tplus2,False,False,True
513390,2025-08-29,1.8657,1.8657,-1.25,暂停申购,场内卖出,akshare:eastmoney:fund_etf_fund_info_em,10,2026-09-08T01:27:06+00:00,,2025-09-02T23:59:59+08:00,earliest_safe_bound:first_seen_or_qdii_tplus2,False,False,True
513390,2025-09-01,1.8667,1.8667,0.05,暂停申购,暂停赎回,akshare:eastmoney:fund_etf_fund_info_em,10,2026-09-08T01:27:06+00:00,,2025-09-03T23:59:59+08:00,earliest_safe_bound:first_seen_or_qdii_tplus2,False,False,True
513390,2025-09-02,1.8524,1.8524,-0.77,暂停申购,场内卖出,akshare:eastmoney:fund_etf_fund_info_em,10,2026-09-08T01:27:06+00:00,,2025-09-04T23:59:59+08:00,earliest_safe_bound:first_seen_or_qdii_tplus2,False,False,True
513390,2025-09-03,1.8675,1.8675,0.82,暂停申购,场内卖出,akshare:eastmoney:fund_etf_fund_info_em,10,2026-09-08T01:27:06+00:00,,2025-09-05T23:59:59+08:00,earliest_safe_bound:first_seen_or_qdii_tplus2,False,False,True
513390,2025-09-04,1.8835,1.8835,0.86,暂停申购,场内卖出,akshare:eastmoney:fund_etf_fund_info_em,10,2026-09-08T01:27:06+00:00,,2025-09-08T23:59:59+08:00,earliest_safe_bound:first_seen_or_qdii_tplus2,False,False,True
513390,2025-09-05,1.8855,1.8855,0.11,暂停申购,场内卖出,akshare:eastmoney:fund_etf_fund_info_em,10,2026-09-08T01:27:06+00:00,,2025-09-09T23:59:59+08:00,earliest_safe_bound:first_seen_or_qdii_tplus2,False,False,True
513390,2025-09-08,1.8934,1.8934,0.42,暂停申购,场内卖出,akshare:eastmoney:fund_etf_fund_info_em,10,2026-09-08T01:27:06+00:00,,2025-09-10T23:59:59+08:00,earliest_safe_bound:first_seen_or_qdii_tplus2,False,False,True
513390,2025-09-09,1.899,1.899,0.3,暂停申购,场内卖出,akshare:eastmoney:fund_etf_fund_info_em,10,2026-09-08T01:27:06+00:00,,2025-09-11T23:59:59+08:00,earliest_safe_bound:first_seen_or_qdii_tplus2,False,False,True
513390,2025-09-10,1.9011,1.9011,0.11,暂停申购,场内卖出,akshare:eastmoney:fund_etf_fund_info_em,10,2026-09-08T01:27:06+00:00,,2025-09-12T23:59:59+08:00,earliest_safe_bound:first_seen_or_qdii_tplus2,False,False,True
513390,2025-09-11,1.9117,1.9117,0.56,暂停申购,场内卖出,akshare:eastmoney:fund_etf_fund_info_em,10,2026-09-08T01:27:06+00:00,,2025-09-15T23:59:59+08:00,earliest_safe_bound:first_seen_or_qdii_tplus2,False,False,True
513390,2025-09-12,1.9192,1.9192,0.39,暂停申购,场内卖出,akshare:eastmoney:fund_etf_fund_info_em,10,2026-09-08T01:27:06+00:00,,2025-09-16T23:59:59+08:00,earliest_safe_bound:first_seen_or_qdii_tplus2,False,False,True
513390,2025-09-15,1.9363,1.9363,0.89,暂停申购,场内卖出,akshare:eastmoney:fund_etf_fund_info_em,10,2026-09-08T01:27:06+00:00,,2025-09-17T23:59:59+08:00,earliest_safe_bound:first_seen_or_qdii_tplus2,False,False,True
513390,2025-09-16,1.9339,1.9339,-0.12,暂停申购,场内卖出,akshare:eastmoney:fund_etf_fund_info_em,10,2026-09-08T01:27:06+00:00,,2025-09-18T23:59:59+08:00,earliest_safe_bound:first_seen_or_qdii_tplus2,False,False,True
513390,2025-09-17,1.9293,1.9293,-0.24,暂停申购,场内卖出,akshare:eastmoney:fund_etf_fund_info_em,10,2026-09-08T01:27:06+00:00,,2025-09-19T23:59:59+08:00,earliest_safe_bound:first_seen_or_qdii_tplus2,False,False,True
513390,2025-09-18,1.9496,1.9496,1.05,暂停申购,场内卖出,akshare:eastmoney:fund_etf_fund_info_em,10,2026-09-08T01:27:06+00:00,,2025-09-22T23:59:59+08:00,earliest_safe_bound:first_seen_or_qdii_tplus2,False,False,True
513390,2025-09-19,1.9644,1.9644,0.76,暂停申购,场内卖出,akshare:eastmoney:fund_etf_fund_info_em,10,2026-09-08T01:27:06+00:00,,2025-09-23T23:59:59+08:00,earliest_safe_bound:first_seen_or_qdii_tplus2,False,False,True
513390,2025-09-22,1.9747,1.9747,0.52,暂停申购,场内卖出,akshare:eastmoney:fund_etf_fund_info_em,10,2026-09-08T01:27:06+00:00,,2025-09-24T23:59:59+08:00,earliest_safe_bound:first_seen_or_qdii_tplus2,False,False,True
513390,2025-09-23,1.959,1.959,-0.8,暂停申购,场内卖出,akshare:eastmoney:fund_etf_fund_info_em,10,2026-09-08T01:27:06+00:00,,2025-09-25T23:59:59+08:00,earliest_safe_bound:first_seen_or_qdii_tplus2,False,False,True
513390,2025-09-24,1.9534,1.9534,-0.29,暂停申购,场内卖出,akshare:eastmoney:fund_etf_fund_info_em,10,2026-09-08T01:27:06+00:00,,2025-09-26T23:59:59+08:00,earliest_safe_bound:first_seen_or_qdii_tplus2,False,False,True
513390,2025-09-25,1.946,1.946,-0.38,暂停申购,场内卖出,akshare:eastmoney:fund_etf_fund_info_em,10,2026-09-08T01:27:06+00:00,,2025-09-29T23:59:59+08:00,earliest_safe_bound:first_seen_or_qdii_tplus2,False,False,True
513390,2025-09-26,1.9553,1.9553,0.48,暂停申购,场内卖出,akshare:eastmoney:fund_etf_fund_info_em,10,2026-09-08T01:27:06+00:00,,2025-09-30T23:59:59+08:00,earliest_safe_bound:first_seen_or_qdii_tplus2,False,False,True
513390,2025-09-29,1.9621,1.9621,0.35,暂停申购,场内卖出,akshare:eastmoney:fund_etf_fund_info_em,10,2026-09-08T01:27:06+00:00,,2025-10-09T23:59:59+08:00,earliest_safe_bound:first_seen_or_qdii_tplus2,False,False,True
513390,2025-09-30,1.9666,1.9666,0.23,场内买入,场内卖出,akshare:eastmoney:fund_etf_fund_info_em,10,2026-09-08T01:27:06+00:00,,2025-10-10T23:59:59+08:00,earliest_safe_bound:first_seen_or_qdii_tplus2,False,False,True
513390,2025-10-09,2.0011,2.0011,1.75,场内买入,场内卖出,akshare:eastmoney:fund_etf_fund_info_em,10,2026-09-08T01:27:06+00:00,,2025-10-13T23:59:59+08:00,earliest_safe_bound:first_seen_or_qdii_tplus2,False,False,True
513390,2025-10-10,1.9298,1.9298,-3.56,场内买入,场内卖出,akshare:eastmoney:fund_etf_fund_info_em,10,2026-09-08T01:27:06+00:00,,2025-10-14T23:59:59+08:00,earliest_safe_bound:first_seen_or_qdii_tplus2,False,False,True
513390,2025-10-13,1.9706,1.9706,2.11,暂停申购,场内卖出,akshare:eastmoney:fund_etf_fund_info_em,10,2026-09-08T01:27:06+00:00,,2025-10-15T23:59:59+08:00,earliest_safe_bound:first_seen_or_qdii_tplus2,False,False,True
513390,2025-10-14,1.9574,1.9574,-0.67,暂停申购,场内卖出,akshare:eastmoney:fund_etf_fund_info_em,10,2026-09-08T01:27:06+00:00,,2025-10-16T23:59:59+08:00,earliest_safe_bound:first_seen_or_qdii_tplus2,False,False,True
513390,2025-10-15,1.9698,1.9698,0.63,暂停申购,场内卖出,akshare:eastmoney:fund_etf_fund_info_em,10,2026-09-08T01:27:06+00:00,,2025-10-17T23:59:59+08:00,earliest_safe_bound:first_seen_or_qdii_tplus2,False,False,True
513390,2025-10-16,1.962,1.962,-0.4,暂停申购,场内卖出,akshare:eastmoney:fund_etf_fund_info_em,10,2026-09-08T01:27:06+00:00,,2025-10-20T23:59:59+08:00,earliest_safe_bound:first_seen_or_qdii_tplus2,False,False,True
513390,2025-10-17,1.9742,1.9742,0.62,暂停申购,场内卖出,akshare:eastmoney:fund_etf_fund_info_em,10,2026-09-08T01:27:06+00:00,,2025-10-21T23:59:59+08:00,earliest_safe_bound:first_seen_or_qdii_tplus2,False,False,True
513390,2025-10-20,2.0004,2.0004,1.33,暂停申购,场内卖出,akshare:eastmoney:fund_etf_fund_info_em,10,2026-09-08T01:27:06+00:00,,2025-10-22T23:59:59+08:00,earliest_safe_bound:first_seen_or_qdii_tplus2,False,False,True
513390,2025-10-21,1.9981,1.9981,-0.11,暂停申购,场内卖出,akshare:eastmoney:fund_etf_fund_info_em,10,2026-09-08T01:27:06+00:00,,2025-10-23T23:59:59+08:00,earliest_safe_bound:first_seen_or_qdii_tplus2,False,False,True
513390,2025-10-22,1.979,1.979,-0.96,暂停申购,场内卖出,akshare:eastmoney:fund_etf_fund_info_em,10,2026-09-08T01:27:06+00:00,,2025-10-24T23:59:59+08:00,earliest_safe_bound:first_seen_or_qdii_tplus2,False,False,True
513390,2025-10-23,1.9953,1.9953,0.82,暂停申购,场内卖出,akshare:eastmoney:fund_etf_fund_info_em,10,2026-09-08T01:27:06+00:00,,2025-10-27T23:59:59+08:00,earliest_safe_bound:first_seen_or_qdii_tplus2,False,False,True
513390,2025-10-24,2.0162,2.0162,1.05,暂停申购,场内卖出,akshare:eastmoney:fund_etf_fund_info_em,10,2026-09-08T01:27:06+00:00,,2025-10-28T23:59:59+08:00,earliest_safe_bound:first_seen_or_qdii_tplus2,False,False,True
513390,2025-10-27,2.0515,2.0515,1.75,暂停申购,场内卖出,akshare:eastmoney:fund_etf_fund_info_em,10,2026-09-08T01:27:06+00:00,,2025-10-29T23:59:59+08:00,earliest_safe_bound:first_seen_or_qdii_tplus2,False,False,True
513390,2025-10-28,2.0659,2.0659,0.7,暂停申购,场内卖出,akshare:eastmoney:fund_etf_fund_info_em,10,2026-09-08T01:27:06+00:00,,2025-10-30T23:59:59+08:00,earliest_safe_bound:first_seen_or_qdii_tplus2,False,False,True
513390,2025-10-29,2.074,2.074,0.39,暂停申购,场内卖出,akshare:eastmoney:fund_etf_fund_info_em,10,2026-09-08T01:27:06+00:00,,2025-10-31T23:59:59+08:00,earliest_safe_bound:first_seen_or_qdii_tplus2,False,False,True
513390,2025-10-30,2.0441,2.0441,-1.44,暂停申购,场内卖出,akshare:eastmoney:fund_etf_fund_info_em,10,2026-09-08T01:27:06+00:00,,2025-11-03T23:59:59+08:00,earliest_safe_bound:first_seen_or_qdii_tplus2,False,False,True
513390,2025-10-31,2.0545,2.0545,0.51,暂停申购,场内卖出,akshare:eastmoney:fund_etf_fund_info_em,10,2026-09-08T01:27:06+00:00,,2025-11-04T23:59:59+08:00,earliest_safe_bound:first_seen_or_qdii_tplus2,False,False,True
513390,2025-11-03,2.063,2.063,0.41,暂停申购,场内卖出,akshare:eastmoney:fund_etf_fund_info_em,10,2026-09-08T01:27:06+00:00,,2025-11-05T23:59:59+08:00,earliest_safe_bound:first_seen_or_qdii_tplus2,False,False,True
513390,2025-11-04,2.021,2.021,-2.04,场内买入,场内卖出,akshare:eastmoney:fund_etf_fund_info_em,10,2026-09-08T01:27:06+00:00,,2025-11-06T23:59:59+08:00,earliest_safe_bound:first_seen_or_qdii_tplus2,False,False,True
513390,2025-11-05,2.036,2.036,0.74,场内买入,场内卖出,akshare:eastmoney:fund_etf_fund_info_em,10,2026-09-08T01:27:06+00:00,,2025-11-07T23:59:59+08:00,earliest_safe_bound:first_seen_or_qdii_tplus2,False,False,True
513390,2025-11-06,1.9959,1.9959,-1.97,场内买入,场内卖出,akshare:eastmoney:fund_etf_fund_info_em,10,2026-09-08T01:27:06+00:00,,2025-11-10T23:59:59+08:00,earliest_safe_bound:first_seen_or_qdii_tplus2,False,False,True
513390,2025-11-07,1.9895,1.9895,-0.32,场内买入,场内卖出,akshare:eastmoney:fund_etf_fund_info_em,10,2026-09-08T01:27:06+00:00,,2025-11-11T23:59:59+08:00,earliest_safe_bound:first_seen_or_qdii_tplus2,False,False,True
513390,2025-11-10,2.0339,2.0339,2.23,场内买入,场内卖出,akshare:eastmoney:fund_etf_fund_info_em,10,2026-09-08T01:27:06+00:00,,2025-11-12T23:59:59+08:00,earliest_safe_bound:first_seen_or_qdii_tplus2,False,False,True
513390,2025-11-11,2.028,2.028,-0.29,场内买入,场内卖出,akshare:eastmoney:fund_etf_fund_info_em,10,2026-09-08T01:27:06+00:00,,2025-11-13T23:59:59+08:00,earliest_safe_bound:first_seen_or_qdii_tplus2,False,False,True
513390,2025-11-12,2.0258,2.0258,-0.11,暂停申购,场内卖出,akshare:eastmoney:fund_etf_fund_info_em,10,2026-09-08T01:27:06+00:00,,2025-11-14T23:59:59+08:00,earliest_safe_bound:first_seen_or_qdii_tplus2,False,False,True
513390,2025-11-13,1.9851,1.9851,-2.01,暂停申购,场内卖出,akshare:eastmoney:fund_etf_fund_info_em,10,2026-09-08T01:27:06+00:00,,2025-11-17T23:59:59+08:00,earliest_safe_bound:first_seen_or_qdii_tplus2,False,False,True
513390,2025-11-14,1.9853,1.9853,0.01,暂停申购,场内卖出,akshare:eastmoney:fund_etf_fund_info_em,10,2026-09-08T01:27:06+00:00,,2025-11-18T23:59:59+08:00,earliest_safe_bound:first_seen_or_qdii_tplus2,False,False,True
513390,2025-11-17,1.9684,1.9684,-0.85,暂停申购,场内卖出,akshare:eastmoney:fund_etf_fund_info_em,10,2026-09-08T01:27:06+00:00,,2025-11-19T23:59:59+08:00,earliest_safe_bound:first_seen_or_qdii_tplus2,False,False,True
513390,2025-11-18,1.946,1.946,-1.14,暂停申购,场内卖出,akshare:eastmoney:fund_etf_fund_info_em,10,2026-09-08T01:27:06+00:00,,2025-11-20T23:59:59+08:00,earliest_safe_bound:first_seen_or_qdii_tplus2,False,False,True
513390,2025-11-19,1.9573,1.9573,0.58,暂停申购,场内卖出,akshare:eastmoney:fund_etf_fund_info_em,10,2026-09-08T01:27:06+00:00,,2025-11-21T23:59:59+08:00,earliest_safe_bound:first_seen_or_qdii_tplus2,False,False,True
513390,2025-11-20,1.9119,1.9119,-2.32,暂停申购,场内卖出,akshare:eastmoney:fund_etf_fund_info_em,10,2026-09-08T01:27:06+00:00,,2025-11-24T23:59:59+08:00,earliest_safe_bound:first_seen_or_qdii_tplus2,False,False,True
513390,2025-11-21,1.9258,1.9258,0.73,暂停申购,场内卖出,akshare:eastmoney:fund_etf_fund_info_em,10,2026-09-08T01:27:06+00:00,,2025-11-25T23:59:59+08:00,earliest_safe_bound:first_seen_or_qdii_tplus2,False,False,True
513390,2025-11-24,1.9754,1.9754,2.58,暂停申购,场内卖出,akshare:eastmoney:fund_etf_fund_info_em,10,2026-09-08T01:27:06+00:00,,2025-11-26T23:59:59+08:00,earliest_safe_bound:first_seen_or_qdii_tplus2,False,False,True
513390,2025-11-25,1.9862,1.9862,0.55,暂停申购,场内卖出,akshare:eastmoney:fund_etf_fund_info_em,10,2026-09-08T01:27:06+00:00,,2025-11-27T23:59:59+08:00,earliest_safe_bound:first_seen_or_qdii_tplus2,False,False,True
513390,2025-11-26,2.0027,2.0027,0.83,暂停申购,场内卖出,akshare:eastmoney:fund_etf_fund_info_em,10,2026-09-08T01:27:06+00:00,,2025-11-28T23:59:59+08:00,earliest_safe_bound:first_seen_or_qdii_tplus2,False,False,True
513390,2025-11-27,2.0022,2.0022,-0.02,暂停申购,暂停赎回,akshare:eastmoney:fund_etf_fund_info_em,10,2026-09-08T01:27:06+00:00,,2025-12-01T23:59:59+08:00,earliest_safe_bound:first_seen_or_qdii_tplus2,False,False,True
513390,2025-11-28,2.0181,2.0181,0.79,暂停申购,场内卖出,akshare:eastmoney:fund_etf_fund_info_em,10,2026-09-08T01:27:06+00:00,,2025-12-02T23:59:59+08:00,earliest_safe_bound:first_seen_or_qdii_tplus2,False,False,True
513390,2025-12-01,2.0099,2.0099,-0.41,暂停申购,场内卖出,akshare:eastmoney:fund_etf_fund_info_em,10,2026-09-08T01:27:06+00:00,,2025-12-03T23:59:59+08:00,earliest_safe_bound:first_seen_or_qdii_tplus2,False,False,True
513390,2025-12-02,2.0277,2.0277,0.89,暂停申购,场内卖出,akshare:eastmoney:fund_etf_fund_info_em,10,2026-09-08T01:27:06+00:00,,2025-12-04T23:59:59+08:00,earliest_safe_bound:first_seen_or_qdii_tplus2,False,False,True
513390,2025-12-03,2.0307,2.0307,0.15,暂停申购,场内卖出,akshare:eastmoney:fund_etf_fund_info_em,10,2026-09-08T01:27:06+00:00,,2025-12-05T23:59:59+08:00,earliest_safe_bound:first_seen_or_qdii_tplus2,False,False,True
513390,2025-12-04,2.0281,2.0281,-0.13,暂停申购,场内卖出,akshare:eastmoney:fund_etf_fund_info_em,10,2026-09-08T01:27:06+00:00,,2025-12-08T23:59:59+08:00,earliest_safe_bound:first_seen_or_qdii_tplus2,False,False,True
513390,2025-12-05,2.0375,2.0375,0.46,暂停申购,场内卖出,akshare:eastmoney:fund_etf_fund_info_em,10,2026-09-08T01:27:06+00:00,,2025-12-09T23:59:59+08:00,earliest_safe_bound:first_seen_or_qdii_tplus2,False,False,True
513390,2025-12-08,2.0329,2.0329,-0.23,暂停申购,场内卖出,akshare:eastmoney:fund_etf_fund_info_em,10,2026-09-08T01:27:06+00:00,,2025-12-10T23:59:59+08:00,earliest_safe_bound:first_seen_or_qdii_tplus2,False,False,True
513390,2025-12-09,2.0363,2.0363,0.17,暂停申购,场内卖出,akshare:eastmoney:fund_etf_fund_info_em,10,2026-09-08T01:27:06+00:00,,2025-12-11T23:59:59+08:00,earliest_safe_bound:first_seen_or_qdii_tplus2,False,False,True
513390,2025-12-10,2.0442,2.0442,0.39,暂停申购,场内卖出,akshare:eastmoney:fund_etf_fund_info_em,10,2026-09-08T01:27:06+00:00,,2025-12-12T23:59:59+08:00,earliest_safe_bound:first_seen_or_qdii_tplus2,False,False,True
513390,2025-12-11,2.0352,2.0352,-0.44,暂停申购,场内卖出,akshare:eastmoney:fund_etf_fund_info_em,10,2026-09-08T01:27:06+00:00,,2025-12-15T23:59:59+08:00,earliest_safe_bound:first_seen_or_qdii_tplus2,False,False,True
513390,2025-12-12,1.995,1.995,-1.98,暂停申购,场内卖出,akshare:eastmoney:fund_etf_fund_info_em,10,2026-09-08T01:27:06+00:00,,2025-12-16T23:59:59+08:00,earliest_safe_bound:first_seen_or_qdii_tplus2,False,False,True
513390,2025-12-15,1.9854,1.9854,-0.48,暂停申购,场内卖出,akshare:eastmoney:fund_etf_fund_info_em,10,2026-09-08T01:27:06+00:00,,2025-12-17T23:59:59+08:00,earliest_safe_bound:first_seen_or_qdii_tplus2,False,False,True
513390,2025-12-16,1.9889,1.9889,0.18,暂停申购,场内卖出,akshare:eastmoney:fund_etf_fund_info_em,10,2026-09-08T01:27:06+00:00,,2025-12-18T23:59:59+08:00,earliest_safe_bound:first_seen_or_qdii_tplus2,False,False,True
513390,2025-12-17,1.9498,1.9498,-1.97,暂停申购,场内卖出,akshare:eastmoney:fund_etf_fund_info_em,10,2026-09-08T01:27:06+00:00,,2025-12-19T23:59:59+08:00,earliest_safe_bound:first_seen_or_qdii_tplus2,False,False,True
513390,2025-12-18,1.9794,1.9794,1.52,暂停申购,场内卖出,akshare:eastmoney:fund_etf_fund_info_em,10,2026-09-08T01:27:06+00:00,,2025-12-22T23:59:59+08:00,earliest_safe_bound:first_seen_or_qdii_tplus2,False,False,True
513390,2025-12-19,2.0042,2.0042,1.25,暂停申购,场内卖出,akshare:eastmoney:fund_etf_fund_info_em,10,2026-09-08T01:27:06+00:00,,2025-12-23T23:59:59+08:00,earliest_safe_bound:first_seen_or_qdii_tplus2,False,False,True
513390,2025-12-22,2.0137,2.0137,0.47,暂停申购,场内卖出,akshare:eastmoney:fund_etf_fund_info_em,10,2026-09-08T01:27:06+00:00,,2025-12-24T23:59:59+08:00,earliest_safe_bound:first_seen_or_qdii_tplus2,False,False,True
513390,2025-12-23,2.0222,2.0222,0.42,暂停申购,场内卖出,akshare:eastmoney:fund_etf_fund_info_em,10,2026-09-08T01:27:06+00:00,,2025-12-25T23:59:59+08:00,earliest_safe_bound:first_seen_or_qdii_tplus2,False,False,True
513390,2025-12-24,2.0261,2.0261,0.19,暂停申购,场内卖出,akshare:eastmoney:fund_etf_fund_info_em,10,2026-09-08T01:27:06+00:00,,2025-12-26T23:59:59+08:00,earliest_safe_bound:first_seen_or_qdii_tplus2,False,False,True
513390,2025-12-25,2.0238,2.0238,-0.11,暂停申购,暂停赎回,akshare:eastmoney:fund_etf_fund_info_em,10,2026-09-08T01:27:06+00:00,,2025-12-29T23:59:59+08:00,earliest_safe_bound:first_seen_or_qdii_tplus2,False,False,True
513390,2025-12-26,2.0219,2.0219,-0.09,暂停申购,场内卖出,akshare:eastmoney:fund_etf_fund_info_em,10,2026-09-08T01:27:06+00:00,,2025-12-30T23:59:59+08:00,earliest_safe_bound:first_seen_or_qdii_tplus2,False,False,True
513390,2025-12-29,2.0116,2.0116,-0.51,暂停申购,场内卖出,akshare:eastmoney:fund_etf_fund_info_em,10,2026-09-08T01:27:06+00:00,,2025-12-31T23:59:59+08:00,earliest_safe_bound:first_seen_or_qdii_tplus2,False,False,True
513390,2025-12-30,2.0071,2.0071,-0.22,暂停申购,场内卖出,akshare:eastmoney:fund_etf_fund_info_em,10,2026-09-08T01:27:06+00:00,,2026-01-05T23:59:59+08:00,earliest_safe_bound:first_seen_or_qdii_tplus2,False,False,True
513390,2025-12-31,1.9887,1.9887,-0.92,暂停申购,场内卖出,akshare:eastmoney:fund_etf_fund_info_em,10,2026-09-08T01:27:06+00:00,,2026-01-06T23:59:59+08:00,earliest_safe_bound:first_seen_or_qdii_tplus2,False,False,True
513390,2026-01-05,1.9989,1.9989,0.51,暂停申购,场内卖出,akshare:eastmoney:fund_etf_fund_info_em,10,2026-09-08T01:27:06+00:00,,2026-01-07T23:59:59+08:00,earliest_safe_bound:first_seen_or_qdii_tplus2,False,False,True
513390,2026-01-06,2.016,2.016,0.86,暂停申购,场内卖出,akshare:eastmoney:fund_etf_fund_info_em,10,2026-09-08T01:27:06+00:00,,2026-01-08T23:59:59+08:00,earliest_safe_bound:first_seen_or_qdii_tplus2,False,False,True
513390,2026-01-07,2.0174,2.0174,0.07,暂停申购,场内卖出,akshare:eastmoney:fund_etf_fund_info_em,10,2026-09-08T01:27:06+00:00,,2026-01-09T23:59:59+08:00,earliest_safe_bound:first_seen_or_qdii_tplus2,False,False,True
513390,2026-01-08,2.0061,2.0061,-0.56,暂停申购,场内卖出,akshare:eastmoney:fund_etf_fund_info_em,10,2026-09-08T01:27:06+00:00,,2026-01-12T23:59:59+08:00,earliest_safe_bound:first_seen_or_qdii_tplus2,False,False,True
513390,2026-01-09,2.0245,2.0245,0.92,暂停申购,场内卖出,akshare:eastmoney:fund_etf_fund_info_em,10,2026-09-08T01:27:06+00:00,,2026-01-13T23:59:59+08:00,earliest_safe_bound:first_seen_or_qdii_tplus2,False,False,True
513390,2026-01-12,2.0255,2.0255,0.05,暂停申购,场内卖出,akshare:eastmoney:fund_etf_fund_info_em,10,2026-09-08T01:27:06+00:00,,2026-01-14T23:59:59+08:00,earliest_safe_bound:first_seen_or_qdii_tplus2,False,False,True
513390,2026-01-13,2.0217,2.0217,-0.19,暂停申购,场内卖出,akshare:eastmoney:fund_etf_fund_info_em,10,2026-09-08T01:27:06+00:00,,2026-01-15T23:59:59+08:00,earliest_safe_bound:first_seen_or_qdii_tplus2,False,False,True
513390,2026-01-14,2.0006,2.0006,-1.04,暂停申购,场内卖出,akshare:eastmoney:fund_etf_fund_info_em,10,2026-09-08T01:27:06+00:00,,2026-01-16T23:59:59+08:00,earliest_safe_bound:first_seen_or_qdii_tplus2,False,False,True
513390,2026-01-15,2.0053,2.0053,0.23,暂停申购,场内卖出,akshare:eastmoney:fund_etf_fund_info_em,10,2026-09-08T01:27:06+00:00,,2026-01-19T23:59:59+08:00,earliest_safe_bound:first_seen_or_qdii_tplus2,False,False,True
513390,2026-01-16,2.0043,2.0043,-0.05,暂停申购,场内卖出,akshare:eastmoney:fund_etf_fund_info_em,10,2026-09-08T01:27:06+00:00,,2026-01-20T23:59:59+08:00,earliest_safe_bound:first_seen_or_qdii_tplus2,False,False,True
513390,2026-01-19,2.0034,2.0034,-0.04,暂停申购,暂停赎回,akshare:eastmoney:fund_etf_fund_info_em,10,2026-09-08T01:27:06+00:00,,2026-01-21T23:59:59+08:00,earliest_safe_bound:first_seen_or_qdii_tplus2,False,False,True
513390,2026-01-20,1.9587,1.9587,-2.23,暂停申购,场内卖出,akshare:eastmoney:fund_etf_fund_info_em,10,2026-09-08T01:27:06+00:00,,2026-01-22T23:59:59+08:00,earliest_safe_bound:first_seen_or_qdii_tplus2,False,False,True
513390,2026-01-21,1.9857,1.9857,1.38,暂停申购,场内卖出,akshare:eastmoney:fund_etf_fund_info_em,10,2026-09-08T01:27:06+00:00,,2026-01-23T23:59:59+08:00,earliest_safe_bound:first_seen_or_qdii_tplus2,False,False,True
513390,2026-01-22,2.0008,2.0008,0.76,暂停申购,场内卖出,akshare:eastmoney:fund_etf_fund_info_em,10,2026-09-08T01:27:06+00:00,,2026-01-26T23:59:59+08:00,earliest_safe_bound:first_seen_or_qdii_tplus2,False,False,True
513390,2026-01-23,2.005,2.005,0.21,暂停申购,场内卖出,akshare:eastmoney:fund_etf_fund_info_em,10,2026-09-08T01:27:06+00:00,,2026-01-27T23:59:59+08:00,earliest_safe_bound:first_seen_or_qdii_tplus2,False,False,True
513390,2026-01-26,2.0109,2.0109,0.29,暂停申购,场内卖出,akshare:eastmoney:fund_etf_fund_info_em,10,2026-09-08T01:27:06+00:00,,2026-01-28T23:59:59+08:00,earliest_safe_bound:first_seen_or_qdii_tplus2,False,False,True
513390,2026-01-27,2.029,2.029,0.9,暂停申购,场内卖出,akshare:eastmoney:fund_etf_fund_info_em,10,2026-09-08T01:27:06+00:00,,2026-01-29T23:59:59+08:00,earliest_safe_bound:first_seen_or_qdii_tplus2,False,False,True
513390,2026-01-28,2.0325,2.0325,0.17,暂停申购,场内卖出,akshare:eastmoney:fund_etf_fund_info_em,10,2026-09-08T01:27:06+00:00,,2026-01-30T23:59:59+08:00,earliest_safe_bound:first_seen_or_qdii_tplus2,False,False,True
513390,2026-01-29,2.0221,2.0221,-0.51,暂停申购,场内卖出,akshare:eastmoney:fund_etf_fund_info_em,10,2026-09-08T01:27:06+00:00,,2026-02-02T23:59:59+08:00,earliest_safe_bound:first_seen_or_qdii_tplus2,False,False,True
513390,2026-01-30,1.9937,1.9937,-1.4,暂停申购,场内卖出,akshare:eastmoney:fund_etf_fund_info_em,10,2026-09-08T01:27:06+00:00,,2026-02-03T23:59:59+08:00,earliest_safe_bound:first_seen_or_qdii_tplus2,False,False,True
513390,2026-02-02,2.0086,2.0086,0.75,暂停申购,场内卖出,akshare:eastmoney:fund_etf_fund_info_em,10,2026-09-08T01:27:06+00:00,,2026-02-04T23:59:59+08:00,earliest_safe_bound:first_seen_or_qdii_tplus2,False,False,True
513390,2026-02-03,1.9749,1.9749,-1.68,暂停申购,场内卖出,akshare:eastmoney:fund_etf_fund_info_em,10,2026-09-08T01:27:06+00:00,,2026-02-05T23:59:59+08:00,earliest_safe_bound:first_seen_or_qdii_tplus2,False,False,True
513390,2026-02-04,1.9381,1.9381,-1.86,暂停申购,场内卖出,akshare:eastmoney:fund_etf_fund_info_em,10,2026-09-08T01:27:06+00:00,,2026-02-06T23:59:59+08:00,earliest_safe_bound:first_seen_or_qdii_tplus2,False,False,True
513390,2026-02-05,1.9124,1.9124,-1.33,暂停申购,场内卖出,akshare:eastmoney:fund_etf_fund_info_em,10,2026-09-08T01:27:06+00:00,,2026-02-09T23:59:59+08:00,earliest_safe_bound:first_seen_or_qdii_tplus2,False,False,True
513390,2026-02-06,1.9538,1.9538,2.16,暂停申购,场内卖出,akshare:eastmoney:fund_etf_fund_info_em,10,2026-09-08T01:27:06+00:00,,2026-02-10T23:59:59+08:00,earliest_safe_bound:first_seen_or_qdii_tplus2,False,False,True
513390,2026-02-09,1.9669,1.9669,0.67,暂停申购,场内卖出,akshare:eastmoney:fund_etf_fund_info_em,10,2026-09-08T01:27:06+00:00,,2026-02-11T23:59:59+08:00,earliest_safe_bound:first_seen_or_qdii_tplus2,False,False,True
513390,2026-02-10,1.9541,1.9541,-0.65,暂停申购,场内卖出,akshare:eastmoney:fund_etf_fund_info_em,10,2026-09-08T01:27:06+00:00,,2026-02-12T23:59:59+08:00,earliest_safe_bound:first_seen_or_qdii_tplus2,False,False,True
513390,2026-02-11,1.9592,1.9592,0.26,暂停申购,场内卖出,akshare:eastmoney:fund_etf_fund_info_em,10,2026-09-08T01:27:06+00:00,,2026-02-13T23:59:59+08:00,earliest_safe_bound:first_seen_or_qdii_tplus2,False,False,True
513390,2026-02-12,1.9198,1.9198,-2.01,暂停申购,场内卖出,akshare:eastmoney:fund_etf_fund_info_em,10,2026-09-08T01:27:06+00:00,,2026-02-24T23:59:59+08:00,earliest_safe_bound:first_seen_or_qdii_tplus2,False,False,True
513390,2026-02-13,1.9218,1.9218,0.1,暂停申购,场内卖出,akshare:eastmoney:fund_etf_fund_info_em,10,2026-09-08T01:27:06+00:00,,2026-02-25T23:59:59+08:00,earliest_safe_bound:first_seen_or_qdii_tplus2,False,False,True
513390,2026-02-24,1.9412,1.9412,1.01,暂停申购,场内卖出,akshare:eastmoney:fund_etf_fund_info_em,10,2026-09-08T01:27:06+00:00,,2026-02-26T23:59:59+08:00,earliest_safe_bound:first_seen_or_qdii_tplus2,False,False,True
513390,2026-02-25,1.9658,1.9658,1.27,暂停申购,场内卖出,akshare:eastmoney:fund_etf_fund_info_em,10,2026-09-08T01:27:06+00:00,,2026-02-27T23:59:59+08:00,earliest_safe_bound:first_seen_or_qdii_tplus2,False,False,True
513390,2026-02-26,1.9403,1.9403,-1.3,暂停申购,场内卖出,akshare:eastmoney:fund_etf_fund_info_em,10,2026-09-08T01:27:06+00:00,,2026-03-02T23:59:59+08:00,earliest_safe_bound:first_seen_or_qdii_tplus2,False,False,True
513390,2026-02-27,1.9348,1.9348,-0.28,暂停申购,场内卖出,akshare:eastmoney:fund_etf_fund_info_em,10,2026-09-08T01:27:06+00:00,,2026-03-03T23:59:59+08:00,earliest_safe_bound:first_seen_or_qdii_tplus2,False,False,True
513390,2026-03-02,1.9374,1.9374,0.13,暂停申购,场内卖出,akshare:eastmoney:fund_etf_fund_info_em,10,2026-09-08T01:27:06+00:00,,2026-03-04T23:59:59+08:00,earliest_safe_bound:first_seen_or_qdii_tplus2,False,False,True
513390,2026-03-03,1.9123,1.9123,-1.3,暂停申购,场内卖出,akshare:eastmoney:fund_etf_fund_info_em,10,2026-09-08T01:27:06+00:00,,2026-03-05T23:59:59+08:00,earliest_safe_bound:first_seen_or_qdii_tplus2,False,False,True
513390,2026-03-04,1.942,1.942,1.55,暂停申购,场内卖出,akshare:eastmoney:fund_etf_fund_info_em,10,2026-09-08T01:27:06+00:00,,2026-03-06T23:59:59+08:00,earliest_safe_bound:first_seen_or_qdii_tplus2,False,False,True
513390,2026-03-05,1.933,1.933,-0.46,暂停申购,场内卖出,akshare:eastmoney:fund_etf_fund_info_em,10,2026-09-08T01:27:06+00:00,,2026-03-09T23:59:59+08:00,earliest_safe_bound:first_seen_or_qdii_tplus2,False,False,True
513390,2026-03-06,1.9047,1.9047,-1.46,暂停申购,场内卖出,akshare:eastmoney:fund_etf_fund_info_em,10,2026-09-08T01:27:06+00:00,,2026-03-10T23:59:59+08:00,earliest_safe_bound:first_seen_or_qdii_tplus2,False,False,True
513390,2026-03-09,1.9335,1.9335,1.51,暂停申购,场内卖出,akshare:eastmoney:fund_etf_fund_info_em,10,2026-09-08T01:27:06+00:00,,2026-03-11T23:59:59+08:00,earliest_safe_bound:first_seen_or_qdii_tplus2,False,False,True
513390,2026-03-10,1.9277,1.9277,-0.3,暂停申购,场内卖出,akshare:eastmoney:fund_etf_fund_info_em,10,2026-09-08T01:27:06+00:00,,2026-03-12T23:59:59+08:00,earliest_safe_bound:first_seen_or_qdii_tplus2,False,False,True
513390,2026-03-11,1.9265,1.9265,-0.06,暂停申购,场内卖出,akshare:eastmoney:fund_etf_fund_info_em,10,2026-09-08T01:27:06+00:00,,2026-03-13T23:59:59+08:00,earliest_safe_bound:first_seen_or_qdii_tplus2,False,False,True
513390,2026-03-12,1.8944,1.8944,-1.67,暂停申购,场内卖出,akshare:eastmoney:fund_etf_fund_info_em,10,2026-09-08T01:27:06+00:00,,2026-03-16T23:59:59+08:00,earliest_safe_bound:first_seen_or_qdii_tplus2,False,False,True
513390,2026-03-13,1.8841,1.8841,-0.54,暂停申购,场内卖出,akshare:eastmoney:fund_etf_fund_info_em,10,2026-09-08T01:27:06+00:00,,2026-03-17T23:59:59+08:00,earliest_safe_bound:first_seen_or_qdii_tplus2,False,False,True
513390,2026-03-16,1.9066,1.9066,1.19,暂停申购,场内卖出,akshare:eastmoney:fund_etf_fund_info_em,10,2026-09-08T01:27:06+00:00,,2026-03-18T23:59:59+08:00,earliest_safe_bound:first_seen_or_qdii_tplus2,False,False,True
513390,2026-03-17,1.9135,1.9135,0.36,暂停申购,场内卖出,akshare:eastmoney:fund_etf_fund_info_em,10,2026-09-08T01:27:06+00:00,,2026-03-19T23:59:59+08:00,earliest_safe_bound:first_seen_or_qdii_tplus2,False,False,True
513390,2026-03-18,1.8846,1.8846,-1.51,暂停申购,场内卖出,akshare:eastmoney:fund_etf_fund_info_em,10,2026-09-08T01:27:06+00:00,,2026-03-20T23:59:59+08:00,earliest_safe_bound:first_seen_or_qdii_tplus2,False,False,True
513390,2026-03-19,1.8812,1.8812,-0.18,暂停申购,场内卖出,akshare:eastmoney:fund_etf_fund_info_em,10,2026-09-08T01:27:06+00:00,,2026-03-23T23:59:59+08:00,earliest_safe_bound:first_seen_or_qdii_tplus2,False,False,True
513390,2026-03-20,1.8442,1.8442,-1.97,暂停申购,场内卖出,akshare:eastmoney:fund_etf_fund_info_em,10,2026-09-08T01:27:06+00:00,,2026-03-24T23:59:59+08:00,earliest_safe_bound:first_seen_or_qdii_tplus2,False,False,True
513390,2026-03-23,1.8705,1.8705,1.43,暂停申购,场内卖出,akshare:eastmoney:fund_etf_fund_info_em,10,2026-09-08T01:27:06+00:00,,2026-03-25T23:59:59+08:00,earliest_safe_bound:first_seen_or_qdii_tplus2,False,False,True
513390,2026-03-24,1.8534,1.8534,-0.91,暂停申购,场内卖出,akshare:eastmoney:fund_etf_fund_info_em,10,2026-09-08T01:27:06+00:00,,2026-03-26T23:59:59+08:00,earliest_safe_bound:first_seen_or_qdii_tplus2,False,False,True
513390,2026-03-25,1.8649,1.8649,0.62,暂停申购,场内卖出,akshare:eastmoney:fund_etf_fund_info_em,10,2026-09-08T01:27:06+00:00,,2026-03-27T23:59:59+08:00,earliest_safe_bound:first_seen_or_qdii_tplus2,False,False,True
513390,2026-03-26,1.8243,1.8243,-2.18,暂停申购,场内卖出,akshare:eastmoney:fund_etf_fund_info_em,10,2026-09-08T01:27:06+00:00,,2026-03-30T23:59:59+08:00,earliest_safe_bound:first_seen_or_qdii_tplus2,False,False,True
513390,2026-03-27,1.7914,1.7914,-1.8,暂停申购,场内卖出,akshare:eastmoney:fund_etf_fund_info_em,10,2026-09-08T01:27:06+00:00,,2026-03-31T23:59:59+08:00,earliest_safe_bound:first_seen_or_qdii_tplus2,False,False,True
513390,2026-03-30,1.7795,1.7795,-0.66,暂停申购,场内卖出,akshare:eastmoney:fund_etf_fund_info_em,10,2026-09-08T01:27:06+00:00,,2026-04-01T23:59:59+08:00,earliest_safe_bound:first_seen_or_qdii_tplus2,False,False,True
513390,2026-03-31,1.8396,1.8396,3.38,暂停申购,场内卖出,akshare:eastmoney:fund_etf_fund_info_em,10,2026-09-08T01:27:06+00:00,,2026-04-02T23:59:59+08:00,earliest_safe_bound:first_seen_or_qdii_tplus2,False,False,True
513390,2026-04-01,1.8568,1.8568,0.93,暂停申购,场内卖出,akshare:eastmoney:fund_etf_fund_info_em,10,2026-09-08T01:27:06+00:00,,2026-04-03T23:59:59+08:00,earliest_safe_bound:first_seen_or_qdii_tplus2,False,False,True
513390,2026-04-02,1.855,1.855,-0.1,暂停申购,场内卖出,akshare:eastmoney:fund_etf_fund_info_em,10,2026-09-08T01:27:06+00:00,,2026-04-07T23:59:59+08:00,earliest_safe_bound:first_seen_or_qdii_tplus2,False,False,True
513390,2026-04-03,1.8563,1.8563,0.07,暂停申购,暂停赎回,akshare:eastmoney:fund_etf_fund_info_em,10,2026-09-08T01:27:06+00:00,,2026-04-08T23:59:59+08:00,earliest_safe_bound:first_seen_or_qdii_tplus2,False,False,True
513390,2026-04-07,1.8662,1.8662,0.53,暂停申购,场内卖出,akshare:eastmoney:fund_etf_fund_info_em,10,2026-09-08T01:27:06+00:00,,2026-04-09T23:59:59+08:00,earliest_safe_bound:first_seen_or_qdii_tplus2,False,False,True
513390,2026-04-08,1.9153,1.9153,2.63,暂停申购,场内卖出,akshare:eastmoney:fund_etf_fund_info_em,10,2026-09-08T01:27:06+00:00,,2026-04-10T23:59:59+08:00,earliest_safe_bound:first_seen_or_qdii_tplus2,False,False,True
513390,2026-04-09,1.9281,1.9281,0.67,暂停申购,场内卖出,akshare:eastmoney:fund_etf_fund_info_em,10,2026-09-08T01:27:06+00:00,,2026-04-13T23:59:59+08:00,earliest_safe_bound:first_seen_or_qdii_tplus2,False,False,True
513390,2026-04-10,1.9308,1.9308,0.14,暂停申购,场内卖出,akshare:eastmoney:fund_etf_fund_info_em,10,2026-09-08T01:27:06+00:00,,2026-04-14T23:59:59+08:00,earliest_safe_bound:first_seen_or_qdii_tplus2,False,False,True
513390,2026-04-13,1.9513,1.9513,1.06,场内买入,场内卖出,akshare:eastmoney:fund_etf_fund_info_em,10,2026-09-08T01:27:06+00:00,,2026-04-15T23:59:59+08:00,earliest_safe_bound:first_seen_or_qdii_tplus2,False,False,True
513390,2026-04-14,1.9846,1.9846,1.71,场内买入,场内卖出,akshare:eastmoney:fund_etf_fund_info_em,10,2026-09-08T01:27:06+00:00,,2026-04-16T23:59:59+08:00,earliest_safe_bound:first_seen_or_qdii_tplus2,False,False,True
513390,2026-04-15,2.012,2.012,1.38,场内买入,场内卖出,akshare:eastmoney:fund_etf_fund_info_em,10,2026-09-08T01:27:06+00:00,,2026-04-17T23:59:59+08:00,earliest_safe_bound:first_seen_or_qdii_tplus2,False,False,True
513390,2026-04-16,2.0228,2.0228,0.54,场内买入,场内卖出,akshare:eastmoney:fund_etf_fund_info_em,10,2026-09-08T01:27:06+00:00,,2026-04-20T23:59:59+08:00,earliest_safe_bound:first_seen_or_qdii_tplus2,False,False,True
513390,2026-04-17,2.049,2.049,1.3,场内买入,场内卖出,akshare:eastmoney:fund_etf_fund_info_em,10,2026-09-08T01:27:06+00:00,,2026-04-21T23:59:59+08:00,earliest_safe_bound:first_seen_or_qdii_tplus2,False,False,True
513390,2026-04-20,2.0434,2.0434,-0.27,场内买入,场内卖出,akshare:eastmoney:fund_etf_fund_info_em,10,2026-09-08T01:27:06+00:00,,2026-04-22T23:59:59+08:00,earliest_safe_bound:first_seen_or_qdii_tplus2,False,False,True
513390,2026-04-21,2.0333,2.0333,-0.49,场内买入,场内卖出,akshare:eastmoney:fund_etf_fund_info_em,10,2026-09-08T01:27:06+00:00,,2026-04-23T23:59:59+08:00,earliest_safe_bound:first_seen_or_qdii_tplus2,False,False,True
513390,2026-04-22,2.0696,2.0696,1.79,场内买入,场内卖出,akshare:eastmoney:fund_etf_fund_info_em,10,2026-09-08T01:27:06+00:00,,2026-04-24T23:59:59+08:00,earliest_safe_bound:first_seen_or_qdii_tplus2,False,False,True
513390,2026-04-23,2.0581,2.0581,-0.56,场内买入,场内卖出,akshare:eastmoney:fund_etf_fund_info_em,10,2026-09-08T01:27:06+00:00,,2026-04-27T23:59:59+08:00,earliest_safe_bound:first_seen_or_qdii_tplus2,False,False,True
513390,2026-04-24,2.0988,2.0988,1.98,暂停申购,场内卖出,akshare:eastmoney:fund_etf_fund_info_em,10,2026-09-08T01:27:06+00:00,,2026-04-28T23:59:59+08:00,earliest_safe_bound:first_seen_or_qdii_tplus2,False,False,True
513390,2026-04-27,2.096,2.096,-0.13,暂停申购,场内卖出,akshare:eastmoney:fund_etf_fund_info_em,10,2026-09-08T01:27:06+00:00,,2026-04-29T23:59:59+08:00,earliest_safe_bound:first_seen_or_qdii_tplus2,False,False,True
513390,2026-04-28,2.075,2.075,-1.0,暂停申购,场内卖出,akshare:eastmoney:fund_etf_fund_info_em,10,2026-09-08T01:27:06+00:00,,2026-04-30T23:59:59+08:00,earliest_safe_bound:first_seen_or_qdii_tplus2,False,False,True
513390,2026-04-29,2.0877,2.0877,0.61,暂停申购,场内卖出,akshare:eastmoney:fund_etf_fund_info_em,10,2026-09-08T01:27:06+00:00,,2026-05-06T23:59:59+08:00,earliest_safe_bound:first_seen_or_qdii_tplus2,False,False,True
513390,2026-04-30,2.1086,2.1086,1.0,暂停申购,场内卖出,akshare:eastmoney:fund_etf_fund_info_em,10,2026-09-08T01:27:06+00:00,,2026-05-07T23:59:59+08:00,earliest_safe_bound:first_seen_or_qdii_tplus2,False,False,True
513390,2026-05-06,2.1945,2.1945,4.07,暂停申购,场内卖出,akshare:eastmoney:fund_etf_fund_info_em,10,2026-09-08T01:27:06+00:00,,2026-05-08T23:59:59+08:00,earliest_safe_bound:first_seen_or_qdii_tplus2,False,False,True
513390,2026-05-07,2.1894,2.1894,-0.23,暂停申购,场内卖出,akshare:eastmoney:fund_etf_fund_info_em,10,2026-09-08T01:27:06+00:00,,2026-05-11T23:59:59+08:00,earliest_safe_bound:first_seen_or_qdii_tplus2,False,False,True
513390,2026-05-08,2.2413,2.2413,2.37,暂停申购,场内卖出,akshare:eastmoney:fund_etf_fund_info_em,10,2026-09-08T01:27:06+00:00,,2026-05-12T23:59:59+08:00,earliest_safe_bound:first_seen_or_qdii_tplus2,False,False,True
513390,2026-05-11,2.2468,2.2468,0.25,暂停申购,场内卖出,akshare:eastmoney:fund_etf_fund_info_em,10,2026-09-08T01:27:06+00:00,,2026-05-13T23:59:59+08:00,earliest_safe_bound:first_seen_or_qdii_tplus2,False,False,True
513390,2026-05-12,2.2258,2.2258,-0.93,暂停申购,场内卖出,akshare:eastmoney:fund_etf_fund_info_em,10,2026-09-08T01:27:06+00:00,,2026-05-14T23:59:59+08:00,earliest_safe_bound:first_seen_or_qdii_tplus2,False,False,True
513390,2026-05-13,2.2492,2.2492,1.05,暂停申购,场内卖出,akshare:eastmoney:fund_etf_fund_info_em,10,2026-09-08T01:27:06+00:00,,2026-05-15T23:59:59+08:00,earliest_safe_bound:first_seen_or_qdii_tplus2,False,False,True
513390,2026-05-14,2.2645,2.2645,0.68,暂停申购,场内卖出,akshare:eastmoney:fund_etf_fund_info_em,10,2026-09-08T01:27:06+00:00,,2026-05-18T23:59:59+08:00,earliest_safe_bound:first_seen_or_qdii_tplus2,False,False,True
513390,2026-05-15,2.2304,2.2304,-1.51,暂停申购,场内卖出,akshare:eastmoney:fund_etf_fund_info_em,10,2026-09-08T01:27:06+00:00,,2026-05-19T23:59:59+08:00,earliest_safe_bound:first_seen_or_qdii_tplus2,False,False,True
513390,2026-05-18,2.2215,2.2215,-0.4,暂停申购,场内卖出,akshare:eastmoney:fund_etf_fund_info_em,10,2026-09-08T01:27:06+00:00,,2026-05-20T23:59:59+08:00,earliest_safe_bound:first_seen_or_qdii_tplus2,False,False,True
513390,2026-05-19,2.2061,2.2061,-0.69,暂停申购,场内卖出,akshare:eastmoney:fund_etf_fund_info_em,10,2026-09-08T01:27:06+00:00,,2026-05-21T23:59:59+08:00,earliest_safe_bound:first_seen_or_qdii_tplus2,False,False,True
513390,2026-05-20,2.2437,2.2437,1.7,暂停申购,场内卖出,akshare:eastmoney:fund_etf_fund_info_em,10,2026-09-08T01:27:06+00:00,,2026-05-22T23:59:59+08:00,earliest_safe_bound:first_seen_or_qdii_tplus2,False,False,True
513390,2026-05-21,2.2462,2.2462,0.11,暂停申购,场内卖出,akshare:eastmoney:fund_etf_fund_info_em,10,2026-09-08T01:27:06+00:00,,2026-05-25T23:59:59+08:00,earliest_safe_bound:first_seen_or_qdii_tplus2,False,False,True
513390,2026-05-22,2.2566,2.2566,0.46,暂停申购,场内卖出,akshare:eastmoney:fund_etf_fund_info_em,10,2026-09-08T01:27:06+00:00,,2026-05-26T23:59:59+08:00,earliest_safe_bound:first_seen_or_qdii_tplus2,False,False,True
513390,2026-05-25,2.2547,2.2547,-0.08,暂停申购,暂停赎回,akshare:eastmoney:fund_etf_fund_info_em,10,2026-09-08T01:27:06+00:00,,2026-05-27T23:59:59+08:00,earliest_safe_bound:first_seen_or_qdii_tplus2,False,False,True
513390,2026-05-26,2.2936,2.2936,1.73,暂停申购,场内卖出,akshare:eastmoney:fund_etf_fund_info_em,10,2026-09-08T01:27:06+00:00,,2026-05-28T23:59:59+08:00,earliest_safe_bound:first_seen_or_qdii_tplus2,False,False,True
513390,2026-05-27,2.2916,2.2916,-0.09,暂停申购,场内卖出,akshare:eastmoney:fund_etf_fund_info_em,10,2026-09-08T01:27:06+00:00,,2026-05-29T23:59:59+08:00,earliest_safe_bound:first_seen_or_qdii_tplus2,False,False,True
513390,2026-05-28,2.3094,2.3094,0.78,暂停申购,场内卖出,akshare:eastmoney:fund_etf_fund_info_em,10,2026-09-08T01:27:06+00:00,,2026-06-01T23:59:59+08:00,earliest_safe_bound:first_seen_or_qdii_tplus2,False,False,True
513390,2026-05-29,2.3156,2.3156,0.27,暂停申购,场内卖出,akshare:eastmoney:fund_etf_fund_info_em,10,2026-09-08T01:27:06+00:00,,2026-06-02T23:59:59+08:00,earliest_safe_bound:first_seen_or_qdii_tplus2,False,False,True
513390,2026-06-01,2.3287,2.3287,0.57,暂停申购,场内卖出,akshare:eastmoney:fund_etf_fund_info_em,10,2026-09-08T01:27:06+00:00,,2026-06-03T23:59:59+08:00,earliest_safe_bound:first_seen_or_qdii_tplus2,False,False,True
513390,2026-06-02,2.3406,2.3406,0.51,暂停申购,场内卖出,akshare:eastmoney:fund_etf_fund_info_em,10,2026-09-08T01:27:06+00:00,,2026-06-04T23:59:59+08:00,earliest_safe_bound:first_seen_or_qdii_tplus2,False,False,True
513390,2026-06-03,2.3336,2.3336,-0.3,暂停申购,场内卖出,akshare:eastmoney:fund_etf_fund_info_em,10,2026-09-08T01:27:06+00:00,,2026-06-05T23:59:59+08:00,earliest_safe_bound:first_seen_or_qdii_tplus2,False,False,True
513390,2026-06-04,2.3222,2.3222,-0.49,暂停申购,场内卖出,akshare:eastmoney:fund_etf_fund_info_em,10,2026-09-08T01:27:06+00:00,,2026-06-08T23:59:59+08:00,earliest_safe_bound:first_seen_or_qdii_tplus2,False,False,True
513390,2026-06-05,2.2102,2.2102,-4.82,暂停申购,场内卖出,akshare:eastmoney:fund_etf_fund_info_em,10,2026-09-08T01:27:06+00:00,,2026-06-09T23:59:59+08:00,earliest_safe_bound:first_seen_or_qdii_tplus2,False,False,True
513390,2026-06-08,2.2463,2.2463,1.63,暂停申购,场内卖出,akshare:eastmoney:fund_etf_fund_info_em,10,2026-09-08T01:27:06+00:00,,2026-06-10T23:59:59+08:00,earliest_safe_bound:first_seen_or_qdii_tplus2,False,False,True
513390,2026-06-09,2.2194,2.2194,-1.2,暂停申购,场内卖出,akshare:eastmoney:fund_etf_fund_info_em,10,2026-09-08T01:27:06+00:00,,2026-06-11T23:59:59+08:00,earliest_safe_bound:first_seen_or_qdii_tplus2,False,False,True
513390,2026-06-10,2.1749,2.1749,-2.01,暂停申购,场内卖出,akshare:eastmoney:fund_etf_fund_info_em,10,2026-09-08T01:27:06+00:00,,2026-06-12T23:59:59+08:00,earliest_safe_bound:first_seen_or_qdii_tplus2,False,False,True
513390,2026-06-11,2.247,2.247,3.32,暂停申购,场内卖出,akshare:eastmoney:fund_etf_fund_info_em,10,2026-09-08T01:27:06+00:00,,2026-06-15T23:59:59+08:00,earliest_safe_bound:first_seen_or_qdii_tplus2,False,False,True
513390,2026-06-12,2.2601,2.2601,0.58,暂停申购,场内卖出,akshare:eastmoney:fund_etf_fund_info_em,10,2026-09-08T01:27:06+00:00,,2026-06-16T23:59:59+08:00,earliest_safe_bound:first_seen_or_qdii_tplus2,False,False,True
513390,2026-06-15,2.3286,2.3286,3.03,暂停申购,场内卖出,akshare:eastmoney:fund_etf_fund_info_em,10,2026-09-08T01:27:06+00:00,,2026-06-17T23:59:59+08:00,earliest_safe_bound:first_seen_or_qdii_tplus2,False,False,True
513390,2026-06-16,2.2854,2.2854,-1.86,暂停申购,场内卖出,akshare:eastmoney:fund_etf_fund_info_em,10,2026-09-08T01:27:06+00:00,,2026-06-18T23:59:59+08:00,earliest_safe_bound:first_seen_or_qdii_tplus2,False,False,True
513390,2026-06-17,2.2618,2.2618,-1.03,暂停申购,场内卖出,akshare:eastmoney:fund_etf_fund_info_em,10,2026-09-08T01:27:06+00:00,,2026-06-22T23:59:59+08:00,earliest_safe_bound:first_seen_or_qdii_tplus2,False,False,True
513390,2026-06-18,2.3189,2.3189,2.52,暂停申购,场内卖出,akshare:eastmoney:fund_etf_fund_info_em,10,2026-09-08T01:27:06+00:00,,2026-06-23T23:59:59+08:00,earliest_safe_bound:first_seen_or_qdii_tplus2,False,False,True
513390,2026-06-22,2.3142,2.3142,-0.2,暂停申购,场内卖出,akshare:eastmoney:fund_etf_fund_info_em,10,2026-09-08T01:27:06+00:00,,2026-06-24T23:59:59+08:00,earliest_safe_bound:first_seen_or_qdii_tplus2,False,False,True
513390,2026-06-23,2.2387,2.2387,-3.26,暂停申购,场内卖出,akshare:eastmoney:fund_etf_fund_info_em,10,2026-09-08T01:27:06+00:00,,2026-06-25T23:59:59+08:00,earliest_safe_bound:first_seen_or_qdii_tplus2,False,False,True
513390,2026-06-24,2.2297,2.2297,-0.4,暂停申购,场内卖出,akshare:eastmoney:fund_etf_fund_info_em,10,2026-09-08T01:27:06+00:00,,2026-06-26T23:59:59+08:00,earliest_safe_bound:first_seen_or_qdii_tplus2,False,False,True
513390,2026-06-25,2.2469,2.2469,0.77,暂停申购,场内卖出,akshare:eastmoney:fund_etf_fund_info_em,10,2026-09-08T01:27:06+00:00,,2026-06-29T23:59:59+08:00,earliest_safe_bound:first_seen_or_qdii_tplus2,False,False,True
513390,2026-06-26,2.2208,2.2208,-1.16,暂停申购,场内卖出,akshare:eastmoney:fund_etf_fund_info_em,10,2026-09-08T01:27:06+00:00,,2026-06-30T23:59:59+08:00,earliest_safe_bound:first_seen_or_qdii_tplus2,False,False,True
513390,2026-06-29,2.2711,2.2711,2.26,暂停申购,场内卖出,akshare:eastmoney:fund_etf_fund_info_em,10,2026-09-08T01:27:06+00:00,,2026-07-01T23:59:59+08:00,earliest_safe_bound:first_seen_or_qdii_tplus2,False,False,True
513390,2026-06-30,2.3069,2.3069,1.58,暂停申购,场内卖出,akshare:eastmoney:fund_etf_fund_info_em,10,2026-09-08T01:27:06+00:00,,2026-07-02T23:59:59+08:00,earliest_safe_bound:first_seen_or_qdii_tplus2,False,False,True
513390,2026-07-01,2.2702,2.2702,-1.59,场内买入,场内卖出,akshare:eastmoney:fund_etf_fund_info_em,10,2026-09-08T01:27:06+00:00,,2026-07-03T23:59:59+08:00,earliest_safe_bound:first_seen_or_qdii_tplus2,False,False,True
513390,2026-07-02,2.2342,2.2342,-1.59,场内买入,场内卖出,akshare:eastmoney:fund_etf_fund_info_em,10,2026-09-08T01:27:06+00:00,,2026-07-06T23:59:59+08:00,earliest_safe_bound:first_seen_or_qdii_tplus2,False,False,True
513390,2026-07-03,2.2328,2.2328,-0.06,暂停申购,暂停赎回,akshare:eastmoney:fund_etf_fund_info_em,10,2026-09-08T01:27:06+00:00,,2026-07-07T23:59:59+08:00,earliest_safe_bound:first_seen_or_qdii_tplus2,False,False,True
513390,2026-07-06,2.2615,2.2615,1.29,场内买入,场内卖出,akshare:eastmoney:fund_etf_fund_info_em,10,2026-09-08T01:27:06+00:00,,2026-07-08T23:59:59+08:00,earliest_safe_bound:first_seen_or_qdii_tplus2,False,False,True
513390,2026-07-07,2.2226,2.2226,-1.72,场内买入,场内卖出,akshare:eastmoney:fund_etf_fund_info_em,10,2026-09-08T01:27:06+00:00,,2026-07-09T23:59:59+08:00,earliest_safe_bound:first_seen_or_qdii_tplus2,False,False,True
513390,2026-07-08,2.2293,2.2293,0.3,场内买入,场内卖出,akshare:eastmoney:fund_etf_fund_info_em,10,2026-09-08T01:27:06+00:00,,2026-07-10T23:59:59+08:00,earliest_safe_bound:first_seen_or_qdii_tplus2,False,False,True
513390,2026-07-09,2.264,2.264,1.56,场内买入,场内卖出,akshare:eastmoney:fund_etf_fund_info_em,10,2026-09-08T01:27:06+00:00,,2026-07-13T23:59:59+08:00,earliest_safe_bound:first_seen_or_qdii_tplus2,False,False,True
513390,2026-07-10,2.2699,2.2699,0.26,场内买入,场内卖出,akshare:eastmoney:fund_etf_fund_info_em,10,2026-09-08T01:27:06+00:00,,2026-07-14T23:59:59+08:00,earliest_safe_bound:first_seen_or_qdii_tplus2,False,False,True
513390,2026-07-13,2.2265,2.2265,-1.91,场内买入,场内卖出,akshare:eastmoney:fund_etf_fund_info_em,10,2026-09-08T01:27:06+00:00,,2026-07-15T23:59:59+08:00,earliest_safe_bound:first_seen_or_qdii_tplus2,False,False,True
513390,2026-07-14,2.2516,2.2516,1.13,场内买入,场内卖出,akshare:eastmoney:fund_etf_fund_info_em,10,2026-09-08T01:27:06+00:00,,2026-07-16T23:59:59+08:00,earliest_safe_bound:first_seen_or_qdii_tplus2,False,False,True
513390,2026-07-15,2.2425,2.2425,-0.4,场内买入,场内卖出,akshare:eastmoney:fund_etf_fund_info_em,10,2026-09-08T01:27:06+00:00,,2026-07-17T23:59:59+08:00,earliest_safe_bound:first_seen_or_qdii_tplus2,False,False,True
513390,2026-07-16,2.2063,2.2063,-1.61,场内买入,场内卖出,akshare:eastmoney:fund_etf_fund_info_em,10,2026-09-08T01:27:06+00:00,,2026-07-20T23:59:59+08:00,earliest_safe_bound:first_seen_or_qdii_tplus2,False,False,True
513390,2026-07-17,2.1741,2.1741,-1.46,场内买入,场内卖出,akshare:eastmoney:fund_etf_fund_info_em,10,2026-09-08T01:27:06+00:00,,2026-07-21T23:59:59+08:00,earliest_safe_bound:first_seen_or_qdii_tplus2,False,False,True
513390,2026-07-20,2.1753,2.1753,0.06,场内买入,场内卖出,akshare:eastmoney:fund_etf_fund_info_em,10,2026-09-08T01:27:06+00:00,,2026-07-22T23:59:59+08:00,earliest_safe_bound:first_seen_or_qdii_tplus2,False,False,True
513390,2026-07-21,2.216,2.216,1.87,场内买入,场内卖出,akshare:eastmoney:fund_etf_fund_info_em,10,2026-09-08T01:27:06+00:00,,2026-07-23T23:59:59+08:00,earliest_safe_bound:first_seen_or_qdii_tplus2,False,False,True
513390,2026-07-22,2.2046,2.2046,-0.51,场内买入,场内卖出,akshare:eastmoney:fund_etf_fund_info_em,10,2026-09-08T01:27:06+00:00,,2026-07-24T23:59:59+08:00,earliest_safe_bound:first_seen_or_qdii_tplus2,False,False,True
513390,2026-07-23,2.1625,2.1625,-1.91,场内买入,场内卖出,akshare:eastmoney:fund_etf_fund_info_em,10,2026-09-08T01:27:06+00:00,,2026-07-27T23:59:59+08:00,earliest_safe_bound:first_seen_or_qdii_tplus2,False,False,True
513390,2026-07-24,2.1387,2.1387,-1.1,场内买入,场内卖出,akshare:eastmoney:fund_etf_fund_info_em,10,2026-09-08T01:27:06+00:00,,2026-07-28T23:59:59+08:00,earliest_safe_bound:first_seen_or_qdii_tplus2,False,False,True
513390,2026-07-27,2.1309,2.1309,-0.36,场内买入,场内卖出,akshare:eastmoney:fund_etf_fund_info_em,10,2026-09-08T01:27:06+00:00,,2026-07-29T23:59:59+08:00,earliest_safe_bound:first_seen_or_qdii_tplus2,False,False,True
513390,2026-07-28,2.1105,2.1105,-0.96,场内买入,场内卖出,akshare:eastmoney:fund_etf_fund_info_em,10,2026-09-08T01:27:06+00:00,,2026-07-30T23:59:59+08:00,earliest_safe_bound:first_seen_or_qdii_tplus2,False,False,True
513390,2026-07-29,2.0663,2.0663,-2.09,场内买入,场内卖出,akshare:eastmoney:fund_etf_fund_info_em,10,2026-09-08T01:27:06+00:00,,2026-07-31T23:59:59+08:00,earliest_safe_bound:first_seen_or_qdii_tplus2,False,False,True
513390,2026-07-30,2.1354,2.1354,3.34,场内买入,场内卖出,akshare:eastmoney:fund_etf_fund_info_em,10,2026-09-08T01:27:06+00:00,,2026-08-03T23:59:59+08:00,earliest_safe_bound:first_seen_or_qdii_tplus2,False,False,True
513390,2026-07-31,2.1482,2.1482,0.6,场内买入,场内卖出,akshare:eastmoney:fund_etf_fund_info_em,10,2026-09-08T01:27:06+00:00,,2026-08-04T23:59:59+08:00,earliest_safe_bound:first_seen_or_qdii_tplus2,False,False,True
513390,2026-08-03,2.1864,2.1864,1.78,场内买入,场内卖出,akshare:eastmoney:fund_etf_fund_info_em,10,2026-09-08T01:27:06+00:00,,2026-08-05T23:59:59+08:00,earliest_safe_bound:first_seen_or_qdii_tplus2,False,False,True
513390,2026-08-04,2.2596,2.2596,3.35,场内买入,场内卖出,akshare:eastmoney:fund_etf_fund_info_em,10,2026-09-08T01:27:06+00:00,,2026-08-06T23:59:59+08:00,earliest_safe_bound:first_seen_or_qdii_tplus2,False,False,True
513390,2026-08-05,2.24,2.24,-0.87,场内买入,场内卖出,akshare:eastmoney:fund_etf_fund_info_em,10,2026-09-08T01:27:06+00:00,,2026-08-07T23:59:59+08:00,earliest_safe_bound:first_seen_or_qdii_tplus2,False,False,True
513390,2026-08-06,2.2315,2.2315,-0.38,场内买入,场内卖出,akshare:eastmoney:fund_etf_fund_info_em,10,2026-09-08T01:27:06+00:00,,2026-08-10T23:59:59+08:00,earliest_safe_bound:first_seen_or_qdii_tplus2,False,False,True
513390,2026-08-07,2.2582,2.2582,1.2,场内买入,场内卖出,akshare:eastmoney:fund_etf_fund_info_em,10,2026-09-08T01:27:06+00:00,,2026-08-11T23:59:59+08:00,earliest_safe_bound:first_seen_or_qdii_tplus2,False,False,True
513390,2026-08-10,2.25,2.25,-0.36,场内买入,场内卖出,akshare:eastmoney:fund_etf_fund_info_em,10,2026-09-08T01:27:06+00:00,,2026-08-12T23:59:59+08:00,earliest_safe_bound:first_seen_or_qdii_tplus2,False,False,True
513390,2026-08-11,2.2431,2.2431,-0.31,场内买入,场内卖出,akshare:eastmoney:fund_etf_fund_info_em,10,2026-09-08T01:27:06+00:00,,2026-08-13T23:59:59+08:00,earliest_safe_bound:first_seen_or_qdii_tplus2,False,False,True
513390,2026-08-12,2.259,2.259,0.71,场内买入,场内卖出,akshare:eastmoney:fund_etf_fund_info_em,10,2026-09-08T01:27:06+00:00,,2026-08-14T23:59:59+08:00,earliest_safe_bound:first_seen_or_qdii_tplus2,False,False,True
513390,2026-08-13,2.285,2.285,1.15,场内买入,场内卖出,akshare:eastmoney:fund_etf_fund_info_em,10,2026-09-08T01:27:06+00:00,,2026-08-17T23:59:59+08:00,earliest_safe_bound:first_seen_or_qdii_tplus2,False,False,True
513390,2026-08-14,2.2818,2.2818,-0.14,场内买入,场内卖出,akshare:eastmoney:fund_etf_fund_info_em,10,2026-09-08T01:27:06+00:00,,2026-08-18T23:59:59+08:00,earliest_safe_bound:first_seen_or_qdii_tplus2,False,False,True
513390,2026-08-17,2.2778,2.2778,-0.18,场内买入,场内卖出,akshare:eastmoney:fund_etf_fund_info_em,10,2026-09-08T01:27:06+00:00,,2026-08-19T23:59:59+08:00,earliest_safe_bound:first_seen_or_qdii_tplus2,False,False,True
513390,2026-08-18,2.2405,2.2405,-1.64,场内买入,场内卖出,akshare:eastmoney:fund_etf_fund_info_em,10,2026-09-08T01:27:06+00:00,,2026-08-20T23:59:59+08:00,earliest_safe_bound:first_seen_or_qdii_tplus2,False,False,True
513390,2026-08-19,2.2338,2.2338,-0.3,场内买入,场内卖出,akshare:eastmoney:fund_etf_fund_info_em,10,2026-09-08T01:27:06+00:00,,2026-08-21T23:59:59+08:00,earliest_safe_bound:first_seen_or_qdii_tplus2,False,False,True
513390,2026-08-20,2.2164,2.2164,-0.78,场内买入,场内卖出,akshare:eastmoney:fund_etf_fund_info_em,10,2026-09-08T01:27:06+00:00,,2026-08-24T23:59:59+08:00,earliest_safe_bound:first_seen_or_qdii_tplus2,False,False,True
513390,2026-08-21,2.2241,2.2241,0.35,场内买入,场内卖出,akshare:eastmoney:fund_etf_fund_info_em,10,2026-09-08T01:43:31+00:00,,2026-08-25T23:59:59+08:00,earliest_safe_bound:first_seen_or_qdii_tplus2,False,False,True
513390,2026-08-24,2.2032,2.2032,-0.94,场内买入,场内卖出,akshare:eastmoney:fund_etf_fund_info_em,10,2026-09-08T01:43:31+00:00,,2026-08-26T23:59:59+08:00,earliest_safe_bound:first_seen_or_qdii_tplus2,False,False,True
513390,2026-08-25,2.2175,2.2175,0.65,场内买入,场内卖出,akshare:eastmoney:fund_etf_fund_info_em,10,2026-09-08T01:43:31+00:00,,2026-08-27T23:59:59+08:00,earliest_safe_bound:first_seen_or_qdii_tplus2,False,False,True
513390,2026-08-26,2.2179,2.2179,0.02,场内买入,场内卖出,akshare:eastmoney:fund_etf_fund_info_em,10,2026-09-08T01:43:31+00:00,,2026-08-28T23:59:59+08:00,earliest_safe_bound:first_seen_or_qdii_tplus2,False,False,True
513390,2026-08-27,2.2496,2.2496,1.43,场内买入,场内卖出,akshare:eastmoney:fund_etf_fund_info_em,10,2026-09-08T01:43:31+00:00,,2026-08-31T23:59:59+08:00,earliest_safe_bound:first_seen_or_qdii_tplus2,False,False,True
513390,2026-08-28,2.233,2.233,-0.74,场内买入,场内卖出,akshare:eastmoney:fund_etf_fund_info_em,10,2026-09-08T01:43:31+00:00,,2026-09-01T23:59:59+08:00,earliest_safe_bound:first_seen_or_qdii_tplus2,False,False,True
513390,2026-08-31,2.2352,2.2352,0.1,场内买入,场内卖出,akshare:eastmoney:fund_etf_fund_info_em,10,2026-09-08T01:43:31+00:00,,2026-09-02T23:59:59+08:00,earliest_safe_bound:first_seen_or_qdii_tplus2,False,False,True
513390,2026-09-01,2.206,2.206,-1.31,场内买入,场内卖出,akshare:eastmoney:fund_etf_fund_info_em,10,2026-09-08T01:43:31+00:00,,2026-09-03T23:59:59+08:00,earliest_safe_bound:first_seen_or_qdii_tplus2,False,False,True
513390,2026-09-02,2.2116,2.2116,0.25,场内买入,场内卖出,akshare:eastmoney:fund_etf_fund_info_em,10,2026-09-08T01:43:31+00:00,,2026-09-04T23:59:59+08:00,earliest_safe_bound:first_seen_or_qdii_tplus2,False,False,True
513390,2026-09-03,2.2365,2.2365,1.13,场内买入,场内卖出,akshare:eastmoney:fund_etf_fund_info_em,10,2026-09-08T01:43:31+00:00,,2026-09-07T23:59:59+08:00,earliest_safe_bound:first_seen_or_qdii_tplus2,False,False,True
513390,2026-09-04,2.241,2.241,0.2,场内买入,场内卖出,akshare:eastmoney:fund_etf_fund_info_em,10,2026-09-08T02:21:29+00:00,,2026-09-08T10:21:29+08:00,first_seen_ingestion_bound,False,False,True
513870,2025-06-16,1.4982,1.4982,1.44,场内买入,场内卖出,akshare:eastmoney:fund_etf_fund_info_em,10,2026-09-08T01:27:31+00:00,,2025-06-18T23:59:59+08:00,earliest_safe_bound:first_seen_or_qdii_tplus2,False,False,True
513870,2025-06-17,1.4823,1.4823,-1.06,场内买入,场内卖出,akshare:eastmoney:fund_etf_fund_info_em,10,2026-09-08T01:27:31+00:00,,2025-06-19T23:59:59+08:00,earliest_safe_bound:first_seen_or_qdii_tplus2,False,False,True
513870,2025-06-18,1.4827,1.4827,0.03,场内买入,场内卖出,akshare:eastmoney:fund_etf_fund_info_em,10,2026-09-08T01:27:31+00:00,,2025-06-20T23:59:59+08:00,earliest_safe_bound:first_seen_or_qdii_tplus2,False,False,True
513870,2025-06-19,1.482,1.482,-0.05,暂停申购,暂停赎回,akshare:eastmoney:fund_etf_fund_info_em,10,2026-09-08T01:27:31+00:00,,2025-06-23T23:59:59+08:00,earliest_safe_bound:first_seen_or_qdii_tplus2,False,False,True
513870,2025-06-20,1.4751,1.4751,-0.47,场内买入,场内卖出,akshare:eastmoney:fund_etf_fund_info_em,10,2026-09-08T01:27:31+00:00,,2025-06-24T23:59:59+08:00,earliest_safe_bound:first_seen_or_qdii_tplus2,False,False,True
513870,2025-06-23,1.491,1.491,1.08,场内买入,场内卖出,akshare:eastmoney:fund_etf_fund_info_em,10,2026-09-08T01:27:31+00:00,,2025-06-25T23:59:59+08:00,earliest_safe_bound:first_seen_or_qdii_tplus2,False,False,True
513870,2025-06-24,1.5126,1.5126,1.45,场内买入,场内卖出,akshare:eastmoney:fund_etf_fund_info_em,10,2026-09-08T01:27:31+00:00,,2025-06-26T23:59:59+08:00,earliest_safe_bound:first_seen_or_qdii_tplus2,False,False,True
513870,2025-06-25,1.516,1.516,0.22,场内买入,场内卖出,akshare:eastmoney:fund_etf_fund_info_em,10,2026-09-08T01:27:31+00:00,,2025-06-27T23:59:59+08:00,earliest_safe_bound:first_seen_or_qdii_tplus2,False,False,True
513870,2025-06-26,1.5292,1.5292,0.87,场内买入,场内卖出,akshare:eastmoney:fund_etf_fund_info_em,10,2026-09-08T01:27:31+00:00,,2025-06-30T23:59:59+08:00,earliest_safe_bound:first_seen_or_qdii_tplus2,False,False,True
513870,2025-06-27,1.5353,1.5353,0.4,场内买入,场内卖出,akshare:eastmoney:fund_etf_fund_info_em,10,2026-09-08T01:27:31+00:00,,2025-07-01T23:59:59+08:00,earliest_safe_bound:first_seen_or_qdii_tplus2,False,False,True
513870,2025-06-30,1.5442,1.5442,0.58,场内买入,场内卖出,akshare:eastmoney:fund_etf_fund_info_em,10,2026-09-08T01:27:31+00:00,,2025-07-02T23:59:59+08:00,earliest_safe_bound:first_seen_or_qdii_tplus2,False,False,True
513870,2025-07-01,1.5293,1.5293,-0.96,场内买入,场内卖出,akshare:eastmoney:fund_etf_fund_info_em,10,2026-09-08T01:27:31+00:00,,2025-07-03T23:59:59+08:00,earliest_safe_bound:first_seen_or_qdii_tplus2,False,False,True
513870,2025-07-02,1.5408,1.5408,0.75,场内买入,场内卖出,akshare:eastmoney:fund_etf_fund_info_em,10,2026-09-08T01:27:31+00:00,,2025-07-04T23:59:59+08:00,earliest_safe_bound:first_seen_or_qdii_tplus2,False,False,True
513870,2025-07-03,1.5557,1.5557,0.97,场内买入,场内卖出,akshare:eastmoney:fund_etf_fund_info_em,10,2026-09-08T01:27:31+00:00,,2025-07-07T23:59:59+08:00,earliest_safe_bound:first_seen_or_qdii_tplus2,False,False,True
513870,2025-07-04,1.556,1.556,0.02,暂停申购,暂停赎回,akshare:eastmoney:fund_etf_fund_info_em,10,2026-09-08T01:27:31+00:00,,2025-07-08T23:59:59+08:00,earliest_safe_bound:first_seen_or_qdii_tplus2,False,False,True
513870,2025-07-07,1.5429,1.5429,-0.84,暂停申购,场内卖出,akshare:eastmoney:fund_etf_fund_info_em,10,2026-09-08T01:27:31+00:00,,2025-07-09T23:59:59+08:00,earliest_safe_bound:first_seen_or_qdii_tplus2,False,False,True
513870,2025-07-08,1.5446,1.5446,0.11,暂停申购,场内卖出,akshare:eastmoney:fund_etf_fund_info_em,10,2026-09-08T01:27:31+00:00,,2025-07-10T23:59:59+08:00,earliest_safe_bound:first_seen_or_qdii_tplus2,False,False,True
513870,2025-07-09,1.5557,1.5557,0.72,暂停申购,场内卖出,akshare:eastmoney:fund_etf_fund_info_em,10,2026-09-08T01:27:31+00:00,,2025-07-11T23:59:59+08:00,earliest_safe_bound:first_seen_or_qdii_tplus2,False,False,True
513870,2025-07-10,1.5527,1.5527,-0.19,暂停申购,场内卖出,akshare:eastmoney:fund_etf_fund_info_em,10,2026-09-08T01:27:31+00:00,,2025-07-14T23:59:59+08:00,earliest_safe_bound:first_seen_or_qdii_tplus2,False,False,True
513870,2025-07-11,1.5486,1.5486,-0.26,暂停申购,场内卖出,akshare:eastmoney:fund_etf_fund_info_em,10,2026-09-08T01:27:31+00:00,,2025-07-15T23:59:59+08:00,earliest_safe_bound:first_seen_or_qdii_tplus2,False,False,True
513870,2025-07-14,1.5539,1.5539,0.34,暂停申购,场内卖出,akshare:eastmoney:fund_etf_fund_info_em,10,2026-09-08T01:27:31+00:00,,2025-07-16T23:59:59+08:00,earliest_safe_bound:first_seen_or_qdii_tplus2,False,False,True
513870,2025-07-15,1.556,1.556,0.14,暂停申购,场内卖出,akshare:eastmoney:fund_etf_fund_info_em,10,2026-09-08T01:27:31+00:00,,2025-07-17T23:59:59+08:00,earliest_safe_bound:first_seen_or_qdii_tplus2,False,False,True
513870,2025-07-16,1.5582,1.5582,0.14,暂停申购,场内卖出,akshare:eastmoney:fund_etf_fund_info_em,10,2026-09-08T01:27:31+00:00,,2025-07-18T23:59:59+08:00,earliest_safe_bound:first_seen_or_qdii_tplus2,False,False,True
513870,2025-07-17,1.5682,1.5682,0.64,暂停申购,场内卖出,akshare:eastmoney:fund_etf_fund_info_em,10,2026-09-08T01:27:31+00:00,,2025-07-21T23:59:59+08:00,earliest_safe_bound:first_seen_or_qdii_tplus2,False,False,True
513870,2025-07-18,1.5681,1.5681,-0.01,暂停申购,场内卖出,akshare:eastmoney:fund_etf_fund_info_em,10,2026-09-08T01:27:31+00:00,,2025-07-22T23:59:59+08:00,earliest_safe_bound:first_seen_or_qdii_tplus2,False,False,True
513870,2025-07-21,1.5765,1.5765,0.54,暂停申购,场内卖出,akshare:eastmoney:fund_etf_fund_info_em,10,2026-09-08T01:27:31+00:00,,2025-07-23T23:59:59+08:00,earliest_safe_bound:first_seen_or_qdii_tplus2,False,False,True
513870,2025-07-22,1.5671,1.5671,-0.6,暂停申购,场内卖出,akshare:eastmoney:fund_etf_fund_info_em,10,2026-09-08T01:27:31+00:00,,2025-07-24T23:59:59+08:00,earliest_safe_bound:first_seen_or_qdii_tplus2,False,False,True
513870,2025-07-23,1.5728,1.5728,0.36,暂停申购,场内卖出,akshare:eastmoney:fund_etf_fund_info_em,10,2026-09-08T01:27:31+00:00,,2025-07-25T23:59:59+08:00,earliest_safe_bound:first_seen_or_qdii_tplus2,False,False,True
513870,2025-07-24,1.576,1.576,0.2,暂停申购,场内卖出,akshare:eastmoney:fund_etf_fund_info_em,10,2026-09-08T01:27:31+00:00,,2025-07-28T23:59:59+08:00,earliest_safe_bound:first_seen_or_qdii_tplus2,False,False,True
513870,2025-07-25,1.5803,1.5803,0.27,暂停申购,场内卖出,akshare:eastmoney:fund_etf_fund_info_em,10,2026-09-08T01:27:31+00:00,,2025-07-29T23:59:59+08:00,earliest_safe_bound:first_seen_or_qdii_tplus2,False,False,True
513870,2025-07-28,1.5871,1.5871,0.43,暂停申购,场内卖出,akshare:eastmoney:fund_etf_fund_info_em,10,2026-09-08T01:27:31+00:00,,2025-07-30T23:59:59+08:00,earliest_safe_bound:first_seen_or_qdii_tplus2,False,False,True
513870,2025-07-29,1.5848,1.5848,-0.14,暂停申购,场内卖出,akshare:eastmoney:fund_etf_fund_info_em,10,2026-09-08T01:27:31+00:00,,2025-07-31T23:59:59+08:00,earliest_safe_bound:first_seen_or_qdii_tplus2,False,False,True
513870,2025-07-30,1.5857,1.5857,0.06,暂停申购,场内卖出,akshare:eastmoney:fund_etf_fund_info_em,10,2026-09-08T01:27:31+00:00,,2025-08-01T23:59:59+08:00,earliest_safe_bound:first_seen_or_qdii_tplus2,False,False,True
513870,2025-07-31,1.5783,1.5783,-0.47,场内买入,场内卖出,akshare:eastmoney:fund_etf_fund_info_em,10,2026-09-08T01:27:31+00:00,,2025-08-04T23:59:59+08:00,earliest_safe_bound:first_seen_or_qdii_tplus2,False,False,True
513870,2025-08-01,1.5475,1.5475,-1.95,场内买入,场内卖出,akshare:eastmoney:fund_etf_fund_info_em,10,2026-09-08T01:27:31+00:00,,2025-08-05T23:59:59+08:00,earliest_safe_bound:first_seen_or_qdii_tplus2,False,False,True
513870,2025-08-04,1.5741,1.5741,1.72,场内买入,场内卖出,akshare:eastmoney:fund_etf_fund_info_em,10,2026-09-08T01:27:31+00:00,,2025-08-06T23:59:59+08:00,earliest_safe_bound:first_seen_or_qdii_tplus2,False,False,True
513870,2025-08-05,1.5619,1.5619,-0.78,场内买入,场内卖出,akshare:eastmoney:fund_etf_fund_info_em,10,2026-09-08T01:27:31+00:00,,2025-08-07T23:59:59+08:00,earliest_safe_bound:first_seen_or_qdii_tplus2,False,False,True
513870,2025-08-06,1.5829,1.5829,1.34,场内买入,场内卖出,akshare:eastmoney:fund_etf_fund_info_em,10,2026-09-08T01:27:31+00:00,,2025-08-08T23:59:59+08:00,earliest_safe_bound:first_seen_or_qdii_tplus2,False,False,True
513870,2025-08-07,1.5865,1.5865,0.23,场内买入,场内卖出,akshare:eastmoney:fund_etf_fund_info_em,10,2026-09-08T01:27:31+00:00,,2025-08-11T23:59:59+08:00,earliest_safe_bound:first_seen_or_qdii_tplus2,False,False,True
513870,2025-08-08,1.6024,1.6024,1.0,场内买入,场内卖出,akshare:eastmoney:fund_etf_fund_info_em,10,2026-09-08T01:27:31+00:00,,2025-08-12T23:59:59+08:00,earliest_safe_bound:first_seen_or_qdii_tplus2,False,False,True
513870,2025-08-11,1.5973,1.5973,-0.32,场内买入,场内卖出,akshare:eastmoney:fund_etf_fund_info_em,10,2026-09-08T01:27:31+00:00,,2025-08-13T23:59:59+08:00,earliest_safe_bound:first_seen_or_qdii_tplus2,False,False,True
513870,2025-08-12,1.6188,1.6188,1.35,场内买入,场内卖出,akshare:eastmoney:fund_etf_fund_info_em,10,2026-09-08T01:27:31+00:00,,2025-08-14T23:59:59+08:00,earliest_safe_bound:first_seen_or_qdii_tplus2,False,False,True
513870,2025-08-13,1.6179,1.6179,-0.06,场内买入,场内卖出,akshare:eastmoney:fund_etf_fund_info_em,10,2026-09-08T01:27:31+00:00,,2025-08-15T23:59:59+08:00,earliest_safe_bound:first_seen_or_qdii_tplus2,False,False,True
513870,2025-08-14,1.6164,1.6164,-0.09,场内买入,场内卖出,akshare:eastmoney:fund_etf_fund_info_em,10,2026-09-08T01:27:31+00:00,,2025-08-18T23:59:59+08:00,earliest_safe_bound:first_seen_or_qdii_tplus2,False,False,True
513870,2025-08-15,1.6092,1.6092,-0.45,场内买入,场内卖出,akshare:eastmoney:fund_etf_fund_info_em,10,2026-09-08T01:27:31+00:00,,2025-08-19T23:59:59+08:00,earliest_safe_bound:first_seen_or_qdii_tplus2,False,False,True
513870,2025-08-18,1.6081,1.6081,-0.07,场内买入,场内卖出,akshare:eastmoney:fund_etf_fund_info_em,10,2026-09-08T01:27:31+00:00,,2025-08-20T23:59:59+08:00,earliest_safe_bound:first_seen_or_qdii_tplus2,False,False,True
513870,2025-08-19,1.5867,1.5867,-1.33,场内买入,场内卖出,akshare:eastmoney:fund_etf_fund_info_em,10,2026-09-08T01:27:31+00:00,,2025-08-21T23:59:59+08:00,earliest_safe_bound:first_seen_or_qdii_tplus2,False,False,True
513870,2025-08-20,1.578,1.578,-0.55,场内买入,场内卖出,akshare:eastmoney:fund_etf_fund_info_em,10,2026-09-08T01:27:31+00:00,,2025-08-22T23:59:59+08:00,earliest_safe_bound:first_seen_or_qdii_tplus2,False,False,True
513870,2025-08-21,1.5688,1.5688,-0.58,场内买入,场内卖出,akshare:eastmoney:fund_etf_fund_info_em,10,2026-09-08T01:27:31+00:00,,2025-08-25T23:59:59+08:00,earliest_safe_bound:first_seen_or_qdii_tplus2,False,False,True
513870,2025-08-22,1.5938,1.5938,1.59,场内买入,场内卖出,akshare:eastmoney:fund_etf_fund_info_em,10,2026-09-08T01:27:31+00:00,,2025-08-26T23:59:59+08:00,earliest_safe_bound:first_seen_or_qdii_tplus2,False,False,True
513870,2025-08-25,1.5852,1.5852,-0.54,场内买入,场内卖出,akshare:eastmoney:fund_etf_fund_info_em,10,2026-09-08T01:27:31+00:00,,2025-08-27T23:59:59+08:00,earliest_safe_bound:first_seen_or_qdii_tplus2,False,False,True
513870,2025-08-26,1.5925,1.5925,0.46,场内买入,场内卖出,akshare:eastmoney:fund_etf_fund_info_em,10,2026-09-08T01:27:31+00:00,,2025-08-28T23:59:59+08:00,earliest_safe_bound:first_seen_or_qdii_tplus2,False,False,True
513870,2025-08-27,1.5935,1.5935,0.06,场内买入,场内卖出,akshare:eastmoney:fund_etf_fund_info_em,10,2026-09-08T01:27:31+00:00,,2025-08-29T23:59:59+08:00,earliest_safe_bound:first_seen_or_qdii_tplus2,False,False,True
513870,2025-08-28,1.6017,1.6017,0.51,场内买入,场内卖出,akshare:eastmoney:fund_etf_fund_info_em,10,2026-09-08T01:27:31+00:00,,2025-09-01T23:59:59+08:00,earliest_safe_bound:first_seen_or_qdii_tplus2,False,False,True
513870,2025-08-29,1.5816,1.5816,-1.25,场内买入,场内卖出,akshare:eastmoney:fund_etf_fund_info_em,10,2026-09-08T01:27:31+00:00,,2025-09-02T23:59:59+08:00,earliest_safe_bound:first_seen_or_qdii_tplus2,False,False,True
513870,2025-09-01,1.5825,1.5825,0.06,暂停申购,暂停赎回,akshare:eastmoney:fund_etf_fund_info_em,10,2026-09-08T01:27:31+00:00,,2025-09-03T23:59:59+08:00,earliest_safe_bound:first_seen_or_qdii_tplus2,False,False,True
513870,2025-09-02,1.5704,1.5704,-0.76,场内买入,场内卖出,akshare:eastmoney:fund_etf_fund_info_em,10,2026-09-08T01:27:31+00:00,,2025-09-04T23:59:59+08:00,earliest_safe_bound:first_seen_or_qdii_tplus2,False,False,True
513870,2025-09-03,1.5831,1.5831,0.81,场内买入,场内卖出,akshare:eastmoney:fund_etf_fund_info_em,10,2026-09-08T01:27:31+00:00,,2025-09-05T23:59:59+08:00,earliest_safe_bound:first_seen_or_qdii_tplus2,False,False,True
513870,2025-09-04,1.5967,1.5967,0.86,场内买入,场内卖出,akshare:eastmoney:fund_etf_fund_info_em,10,2026-09-08T01:27:31+00:00,,2025-09-08T23:59:59+08:00,earliest_safe_bound:first_seen_or_qdii_tplus2,False,False,True
513870,2025-09-05,1.5984,1.5984,0.11,场内买入,场内卖出,akshare:eastmoney:fund_etf_fund_info_em,10,2026-09-08T01:27:31+00:00,,2025-09-09T23:59:59+08:00,earliest_safe_bound:first_seen_or_qdii_tplus2,False,False,True
513870,2025-09-08,1.605,1.605,0.41,场内买入,场内卖出,akshare:eastmoney:fund_etf_fund_info_em,10,2026-09-08T01:27:31+00:00,,2025-09-10T23:59:59+08:00,earliest_safe_bound:first_seen_or_qdii_tplus2,False,False,True
513870,2025-09-09,1.6097,1.6097,0.29,场内买入,场内卖出,akshare:eastmoney:fund_etf_fund_info_em,10,2026-09-08T01:27:31+00:00,,2025-09-11T23:59:59+08:00,earliest_safe_bound:first_seen_or_qdii_tplus2,False,False,True
513870,2025-09-10,1.6115,1.6115,0.11,场内买入,场内卖出,akshare:eastmoney:fund_etf_fund_info_em,10,2026-09-08T01:27:31+00:00,,2025-09-12T23:59:59+08:00,earliest_safe_bound:first_seen_or_qdii_tplus2,False,False,True
513870,2025-09-11,1.6205,1.6205,0.56,场内买入,场内卖出,akshare:eastmoney:fund_etf_fund_info_em,10,2026-09-08T01:27:31+00:00,,2025-09-15T23:59:59+08:00,earliest_safe_bound:first_seen_or_qdii_tplus2,False,False,True
513870,2025-09-12,1.6269,1.6269,0.39,场内买入,场内卖出,akshare:eastmoney:fund_etf_fund_info_em,10,2026-09-08T01:27:31+00:00,,2025-09-16T23:59:59+08:00,earliest_safe_bound:first_seen_or_qdii_tplus2,False,False,True
513870,2025-09-15,1.6413,1.6413,0.89,场内买入,场内卖出,akshare:eastmoney:fund_etf_fund_info_em,10,2026-09-08T01:27:31+00:00,,2025-09-17T23:59:59+08:00,earliest_safe_bound:first_seen_or_qdii_tplus2,False,False,True
513870,2025-09-16,1.6393,1.6393,-0.12,场内买入,场内卖出,akshare:eastmoney:fund_etf_fund_info_em,10,2026-09-08T01:27:31+00:00,,2025-09-18T23:59:59+08:00,earliest_safe_bound:first_seen_or_qdii_tplus2,False,False,True
513870,2025-09-17,1.6356,1.6356,-0.23,场内买入,场内卖出,akshare:eastmoney:fund_etf_fund_info_em,10,2026-09-08T01:27:31+00:00,,2025-09-19T23:59:59+08:00,earliest_safe_bound:first_seen_or_qdii_tplus2,False,False,True
513870,2025-09-18,1.6528,1.6528,1.05,场内买入,场内卖出,akshare:eastmoney:fund_etf_fund_info_em,10,2026-09-08T01:27:31+00:00,,2025-09-22T23:59:59+08:00,earliest_safe_bound:first_seen_or_qdii_tplus2,False,False,True
513870,2025-09-19,1.6653,1.6653,0.76,场内买入,场内卖出,akshare:eastmoney:fund_etf_fund_info_em,10,2026-09-08T01:27:31+00:00,,2025-09-23T23:59:59+08:00,earliest_safe_bound:first_seen_or_qdii_tplus2,False,False,True
513870,2025-09-22,1.674,1.674,0.52,场内买入,场内卖出,akshare:eastmoney:fund_etf_fund_info_em,10,2026-09-08T01:27:31+00:00,,2025-09-24T23:59:59+08:00,earliest_safe_bound:first_seen_or_qdii_tplus2,False,False,True
513870,2025-09-23,1.6606,1.6606,-0.8,场内买入,场内卖出,akshare:eastmoney:fund_etf_fund_info_em,10,2026-09-08T01:27:31+00:00,,2025-09-25T23:59:59+08:00,earliest_safe_bound:first_seen_or_qdii_tplus2,False,False,True
513870,2025-09-24,1.6559,1.6559,-0.28,场内买入,场内卖出,akshare:eastmoney:fund_etf_fund_info_em,10,2026-09-08T01:27:31+00:00,,2025-09-26T23:59:59+08:00,earliest_safe_bound:first_seen_or_qdii_tplus2,False,False,True
513870,2025-09-25,1.6497,1.6497,-0.37,场内买入,场内卖出,akshare:eastmoney:fund_etf_fund_info_em,10,2026-09-08T01:27:31+00:00,,2025-09-29T23:59:59+08:00,earliest_safe_bound:first_seen_or_qdii_tplus2,False,False,True
513870,2025-09-26,1.6576,1.6576,0.48,场内买入,场内卖出,akshare:eastmoney:fund_etf_fund_info_em,10,2026-09-08T01:27:31+00:00,,2025-09-30T23:59:59+08:00,earliest_safe_bound:first_seen_or_qdii_tplus2,False,False,True
513870,2025-09-29,1.6632,1.6632,0.34,场内买入,场内卖出,akshare:eastmoney:fund_etf_fund_info_em,10,2026-09-08T01:27:31+00:00,,2025-10-09T23:59:59+08:00,earliest_safe_bound:first_seen_or_qdii_tplus2,False,False,True
513870,2025-09-30,1.667,1.667,0.23,场内买入,场内卖出,akshare:eastmoney:fund_etf_fund_info_em,10,2026-09-08T01:27:31+00:00,,2025-10-10T23:59:59+08:00,earliest_safe_bound:first_seen_or_qdii_tplus2,False,False,True
513870,2025-10-09,1.6964,1.6964,1.76,场内买入,场内卖出,akshare:eastmoney:fund_etf_fund_info_em,10,2026-09-08T01:27:31+00:00,,2025-10-13T23:59:59+08:00,earliest_safe_bound:first_seen_or_qdii_tplus2,False,False,True
513870,2025-10-10,1.6359,1.6359,-3.57,场内买入,场内卖出,akshare:eastmoney:fund_etf_fund_info_em,10,2026-09-08T01:27:31+00:00,,2025-10-14T23:59:59+08:00,earliest_safe_bound:first_seen_or_qdii_tplus2,False,False,True
513870,2025-10-13,1.6705,1.6705,2.12,场内买入,场内卖出,akshare:eastmoney:fund_etf_fund_info_em,10,2026-09-08T01:27:31+00:00,,2025-10-15T23:59:59+08:00,earliest_safe_bound:first_seen_or_qdii_tplus2,False,False,True
513870,2025-10-14,1.6592,1.6592,-0.68,场内买入,场内卖出,akshare:eastmoney:fund_etf_fund_info_em,10,2026-09-08T01:27:31+00:00,,2025-10-16T23:59:59+08:00,earliest_safe_bound:first_seen_or_qdii_tplus2,False,False,True
513870,2025-10-15,1.6698,1.6698,0.64,场内买入,场内卖出,akshare:eastmoney:fund_etf_fund_info_em,10,2026-09-08T01:27:31+00:00,,2025-10-17T23:59:59+08:00,earliest_safe_bound:first_seen_or_qdii_tplus2,False,False,True
513870,2025-10-16,1.6631,1.6631,-0.4,场内买入,场内卖出,akshare:eastmoney:fund_etf_fund_info_em,10,2026-09-08T01:27:31+00:00,,2025-10-20T23:59:59+08:00,earliest_safe_bound:first_seen_or_qdii_tplus2,False,False,True
513870,2025-10-17,1.6734,1.6734,0.62,场内买入,场内卖出,akshare:eastmoney:fund_etf_fund_info_em,10,2026-09-08T01:27:31+00:00,,2025-10-21T23:59:59+08:00,earliest_safe_bound:first_seen_or_qdii_tplus2,False,False,True
513870,2025-10-20,1.6957,1.6957,1.33,场内买入,场内卖出,akshare:eastmoney:fund_etf_fund_info_em,10,2026-09-08T01:27:31+00:00,,2025-10-22T23:59:59+08:00,earliest_safe_bound:first_seen_or_qdii_tplus2,False,False,True
513870,2025-10-21,1.6937,1.6937,-0.12,场内买入,场内卖出,akshare:eastmoney:fund_etf_fund_info_em,10,2026-09-08T01:27:31+00:00,,2025-10-23T23:59:59+08:00,earliest_safe_bound:first_seen_or_qdii_tplus2,False,False,True
513870,2025-10-22,1.6775,1.6775,-0.96,场内买入,场内卖出,akshare:eastmoney:fund_etf_fund_info_em,10,2026-09-08T01:27:31+00:00,,2025-10-24T23:59:59+08:00,earliest_safe_bound:first_seen_or_qdii_tplus2,False,False,True
513870,2025-10-23,1.6913,1.6913,0.82,场内买入,场内卖出,akshare:eastmoney:fund_etf_fund_info_em,10,2026-09-08T01:27:31+00:00,,2025-10-27T23:59:59+08:00,earliest_safe_bound:first_seen_or_qdii_tplus2,False,False,True
513870,2025-10-24,1.7091,1.7091,1.05,场内买入,场内卖出,akshare:eastmoney:fund_etf_fund_info_em,10,2026-09-08T01:27:31+00:00,,2025-10-28T23:59:59+08:00,earliest_safe_bound:first_seen_or_qdii_tplus2,False,False,True
513870,2025-10-27,1.7391,1.7391,1.76,场内买入,场内卖出,akshare:eastmoney:fund_etf_fund_info_em,10,2026-09-08T01:27:31+00:00,,2025-10-29T23:59:59+08:00,earliest_safe_bound:first_seen_or_qdii_tplus2,False,False,True
513870,2025-10-28,1.7513,1.7513,0.7,场内买入,场内卖出,akshare:eastmoney:fund_etf_fund_info_em,10,2026-09-08T01:27:31+00:00,,2025-10-30T23:59:59+08:00,earliest_safe_bound:first_seen_or_qdii_tplus2,False,False,True
513870,2025-10-29,1.7582,1.7582,0.39,场内买入,场内卖出,akshare:eastmoney:fund_etf_fund_info_em,10,2026-09-08T01:27:31+00:00,,2025-10-31T23:59:59+08:00,earliest_safe_bound:first_seen_or_qdii_tplus2,False,False,True
513870,2025-10-30,1.7328,1.7328,-1.44,场内买入,场内卖出,akshare:eastmoney:fund_etf_fund_info_em,10,2026-09-08T01:27:31+00:00,,2025-11-03T23:59:59+08:00,earliest_safe_bound:first_seen_or_qdii_tplus2,False,False,True
513870,2025-10-31,1.7416,1.7416,0.51,场内买入,场内卖出,akshare:eastmoney:fund_etf_fund_info_em,10,2026-09-08T01:27:31+00:00,,2025-11-04T23:59:59+08:00,earliest_safe_bound:first_seen_or_qdii_tplus2,False,False,True
513870,2025-11-03,1.7489,1.7489,0.42,场内买入,场内卖出,akshare:eastmoney:fund_etf_fund_info_em,10,2026-09-08T01:27:31+00:00,,2025-11-05T23:59:59+08:00,earliest_safe_bound:first_seen_or_qdii_tplus2,False,False,True
513870,2025-11-04,1.7132,1.7132,-2.04,场内买入,场内卖出,akshare:eastmoney:fund_etf_fund_info_em,10,2026-09-08T01:27:31+00:00,,2025-11-06T23:59:59+08:00,earliest_safe_bound:first_seen_or_qdii_tplus2,False,False,True
513870,2025-11-05,1.7259,1.7259,0.74,场内买入,场内卖出,akshare:eastmoney:fund_etf_fund_info_em,10,2026-09-08T01:27:31+00:00,,2025-11-07T23:59:59+08:00,earliest_safe_bound:first_seen_or_qdii_tplus2,False,False,True
513870,2025-11-06,1.692,1.692,-1.96,场内买入,场内卖出,akshare:eastmoney:fund_etf_fund_info_em,10,2026-09-08T01:27:31+00:00,,2025-11-10T23:59:59+08:00,earliest_safe_bound:first_seen_or_qdii_tplus2,False,False,True
513870,2025-11-07,1.6866,1.6866,-0.32,场内买入,场内卖出,akshare:eastmoney:fund_etf_fund_info_em,10,2026-09-08T01:27:31+00:00,,2025-11-11T23:59:59+08:00,earliest_safe_bound:first_seen_or_qdii_tplus2,False,False,True
513870,2025-11-10,1.7243,1.7243,2.24,场内买入,场内卖出,akshare:eastmoney:fund_etf_fund_info_em,10,2026-09-08T01:27:31+00:00,,2025-11-12T23:59:59+08:00,earliest_safe_bound:first_seen_or_qdii_tplus2,False,False,True
513870,2025-11-11,1.7193,1.7193,-0.29,场内买入,场内卖出,akshare:eastmoney:fund_etf_fund_info_em,10,2026-09-08T01:27:31+00:00,,2025-11-13T23:59:59+08:00,earliest_safe_bound:first_seen_or_qdii_tplus2,False,False,True
513870,2025-11-12,1.7174,1.7174,-0.11,场内买入,场内卖出,akshare:eastmoney:fund_etf_fund_info_em,10,2026-09-08T01:27:31+00:00,,2025-11-14T23:59:59+08:00,earliest_safe_bound:first_seen_or_qdii_tplus2,False,False,True
513870,2025-11-13,1.6829,1.6829,-2.01,场内买入,场内卖出,akshare:eastmoney:fund_etf_fund_info_em,10,2026-09-08T01:27:31+00:00,,2025-11-17T23:59:59+08:00,earliest_safe_bound:first_seen_or_qdii_tplus2,False,False,True
513870,2025-11-14,1.6832,1.6832,0.02,场内买入,场内卖出,akshare:eastmoney:fund_etf_fund_info_em,10,2026-09-08T01:27:31+00:00,,2025-11-18T23:59:59+08:00,earliest_safe_bound:first_seen_or_qdii_tplus2,False,False,True
513870,2025-11-17,1.6689,1.6689,-0.85,场内买入,场内卖出,akshare:eastmoney:fund_etf_fund_info_em,10,2026-09-08T01:27:31+00:00,,2025-11-19T23:59:59+08:00,earliest_safe_bound:first_seen_or_qdii_tplus2,False,False,True
513870,2025-11-18,1.6499,1.6499,-1.14,场内买入,场内卖出,akshare:eastmoney:fund_etf_fund_info_em,10,2026-09-08T01:27:31+00:00,,2025-11-20T23:59:59+08:00,earliest_safe_bound:first_seen_or_qdii_tplus2,False,False,True
513870,2025-11-19,1.6595,1.6595,0.58,场内买入,场内卖出,akshare:eastmoney:fund_etf_fund_info_em,10,2026-09-08T01:27:31+00:00,,2025-11-21T23:59:59+08:00,earliest_safe_bound:first_seen_or_qdii_tplus2,False,False,True
513870,2025-11-20,1.6211,1.6211,-2.31,场内买入,场内卖出,akshare:eastmoney:fund_etf_fund_info_em,10,2026-09-08T01:27:31+00:00,,2025-11-24T23:59:59+08:00,earliest_safe_bound:first_seen_or_qdii_tplus2,False,False,True
513870,2025-11-21,1.6329,1.6329,0.73,场内买入,场内卖出,akshare:eastmoney:fund_etf_fund_info_em,10,2026-09-08T01:27:31+00:00,,2025-11-25T23:59:59+08:00,earliest_safe_bound:first_seen_or_qdii_tplus2,False,False,True
513870,2025-11-24,1.6749,1.6749,2.57,场内买入,场内卖出,akshare:eastmoney:fund_etf_fund_info_em,10,2026-09-08T01:27:31+00:00,,2025-11-26T23:59:59+08:00,earliest_safe_bound:first_seen_or_qdii_tplus2,False,False,True
513870,2025-11-25,1.6841,1.6841,0.55,场内买入,场内卖出,akshare:eastmoney:fund_etf_fund_info_em,10,2026-09-08T01:27:31+00:00,,2025-11-27T23:59:59+08:00,earliest_safe_bound:first_seen_or_qdii_tplus2,False,False,True
513870,2025-11-26,1.6981,1.6981,0.83,场内买入,场内卖出,akshare:eastmoney:fund_etf_fund_info_em,10,2026-09-08T01:27:31+00:00,,2025-11-28T23:59:59+08:00,earliest_safe_bound:first_seen_or_qdii_tplus2,False,False,True
513870,2025-11-27,1.6977,1.6977,-0.02,暂停申购,暂停赎回,akshare:eastmoney:fund_etf_fund_info_em,10,2026-09-08T01:27:31+00:00,,2025-12-01T23:59:59+08:00,earliest_safe_bound:first_seen_or_qdii_tplus2,False,False,True
513870,2025-11-28,1.7112,1.7112,0.8,场内买入,场内卖出,akshare:eastmoney:fund_etf_fund_info_em,10,2026-09-08T01:27:31+00:00,,2025-12-02T23:59:59+08:00,earliest_safe_bound:first_seen_or_qdii_tplus2,False,False,True
513870,2025-12-01,1.7043,1.7043,-0.4,场内买入,场内卖出,akshare:eastmoney:fund_etf_fund_info_em,10,2026-09-08T01:27:31+00:00,,2025-12-03T23:59:59+08:00,earliest_safe_bound:first_seen_or_qdii_tplus2,False,False,True
513870,2025-12-02,1.7194,1.7194,0.89,场内买入,场内卖出,akshare:eastmoney:fund_etf_fund_info_em,10,2026-09-08T01:27:31+00:00,,2025-12-04T23:59:59+08:00,earliest_safe_bound:first_seen_or_qdii_tplus2,False,False,True
513870,2025-12-03,1.722,1.722,0.15,场内买入,场内卖出,akshare:eastmoney:fund_etf_fund_info_em,10,2026-09-08T01:27:31+00:00,,2025-12-05T23:59:59+08:00,earliest_safe_bound:first_seen_or_qdii_tplus2,False,False,True
513870,2025-12-04,1.7198,1.7198,-0.13,场内买入,场内卖出,akshare:eastmoney:fund_etf_fund_info_em,10,2026-09-08T01:27:31+00:00,,2025-12-08T23:59:59+08:00,earliest_safe_bound:first_seen_or_qdii_tplus2,False,False,True
513870,2025-12-05,1.7277,1.7277,0.46,场内买入,场内卖出,akshare:eastmoney:fund_etf_fund_info_em,10,2026-09-08T01:27:31+00:00,,2025-12-09T23:59:59+08:00,earliest_safe_bound:first_seen_or_qdii_tplus2,False,False,True
513870,2025-12-08,1.7238,1.7238,-0.23,场内买入,场内卖出,akshare:eastmoney:fund_etf_fund_info_em,10,2026-09-08T01:27:31+00:00,,2025-12-10T23:59:59+08:00,earliest_safe_bound:first_seen_or_qdii_tplus2,False,False,True
513870,2025-12-09,1.7267,1.7267,0.17,场内买入,场内卖出,akshare:eastmoney:fund_etf_fund_info_em,10,2026-09-08T01:27:31+00:00,,2025-12-11T23:59:59+08:00,earliest_safe_bound:first_seen_or_qdii_tplus2,False,False,True
513870,2025-12-10,1.7334,1.7334,0.39,场内买入,场内卖出,akshare:eastmoney:fund_etf_fund_info_em,10,2026-09-08T01:27:31+00:00,,2025-12-12T23:59:59+08:00,earliest_safe_bound:first_seen_or_qdii_tplus2,False,False,True
513870,2025-12-11,1.7258,1.7258,-0.44,场内买入,场内卖出,akshare:eastmoney:fund_etf_fund_info_em,10,2026-09-08T01:27:31+00:00,,2025-12-15T23:59:59+08:00,earliest_safe_bound:first_seen_or_qdii_tplus2,False,False,True
513870,2025-12-12,1.6918,1.6918,-1.97,场内买入,场内卖出,akshare:eastmoney:fund_etf_fund_info_em,10,2026-09-08T01:27:31+00:00,,2025-12-16T23:59:59+08:00,earliest_safe_bound:first_seen_or_qdii_tplus2,False,False,True
513870,2025-12-15,1.6836,1.6836,-0.48,场内买入,场内卖出,akshare:eastmoney:fund_etf_fund_info_em,10,2026-09-08T01:27:31+00:00,,2025-12-17T23:59:59+08:00,earliest_safe_bound:first_seen_or_qdii_tplus2,False,False,True
513870,2025-12-16,1.6866,1.6866,0.18,暂停申购,场内卖出,akshare:eastmoney:fund_etf_fund_info_em,10,2026-09-08T01:27:31+00:00,,2025-12-18T23:59:59+08:00,earliest_safe_bound:first_seen_or_qdii_tplus2,False,False,True
513870,2025-12-17,1.6535,1.6535,-1.96,暂停申购,场内卖出,akshare:eastmoney:fund_etf_fund_info_em,10,2026-09-08T01:27:31+00:00,,2025-12-19T23:59:59+08:00,earliest_safe_bound:first_seen_or_qdii_tplus2,False,False,True
513870,2025-12-18,1.6785,1.6785,1.51,暂停申购,场内卖出,akshare:eastmoney:fund_etf_fund_info_em,10,2026-09-08T01:27:31+00:00,,2025-12-22T23:59:59+08:00,earliest_safe_bound:first_seen_or_qdii_tplus2,False,False,True
513870,2025-12-19,1.6995,1.6995,1.25,暂停申购,场内卖出,akshare:eastmoney:fund_etf_fund_info_em,10,2026-09-08T01:27:31+00:00,,2025-12-23T23:59:59+08:00,earliest_safe_bound:first_seen_or_qdii_tplus2,False,False,True
513870,2025-12-22,1.7077,1.7077,0.48,暂停申购,场内卖出,akshare:eastmoney:fund_etf_fund_info_em,10,2026-09-08T01:27:31+00:00,,2025-12-24T23:59:59+08:00,earliest_safe_bound:first_seen_or_qdii_tplus2,False,False,True
513870,2025-12-23,1.715,1.715,0.43,暂停申购,场内卖出,akshare:eastmoney:fund_etf_fund_info_em,10,2026-09-08T01:27:31+00:00,,2025-12-25T23:59:59+08:00,earliest_safe_bound:first_seen_or_qdii_tplus2,False,False,True
513870,2025-12-24,1.7184,1.7184,0.2,暂停申购,场内卖出,akshare:eastmoney:fund_etf_fund_info_em,10,2026-09-08T01:27:31+00:00,,2025-12-26T23:59:59+08:00,earliest_safe_bound:first_seen_or_qdii_tplus2,False,False,True
513870,2025-12-25,1.7166,1.7166,-0.1,暂停申购,暂停赎回,akshare:eastmoney:fund_etf_fund_info_em,10,2026-09-08T01:27:31+00:00,,2025-12-29T23:59:59+08:00,earliest_safe_bound:first_seen_or_qdii_tplus2,False,False,True
513870,2025-12-26,1.7149,1.7149,-0.1,暂停申购,场内卖出,akshare:eastmoney:fund_etf_fund_info_em,10,2026-09-08T01:27:31+00:00,,2025-12-30T23:59:59+08:00,earliest_safe_bound:first_seen_or_qdii_tplus2,False,False,True
513870,2025-12-29,1.7063,1.7063,-0.5,暂停申购,场内卖出,akshare:eastmoney:fund_etf_fund_info_em,10,2026-09-08T01:27:31+00:00,,2025-12-31T23:59:59+08:00,earliest_safe_bound:first_seen_or_qdii_tplus2,False,False,True
513870,2025-12-30,1.7025,1.7025,-0.22,暂停申购,场内卖出,akshare:eastmoney:fund_etf_fund_info_em,10,2026-09-08T01:27:31+00:00,,2026-01-05T23:59:59+08:00,earliest_safe_bound:first_seen_or_qdii_tplus2,False,False,True
513870,2025-12-31,1.6869,1.6869,-0.92,暂停申购,场内卖出,akshare:eastmoney:fund_etf_fund_info_em,10,2026-09-08T01:27:31+00:00,,2026-01-06T23:59:59+08:00,earliest_safe_bound:first_seen_or_qdii_tplus2,False,False,True
513870,2026-01-05,1.6956,1.6956,0.52,暂停申购,场内卖出,akshare:eastmoney:fund_etf_fund_info_em,10,2026-09-08T01:27:31+00:00,,2026-01-07T23:59:59+08:00,earliest_safe_bound:first_seen_or_qdii_tplus2,False,False,True
513870,2026-01-06,1.7102,1.7102,0.86,暂停申购,场内卖出,akshare:eastmoney:fund_etf_fund_info_em,10,2026-09-08T01:27:31+00:00,,2026-01-08T23:59:59+08:00,earliest_safe_bound:first_seen_or_qdii_tplus2,False,False,True
513870,2026-01-07,1.7114,1.7114,0.07,暂停申购,场内卖出,akshare:eastmoney:fund_etf_fund_info_em,10,2026-09-08T01:27:31+00:00,,2026-01-09T23:59:59+08:00,earliest_safe_bound:first_seen_or_qdii_tplus2,False,False,True
513870,2026-01-08,1.7018,1.7018,-0.56,暂停申购,场内卖出,akshare:eastmoney:fund_etf_fund_info_em,10,2026-09-08T01:27:31+00:00,,2026-01-12T23:59:59+08:00,earliest_safe_bound:first_seen_or_qdii_tplus2,False,False,True
513870,2026-01-09,1.7174,1.7174,0.92,暂停申购,场内卖出,akshare:eastmoney:fund_etf_fund_info_em,10,2026-09-08T01:27:31+00:00,,2026-01-13T23:59:59+08:00,earliest_safe_bound:first_seen_or_qdii_tplus2,False,False,True
513870,2026-01-12,1.7183,1.7183,0.05,暂停申购,场内卖出,akshare:eastmoney:fund_etf_fund_info_em,10,2026-09-08T01:27:31+00:00,,2026-01-14T23:59:59+08:00,earliest_safe_bound:first_seen_or_qdii_tplus2,False,False,True
513870,2026-01-13,1.7151,1.7151,-0.19,暂停申购,场内卖出,akshare:eastmoney:fund_etf_fund_info_em,10,2026-09-08T01:27:31+00:00,,2026-01-15T23:59:59+08:00,earliest_safe_bound:first_seen_or_qdii_tplus2,False,False,True
513870,2026-01-14,1.6972,1.6972,-1.04,暂停申购,场内卖出,akshare:eastmoney:fund_etf_fund_info_em,10,2026-09-08T01:27:31+00:00,,2026-01-16T23:59:59+08:00,earliest_safe_bound:first_seen_or_qdii_tplus2,False,False,True
513870,2026-01-15,1.7013,1.7013,0.24,暂停申购,场内卖出,akshare:eastmoney:fund_etf_fund_info_em,10,2026-09-08T01:27:31+00:00,,2026-01-19T23:59:59+08:00,earliest_safe_bound:first_seen_or_qdii_tplus2,False,False,True
513870,2026-01-16,1.7003,1.7003,-0.06,场内买入,场内卖出,akshare:eastmoney:fund_etf_fund_info_em,10,2026-09-08T01:27:31+00:00,,2026-01-20T23:59:59+08:00,earliest_safe_bound:first_seen_or_qdii_tplus2,False,False,True
513870,2026-01-19,1.6996,1.6996,-0.04,场内买入,暂停赎回,akshare:eastmoney:fund_etf_fund_info_em,10,2026-09-08T01:27:31+00:00,,2026-01-21T23:59:59+08:00,earliest_safe_bound:first_seen_or_qdii_tplus2,False,False,True
513870,2026-01-20,1.6625,1.6625,-2.18,暂停申购,场内卖出,akshare:eastmoney:fund_etf_fund_info_em,10,2026-09-08T01:27:31+00:00,,2026-01-22T23:59:59+08:00,earliest_safe_bound:first_seen_or_qdii_tplus2,False,False,True
513870,2026-01-21,1.6852,1.6852,1.37,暂停申购,场内卖出,akshare:eastmoney:fund_etf_fund_info_em,10,2026-09-08T01:27:31+00:00,,2026-01-23T23:59:59+08:00,earliest_safe_bound:first_seen_or_qdii_tplus2,False,False,True
513870,2026-01-22,1.698,1.698,0.76,暂停申购,场内卖出,akshare:eastmoney:fund_etf_fund_info_em,10,2026-09-08T01:27:31+00:00,,2026-01-26T23:59:59+08:00,earliest_safe_bound:first_seen_or_qdii_tplus2,False,False,True
513870,2026-01-23,1.7017,1.7017,0.22,暂停申购,场内卖出,akshare:eastmoney:fund_etf_fund_info_em,10,2026-09-08T01:27:31+00:00,,2026-01-27T23:59:59+08:00,earliest_safe_bound:first_seen_or_qdii_tplus2,False,False,True
513870,2026-01-26,1.7069,1.7069,0.31,暂停申购,场内卖出,akshare:eastmoney:fund_etf_fund_info_em,10,2026-09-08T01:27:31+00:00,,2026-01-28T23:59:59+08:00,earliest_safe_bound:first_seen_or_qdii_tplus2,False,False,True
513870,2026-01-27,1.7222,1.7222,0.9,暂停申购,场内卖出,akshare:eastmoney:fund_etf_fund_info_em,10,2026-09-08T01:27:31+00:00,,2026-01-29T23:59:59+08:00,earliest_safe_bound:first_seen_or_qdii_tplus2,False,False,True
513870,2026-01-28,1.7254,1.7254,0.19,暂停申购,场内卖出,akshare:eastmoney:fund_etf_fund_info_em,10,2026-09-08T01:27:31+00:00,,2026-01-30T23:59:59+08:00,earliest_safe_bound:first_seen_or_qdii_tplus2,False,False,True
513870,2026-01-29,1.7165,1.7165,-0.52,暂停申购,场内卖出,akshare:eastmoney:fund_etf_fund_info_em,10,2026-09-08T01:27:31+00:00,,2026-02-02T23:59:59+08:00,earliest_safe_bound:first_seen_or_qdii_tplus2,False,False,True
513870,2026-01-30,1.6926,1.6926,-1.39,暂停申购,场内卖出,akshare:eastmoney:fund_etf_fund_info_em,10,2026-09-08T01:27:31+00:00,,2026-02-03T23:59:59+08:00,earliest_safe_bound:first_seen_or_qdii_tplus2,False,False,True
513870,2026-02-02,1.7051,1.7051,0.74,暂停申购,场内卖出,akshare:eastmoney:fund_etf_fund_info_em,10,2026-09-08T01:27:31+00:00,,2026-02-04T23:59:59+08:00,earliest_safe_bound:first_seen_or_qdii_tplus2,False,False,True
513870,2026-02-03,1.6768,1.6768,-1.66,暂停申购,场内卖出,akshare:eastmoney:fund_etf_fund_info_em,10,2026-09-08T01:27:31+00:00,,2026-02-05T23:59:59+08:00,earliest_safe_bound:first_seen_or_qdii_tplus2,False,False,True
513870,2026-02-04,1.6455,1.6455,-1.87,暂停申购,场内卖出,akshare:eastmoney:fund_etf_fund_info_em,10,2026-09-08T01:27:31+00:00,,2026-02-06T23:59:59+08:00,earliest_safe_bound:first_seen_or_qdii_tplus2,False,False,True
513870,2026-02-05,1.6237,1.6237,-1.32,暂停申购,场内卖出,akshare:eastmoney:fund_etf_fund_info_em,10,2026-09-08T01:27:31+00:00,,2026-02-09T23:59:59+08:00,earliest_safe_bound:first_seen_or_qdii_tplus2,False,False,True
513870,2026-02-06,1.6588,1.6588,2.16,暂停申购,场内卖出,akshare:eastmoney:fund_etf_fund_info_em,10,2026-09-08T01:27:31+00:00,,2026-02-10T23:59:59+08:00,earliest_safe_bound:first_seen_or_qdii_tplus2,False,False,True
513870,2026-02-09,1.67,1.67,0.68,暂停申购,场内卖出,akshare:eastmoney:fund_etf_fund_info_em,10,2026-09-08T01:27:31+00:00,,2026-02-11T23:59:59+08:00,earliest_safe_bound:first_seen_or_qdii_tplus2,False,False,True
513870,2026-02-10,1.6593,1.6593,-0.64,暂停申购,场内卖出,akshare:eastmoney:fund_etf_fund_info_em,10,2026-09-08T01:27:31+00:00,,2026-02-12T23:59:59+08:00,earliest_safe_bound:first_seen_or_qdii_tplus2,False,False,True
513870,2026-02-11,1.6637,1.6637,0.27,场内买入,场内卖出,akshare:eastmoney:fund_etf_fund_info_em,10,2026-09-08T01:27:31+00:00,,2026-02-13T23:59:59+08:00,earliest_safe_bound:first_seen_or_qdii_tplus2,False,False,True
513870,2026-02-12,1.6302,1.6302,-2.01,场内买入,场内卖出,akshare:eastmoney:fund_etf_fund_info_em,10,2026-09-08T01:27:31+00:00,,2026-02-24T23:59:59+08:00,earliest_safe_bound:first_seen_or_qdii_tplus2,False,False,True
513870,2026-02-13,1.6319,1.6319,0.1,场内买入,场内卖出,akshare:eastmoney:fund_etf_fund_info_em,10,2026-09-08T01:27:31+00:00,,2026-02-25T23:59:59+08:00,earliest_safe_bound:first_seen_or_qdii_tplus2,False,False,True
513870,2026-02-24,1.6484,1.6484,1.01,场内买入,场内卖出,akshare:eastmoney:fund_etf_fund_info_em,10,2026-09-08T01:27:31+00:00,,2026-02-26T23:59:59+08:00,earliest_safe_bound:first_seen_or_qdii_tplus2,False,False,True
513870,2026-02-25,1.6695,1.6695,1.28,场内买入,场内卖出,akshare:eastmoney:fund_etf_fund_info_em,10,2026-09-08T01:27:31+00:00,,2026-02-27T23:59:59+08:00,earliest_safe_bound:first_seen_or_qdii_tplus2,False,False,True
513870,2026-02-26,1.6479,1.6479,-1.29,场内买入,场内卖出,akshare:eastmoney:fund_etf_fund_info_em,10,2026-09-08T01:27:31+00:00,,2026-03-02T23:59:59+08:00,earliest_safe_bound:first_seen_or_qdii_tplus2,False,False,True
513870,2026-02-27,1.6432,1.6432,-0.29,场内买入,场内卖出,akshare:eastmoney:fund_etf_fund_info_em,10,2026-09-08T01:27:31+00:00,,2026-03-03T23:59:59+08:00,earliest_safe_bound:first_seen_or_qdii_tplus2,False,False,True
513870,2026-03-02,1.6454,1.6454,0.13,场内买入,场内卖出,akshare:eastmoney:fund_etf_fund_info_em,10,2026-09-08T01:27:31+00:00,,2026-03-04T23:59:59+08:00,earliest_safe_bound:first_seen_or_qdii_tplus2,False,False,True
513870,2026-03-03,1.6242,1.6242,-1.29,场内买入,场内卖出,akshare:eastmoney:fund_etf_fund_info_em,10,2026-09-08T01:27:31+00:00,,2026-03-05T23:59:59+08:00,earliest_safe_bound:first_seen_or_qdii_tplus2,False,False,True
513870,2026-03-04,1.6495,1.6495,1.56,场内买入,场内卖出,akshare:eastmoney:fund_etf_fund_info_em,10,2026-09-08T01:27:31+00:00,,2026-03-06T23:59:59+08:00,earliest_safe_bound:first_seen_or_qdii_tplus2,False,False,True
513870,2026-03-05,1.6422,1.6422,-0.44,场内买入,场内卖出,akshare:eastmoney:fund_etf_fund_info_em,10,2026-09-08T01:27:31+00:00,,2026-03-09T23:59:59+08:00,earliest_safe_bound:first_seen_or_qdii_tplus2,False,False,True
513870,2026-03-06,1.618,1.618,-1.47,场内买入,场内卖出,akshare:eastmoney:fund_etf_fund_info_em,10,2026-09-08T01:27:31+00:00,,2026-03-10T23:59:59+08:00,earliest_safe_bound:first_seen_or_qdii_tplus2,False,False,True
513870,2026-03-09,1.6422,1.6422,1.5,场内买入,场内卖出,akshare:eastmoney:fund_etf_fund_info_em,10,2026-09-08T01:27:31+00:00,,2026-03-11T23:59:59+08:00,earliest_safe_bound:first_seen_or_qdii_tplus2,False,False,True
513870,2026-03-10,1.6375,1.6375,-0.29,暂停申购,场内卖出,akshare:eastmoney:fund_etf_fund_info_em,10,2026-09-08T01:27:31+00:00,,2026-03-12T23:59:59+08:00,earliest_safe_bound:first_seen_or_qdii_tplus2,False,False,True
513870,2026-03-11,1.6366,1.6366,-0.05,暂停申购,场内卖出,akshare:eastmoney:fund_etf_fund_info_em,10,2026-09-08T01:27:31+00:00,,2026-03-13T23:59:59+08:00,earliest_safe_bound:first_seen_or_qdii_tplus2,False,False,True
513870,2026-03-12,1.6094,1.6094,-1.66,暂停申购,场内卖出,akshare:eastmoney:fund_etf_fund_info_em,10,2026-09-08T01:27:31+00:00,,2026-03-16T23:59:59+08:00,earliest_safe_bound:first_seen_or_qdii_tplus2,False,False,True
513870,2026-03-13,1.6005,1.6005,-0.55,暂停申购,场内卖出,akshare:eastmoney:fund_etf_fund_info_em,10,2026-09-08T01:27:31+00:00,,2026-03-17T23:59:59+08:00,earliest_safe_bound:first_seen_or_qdii_tplus2,False,False,True
513870,2026-03-16,1.6196,1.6196,1.19,暂停申购,场内卖出,akshare:eastmoney:fund_etf_fund_info_em,10,2026-09-08T01:27:31+00:00,,2026-03-18T23:59:59+08:00,earliest_safe_bound:first_seen_or_qdii_tplus2,False,False,True
513870,2026-03-17,1.6256,1.6256,0.37,暂停申购,场内卖出,akshare:eastmoney:fund_etf_fund_info_em,10,2026-09-08T01:27:31+00:00,,2026-03-19T23:59:59+08:00,earliest_safe_bound:first_seen_or_qdii_tplus2,False,False,True
513870,2026-03-18,1.6012,1.6012,-1.5,暂停申购,场内卖出,akshare:eastmoney:fund_etf_fund_info_em,10,2026-09-08T01:27:31+00:00,,2026-03-20T23:59:59+08:00,earliest_safe_bound:first_seen_or_qdii_tplus2,False,False,True
513870,2026-03-19,1.598,1.598,-0.2,暂停申购,场内卖出,akshare:eastmoney:fund_etf_fund_info_em,10,2026-09-08T01:27:31+00:00,,2026-03-23T23:59:59+08:00,earliest_safe_bound:first_seen_or_qdii_tplus2,False,False,True
513870,2026-03-20,1.5664,1.5664,-1.98,暂停申购,场内卖出,akshare:eastmoney:fund_etf_fund_info_em,10,2026-09-08T01:27:31+00:00,,2026-03-24T23:59:59+08:00,earliest_safe_bound:first_seen_or_qdii_tplus2,False,False,True
513870,2026-03-23,1.5885,1.5885,1.41,暂停申购,场内卖出,akshare:eastmoney:fund_etf_fund_info_em,10,2026-09-08T01:27:31+00:00,,2026-03-25T23:59:59+08:00,earliest_safe_bound:first_seen_or_qdii_tplus2,False,False,True
513870,2026-03-24,1.5742,1.5742,-0.9,暂停申购,场内卖出,akshare:eastmoney:fund_etf_fund_info_em,10,2026-09-08T01:27:31+00:00,,2026-03-26T23:59:59+08:00,earliest_safe_bound:first_seen_or_qdii_tplus2,False,False,True
513870,2026-03-25,1.5839,1.5839,0.62,暂停申购,场内卖出,akshare:eastmoney:fund_etf_fund_info_em,10,2026-09-08T01:27:31+00:00,,2026-03-27T23:59:59+08:00,earliest_safe_bound:first_seen_or_qdii_tplus2,False,False,True
513870,2026-03-26,1.5494,1.5494,-2.18,暂停申购,场内卖出,akshare:eastmoney:fund_etf_fund_info_em,10,2026-09-08T01:27:31+00:00,,2026-03-30T23:59:59+08:00,earliest_safe_bound:first_seen_or_qdii_tplus2,False,False,True
513870,2026-03-27,1.5213,1.5213,-1.81,暂停申购,场内卖出,akshare:eastmoney:fund_etf_fund_info_em,10,2026-09-08T01:27:31+00:00,,2026-03-31T23:59:59+08:00,earliest_safe_bound:first_seen_or_qdii_tplus2,False,False,True
513870,2026-03-30,1.5112,1.5112,-0.66,暂停申购,场内卖出,akshare:eastmoney:fund_etf_fund_info_em,10,2026-09-08T01:27:31+00:00,,2026-04-01T23:59:59+08:00,earliest_safe_bound:first_seen_or_qdii_tplus2,False,False,True
513870,2026-03-31,1.5621,1.5621,3.37,暂停申购,场内卖出,akshare:eastmoney:fund_etf_fund_info_em,10,2026-09-08T01:27:31+00:00,,2026-04-02T23:59:59+08:00,earliest_safe_bound:first_seen_or_qdii_tplus2,False,False,True
513870,2026-04-01,1.5768,1.5768,0.94,暂停申购,场内卖出,akshare:eastmoney:fund_etf_fund_info_em,10,2026-09-08T01:27:31+00:00,,2026-04-03T23:59:59+08:00,earliest_safe_bound:first_seen_or_qdii_tplus2,False,False,True
513870,2026-04-02,1.5755,1.5755,-0.08,暂停申购,场内卖出,akshare:eastmoney:fund_etf_fund_info_em,10,2026-09-08T01:27:31+00:00,,2026-04-07T23:59:59+08:00,earliest_safe_bound:first_seen_or_qdii_tplus2,False,False,True
513870,2026-04-03,1.5765,1.5765,0.06,暂停申购,暂停赎回,akshare:eastmoney:fund_etf_fund_info_em,10,2026-09-08T01:27:31+00:00,,2026-04-08T23:59:59+08:00,earliest_safe_bound:first_seen_or_qdii_tplus2,False,False,True
513870,2026-04-07,1.5849,1.5849,0.53,暂停申购,场内卖出,akshare:eastmoney:fund_etf_fund_info_em,10,2026-09-08T01:27:31+00:00,,2026-04-09T23:59:59+08:00,earliest_safe_bound:first_seen_or_qdii_tplus2,False,False,True
513870,2026-04-08,1.6267,1.6267,2.64,暂停申购,场内卖出,akshare:eastmoney:fund_etf_fund_info_em,10,2026-09-08T01:27:31+00:00,,2026-04-10T23:59:59+08:00,earliest_safe_bound:first_seen_or_qdii_tplus2,False,False,True
513870,2026-04-09,1.6376,1.6376,0.67,暂停申购,场内卖出,akshare:eastmoney:fund_etf_fund_info_em,10,2026-09-08T01:27:31+00:00,,2026-04-13T23:59:59+08:00,earliest_safe_bound:first_seen_or_qdii_tplus2,False,False,True
513870,2026-04-10,1.6398,1.6398,0.13,暂停申购,场内卖出,akshare:eastmoney:fund_etf_fund_info_em,10,2026-09-08T01:27:31+00:00,,2026-04-14T23:59:59+08:00,earliest_safe_bound:first_seen_or_qdii_tplus2,False,False,True
513870,2026-04-13,1.6572,1.6572,1.06,暂停申购,场内卖出,akshare:eastmoney:fund_etf_fund_info_em,10,2026-09-08T01:27:31+00:00,,2026-04-15T23:59:59+08:00,earliest_safe_bound:first_seen_or_qdii_tplus2,False,False,True
513870,2026-04-14,1.6854,1.6854,1.7,暂停申购,场内卖出,akshare:eastmoney:fund_etf_fund_info_em,10,2026-09-08T01:27:31+00:00,,2026-04-16T23:59:59+08:00,earliest_safe_bound:first_seen_or_qdii_tplus2,False,False,True
513870,2026-04-15,1.7088,1.7088,1.39,暂停申购,场内卖出,akshare:eastmoney:fund_etf_fund_info_em,10,2026-09-08T01:27:31+00:00,,2026-04-17T23:59:59+08:00,earliest_safe_bound:first_seen_or_qdii_tplus2,False,False,True
513870,2026-04-16,1.7178,1.7178,0.53,暂停申购,场内卖出,akshare:eastmoney:fund_etf_fund_info_em,10,2026-09-08T01:27:31+00:00,,2026-04-20T23:59:59+08:00,earliest_safe_bound:first_seen_or_qdii_tplus2,False,False,True
513870,2026-04-17,1.7399,1.7399,1.29,暂停申购,场内卖出,akshare:eastmoney:fund_etf_fund_info_em,10,2026-09-08T01:27:31+00:00,,2026-04-21T23:59:59+08:00,earliest_safe_bound:first_seen_or_qdii_tplus2,False,False,True
513870,2026-04-20,1.7351,1.7351,-0.28,暂停申购,场内卖出,akshare:eastmoney:fund_etf_fund_info_em,10,2026-09-08T01:27:31+00:00,,2026-04-22T23:59:59+08:00,earliest_safe_bound:first_seen_or_qdii_tplus2,False,False,True
513870,2026-04-21,1.7266,1.7266,-0.49,暂停申购,场内卖出,akshare:eastmoney:fund_etf_fund_info_em,10,2026-09-08T01:27:31+00:00,,2026-04-23T23:59:59+08:00,earliest_safe_bound:first_seen_or_qdii_tplus2,False,False,True
513870,2026-04-22,1.7573,1.7573,1.78,暂停申购,场内卖出,akshare:eastmoney:fund_etf_fund_info_em,10,2026-09-08T01:27:31+00:00,,2026-04-24T23:59:59+08:00,earliest_safe_bound:first_seen_or_qdii_tplus2,False,False,True
513870,2026-04-23,1.7476,1.7476,-0.55,暂停申购,场内卖出,akshare:eastmoney:fund_etf_fund_info_em,10,2026-09-08T01:27:31+00:00,,2026-04-27T23:59:59+08:00,earliest_safe_bound:first_seen_or_qdii_tplus2,False,False,True
513870,2026-04-24,1.782,1.782,1.97,暂停申购,场内卖出,akshare:eastmoney:fund_etf_fund_info_em,10,2026-09-08T01:27:31+00:00,,2026-04-28T23:59:59+08:00,earliest_safe_bound:first_seen_or_qdii_tplus2,False,False,True
513870,2026-04-27,1.7797,1.7797,-0.13,暂停申购,场内卖出,akshare:eastmoney:fund_etf_fund_info_em,10,2026-09-08T01:27:31+00:00,,2026-04-29T23:59:59+08:00,earliest_safe_bound:first_seen_or_qdii_tplus2,False,False,True
513870,2026-04-28,1.762,1.762,-0.99,暂停申购,场内卖出,akshare:eastmoney:fund_etf_fund_info_em,10,2026-09-08T01:27:31+00:00,,2026-04-30T23:59:59+08:00,earliest_safe_bound:first_seen_or_qdii_tplus2,False,False,True
513870,2026-04-29,1.7727,1.7727,0.61,暂停申购,场内卖出,akshare:eastmoney:fund_etf_fund_info_em,10,2026-09-08T01:27:31+00:00,,2026-05-06T23:59:59+08:00,earliest_safe_bound:first_seen_or_qdii_tplus2,False,False,True
513870,2026-04-30,1.7905,1.7905,1.0,暂停申购,场内卖出,akshare:eastmoney:fund_etf_fund_info_em,10,2026-09-08T01:27:31+00:00,,2026-05-07T23:59:59+08:00,earliest_safe_bound:first_seen_or_qdii_tplus2,False,False,True
513870,2026-05-06,1.8634,1.8634,4.07,暂停申购,场内卖出,akshare:eastmoney:fund_etf_fund_info_em,10,2026-09-08T01:27:31+00:00,,2026-05-08T23:59:59+08:00,earliest_safe_bound:first_seen_or_qdii_tplus2,False,False,True
513870,2026-05-07,1.8592,1.8592,-0.23,暂停申购,场内卖出,akshare:eastmoney:fund_etf_fund_info_em,10,2026-09-08T01:27:31+00:00,,2026-05-11T23:59:59+08:00,earliest_safe_bound:first_seen_or_qdii_tplus2,False,False,True
513870,2026-05-08,1.9032,1.9032,2.37,暂停申购,场内卖出,akshare:eastmoney:fund_etf_fund_info_em,10,2026-09-08T01:27:31+00:00,,2026-05-12T23:59:59+08:00,earliest_safe_bound:first_seen_or_qdii_tplus2,False,False,True
513870,2026-05-11,1.9078,1.9078,0.24,暂停申购,场内卖出,akshare:eastmoney:fund_etf_fund_info_em,10,2026-09-08T01:27:31+00:00,,2026-05-13T23:59:59+08:00,earliest_safe_bound:first_seen_or_qdii_tplus2,False,False,True
513870,2026-05-12,1.8901,1.8901,-0.93,暂停申购,场内卖出,akshare:eastmoney:fund_etf_fund_info_em,10,2026-09-08T01:27:31+00:00,,2026-05-14T23:59:59+08:00,earliest_safe_bound:first_seen_or_qdii_tplus2,False,False,True
513870,2026-05-13,1.9099,1.9099,1.05,暂停申购,场内卖出,akshare:eastmoney:fund_etf_fund_info_em,10,2026-09-08T01:27:31+00:00,,2026-05-15T23:59:59+08:00,earliest_safe_bound:first_seen_or_qdii_tplus2,False,False,True
513870,2026-05-14,1.923,1.923,0.69,暂停申购,场内卖出,akshare:eastmoney:fund_etf_fund_info_em,10,2026-09-08T01:27:31+00:00,,2026-05-18T23:59:59+08:00,earliest_safe_bound:first_seen_or_qdii_tplus2,False,False,True
513870,2026-05-15,1.894,1.894,-1.51,暂停申购,场内卖出,akshare:eastmoney:fund_etf_fund_info_em,10,2026-09-08T01:27:31+00:00,,2026-05-19T23:59:59+08:00,earliest_safe_bound:first_seen_or_qdii_tplus2,False,False,True
513870,2026-05-18,1.8859,1.8859,-0.43,暂停申购,场内卖出,akshare:eastmoney:fund_etf_fund_info_em,10,2026-09-08T01:27:31+00:00,,2026-05-20T23:59:59+08:00,earliest_safe_bound:first_seen_or_qdii_tplus2,False,False,True
513870,2026-05-19,1.873,1.873,-0.68,暂停申购,场内卖出,akshare:eastmoney:fund_etf_fund_info_em,10,2026-09-08T01:27:31+00:00,,2026-05-21T23:59:59+08:00,earliest_safe_bound:first_seen_or_qdii_tplus2,False,False,True
513870,2026-05-20,1.9046,1.9046,1.69,暂停申购,场内卖出,akshare:eastmoney:fund_etf_fund_info_em,10,2026-09-08T01:27:31+00:00,,2026-05-22T23:59:59+08:00,earliest_safe_bound:first_seen_or_qdii_tplus2,False,False,True
513870,2026-05-21,1.9073,1.9073,0.14,暂停申购,场内卖出,akshare:eastmoney:fund_etf_fund_info_em,10,2026-09-08T01:27:31+00:00,,2026-05-25T23:59:59+08:00,earliest_safe_bound:first_seen_or_qdii_tplus2,False,False,True
513870,2026-05-22,1.916,1.916,0.46,暂停申购,场内卖出,akshare:eastmoney:fund_etf_fund_info_em,10,2026-09-08T01:27:31+00:00,,2026-05-26T23:59:59+08:00,earliest_safe_bound:first_seen_or_qdii_tplus2,False,False,True
513870,2026-05-25,1.9144,1.9144,-0.08,暂停申购,暂停赎回,akshare:eastmoney:fund_etf_fund_info_em,10,2026-09-08T01:27:31+00:00,,2026-05-27T23:59:59+08:00,earliest_safe_bound:first_seen_or_qdii_tplus2,False,False,True
513870,2026-05-26,1.9473,1.9473,1.72,暂停申购,场内卖出,akshare:eastmoney:fund_etf_fund_info_em,10,2026-09-08T01:27:31+00:00,,2026-05-28T23:59:59+08:00,earliest_safe_bound:first_seen_or_qdii_tplus2,False,False,True
513870,2026-05-27,1.9455,1.9455,-0.09,暂停申购,场内卖出,akshare:eastmoney:fund_etf_fund_info_em,10,2026-09-08T01:27:31+00:00,,2026-05-29T23:59:59+08:00,earliest_safe_bound:first_seen_or_qdii_tplus2,False,False,True
513870,2026-05-28,1.9604,1.9604,0.77,暂停申购,场内卖出,akshare:eastmoney:fund_etf_fund_info_em,10,2026-09-08T01:27:31+00:00,,2026-06-01T23:59:59+08:00,earliest_safe_bound:first_seen_or_qdii_tplus2,False,False,True
513870,2026-05-29,1.9657,1.9657,0.27,暂停申购,场内卖出,akshare:eastmoney:fund_etf_fund_info_em,10,2026-09-08T01:27:31+00:00,,2026-06-02T23:59:59+08:00,earliest_safe_bound:first_seen_or_qdii_tplus2,False,False,True
513870,2026-06-01,1.977,1.977,0.57,暂停申购,场内卖出,akshare:eastmoney:fund_etf_fund_info_em,10,2026-09-08T01:27:31+00:00,,2026-06-03T23:59:59+08:00,earliest_safe_bound:first_seen_or_qdii_tplus2,False,False,True
513870,2026-06-02,1.987,1.987,0.51,暂停申购,场内卖出,akshare:eastmoney:fund_etf_fund_info_em,10,2026-09-08T01:27:31+00:00,,2026-06-04T23:59:59+08:00,earliest_safe_bound:first_seen_or_qdii_tplus2,False,False,True
513870,2026-06-03,1.9812,1.9812,-0.29,暂停申购,场内卖出,akshare:eastmoney:fund_etf_fund_info_em,10,2026-09-08T01:27:31+00:00,,2026-06-05T23:59:59+08:00,earliest_safe_bound:first_seen_or_qdii_tplus2,False,False,True
513870,2026-06-04,1.9715,1.9715,-0.49,暂停申购,场内卖出,akshare:eastmoney:fund_etf_fund_info_em,10,2026-09-08T01:27:31+00:00,,2026-06-08T23:59:59+08:00,earliest_safe_bound:first_seen_or_qdii_tplus2,False,False,True
513870,2026-06-05,1.8765,1.8765,-4.82,暂停申购,场内卖出,akshare:eastmoney:fund_etf_fund_info_em,10,2026-09-08T01:27:31+00:00,,2026-06-09T23:59:59+08:00,earliest_safe_bound:first_seen_or_qdii_tplus2,False,False,True
513870,2026-06-08,1.907,1.907,1.63,暂停申购,场内卖出,akshare:eastmoney:fund_etf_fund_info_em,10,2026-09-08T01:27:31+00:00,,2026-06-10T23:59:59+08:00,earliest_safe_bound:first_seen_or_qdii_tplus2,False,False,True
513870,2026-06-09,1.8842,1.8842,-1.2,暂停申购,场内卖出,akshare:eastmoney:fund_etf_fund_info_em,10,2026-09-08T01:27:31+00:00,,2026-06-11T23:59:59+08:00,earliest_safe_bound:first_seen_or_qdii_tplus2,False,False,True
513870,2026-06-10,1.8466,1.8466,-2.0,暂停申购,场内卖出,akshare:eastmoney:fund_etf_fund_info_em,10,2026-09-08T01:27:31+00:00,,2026-06-12T23:59:59+08:00,earliest_safe_bound:first_seen_or_qdii_tplus2,False,False,True
513870,2026-06-11,1.9076,1.9076,3.3,暂停申购,场内卖出,akshare:eastmoney:fund_etf_fund_info_em,10,2026-09-08T01:27:31+00:00,,2026-06-15T23:59:59+08:00,earliest_safe_bound:first_seen_or_qdii_tplus2,False,False,True
513870,2026-06-12,1.9188,1.9188,0.59,暂停申购,场内卖出,akshare:eastmoney:fund_etf_fund_info_em,10,2026-09-08T01:27:31+00:00,,2026-06-16T23:59:59+08:00,earliest_safe_bound:first_seen_or_qdii_tplus2,False,False,True
513870,2026-06-15,1.9767,1.9767,3.02,暂停申购,场内卖出,akshare:eastmoney:fund_etf_fund_info_em,10,2026-09-08T01:27:31+00:00,,2026-06-17T23:59:59+08:00,earliest_safe_bound:first_seen_or_qdii_tplus2,False,False,True
513870,2026-06-16,1.9396,1.9396,-1.88,暂停申购,场内卖出,akshare:eastmoney:fund_etf_fund_info_em,10,2026-09-08T01:27:31+00:00,,2026-06-18T23:59:59+08:00,earliest_safe_bound:first_seen_or_qdii_tplus2,False,False,True
513870,2026-06-17,1.9199,1.9199,-1.02,暂停申购,场内卖出,akshare:eastmoney:fund_etf_fund_info_em,10,2026-09-08T01:27:31+00:00,,2026-06-22T23:59:59+08:00,earliest_safe_bound:first_seen_or_qdii_tplus2,False,False,True
513870,2026-06-18,1.9683,1.9683,2.52,场内买入,场内卖出,akshare:eastmoney:fund_etf_fund_info_em,10,2026-09-08T01:27:31+00:00,,2026-06-23T23:59:59+08:00,earliest_safe_bound:first_seen_or_qdii_tplus2,False,False,True
513870,2026-06-22,1.9649,1.9649,-0.17,场内买入,场内卖出,akshare:eastmoney:fund_etf_fund_info_em,10,2026-09-08T01:27:31+00:00,,2026-06-24T23:59:59+08:00,earliest_safe_bound:first_seen_or_qdii_tplus2,False,False,True
513870,2026-06-23,1.9008,1.9008,-3.26,场内买入,场内卖出,akshare:eastmoney:fund_etf_fund_info_em,10,2026-09-08T01:27:31+00:00,,2026-06-25T23:59:59+08:00,earliest_safe_bound:first_seen_or_qdii_tplus2,False,False,True
513870,2026-06-24,1.8931,1.8931,-0.41,场内买入,场内卖出,akshare:eastmoney:fund_etf_fund_info_em,10,2026-09-08T01:27:31+00:00,,2026-06-26T23:59:59+08:00,earliest_safe_bound:first_seen_or_qdii_tplus2,False,False,True
513870,2026-06-25,1.9076,1.9076,0.77,场内买入,场内卖出,akshare:eastmoney:fund_etf_fund_info_em,10,2026-09-08T01:27:31+00:00,,2026-06-29T23:59:59+08:00,earliest_safe_bound:first_seen_or_qdii_tplus2,False,False,True
513870,2026-06-26,1.8855,1.8855,-1.16,场内买入,场内卖出,akshare:eastmoney:fund_etf_fund_info_em,10,2026-09-08T01:27:31+00:00,,2026-06-30T23:59:59+08:00,earliest_safe_bound:first_seen_or_qdii_tplus2,False,False,True
513870,2026-06-29,1.9282,1.9282,2.26,场内买入,场内卖出,akshare:eastmoney:fund_etf_fund_info_em,10,2026-09-08T01:27:31+00:00,,2026-07-01T23:59:59+08:00,earliest_safe_bound:first_seen_or_qdii_tplus2,False,False,True
513870,2026-06-30,1.9586,1.9586,1.58,场内买入,场内卖出,akshare:eastmoney:fund_etf_fund_info_em,10,2026-09-08T01:27:31+00:00,,2026-07-02T23:59:59+08:00,earliest_safe_bound:first_seen_or_qdii_tplus2,False,False,True
513870,2026-07-01,1.9276,1.9276,-1.58,场内买入,场内卖出,akshare:eastmoney:fund_etf_fund_info_em,10,2026-09-08T01:27:31+00:00,,2026-07-03T23:59:59+08:00,earliest_safe_bound:first_seen_or_qdii_tplus2,False,False,True
513870,2026-07-02,1.8967,1.8967,-1.6,场内买入,场内卖出,akshare:eastmoney:fund_etf_fund_info_em,10,2026-09-08T01:27:31+00:00,,2026-07-06T23:59:59+08:00,earliest_safe_bound:first_seen_or_qdii_tplus2,False,False,True
513870,2026-07-03,1.8956,1.8956,-0.06,暂停申购,暂停赎回,akshare:eastmoney:fund_etf_fund_info_em,10,2026-09-08T01:27:31+00:00,,2026-07-07T23:59:59+08:00,earliest_safe_bound:first_seen_or_qdii_tplus2,False,False,True
513870,2026-07-06,1.92,1.92,1.29,场内买入,场内卖出,akshare:eastmoney:fund_etf_fund_info_em,10,2026-09-08T01:27:31+00:00,,2026-07-08T23:59:59+08:00,earliest_safe_bound:first_seen_or_qdii_tplus2,False,False,True
513870,2026-07-07,1.8857,1.8857,-1.79,场内买入,场内卖出,akshare:eastmoney:fund_etf_fund_info_em,10,2026-09-08T01:27:31+00:00,,2026-07-09T23:59:59+08:00,earliest_safe_bound:first_seen_or_qdii_tplus2,False,False,True
513870,2026-07-08,1.8914,1.8914,0.3,场内买入,场内卖出,akshare:eastmoney:fund_etf_fund_info_em,10,2026-09-08T01:27:31+00:00,,2026-07-10T23:59:59+08:00,earliest_safe_bound:first_seen_or_qdii_tplus2,False,False,True
513870,2026-07-09,1.9208,1.9208,1.55,场内买入,场内卖出,akshare:eastmoney:fund_etf_fund_info_em,10,2026-09-08T01:27:31+00:00,,2026-07-13T23:59:59+08:00,earliest_safe_bound:first_seen_or_qdii_tplus2,False,False,True
513870,2026-07-10,1.9258,1.9258,0.26,场内买入,场内卖出,akshare:eastmoney:fund_etf_fund_info_em,10,2026-09-08T01:27:31+00:00,,2026-07-14T23:59:59+08:00,earliest_safe_bound:first_seen_or_qdii_tplus2,False,False,True
513870,2026-07-13,1.8891,1.8891,-1.91,场内买入,场内卖出,akshare:eastmoney:fund_etf_fund_info_em,10,2026-09-08T01:27:31+00:00,,2026-07-15T23:59:59+08:00,earliest_safe_bound:first_seen_or_qdii_tplus2,False,False,True
513870,2026-07-14,1.9103,1.9103,1.12,场内买入,场内卖出,akshare:eastmoney:fund_etf_fund_info_em,10,2026-09-08T01:27:31+00:00,,2026-07-16T23:59:59+08:00,earliest_safe_bound:first_seen_or_qdii_tplus2,False,False,True
513870,2026-07-15,1.9027,1.9027,-0.4,场内买入,场内卖出,akshare:eastmoney:fund_etf_fund_info_em,10,2026-09-08T01:27:31+00:00,,2026-07-17T23:59:59+08:00,earliest_safe_bound:first_seen_or_qdii_tplus2,False,False,True
513870,2026-07-16,1.8719,1.8719,-1.62,场内买入,场内卖出,akshare:eastmoney:fund_etf_fund_info_em,10,2026-09-08T01:27:31+00:00,,2026-07-20T23:59:59+08:00,earliest_safe_bound:first_seen_or_qdii_tplus2,False,False,True
513870,2026-07-17,1.8446,1.8446,-1.46,场内买入,场内卖出,akshare:eastmoney:fund_etf_fund_info_em,10,2026-09-08T01:27:31+00:00,,2026-07-21T23:59:59+08:00,earliest_safe_bound:first_seen_or_qdii_tplus2,False,False,True
513870,2026-07-20,1.8455,1.8455,0.05,场内买入,场内卖出,akshare:eastmoney:fund_etf_fund_info_em,10,2026-09-08T01:27:31+00:00,,2026-07-22T23:59:59+08:00,earliest_safe_bound:first_seen_or_qdii_tplus2,False,False,True
513870,2026-07-21,1.8801,1.8801,1.87,场内买入,场内卖出,akshare:eastmoney:fund_etf_fund_info_em,10,2026-09-08T01:27:31+00:00,,2026-07-23T23:59:59+08:00,earliest_safe_bound:first_seen_or_qdii_tplus2,False,False,True
513870,2026-07-22,1.8705,1.8705,-0.51,场内买入,场内卖出,akshare:eastmoney:fund_etf_fund_info_em,10,2026-09-08T01:27:31+00:00,,2026-07-24T23:59:59+08:00,earliest_safe_bound:first_seen_or_qdii_tplus2,False,False,True
513870,2026-07-23,1.8347,1.8347,-1.91,场内买入,场内卖出,akshare:eastmoney:fund_etf_fund_info_em,10,2026-09-08T01:27:31+00:00,,2026-07-27T23:59:59+08:00,earliest_safe_bound:first_seen_or_qdii_tplus2,False,False,True
513870,2026-07-24,1.8144,1.8144,-1.11,场内买入,场内卖出,akshare:eastmoney:fund_etf_fund_info_em,10,2026-09-08T01:27:31+00:00,,2026-07-28T23:59:59+08:00,earliest_safe_bound:first_seen_or_qdii_tplus2,False,False,True
513870,2026-07-27,1.8079,1.8079,-0.36,场内买入,场内卖出,akshare:eastmoney:fund_etf_fund_info_em,10,2026-09-08T01:27:31+00:00,,2026-07-29T23:59:59+08:00,earliest_safe_bound:first_seen_or_qdii_tplus2,False,False,True
513870,2026-07-28,1.7906,1.7906,-0.96,场内买入,场内卖出,akshare:eastmoney:fund_etf_fund_info_em,10,2026-09-08T01:27:31+00:00,,2026-07-30T23:59:59+08:00,earliest_safe_bound:first_seen_or_qdii_tplus2,False,False,True
513870,2026-07-29,1.753,1.753,-2.1,场内买入,场内卖出,akshare:eastmoney:fund_etf_fund_info_em,10,2026-09-08T01:27:31+00:00,,2026-07-31T23:59:59+08:00,earliest_safe_bound:first_seen_or_qdii_tplus2,False,False,True
513870,2026-07-30,1.8116,1.8116,3.34,场内买入,场内卖出,akshare:eastmoney:fund_etf_fund_info_em,10,2026-09-08T01:27:31+00:00,,2026-08-03T23:59:59+08:00,earliest_safe_bound:first_seen_or_qdii_tplus2,False,False,True
513870,2026-07-31,1.8225,1.8225,0.6,场内买入,场内卖出,akshare:eastmoney:fund_etf_fund_info_em,10,2026-09-08T01:27:31+00:00,,2026-08-04T23:59:59+08:00,earliest_safe_bound:first_seen_or_qdii_tplus2,False,False,True
513870,2026-08-03,1.8548,1.8548,1.77,场内买入,场内卖出,akshare:eastmoney:fund_etf_fund_info_em,10,2026-09-08T01:27:31+00:00,,2026-08-05T23:59:59+08:00,earliest_safe_bound:first_seen_or_qdii_tplus2,False,False,True
513870,2026-08-04,1.9169,1.9169,3.35,场内买入,场内卖出,akshare:eastmoney:fund_etf_fund_info_em,10,2026-09-08T01:27:31+00:00,,2026-08-06T23:59:59+08:00,earliest_safe_bound:first_seen_or_qdii_tplus2,False,False,True
513870,2026-08-05,1.9004,1.9004,-0.86,场内买入,场内卖出,akshare:eastmoney:fund_etf_fund_info_em,10,2026-09-08T01:27:31+00:00,,2026-08-07T23:59:59+08:00,earliest_safe_bound:first_seen_or_qdii_tplus2,False,False,True
513870,2026-08-06,1.8931,1.8931,-0.38,场内买入,场内卖出,akshare:eastmoney:fund_etf_fund_info_em,10,2026-09-08T01:27:31+00:00,,2026-08-10T23:59:59+08:00,earliest_safe_bound:first_seen_or_qdii_tplus2,False,False,True
513870,2026-08-07,1.9157,1.9157,1.19,场内买入,场内卖出,akshare:eastmoney:fund_etf_fund_info_em,10,2026-09-08T01:27:31+00:00,,2026-08-11T23:59:59+08:00,earliest_safe_bound:first_seen_or_qdii_tplus2,False,False,True
513870,2026-08-10,1.9088,1.9088,-0.36,场内买入,场内卖出,akshare:eastmoney:fund_etf_fund_info_em,10,2026-09-08T01:27:31+00:00,,2026-08-12T23:59:59+08:00,earliest_safe_bound:first_seen_or_qdii_tplus2,False,False,True
513870,2026-08-11,1.9029,1.9029,-0.31,场内买入,场内卖出,akshare:eastmoney:fund_etf_fund_info_em,10,2026-09-08T01:27:31+00:00,,2026-08-13T23:59:59+08:00,earliest_safe_bound:first_seen_or_qdii_tplus2,False,False,True
513870,2026-08-12,1.9164,1.9164,0.71,场内买入,场内卖出,akshare:eastmoney:fund_etf_fund_info_em,10,2026-09-08T01:27:31+00:00,,2026-08-14T23:59:59+08:00,earliest_safe_bound:first_seen_or_qdii_tplus2,False,False,True
513870,2026-08-13,1.9385,1.9385,1.15,场内买入,场内卖出,akshare:eastmoney:fund_etf_fund_info_em,10,2026-09-08T01:27:31+00:00,,2026-08-17T23:59:59+08:00,earliest_safe_bound:first_seen_or_qdii_tplus2,False,False,True
513870,2026-08-14,1.9358,1.9358,-0.14,场内买入,场内卖出,akshare:eastmoney:fund_etf_fund_info_em,10,2026-09-08T01:27:31+00:00,,2026-08-18T23:59:59+08:00,earliest_safe_bound:first_seen_or_qdii_tplus2,False,False,True
513870,2026-08-17,1.9323,1.9323,-0.18,场内买入,场内卖出,akshare:eastmoney:fund_etf_fund_info_em,10,2026-09-08T01:27:31+00:00,,2026-08-19T23:59:59+08:00,earliest_safe_bound:first_seen_or_qdii_tplus2,False,False,True
513870,2026-08-18,1.9007,1.9007,-1.64,场内买入,场内卖出,akshare:eastmoney:fund_etf_fund_info_em,10,2026-09-08T01:27:31+00:00,,2026-08-20T23:59:59+08:00,earliest_safe_bound:first_seen_or_qdii_tplus2,False,False,True
513870,2026-08-19,1.8951,1.8951,-0.29,场内买入,场内卖出,akshare:eastmoney:fund_etf_fund_info_em,10,2026-09-08T01:27:31+00:00,,2026-08-21T23:59:59+08:00,earliest_safe_bound:first_seen_or_qdii_tplus2,False,False,True
513870,2026-08-20,1.8804,1.8804,-0.78,场内买入,场内卖出,akshare:eastmoney:fund_etf_fund_info_em,10,2026-09-08T01:27:31+00:00,,2026-08-24T23:59:59+08:00,earliest_safe_bound:first_seen_or_qdii_tplus2,False,False,True
513870,2026-08-21,1.8869,1.8869,0.35,场内买入,场内卖出,akshare:eastmoney:fund_etf_fund_info_em,10,2026-09-08T01:43:36+00:00,,2026-08-25T23:59:59+08:00,earliest_safe_bound:first_seen_or_qdii_tplus2,False,False,True
513870,2026-08-24,1.8691,1.8691,-0.94,场内买入,场内卖出,akshare:eastmoney:fund_etf_fund_info_em,10,2026-09-08T01:43:36+00:00,,2026-08-26T23:59:59+08:00,earliest_safe_bound:first_seen_or_qdii_tplus2,False,False,True
513870,2026-08-25,1.8812,1.8812,0.65,场内买入,场内卖出,akshare:eastmoney:fund_etf_fund_info_em,10,2026-09-08T01:43:36+00:00,,2026-08-27T23:59:59+08:00,earliest_safe_bound:first_seen_or_qdii_tplus2,False,False,True
513870,2026-08-26,1.8815,1.8815,0.02,场内买入,场内卖出,akshare:eastmoney:fund_etf_fund_info_em,10,2026-09-08T01:43:36+00:00,,2026-08-28T23:59:59+08:00,earliest_safe_bound:first_seen_or_qdii_tplus2,False,False,True
513870,2026-08-27,1.9086,1.9086,1.44,场内买入,场内卖出,akshare:eastmoney:fund_etf_fund_info_em,10,2026-09-08T01:43:36+00:00,,2026-08-31T23:59:59+08:00,earliest_safe_bound:first_seen_or_qdii_tplus2,False,False,True
513870,2026-08-28,1.8945,1.8945,-0.74,场内买入,场内卖出,akshare:eastmoney:fund_etf_fund_info_em,10,2026-09-08T01:43:36+00:00,,2026-09-01T23:59:59+08:00,earliest_safe_bound:first_seen_or_qdii_tplus2,False,False,True
513870,2026-08-31,1.8963,1.8963,0.1,场内买入,场内卖出,akshare:eastmoney:fund_etf_fund_info_em,10,2026-09-08T01:43:36+00:00,,2026-09-02T23:59:59+08:00,earliest_safe_bound:first_seen_or_qdii_tplus2,False,False,True
513870,2026-09-01,1.8714,1.8714,-1.31,场内买入,场内卖出,akshare:eastmoney:fund_etf_fund_info_em,10,2026-09-08T01:43:36+00:00,,2026-09-03T23:59:59+08:00,earliest_safe_bound:first_seen_or_qdii_tplus2,False,False,True
513870,2026-09-02,1.8761,1.8761,0.25,场内买入,场内卖出,akshare:eastmoney:fund_etf_fund_info_em,10,2026-09-08T01:43:36+00:00,,2026-09-04T23:59:59+08:00,earliest_safe_bound:first_seen_or_qdii_tplus2,False,False,True
513870,2026-09-03,1.8974,1.8974,1.14,场内买入,场内卖出,akshare:eastmoney:fund_etf_fund_info_em,10,2026-09-08T01:43:36+00:00,,2026-09-07T23:59:59+08:00,earliest_safe_bound:first_seen_or_qdii_tplus2,False,False,True
513870,2026-09-04,1.901,1.901,0.19,场内买入,场内卖出,akshare:eastmoney:fund_etf_fund_info_em,10,2026-09-08T02:21:35+00:00,,2026-09-08T10:21:35+08:00,first_seen_ingestion_bound,False,False,True
