symbol,date,open,high,low,close,preclose,volume,amount,turnover,pct_change,trade_status,source,source_priority,ingested_at_utc
159501,2026-01-05,1.784,1.798,1.783,1.797,1.783,58523400,104859328.8,0.966692,0.7852,1,baostock,10,2026-09-07T14:35:57+00:00
159501,2026-01-06,1.803,1.803,1.779,1.789,1.797,110039100,196620782.0,1.81613,-0.4452,1,baostock,10,2026-09-07T14:35:57+00:00
159501,2026-01-07,1.792,1.795,1.786,1.788,1.789,46962300,83996851.5,0.774446,-0.0559,1,baostock,10,2026-09-07T14:35:57+00:00
159501,2026-01-08,1.788,1.788,1.777,1.778,1.788,47854600,85216579.9,0.788511,-0.5593,1,baostock,10,2026-09-07T14:35:57+00:00
159501,2026-01-09,1.777,1.779,1.765,1.775,1.778,74889800,132598906.2,1.23296,-0.1687,1,baostock,10,2026-09-07T14:35:57+00:00
159501,2026-01-12,1.775,1.786,1.767,1.772,1.775,93197016,165395477.08,1.533101,-0.169,1,baostock,10,2026-09-07T14:35:57+00:00
159501,2026-01-13,1.772,1.783,1.768,1.778,1.772,81921900,145204263.1,1.346517,0.3386,1,baostock,10,2026-09-07T14:35:57+00:00
159501,2026-01-14,1.773,1.774,1.769,1.772,1.778,44433600,78676061.8,0.729737,-0.3375,1,baostock,10,2026-09-07T14:35:57+00:00
159501,2026-01-15,1.761,1.774,1.757,1.772,1.772,46983100,82831838.2,0.770975,0.0,1,baostock,10,2026-09-07T14:35:57+00:00
159501,2026-01-16,1.772,1.775,1.766,1.769,1.772,34118910,60343933.07,0.559419,-0.1693,1,baostock,10,2026-09-07T14:35:57+00:00
159501,2026-01-19,1.76,1.76,1.751,1.751,1.769,56712510,99546216.07,0.929106,-1.0175,1,baostock,10,2026-09-07T14:35:57+00:00
159501,2026-01-20,1.75,1.753,1.741,1.742,1.751,43232200,75468125.1,0.708262,-0.514,1,baostock,10,2026-09-07T14:35:57+00:00
159501,2026-01-21,1.733,1.735,1.721,1.733,1.742,107534654,185916891.666,1.76027,-0.5166,1,baostock,10,2026-09-07T14:35:57+00:00
159501,2026-01-22,1.75,1.761,1.749,1.759,1.733,55885900,98164362.9,0.914066,1.5003,1,baostock,10,2026-09-07T14:35:57+00:00
159501,2026-01-23,1.76,1.769,1.756,1.759,1.759,38441600,67655416.5,0.628235,0.0,1,baostock,10,2026-09-07T14:35:57+00:00
159501,2026-01-26,1.756,1.756,1.744,1.746,1.759,39072800,68273403.6,0.638029,-0.7391,1,baostock,10,2026-09-07T14:35:57+00:00
159501,2026-01-27,1.755,1.761,1.75,1.754,1.746,53871076,94627479.118,0.878956,0.4582,1,baostock,10,2026-09-07T14:35:57+00:00
159501,2026-01-28,1.765,1.772,1.764,1.771,1.754,54829300,96937343.2,0.893861,0.9692,1,baostock,10,2026-09-07T14:35:57+00:00
159501,2026-01-29,1.766,1.766,1.756,1.76,1.771,50460800,88781702.2,0.821973,-0.6211,1,baostock,10,2026-09-07T14:35:57+00:00
159501,2026-01-30,1.745,1.756,1.744,1.751,1.76,44745300,78241342.5,0.728278,-0.5114,1,baostock,10,2026-09-07T14:35:57+00:00
159501,2026-02-02,1.745,1.746,1.718,1.719,1.751,76063100,131472309.321,1.237002,-1.8275,1,baostock,10,2026-09-07T14:35:57+00:00
159501,2026-02-03,1.745,1.759,1.739,1.757,1.719,45656699,79878104.206,0.741904,2.2106,1,baostock,10,2026-09-07T14:35:57+00:00
159501,2026-02-04,1.727,1.74,1.724,1.739,1.757,37785900,65484148.5,0.613508,-1.0245,1,baostock,10,2026-09-07T14:35:57+00:00
159501,2026-02-05,1.723,1.728,1.717,1.726,1.739,43907700,75569746.5,0.712326,-0.7476,1,baostock,10,2026-09-07T14:35:57+00:00
159501,2026-02-06,1.702,1.702,1.687,1.694,1.726,69721000,118174854.6,1.130186,-1.854,1,baostock,10,2026-09-07T14:35:57+00:00
159501,2026-02-09,1.724,1.726,1.72,1.722,1.694,40783300,70240165.9,0.660567,1.6529,1,baostock,10,2026-09-07T14:35:57+00:00
159501,2026-02-10,1.73,1.732,1.722,1.723,1.722,30926100,53326861.7,0.500504,0.0581,1,baostock,10,2026-09-07T14:35:57+00:00
159501,2026-02-11,1.722,1.722,1.714,1.718,1.723,32597900,55962372.9,0.527134,-0.2902,1,baostock,10,2026-09-07T14:35:57+00:00
159501,2026-02-12,1.715,1.722,1.713,1.714,1.718,28502600,48922140.1,0.460537,-0.2328,1,baostock,10,2026-09-07T14:35:57+00:00
159501,2026-02-13,1.69,1.71,1.687,1.709,1.714,40324000,68530873.2,0.651019,-0.2917,1,baostock,10,2026-09-07T14:35:57+00:00
159501,2026-02-24,1.706,1.706,1.688,1.697,1.709,49753880,84255866.38,0.802613,-0.7022,1,baostock,10,2026-09-07T14:35:57+00:00
159501,2026-02-25,1.705,1.713,1.691,1.694,1.697,50698300,86173654.2,0.817189,-0.1768,1,baostock,10,2026-09-07T14:35:57+00:00
159501,2026-02-26,1.703,1.706,1.701,1.702,1.694,62326900,106145828.5,1.003818,0.4723,1,baostock,10,2026-09-07T14:35:57+00:00
159501,2026-02-27,1.694,1.695,1.687,1.695,1.702,28108100,47503636.4,0.452336,-0.4113,1,baostock,10,2026-09-07T14:35:57+00:00
159501,2026-03-02,1.68,1.689,1.672,1.673,1.695,53263300,89510188.6,0.856463,-1.2979,1,baostock,10,2026-09-07T14:35:57+00:00
159501,2026-03-03,1.681,1.69,1.661,1.662,1.673,57200300,95657007.7,0.919621,-0.6575,1,baostock,10,2026-09-07T14:35:57+00:00
159501,2026-03-04,1.649,1.664,1.635,1.638,1.662,85914000,141617385.8,1.381035,-1.444,1,baostock,10,2026-09-07T14:35:57+00:00
159501,2026-03-05,1.662,1.676,1.662,1.673,1.638,53274480,89022403.3,0.856229,2.1368,1,baostock,10,2026-09-07T14:35:57+00:00
159501,2026-03-06,1.665,1.673,1.663,1.671,1.673,59836860,99766532.5,0.961546,-0.1195,1,baostock,10,2026-09-07T14:35:57+00:00
159501,2026-03-09,1.621,1.649,1.62,1.638,1.671,68589000,111953975.7,1.102011,-1.9749,1,baostock,10,2026-09-07T14:35:57+00:00
159501,2026-03-10,1.663,1.671,1.66,1.661,1.638,54519700,90788502.1,0.87582,1.4042,1,baostock,10,2026-09-07T14:35:57+00:00
159501,2026-03-11,1.667,1.672,1.661,1.666,1.661,51202700,85288705.2,0.822403,0.301,1,baostock,10,2026-09-07T14:35:57+00:00
159501,2026-03-12,1.661,1.661,1.652,1.659,1.666,32902700,54519028.6,0.528389,-0.4202,1,baostock,10,2026-09-07T14:35:57+00:00
159501,2026-03-13,1.638,1.65,1.638,1.647,1.659,28565000,47024168.3,0.458655,-0.7233,1,baostock,10,2026-09-07T14:35:57+00:00
159501,2026-03-16,1.644,1.65,1.636,1.65,1.647,56783700,93188810.6,0.911604,0.1821,1,baostock,10,2026-09-07T14:35:57+00:00
159501,2026-03-17,1.654,1.656,1.64,1.641,1.65,51430400,84860518.0,0.82553,-0.5455,1,baostock,10,2026-09-07T14:35:57+00:00
159501,2026-03-18,1.654,1.667,1.651,1.663,1.641,56759900,94140505.6,0.91093,1.3406,1,baostock,10,2026-09-07T14:35:57+00:00
159501,2026-03-19,1.641,1.648,1.638,1.641,1.663,32571000,53495067.7,0.522642,-1.3229,1,baostock,10,2026-09-07T14:35:57+00:00
159501,2026-03-20,1.647,1.647,1.625,1.626,1.641,36823467,60218826.415,0.590784,-0.9141,1,baostock,10,2026-09-07T14:35:57+00:00
159501,2026-03-23,1.603,1.603,1.554,1.563,1.626,155481200,245338814.158,2.494089,-3.8745,1,baostock,10,2026-09-07T14:35:57+00:00
159501,2026-03-24,1.592,1.595,1.576,1.591,1.563,128712800,203713477.7,2.064364,1.7914,1,baostock,10,2026-09-07T14:35:57+00:00
159501,2026-03-25,1.6,1.612,1.595,1.611,1.591,68316500,109758108.2,1.09552,1.2571,1,baostock,10,2026-09-07T14:35:57+00:00
159501,2026-03-26,1.611,1.614,1.595,1.598,1.611,51305900,82344228.6,0.822607,-0.807,1,baostock,10,2026-09-07T14:35:57+00:00
159501,2026-03-27,1.572,1.595,1.567,1.588,1.598,83349702,131704743.65,1.336164,-0.6258,1,baostock,10,2026-09-07T14:35:57+00:00
159501,2026-03-30,1.563,1.568,1.554,1.567,1.588,53780102,83870737.414,0.862001,-1.3224,1,baostock,10,2026-09-07T14:35:57+00:00
159501,2026-03-31,1.563,1.573,1.56,1.564,1.567,32170400,50341977.5,0.515552,-0.1914,1,baostock,10,2026-09-07T14:35:57+00:00
159501,2026-04-01,1.604,1.627,1.601,1.627,1.564,79878890,128623046.36,1.279908,4.0281,1,baostock,10,2026-09-07T14:35:57+00:00
159501,2026-04-02,1.623,1.625,1.592,1.603,1.627,57846152,92759286.592,0.926727,-1.4751,1,baostock,10,2026-09-07T14:35:57+00:00
159501,2026-04-03,1.615,1.617,1.606,1.606,1.603,27287702,43945122.418,0.437094,0.1871,1,baostock,10,2026-09-07T14:35:57+00:00
159501,2026-04-07,1.609,1.614,1.605,1.607,1.606,29584400,47599626.9,0.473882,0.0623,1,baostock,10,2026-09-07T14:35:57+00:00
159501,2026-04-08,1.661,1.691,1.661,1.688,1.607,87630200,146672619.7,1.403434,5.0404,1,baostock,10,2026-09-07T14:35:57+00:00
159501,2026-04-09,1.668,1.68,1.658,1.673,1.688,61885800,103375004.2,0.990968,-0.8886,1,baostock,10,2026-09-07T14:35:57+00:00
159501,2026-04-10,1.685,1.698,1.678,1.681,1.673,46914700,79294882.5,0.751118,0.4782,1,baostock,10,2026-09-07T14:35:57+00:00
159501,2026-04-13,1.678,1.678,1.666,1.675,1.681,47479500,79333884.2,0.760038,-0.3569,1,baostock,10,2026-09-07T14:35:57+00:00
159501,2026-04-14,1.703,1.705,1.697,1.7,1.675,42088618,71575175.582,0.673635,1.4925,1,baostock,10,2026-09-07T14:35:57+00:00
159501,2026-04-15,1.725,1.741,1.723,1.729,1.7,84234590,145800511.86,1.347972,1.7059,1,baostock,10,2026-09-07T14:35:57+00:00
159501,2026-04-16,1.76,1.77,1.759,1.768,1.729,82182400,144859266.3,1.314921,2.2556,1,baostock,10,2026-09-07T14:35:57+00:00
159501,2026-04-17,1.767,1.767,1.753,1.757,1.768,60428900,106223953.4,0.96671,-0.6222,1,baostock,10,2026-09-07T14:35:57+00:00
159501,2026-04-20,1.765,1.77,1.755,1.758,1.757,71404480,125801402.64,1.142109,0.0569,1,baostock,10,2026-09-07T14:35:57+00:00
159501,2026-04-21,1.76,1.764,1.749,1.758,1.758,53264571,93559367.302,0.851826,0.0,1,baostock,10,2026-09-07T14:35:57+00:00
159501,2026-04-22,1.756,1.762,1.752,1.762,1.758,40155600,70569631.4,0.64208,0.2275,1,baostock,10,2026-09-07T14:35:57+00:00
159501,2026-04-23,1.774,1.778,1.763,1.773,1.762,76657551,135696814.119,1.225543,0.6243,1,baostock,10,2026-09-07T14:35:57+00:00
159501,2026-04-24,1.773,1.777,1.769,1.774,1.773,70781117,125501645.841,1.131414,0.0564,1,baostock,10,2026-09-07T14:35:57+00:00
159501,2026-04-27,1.795,1.807,1.793,1.807,1.774,100038971,180237314.855,1.598836,1.8602,1,baostock,10,2026-09-07T14:35:57+00:00
159501,2026-04-28,1.807,1.812,1.804,1.81,1.807,108231150,195728320.0,1.729488,0.166,1,baostock,10,2026-09-07T14:35:57+00:00
159501,2026-04-29,1.8,1.807,1.796,1.805,1.81,61889723,111579016.215,0.988814,-0.2762,1,baostock,10,2026-09-07T14:35:57+00:00
159501,2026-04-30,1.817,1.823,1.8,1.808,1.805,100534055,182159020.0,1.605979,0.1662,1,baostock,10,2026-09-07T14:35:57+00:00
159501,2026-05-06,1.859,1.869,1.859,1.864,1.808,122595597,228368312.707,1.958088,3.0973,1,baostock,10,2026-09-07T14:35:57+00:00
159501,2026-05-07,1.895,1.901,1.888,1.901,1.864,128234025,243063603.625,2.047817,1.985,1,baostock,10,2026-09-07T14:35:57+00:00
159501,2026-05-08,1.899,1.907,1.893,1.906,1.901,83946000,159328306.4,1.340351,0.263,1,baostock,10,2026-09-07T14:35:57+00:00
159501,2026-05-11,1.936,2.0,1.936,1.956,1.906,135136407,263704212.391,2.157355,2.6233,1,baostock,10,2026-09-07T14:35:57+00:00
159501,2026-05-12,1.957,1.959,1.933,1.938,1.956,124228482,241499578.178,1.982901,-0.9202,1,baostock,10,2026-09-07T14:35:57+00:00
159501,2026-05-13,1.93,1.955,1.925,1.955,1.938,124261104,240846503.038,1.983105,0.8772,1,baostock,10,2026-09-07T14:35:57+00:00
159501,2026-05-14,1.979,1.983,1.955,1.971,1.955,123237557,242260754.419,1.966456,0.8184,1,baostock,10,2026-09-07T14:35:57+00:00
159501,2026-05-15,1.973,1.979,1.946,1.96,1.971,165066960,324185124.6,2.633493,-0.5581,1,baostock,10,2026-09-07T14:35:57+00:00
159501,2026-05-18,1.935,1.942,1.914,1.916,1.96,154720010,298169467.412,2.468023,-2.2449,1,baostock,10,2026-09-07T14:35:57+00:00
159501,2026-05-19,1.916,1.917,1.893,1.906,1.916,129589600,246724673.7,2.066824,-0.5219,1,baostock,10,2026-09-07T14:35:57+00:00
159501,2026-05-20,1.896,1.92,1.887,1.919,1.906,94688101,179640396.111,1.509939,0.6821,1,baostock,10,2026-09-07T14:35:57+00:00
159501,2026-05-21,1.945,1.957,1.932,1.945,1.919,115590687,224838099.447,1.842968,1.3549,1,baostock,10,2026-09-07T14:35:57+00:00
159501,2026-05-22,1.958,1.979,1.952,1.978,1.945,107580900,211435154.6,1.714987,1.6967,1,baostock,10,2026-09-07T14:35:57+00:00
159501,2026-05-25,2.025,2.176,2.024,2.053,1.978,155792313,317833435.964,2.483147,3.7917,1,baostock,10,2026-09-07T14:35:57+00:00
159501,2026-05-26,2.053,2.053,2.026,2.033,2.053,86030600,175658047.968,1.371227,-0.9742,1,baostock,10,2026-09-07T14:35:57+00:00
159501,2026-05-27,2.058,2.075,2.056,2.07,2.033,101444762,209842746.798,1.616653,1.82,1,baostock,10,2026-09-07T14:35:57+00:00
159501,2026-05-28,2.07,2.082,2.037,2.075,2.07,143213000,295023775.1,2.28192,0.2415,1,baostock,10,2026-09-07T14:35:57+00:00
159501,2026-05-29,2.093,2.123,2.093,2.122,2.075,112159500,237119017.9,1.786837,2.2651,1,baostock,10,2026-09-07T14:35:57+00:00
159501,2026-06-01,2.151,2.214,2.145,2.2,2.122,226321100,494992680.9,3.604995,3.6758,1,baostock,10,2026-09-07T14:35:57+00:00
159501,2026-06-02,2.2,2.209,2.13,2.185,2.2,163818331,356821863.435,2.608993,-0.6818,1,baostock,10,2026-09-07T14:35:57+00:00
159501,2026-06-03,2.185,2.202,2.13,2.153,2.185,146754125,318294555.752,2.336854,-1.4645,1,baostock,10,2026-09-07T14:35:57+00:00
159501,2026-06-04,2.12,2.131,2.104,2.107,2.153,114988896,242894173.126,1.830746,-2.1366,1,baostock,10,2026-09-07T14:35:57+00:00
159501,2026-06-05,2.094,2.111,2.064,2.087,2.107,115968294,242527360.142,1.846045,-0.9492,1,baostock,10,2026-09-07T14:35:57+00:00
159501,2026-06-08,2.007,2.048,2.0,2.016,2.087,193130189,390481888.818,3.07386,-3.402,1,baostock,10,2026-09-07T14:35:57+00:00
159501,2026-06-09,2.05,2.082,2.046,2.079,2.016,122134200,251652488.4,1.943578,3.125,1,baostock,10,2026-09-07T14:35:57+00:00
159501,2026-06-10,2.041,2.05,2.015,2.019,2.079,79986900,161704597.5,1.272666,-2.886,1,baostock,10,2026-09-07T14:35:57+00:00
159501,2026-06-11,2.0,2.012,1.98,2.01,2.019,104042977,207711166.892,1.652791,-0.4458,1,baostock,10,2026-09-07T14:35:57+00:00
159501,2026-06-12,2.06,2.074,2.032,2.036,2.01,91977900,188804138.86,1.458812,1.2935,1,baostock,10,2026-09-07T14:35:57+00:00
159501,2026-06-15,2.095,2.116,2.082,2.113,2.036,117149000,246053923.731,1.855095,3.7819,1,baostock,10,2026-09-07T14:35:57+00:00
159501,2026-06-16,2.133,2.142,2.121,2.127,2.113,99401038,211912013.895,1.571561,0.6626,1,baostock,10,2026-09-07T14:35:57+00:00
159501,2026-06-17,2.1,2.13,2.094,2.127,2.127,83035038,175241201.567,1.310737,0.0,1,baostock,10,2026-09-07T14:35:57+00:00
159501,2026-06-18,2.125,2.125,2.1,2.119,2.127,78139001,164863999.813,1.231508,-0.3761,1,baostock,10,2026-09-07T14:35:57+00:00
159501,2026-06-22,2.119,2.138,2.103,2.116,2.119,85975300,181515123.2,1.352879,-0.1416,1,baostock,10,2026-09-07T14:35:57+00:00
159501,2026-06-23,2.097,2.097,2.066,2.069,2.116,94401600,196443880.6,1.483139,-2.2212,1,baostock,10,2026-09-07T14:35:57+00:00
159501,2026-06-24,2.059,2.074,2.05,2.066,2.069,95581000,197159293.0,1.499313,-0.145,1,baostock,10,2026-09-07T14:35:57+00:00
159501,2026-06-25,2.066,2.09,2.053,2.088,2.066,76623980,158937896.28,1.200065,1.0649,1,baostock,10,2026-09-07T14:35:57+00:00
159501,2026-06-26,2.056,2.056,2.029,2.04,2.088,69914734,142436178.924,1.093274,-2.2989,1,baostock,10,2026-09-07T14:35:57+00:00
159501,2026-06-29,2.041,2.049,2.03,2.047,2.04,84315650,172002171.75,1.316406,0.3431,1,baostock,10,2026-09-07T14:35:57+00:00
159501,2026-06-30,2.061,2.083,2.06,2.077,2.047,74184300,153932279.9,1.156422,1.4656,1,baostock,10,2026-09-07T14:35:57+00:00
159501,2026-07-01,2.099,2.104,2.081,2.089,2.077,64195400,134462307.0,0.999152,0.5778,1,baostock,10,2026-09-07T14:35:57+00:00
159501,2026-07-02,2.082,2.082,2.053,2.059,2.089,64213800,132525209.9,0.997886,-1.4361,1,baostock,10,2026-09-07T14:35:57+00:00
159501,2026-07-03,2.055,2.071,2.043,2.063,2.059,53647600,110403961.7,0.832393,0.1943,1,baostock,10,2026-09-07T14:35:57+00:00
159501,2026-07-06,2.063,2.063,2.037,2.053,2.063,46828808,96014319.196,0.726593,-0.4847,1,baostock,10,2026-09-07T14:35:57+00:00
159501,2026-07-07,2.056,2.056,2.042,2.051,2.053,48487800,99425947.0,0.751168,-0.0974,1,baostock,10,2026-09-07T14:35:57+00:00
159501,2026-07-08,2.051,2.051,2.033,2.033,2.051,51610300,105192042.3,0.798305,-0.8776,1,baostock,10,2026-09-07T14:35:57+00:00
159501,2026-07-09,2.037,2.051,2.026,2.049,2.033,77025200,156898650.6,1.189581,0.787,1,baostock,10,2026-09-07T14:35:57+00:00
159501,2026-07-10,2.061,2.069,2.05,2.053,2.049,48676218,100278021.054,0.750599,0.1952,1,baostock,10,2026-09-07T14:35:57+00:00
159501,2026-07-13,2.05,2.058,2.04,2.044,2.053,53396100,109424621.1,0.822113,-0.4384,1,baostock,10,2026-09-07T14:35:57+00:00
159501,2026-07-14,2.033,2.046,2.024,2.045,2.044,58126000,118060876.5,0.893561,0.0489,1,baostock,10,2026-09-07T14:35:57+00:00
159501,2026-07-15,2.065,2.065,2.052,2.061,2.045,40938835,84231540.265,0.628379,0.7824,1,baostock,10,2026-09-07T14:35:57+00:00
159501,2026-07-16,2.05,2.05,2.04,2.041,2.061,52210000,106722080.7,0.800155,-0.9704,1,baostock,10,2026-09-07T14:35:57+00:00
159501,2026-07-17,2.024,2.024,1.973,1.984,2.041,93092700,186499872.8,1.424528,-2.7927,1,baostock,10,2026-09-07T14:35:57+00:00
159501,2026-07-20,1.984,2.002,1.98,1.983,1.984,46040400,91633051.9,0.703445,-0.0504,1,baostock,10,2026-09-07T14:35:57+00:00
159501,2026-07-21,1.999,2.009,1.983,2.007,1.983,72118500,143971555.8,1.100208,1.2103,1,baostock,10,2026-09-07T14:35:57+00:00
159501,2026-07-22,2.019,2.022,2.0,2.003,2.007,45838700,92239743.5,0.69823,-0.1993,1,baostock,10,2026-09-07T14:35:57+00:00
159501,2026-07-23,2.01,2.016,1.999,2.001,2.003,35664200,71507663.7,0.542422,-0.0999,1,baostock,10,2026-09-07T14:35:57+00:00
159501,2026-07-24,1.989,1.989,1.969,1.98,2.001,45383900,89761605.6,0.689203,-1.0495,1,baostock,10,2026-09-07T14:35:57+00:00
159501,2026-07-27,1.972,1.989,1.97,1.983,1.98,55835900,110676872.5,0.846642,0.1515,1,baostock,10,2026-09-07T14:35:57+00:00
159501,2026-07-28,1.963,1.963,1.94,1.945,1.983,55682000,108298576.3,0.84303,-1.9163,1,baostock,10,2026-09-07T14:35:57+00:00
159501,2026-07-29,1.945,1.95,1.93,1.947,1.945,51348408,99539298.564,0.776244,0.1028,1,baostock,10,2026-09-07T14:35:57+00:00
159501,2026-07-30,1.935,1.936,1.914,1.921,1.947,43972700,84379250.1,0.66374,-1.3354,1,baostock,10,2026-09-07T14:35:57+00:00
159501,2026-07-31,1.988,1.989,1.971,1.983,1.921,66959600,132623096.7,1.00919,3.2275,1,baostock,10,2026-09-07T14:35:57+00:00
159501,2026-08-03,1.985,2.0,1.984,1.995,1.983,41387000,82481921.1,0.62283,0.6051,1,baostock,10,2026-09-07T14:35:57+00:00
159501,2026-08-04,2.032,2.047,2.026,2.046,1.995,57493578,117142952.272,0.863917,2.5564,1,baostock,10,2026-09-07T14:35:57+00:00
159501,2026-08-05,2.115,2.118,2.101,2.111,2.046,79824396,168239042.88,1.197668,3.1769,1,baostock,10,2026-09-07T14:35:57+00:00
159501,2026-08-06,2.072,2.095,2.072,2.087,2.111,50852600,106028682.22,0.761838,-1.1369,1,baostock,10,2026-09-07T14:35:57+00:00
159501,2026-08-07,2.086,2.105,2.077,2.103,2.087,42542420,88819923.32,0.636388,0.7667,1,baostock,10,2026-09-07T14:35:57+00:00
159501,2026-08-10,2.107,2.129,2.104,2.113,2.103,54230300,114837754.3,0.810014,0.4755,1,baostock,10,2026-09-07T14:35:57+00:00
159501,2026-08-11,2.101,2.102,2.085,2.087,2.113,47550600,99504638.8,0.709183,-1.2305,1,baostock,10,2026-09-07T14:35:57+00:00
159501,2026-08-12,2.079,2.099,2.074,2.096,2.087,45006256,93822670.624,0.670236,0.4312,1,baostock,10,2026-09-07T14:35:57+00:00
159501,2026-08-13,2.101,2.109,2.091,2.095,2.096,37220100,78206499.5,0.55346,-0.0477,1,baostock,10,2026-09-07T14:35:57+00:00
159501,2026-08-14,2.12,2.124,2.112,2.121,2.095,54437067,115300151.972,0.808273,1.2411,1,baostock,10,2026-09-07T14:35:57+00:00
159501,2026-08-17,2.121,2.129,2.117,2.126,2.121,53459500,113474130.5,0.792581,0.2357,1,baostock,10,2026-09-07T14:35:57+00:00
159501,2026-08-18,2.1,2.103,2.093,2.098,2.126,51245700,107552937.4,0.758635,-1.317,1,baostock,10,2026-09-07T14:35:57+00:00
159501,2026-08-19,2.06,2.069,2.054,2.069,2.098,46991624,96837231.156,0.69463,-1.3823,1,baostock,10,2026-09-07T14:35:57+00:00
159501,2026-08-20,2.085,2.091,2.082,2.091,2.069,25798200,53859310.0,0.381293,1.0633,1,baostock,10,2026-09-07T14:35:57+00:00
159501,2026-08-21,2.078,2.09,2.071,2.075,2.091,42953800,89126795.4,0.634755,-0.7652,1,baostock,10,2026-09-07T14:35:57+00:00
159501,2026-08-24,2.074,2.082,2.055,2.058,2.075,29205900,60329759.6,0.43153,-0.8193,1,baostock,10,2026-09-07T14:35:57+00:00
159501,2026-08-25,2.058,2.084,2.055,2.076,2.058,30644900,63455024.912,0.452725,0.8746,1,baostock,10,2026-09-07T14:35:57+00:00
159501,2026-08-26,2.077,2.094,2.077,2.084,2.076,28325500,59086920.6,0.418398,0.3854,1,baostock,10,2026-09-07T14:35:57+00:00
159501,2026-08-27,2.105,2.115,2.095,2.103,2.084,35840500,75364506.7,0.529325,0.9117,1,baostock,10,2026-09-07T14:35:57+00:00
159501,2026-08-28,2.118,2.125,2.1,2.104,2.103,26860500,56642084.2,0.396641,0.0476,1,baostock,10,2026-09-07T14:35:57+00:00
159501,2026-08-31,2.083,2.101,2.08,2.1,2.104,24060200,50297947.4,0.355238,-0.1901,1,baostock,10,2026-09-07T14:35:57+00:00
159501,2026-09-01,2.1,2.11,2.088,2.108,2.1,25344100,53254620.7,0.374139,0.381,1,baostock,10,2026-09-07T14:35:57+00:00
159501,2026-09-02,2.086,2.094,2.081,2.084,2.108,30130900,62913631.3,0.444737,-1.1385,1,baostock,10,2026-09-07T14:35:57+00:00
159501,2026-09-03,2.101,2.112,2.086,2.092,2.084,21443900,44884131.256,0.316469,0.3839,1,baostock,10,2026-09-07T14:35:57+00:00
159501,2026-09-04,2.118,2.12,2.105,2.105,2.092,43056400,90905680.3,0.635333,0.6214,1,baostock,10,2026-09-07T14:35:57+00:00
159501,2026-09-07,2.108,2.114,2.105,2.11,2.105,31933700,67369116.1,0.471138,0.2375,1,baostock,10,2026-09-07T14:35:57+00:00
159513,2026-01-05,1.558,1.591,1.554,1.579,1.554,94190932,148581963.208,2.343904,1.6088,1,baostock,10,2026-09-07T14:36:31+00:00
159513,2026-01-06,1.581,1.581,1.57,1.578,1.579,30178000,47551716.5,0.750781,-0.0633,1,baostock,10,2026-09-07T14:36:31+00:00
159513,2026-01-07,1.584,1.585,1.57,1.572,1.578,37682100,59394677.4,0.937704,-0.3802,1,baostock,10,2026-09-07T14:36:31+00:00
159513,2026-01-08,1.572,1.573,1.559,1.564,1.572,29544400,46234219.3,0.735201,-0.5089,1,baostock,10,2026-09-07T14:36:31+00:00
159513,2026-01-09,1.564,1.566,1.553,1.56,1.564,58077800,90574764.0,1.445243,-0.2558,1,baostock,10,2026-09-07T14:36:31+00:00
159513,2026-01-12,1.56,1.561,1.554,1.559,1.56,54975300,85689988.2,1.368039,-0.0641,1,baostock,10,2026-09-07T14:36:31+00:00
159513,2026-01-13,1.561,1.577,1.559,1.573,1.559,53224200,83289929.6,1.324463,0.898,1,baostock,10,2026-09-07T14:36:31+00:00
159513,2026-01-14,1.57,1.571,1.559,1.562,1.573,66815700,104357033.6,1.662682,-0.6993,1,baostock,10,2026-09-07T14:36:31+00:00
159513,2026-01-15,1.55,1.565,1.546,1.562,1.562,60588100,94288601.0,1.508086,0.0,1,baostock,10,2026-09-07T14:36:31+00:00
159513,2026-01-16,1.564,1.565,1.558,1.559,1.562,39851500,62170915.2,0.992183,-0.1921,1,baostock,10,2026-09-07T14:36:31+00:00
159513,2026-01-19,1.536,1.549,1.536,1.543,1.559,84523500,130603348.5,2.103857,-1.0263,1,baostock,10,2026-09-07T14:36:31+00:00
159513,2026-01-20,1.543,1.546,1.532,1.534,1.543,40964700,63033884.496,1.019644,-0.5833,1,baostock,10,2026-09-07T14:36:31+00:00
159513,2026-01-21,1.529,1.532,1.512,1.528,1.534,77206402,117695968.548,1.921729,-0.3911,1,baostock,10,2026-09-07T14:36:31+00:00
159513,2026-01-22,1.543,1.556,1.543,1.552,1.528,87370600,135460769.7,2.174724,1.5707,1,baostock,10,2026-09-07T14:36:31+00:00
159513,2026-01-23,1.556,1.557,1.544,1.546,1.552,59558200,92344808.5,1.482451,-0.3866,1,baostock,10,2026-09-07T14:36:31+00:00
159513,2026-01-26,1.543,1.544,1.533,1.537,1.546,44958100,69121314.4,1.119043,-0.5821,1,baostock,10,2026-09-07T14:36:31+00:00
159513,2026-01-27,1.549,1.563,1.544,1.556,1.537,52734963,81952120.528,1.312615,1.2362,1,baostock,10,2026-09-07T14:36:31+00:00
159513,2026-01-28,1.569,1.572,1.564,1.569,1.556,56515900,88639752.0,1.406726,0.8355,1,baostock,10,2026-09-07T14:36:31+00:00
159513,2026-01-29,1.564,1.564,1.555,1.559,1.569,47646700,74317585.4,1.185964,-0.6373,1,baostock,10,2026-09-07T14:36:31+00:00
159513,2026-01-30,1.546,1.554,1.537,1.546,1.559,90710100,140068008.2,2.257847,-0.8339,1,baostock,10,2026-09-07T14:36:31+00:00
159513,2026-02-02,1.534,1.544,1.51,1.512,1.546,84623400,129477914.5,2.106344,-2.1992,1,baostock,10,2026-09-07T14:36:31+00:00
159513,2026-02-03,1.538,1.546,1.53,1.543,1.512,110354837,169743283.074,2.74682,2.0503,1,baostock,10,2026-09-07T14:36:31+00:00
159513,2026-02-04,1.519,1.531,1.513,1.531,1.543,82769600,125798896.5,2.060201,-0.7777,1,baostock,10,2026-09-07T14:36:31+00:00
159513,2026-02-05,1.513,1.519,1.505,1.516,1.531,69583205,105241524.068,1.731981,-0.9798,1,baostock,10,2026-09-07T14:36:31+00:00
159513,2026-02-06,1.486,1.494,1.482,1.489,1.516,95071899,141500486.813,2.366415,-1.781,1,baostock,10,2026-09-07T14:36:31+00:00
159513,2026-02-09,1.516,1.518,1.513,1.515,1.489,59131900,89599990.8,1.471474,1.7461,1,baostock,10,2026-09-07T14:36:31+00:00
159513,2026-02-10,1.523,1.523,1.514,1.514,1.515,39143800,59433552.944,0.973836,-0.066,1,baostock,10,2026-09-07T14:36:31+00:00
159513,2026-02-11,1.514,1.519,1.511,1.515,1.514,46467484,70421614.883,1.15575,0.0661,1,baostock,10,2026-09-07T14:36:31+00:00
159513,2026-02-12,1.515,1.523,1.508,1.51,1.515,107584800,162799438.2,2.675208,-0.33,1,baostock,10,2026-09-07T14:36:31+00:00
159513,2026-02-13,1.49,1.504,1.486,1.503,1.51,183508851,273758176.844,4.562004,-0.4636,1,baostock,10,2026-09-07T14:36:31+00:00
159513,2026-02-24,1.499,1.499,1.482,1.494,1.503,108102200,160795246.0,2.686737,-0.5988,1,baostock,10,2026-09-07T14:36:31+00:00
159513,2026-02-25,1.505,1.505,1.492,1.493,1.494,155922200,233426757.3,3.874277,-0.0669,1,baostock,10,2026-09-07T14:36:31+00:00
159513,2026-02-26,1.503,1.508,1.501,1.503,1.493,95836800,144190037.6,2.380714,0.6698,1,baostock,10,2026-09-07T14:36:31+00:00
159513,2026-02-27,1.493,1.494,1.486,1.493,1.503,62963800,93852642.0,1.563716,-0.6653,1,baostock,10,2026-09-07T14:36:31+00:00
159513,2026-03-02,1.482,1.487,1.475,1.476,1.493,88665000,131243074.8,2.201463,-1.1386,1,baostock,10,2026-09-07T14:36:31+00:00
159513,2026-03-03,1.485,1.486,1.466,1.466,1.476,69941300,103143111.7,1.736141,-0.6775,1,baostock,10,2026-09-07T14:36:31+00:00
159513,2026-03-04,1.461,1.469,1.449,1.453,1.466,60933100,88997869.8,1.512157,-0.8868,1,baostock,10,2026-09-07T14:36:31+00:00
159513,2026-03-05,1.475,1.488,1.475,1.485,1.453,94308200,139768723.6,2.339835,2.2023,1,baostock,10,2026-09-07T14:36:31+00:00
159513,2026-03-06,1.482,1.489,1.477,1.486,1.485,40318400,59765948.0,1.000072,0.0673,1,baostock,10,2026-09-07T14:36:31+00:00
159513,2026-03-09,1.448,1.454,1.44,1.452,1.486,82731789,119554000.227,2.0516,-2.288,1,baostock,10,2026-09-07T14:36:31+00:00
159513,2026-03-10,1.475,1.484,1.472,1.478,1.452,76276699,112751650.825,1.891057,1.7906,1,baostock,10,2026-09-07T14:36:31+00:00
159513,2026-03-11,1.483,1.488,1.481,1.483,1.478,32209101,47823898.285,0.798332,0.3383,1,baostock,10,2026-09-07T14:36:31+00:00
159513,2026-03-12,1.474,1.478,1.471,1.477,1.483,30181300,44516047.7,0.747886,-0.4046,1,baostock,10,2026-09-07T14:36:31+00:00
159513,2026-03-13,1.468,1.468,1.458,1.459,1.477,57913701,84621861.759,1.434733,-1.2187,1,baostock,10,2026-09-07T14:36:31+00:00
159513,2026-03-16,1.457,1.465,1.452,1.465,1.459,55511201,80910757.954,1.374874,0.4112,1,baostock,10,2026-09-07T14:36:31+00:00
159513,2026-03-17,1.469,1.469,1.455,1.455,1.465,68771400,100686517.6,1.702874,-0.6826,1,baostock,10,2026-09-07T14:36:31+00:00
159513,2026-03-18,1.474,1.481,1.463,1.477,1.455,80717200,118981959.9,1.998174,1.512,1,baostock,10,2026-09-07T14:36:31+00:00
159513,2026-03-19,1.455,1.46,1.445,1.448,1.477,118823344,172762257.252,2.940772,-1.9634,1,baostock,10,2026-09-07T14:36:31+00:00
159513,2026-03-20,1.451,1.452,1.438,1.438,1.448,56292544,81395993.312,1.392846,-0.6906,1,baostock,10,2026-09-07T14:36:31+00:00
159513,2026-03-23,1.406,1.412,1.383,1.387,1.438,111654644,156086438.895,2.761986,-3.5466,1,baostock,10,2026-09-07T14:36:31+00:00
159513,2026-03-24,1.405,1.42,1.398,1.419,1.387,77581189,108993534.768,1.918641,2.3071,1,baostock,10,2026-09-07T14:36:31+00:00
159513,2026-03-25,1.424,1.436,1.422,1.431,1.419,72191700,103257663.2,1.784913,0.8457,1,baostock,10,2026-09-07T14:36:31+00:00
159513,2026-03-26,1.428,1.436,1.416,1.42,1.431,48855500,69692752.9,1.207636,-0.7687,1,baostock,10,2026-09-07T14:36:31+00:00
159513,2026-03-27,1.396,1.413,1.393,1.41,1.42,113865800,159992183.5,2.813899,-0.7042,1,baostock,10,2026-09-07T14:36:31+00:00
159513,2026-03-30,1.378,1.388,1.372,1.387,1.41,106315188,146633222.828,2.626656,-1.6312,1,baostock,10,2026-09-07T14:36:31+00:00
159513,2026-03-31,1.385,1.389,1.373,1.378,1.387,73742700,101855164.9,1.82146,-0.6489,1,baostock,10,2026-09-07T14:36:31+00:00
159513,2026-04-01,1.416,1.44,1.411,1.438,1.378,120786758,171900613.828,2.982721,4.3541,1,baostock,10,2026-09-07T14:36:31+00:00
159513,2026-04-02,1.43,1.43,1.409,1.416,1.438,68271400,96873392.4,1.685485,-1.5299,1,baostock,10,2026-09-07T14:36:31+00:00
159513,2026-04-03,1.43,1.432,1.417,1.419,1.416,39746200,56566450.0,0.981012,0.2119,1,baostock,10,2026-09-07T14:36:31+00:00
159513,2026-04-07,1.424,1.427,1.419,1.42,1.419,46437400,66039490.5,1.146164,0.0705,1,baostock,10,2026-09-07T14:36:31+00:00
159513,2026-04-08,1.469,1.493,1.467,1.49,1.42,107160500,158654055.777,2.644274,4.9296,1,baostock,10,2026-09-07T14:36:31+00:00
159513,2026-04-09,1.472,1.484,1.47,1.478,1.49,66836300,98690832.4,1.648834,-0.8054,1,baostock,10,2026-09-07T14:36:31+00:00
159513,2026-04-10,1.491,1.499,1.484,1.489,1.478,57584200,85971010.6,1.420237,0.7442,1,baostock,10,2026-09-07T14:36:31+00:00
159513,2026-04-13,1.478,1.485,1.475,1.482,1.489,73879200,109247711.3,1.821682,-0.4701,1,baostock,10,2026-09-07T14:36:31+00:00
159513,2026-04-14,1.508,1.508,1.501,1.507,1.482,43970500,66189435.5,1.083939,1.6869,1,baostock,10,2026-09-07T14:36:31+00:00
159513,2026-04-15,1.53,1.54,1.529,1.533,1.507,92655800,142088166.3,2.283541,1.7253,1,baostock,10,2026-09-07T14:36:31+00:00
159513,2026-04-16,1.559,1.565,1.554,1.564,1.533,104333301,162814500.571,2.570704,2.0222,1,baostock,10,2026-09-07T14:36:31+00:00
159513,2026-04-17,1.563,1.563,1.551,1.554,1.564,62052500,96511388.2,1.528556,-0.6394,1,baostock,10,2026-09-07T14:36:31+00:00
159513,2026-04-20,1.563,1.565,1.553,1.554,1.554,62763703,97748551.062,1.545695,0.0,1,baostock,10,2026-09-07T14:36:31+00:00
159513,2026-04-21,1.56,1.56,1.552,1.558,1.554,46304800,72056211.5,1.140077,0.2574,1,baostock,10,2026-09-07T14:36:31+00:00
159513,2026-04-22,1.557,1.565,1.552,1.564,1.558,65348300,101820032.3,1.608554,0.3851,1,baostock,10,2026-09-07T14:36:31+00:00
159513,2026-04-23,1.576,1.576,1.564,1.57,1.564,96522840,151546790.14,2.375333,0.3836,1,baostock,10,2026-09-07T14:36:31+00:00
159513,2026-04-24,1.571,1.577,1.568,1.574,1.57,64624900,101635607.6,1.589965,0.2548,1,baostock,10,2026-09-07T14:36:31+00:00
159513,2026-04-27,1.593,1.605,1.592,1.603,1.574,82511600,131978224.5,2.029532,1.8424,1,baostock,10,2026-09-07T14:36:31+00:00
159513,2026-04-28,1.603,1.612,1.6,1.604,1.603,110348000,177297627.6,2.713554,0.0624,1,baostock,10,2026-09-07T14:36:31+00:00
159513,2026-04-29,1.594,1.603,1.593,1.6,1.604,47412900,75789688.8,1.165638,-0.2494,1,baostock,10,2026-09-07T14:36:31+00:00
159513,2026-04-30,1.61,1.618,1.598,1.607,1.6,87275100,140380289.6,2.145116,0.4375,1,baostock,10,2026-09-07T14:36:31+00:00
159513,2026-05-06,1.651,1.66,1.648,1.655,1.607,114714732,189605232.464,2.818856,2.9869,1,baostock,10,2026-09-07T14:36:31+00:00
159513,2026-05-07,1.678,1.693,1.675,1.692,1.655,121299600,204428354.2,2.976276,2.2356,1,baostock,10,2026-09-07T14:36:31+00:00
159513,2026-05-08,1.69,1.704,1.678,1.698,1.692,107163194,181043529.118,2.625552,0.3546,1,baostock,10,2026-09-07T14:36:31+00:00
159513,2026-05-11,1.726,1.74,1.726,1.738,1.698,124720220,216057147.1,3.051223,2.3557,1,baostock,10,2026-09-07T14:36:31+00:00
159513,2026-05-12,1.738,1.738,1.718,1.719,1.738,98035900,169206005.8,2.394888,-1.0932,1,baostock,10,2026-09-07T14:36:31+00:00
159513,2026-05-13,1.714,1.739,1.707,1.735,1.719,96054000,165466448.6,2.343038,0.9308,1,baostock,10,2026-09-07T14:36:31+00:00
159513,2026-05-14,1.753,1.757,1.74,1.748,1.735,110194400,192698637.9,2.684036,0.7493,1,baostock,10,2026-09-07T14:36:31+00:00
159513,2026-05-15,1.751,1.761,1.726,1.733,1.748,160388681,279804523.313,3.900931,-0.8581,1,baostock,10,2026-09-07T14:36:31+00:00
159513,2026-05-18,1.704,1.724,1.699,1.705,1.733,122118089,209176864.367,2.965796,-1.6157,1,baostock,10,2026-09-07T14:36:31+00:00
159513,2026-05-19,1.706,1.706,1.68,1.692,1.705,84367100,142568252.5,2.045983,-0.7625,1,baostock,10,2026-09-07T14:36:31+00:00
159513,2026-05-20,1.686,1.7,1.671,1.698,1.692,91797600,154505922.8,2.222945,0.3546,1,baostock,10,2026-09-07T14:36:31+00:00
159513,2026-05-21,1.722,1.73,1.711,1.716,1.698,98390300,169256966.4,2.379135,1.0601,1,baostock,10,2026-09-07T14:36:31+00:00
159513,2026-05-22,1.729,1.741,1.725,1.741,1.716,81949800,142114659.7,1.978723,1.4569,1,baostock,10,2026-09-07T14:36:31+00:00
159513,2026-05-25,1.781,1.808,1.772,1.807,1.741,133299616,238421584.296,3.213937,3.7909,1,baostock,10,2026-09-07T14:36:31+00:00
159513,2026-05-26,1.803,1.805,1.775,1.784,1.807,89769000,160881049.6,2.164387,-1.2728,1,baostock,10,2026-09-07T14:36:31+00:00
159513,2026-05-27,1.805,1.828,1.804,1.826,1.784,118158100,214685843.3,2.84475,2.3543,1,baostock,10,2026-09-07T14:36:31+00:00
159513,2026-05-28,1.827,1.829,1.784,1.81,1.826,102171500,184752292.978,2.456312,-0.8762,1,baostock,10,2026-09-07T14:36:31+00:00
159513,2026-05-29,1.83,1.859,1.827,1.857,1.81,103496232,190841066.648,2.484576,2.5967,1,baostock,10,2026-09-07T14:36:31+00:00
159513,2026-06-01,1.883,1.935,1.873,1.93,1.857,205136884,390079433.12,4.917523,3.9311,1,baostock,10,2026-09-07T14:36:31+00:00
159513,2026-06-02,1.928,1.929,1.865,1.898,1.93,159680907,303866612.839,3.822359,-1.658,1,baostock,10,2026-09-07T14:36:31+00:00
159513,2026-06-03,1.913,1.918,1.849,1.872,1.898,122561970,231287429.568,2.929617,-1.3699,1,baostock,10,2026-09-07T14:36:31+00:00
159513,2026-06-04,1.847,1.848,1.823,1.831,1.872,125111400,229258865.0,2.986274,-2.1902,1,baostock,10,2026-09-07T14:36:31+00:00
159513,2026-06-05,1.802,1.83,1.8,1.804,1.831,102461798,185819458.294,2.442155,-1.4746,1,baostock,10,2026-09-07T14:36:31+00:00
159513,2026-06-08,1.73,1.763,1.718,1.736,1.804,145639800,253886939.9,3.466336,-3.7694,1,baostock,10,2026-09-07T14:36:31+00:00
159513,2026-06-09,1.763,1.813,1.759,1.802,1.736,151182800,269753163.5,3.593132,3.8018,1,baostock,10,2026-09-07T14:36:31+00:00
159513,2026-06-10,1.769,1.779,1.758,1.777,1.802,101196036,179168007.898,2.401682,-1.3873,1,baostock,10,2026-09-07T14:36:31+00:00
159513,2026-06-11,1.756,1.779,1.741,1.773,1.777,112598100,197628863.6,2.668487,-0.2251,1,baostock,10,2026-09-07T14:36:31+00:00
159513,2026-06-12,1.838,1.839,1.792,1.799,1.773,141254800,257241234.9,3.342874,1.4664,1,baostock,10,2026-09-07T14:36:31+00:00
159513,2026-06-15,1.848,1.857,1.842,1.851,1.799,140704000,260250362.2,3.325118,2.8905,1,baostock,10,2026-09-07T14:36:31+00:00
159513,2026-06-16,1.875,1.881,1.86,1.867,1.851,152336800,285105791.9,3.594927,0.8644,1,baostock,10,2026-09-07T14:36:31+00:00
159513,2026-06-17,1.84,1.868,1.837,1.868,1.867,134155900,248379110.5,3.161408,0.0536,1,baostock,10,2026-09-07T14:36:31+00:00
159513,2026-06-18,1.86,1.86,1.838,1.856,1.868,97643558,180794215.558,2.297739,-0.6424,1,baostock,10,2026-09-07T14:36:31+00:00
159513,2026-06-22,1.856,1.861,1.838,1.851,1.856,91723169,169227363.559,2.155378,-0.2694,1,baostock,10,2026-09-07T14:36:31+00:00
159513,2026-06-23,1.83,1.831,1.786,1.794,1.851,100415634,181684108.898,2.356318,-3.0794,1,baostock,10,2026-09-07T14:36:31+00:00
159513,2026-06-24,1.781,1.809,1.772,1.804,1.794,108024000,193758320.166,2.531289,0.5574,1,baostock,10,2026-09-07T14:36:31+00:00
159513,2026-06-25,1.823,1.827,1.802,1.824,1.804,107776900,196012224.9,2.521953,1.1086,1,baostock,10,2026-09-07T14:36:31+00:00
159513,2026-06-26,1.792,1.8,1.761,1.774,1.824,114781734,203987602.946,2.682099,-2.7412,1,baostock,10,2026-09-07T14:36:31+00:00
159513,2026-06-29,1.774,1.788,1.767,1.785,1.774,69264825,123104164.35,1.616242,0.6201,1,baostock,10,2026-09-07T14:36:31+00:00
159513,2026-06-30,1.805,1.815,1.804,1.813,1.785,87089376,157589199.808,2.029323,1.5686,1,baostock,10,2026-09-07T14:36:31+00:00
159513,2026-07-01,1.833,1.835,1.812,1.818,1.813,80447200,146659730.5,1.871932,0.2758,1,baostock,10,2026-09-07T14:36:31+00:00
159513,2026-07-02,1.806,1.809,1.77,1.77,1.818,86182285,154434347.79,2.002586,-2.6403,1,baostock,10,2026-09-07T14:36:31+00:00
159513,2026-07-03,1.754,1.787,1.754,1.776,1.77,90014400,159721017.4,2.08872,0.339,1,baostock,10,2026-09-07T14:36:31+00:00
159513,2026-07-06,1.776,1.782,1.758,1.782,1.776,117075200,207235201.4,2.716646,0.3378,1,baostock,10,2026-09-07T14:36:31+00:00
159513,2026-07-07,1.775,1.781,1.763,1.774,1.782,96929099,171865471.066,2.246043,-0.4489,1,baostock,10,2026-09-07T14:36:31+00:00
159513,2026-07-08,1.765,1.772,1.748,1.752,1.774,80137626,141040626.012,1.854373,-1.2401,1,baostock,10,2026-09-07T14:36:31+00:00
159513,2026-07-09,1.764,1.779,1.753,1.777,1.752,80472700,141972859.052,1.859544,1.4269,1,baostock,10,2026-09-07T14:36:31+00:00
159513,2026-07-10,1.785,1.792,1.777,1.779,1.777,58907400,105188920.1,1.359334,0.1125,1,baostock,10,2026-09-07T14:36:31+00:00
159513,2026-07-13,1.773,1.779,1.762,1.764,1.779,74211884,131261126.427,1.710129,-0.8432,1,baostock,10,2026-09-07T14:36:31+00:00
159513,2026-07-14,1.753,1.767,1.74,1.767,1.764,80412000,141004092.7,1.850445,0.1701,1,baostock,10,2026-09-07T14:36:31+00:00
159513,2026-07-15,1.782,1.791,1.774,1.789,1.767,67854800,120942519.6,1.559325,1.245,1,baostock,10,2026-09-07T14:36:31+00:00
159513,2026-07-16,1.768,1.781,1.766,1.771,1.789,65864904,116823298.716,1.511513,-1.0061,1,baostock,10,2026-09-07T14:36:31+00:00
159513,2026-07-17,1.743,1.743,1.709,1.713,1.771,92769152,159853506.94,2.126002,-3.275,1,baostock,10,2026-09-07T14:36:31+00:00
159513,2026-07-20,1.714,1.727,1.708,1.709,1.713,59498428,102073994.68,1.361661,-0.2335,1,baostock,10,2026-09-07T14:36:31+00:00
159513,2026-07-21,1.715,1.744,1.715,1.743,1.709,70317400,121659581.7,1.607053,1.9895,1,baostock,10,2026-09-07T14:36:31+00:00
159513,2026-07-22,1.747,1.755,1.736,1.737,1.743,77165300,134786478.2,1.761142,-0.3442,1,baostock,10,2026-09-07T14:36:31+00:00
159513,2026-07-23,1.746,1.747,1.733,1.737,1.737,54530700,94835615.7,1.242851,0.0,1,baostock,10,2026-09-07T14:36:31+00:00
159513,2026-07-24,1.712,1.717,1.708,1.713,1.737,59658418,102132507.598,1.357864,-1.3817,1,baostock,10,2026-09-07T14:36:31+00:00
159513,2026-07-27,1.714,1.729,1.71,1.728,1.713,62765798,107973945.586,1.426642,0.8757,1,baostock,10,2026-09-07T14:36:31+00:00
159513,2026-07-28,1.69,1.697,1.678,1.679,1.728,75851245,127931650.141,1.721721,-2.8356,1,baostock,10,2026-09-07T14:36:31+00:00
159513,2026-07-29,1.684,1.685,1.67,1.685,1.679,56893118,95406137.304,1.28964,0.3574,1,baostock,10,2026-09-07T14:36:31+00:00
159513,2026-07-30,1.668,1.669,1.65,1.657,1.685,93213809,154620315.367,2.11008,-1.6617,1,baostock,10,2026-09-07T14:36:31+00:00
159513,2026-07-31,1.719,1.726,1.712,1.72,1.657,104197391,179301017.974,2.355516,3.8021,1,baostock,10,2026-09-07T14:36:31+00:00
159513,2026-08-03,1.721,1.735,1.721,1.73,1.72,61555901,106386189.726,1.389665,0.5814,1,baostock,10,2026-09-07T14:36:31+00:00
159513,2026-08-04,1.756,1.779,1.756,1.778,1.73,119254961,210844803.606,2.688618,2.7746,1,baostock,10,2026-09-07T14:36:31+00:00
159513,2026-08-05,1.838,1.843,1.829,1.843,1.778,185385614,340621737.404,4.173895,3.6558,1,baostock,10,2026-09-07T14:36:31+00:00
159513,2026-08-06,1.817,1.821,1.803,1.814,1.843,152877700,277028990.6,3.437347,-1.5735,1,baostock,10,2026-09-07T14:36:31+00:00
159513,2026-08-07,1.812,1.824,1.807,1.824,1.814,108455500,196677793.0,2.43526,0.5513,1,baostock,10,2026-09-07T14:36:31+00:00
159513,2026-08-10,1.842,1.849,1.822,1.832,1.824,121419448,223202088.072,2.722684,0.4386,1,baostock,10,2026-09-07T14:36:31+00:00
159513,2026-08-11,1.826,1.827,1.805,1.805,1.832,82934100,150590291.9,1.857198,-1.4738,1,baostock,10,2026-09-07T14:36:31+00:00
159513,2026-08-12,1.799,1.816,1.793,1.814,1.805,62706630,113302819.07,1.402347,0.4986,1,baostock,10,2026-09-07T14:36:31+00:00
159513,2026-08-13,1.818,1.83,1.814,1.822,1.814,68534900,124847183.8,1.530634,0.441,1,baostock,10,2026-09-07T14:36:31+00:00
159513,2026-08-14,1.841,1.849,1.838,1.847,1.822,143990209,265301736.502,3.211523,1.3721,1,baostock,10,2026-09-07T14:36:31+00:00
159513,2026-08-17,1.849,1.857,1.845,1.855,1.847,87376900,161689691.197,1.946229,0.4331,1,baostock,10,2026-09-07T14:36:31+00:00
159513,2026-08-18,1.843,1.843,1.823,1.826,1.855,92811986,170005461.828,2.064531,-1.5633,1,baostock,10,2026-09-07T14:36:31+00:00
159513,2026-08-19,1.802,1.807,1.781,1.789,1.826,152300062,272432991.55,3.383281,-2.0263,1,baostock,10,2026-09-07T14:36:31+00:00
159513,2026-08-20,1.801,1.808,1.799,1.803,1.789,71217300,128486206.1,1.579956,0.7826,1,baostock,10,2026-09-07T14:36:31+00:00
159513,2026-08-21,1.781,1.794,1.774,1.792,1.803,84926794,151527898.526,1.881597,-0.6101,1,baostock,10,2026-09-07T14:36:31+00:00
159513,2026-08-24,1.798,1.798,1.769,1.77,1.792,91460606,162745609.563,2.023667,-1.2277,1,baostock,10,2026-09-07T14:36:31+00:00
159513,2026-08-25,1.763,1.792,1.758,1.789,1.77,156414400,278114322.1,3.456252,1.0734,1,baostock,10,2026-09-07T14:36:31+00:00
159513,2026-08-26,1.779,1.795,1.776,1.79,1.789,139821736,250005273.767,3.085517,0.0559,1,baostock,10,2026-09-07T14:36:31+00:00
159513,2026-08-27,1.804,1.815,1.803,1.813,1.79,109671407,198569512.434,2.416975,1.2849,1,baostock,10,2026-09-07T14:36:31+00:00
159513,2026-08-28,1.83,1.831,1.811,1.811,1.813,100750526,183459086.294,2.217441,-0.1103,1,baostock,10,2026-09-07T14:36:31+00:00
159513,2026-08-31,1.783,1.804,1.782,1.802,1.811,108883400,195131484.1,2.393279,-0.497,1,baostock,10,2026-09-07T14:36:31+00:00
159513,2026-09-01,1.802,1.81,1.795,1.804,1.802,110280795,198730861.165,2.420801,0.111,1,baostock,10,2026-09-07T14:36:31+00:00
159513,2026-09-02,1.779,1.789,1.771,1.772,1.804,117224730,208394335.175,2.569845,-1.7738,1,baostock,10,2026-09-07T14:36:31+00:00
159513,2026-09-03,1.781,1.783,1.77,1.775,1.772,102006769,181301403.709,2.228901,0.1693,1,baostock,10,2026-09-07T14:36:31+00:00
159513,2026-09-04,1.799,1.813,1.796,1.813,1.775,149764379,270065451.073,3.26174,2.1408,1,baostock,10,2026-09-07T14:36:31+00:00
159513,2026-09-07,1.812,1.822,1.808,1.819,1.813,95088000,172754557.2,2.064192,0.3309,1,baostock,10,2026-09-07T14:36:31+00:00
159632,2026-01-05,2.108,2.15,2.104,2.128,2.098,111468500,236777850.2,2.294194,1.4299,1,baostock,10,2026-09-07T14:37:03+00:00
159632,2026-01-06,2.129,2.133,2.115,2.133,2.128,58938600,125354577.9,1.212798,0.235,1,baostock,10,2026-09-07T14:37:03+00:00
159632,2026-01-07,2.14,2.141,2.125,2.126,2.133,40806100,87031871.5,0.840372,-0.3282,1,baostock,10,2026-09-07T14:37:03+00:00
159632,2026-01-08,2.125,2.125,2.114,2.116,2.126,40521000,85883580.7,0.835188,-0.4704,1,baostock,10,2026-09-07T14:37:03+00:00
159632,2026-01-09,2.112,2.118,2.103,2.115,2.116,51534200,108746682.2,1.06306,-0.0473,1,baostock,10,2026-09-07T14:37:03+00:00
159632,2026-01-12,2.116,2.117,2.107,2.109,2.115,59121878,124802775.354,1.220588,-0.2837,1,baostock,10,2026-09-07T14:37:03+00:00
159632,2026-01-13,2.113,2.133,2.106,2.131,2.109,83507429,176663248.145,1.72546,1.0431,1,baostock,10,2026-09-07T14:37:03+00:00
159632,2026-01-14,2.126,2.126,2.113,2.116,2.131,75085400,158829469.7,1.554331,-0.7039,1,baostock,10,2026-09-07T14:37:03+00:00
159632,2026-01-15,2.099,2.126,2.098,2.126,2.116,104736603,221130136.212,2.167687,0.4726,1,baostock,10,2026-09-07T14:37:03+00:00
159632,2026-01-16,2.125,2.131,2.113,2.12,2.126,50218300,106450614.3,1.039131,-0.2822,1,baostock,10,2026-09-07T14:37:03+00:00
159632,2026-01-19,2.096,2.108,2.093,2.095,2.12,52035300,109183688.6,1.077621,-1.1792,1,baostock,10,2026-09-07T14:37:03+00:00
159632,2026-01-20,2.095,2.098,2.072,2.078,2.095,59718100,124428378.0,1.236727,-0.8115,1,baostock,10,2026-09-07T14:37:03+00:00
159632,2026-01-21,2.065,2.075,2.054,2.068,2.078,113832000,235202801.3,2.356907,-0.4812,1,baostock,10,2026-09-07T14:37:03+00:00
159632,2026-01-22,2.093,2.109,2.088,2.104,2.068,97282805,204328432.685,2.015923,1.7408,1,baostock,10,2026-09-07T14:37:03+00:00
159632,2026-01-23,2.108,2.109,2.087,2.096,2.104,88024700,184770595.7,1.823696,-0.3802,1,baostock,10,2026-09-07T14:37:03+00:00
159632,2026-01-26,2.09,2.09,2.076,2.077,2.096,74214900,154394371.1,1.538541,-0.9065,1,baostock,10,2026-09-07T14:37:03+00:00
159632,2026-01-27,2.092,2.117,2.088,2.109,2.077,138660934,291788398.79,2.873968,1.5407,1,baostock,10,2026-09-07T14:37:03+00:00
159632,2026-01-28,2.125,2.134,2.121,2.128,2.109,75631400,160829131.9,1.570837,0.9009,1,baostock,10,2026-09-07T14:37:03+00:00
159632,2026-01-29,2.117,2.12,2.107,2.112,2.128,66796700,141241085.3,1.389941,-0.7519,1,baostock,10,2026-09-07T14:37:03+00:00
159632,2026-01-30,2.095,2.107,2.084,2.099,2.112,104222700,218519599.466,2.170528,-0.6155,1,baostock,10,2026-09-07T14:37:03+00:00
159632,2026-02-02,2.085,2.089,2.039,2.048,2.099,94810100,195571044.2,1.977385,-2.4297,1,baostock,10,2026-09-07T14:37:03+00:00
159632,2026-02-03,2.085,2.094,2.076,2.09,2.048,108460534,226346267.356,2.267284,2.0508,1,baostock,10,2026-09-07T14:37:03+00:00
159632,2026-02-04,2.06,2.072,2.047,2.072,2.09,103729205,213342585.28,2.172466,-0.8612,1,baostock,10,2026-09-07T14:37:03+00:00
159632,2026-02-05,2.05,2.055,2.038,2.051,2.072,109693500,224441828.4,2.296899,-1.0135,1,baostock,10,2026-09-07T14:37:03+00:00
159632,2026-02-06,2.006,2.022,2.005,2.011,2.051,182433217,367419361.672,3.819215,-1.9503,1,baostock,10,2026-09-07T14:37:03+00:00
159632,2026-02-09,2.049,2.054,2.046,2.046,2.011,179622124,368024171.754,3.759578,1.7404,1,baostock,10,2026-09-07T14:37:03+00:00
159632,2026-02-10,2.053,2.054,2.047,2.047,2.046,79416792,162971077.076,1.661884,0.0489,1,baostock,10,2026-09-07T14:37:03+00:00
159632,2026-02-11,2.046,2.053,2.043,2.049,2.047,79472004,162749463.446,1.662691,0.0977,1,baostock,10,2026-09-07T14:37:03+00:00
159632,2026-02-12,2.05,2.06,2.041,2.042,2.049,113953600,233300534.0,2.383607,-0.3416,1,baostock,10,2026-09-07T14:37:03+00:00
159632,2026-02-13,2.01,2.035,2.007,2.035,2.042,146467119,295856145.674,3.063063,-0.3428,1,baostock,10,2026-09-07T14:37:03+00:00
159632,2026-02-24,2.028,2.028,2.008,2.021,2.035,119165629,240197213.064,2.491587,-0.688,1,baostock,10,2026-09-07T14:37:03+00:00
159632,2026-02-25,2.037,2.037,2.02,2.02,2.021,130996105,265328333.86,2.738373,-0.0495,1,baostock,10,2026-09-07T14:37:03+00:00
159632,2026-02-26,2.032,2.042,2.032,2.035,2.02,115155188,234482065.603,2.406728,0.7426,1,baostock,10,2026-09-07T14:37:03+00:00
159632,2026-02-27,2.02,2.023,2.012,2.021,2.035,78677400,158756856.3,1.644003,-0.688,1,baostock,10,2026-09-07T14:37:03+00:00
159632,2026-03-02,2.008,2.016,1.995,1.997,2.021,119843036,240058237.41,2.503656,-1.1875,1,baostock,10,2026-09-07T14:37:03+00:00
159632,2026-03-03,2.009,2.009,1.982,1.984,1.997,102862700,205200157.4,2.148469,-0.651,1,baostock,10,2026-09-07T14:37:03+00:00
159632,2026-03-04,1.972,1.988,1.958,1.96,1.984,174372205,343833773.89,3.645117,-1.2097,1,baostock,10,2026-09-07T14:37:03+00:00
159632,2026-03-05,1.997,2.013,1.99,2.011,1.96,177228340,355273353.0,3.704048,2.602,1,baostock,10,2026-09-07T14:37:03+00:00
159632,2026-03-06,2.007,2.012,1.997,2.009,2.011,139788900,280269226.4,2.934448,-0.0995,1,baostock,10,2026-09-07T14:37:03+00:00
159632,2026-03-09,1.95,1.965,1.945,1.962,2.009,173182500,338646052.6,3.634683,-2.3395,1,baostock,10,2026-09-07T14:37:03+00:00
159632,2026-03-10,1.997,2.018,1.993,2.0,1.962,159253500,319052259.0,3.341646,1.9368,1,baostock,10,2026-09-07T14:37:03+00:00
159632,2026-03-11,2.007,2.012,2.001,2.002,2.0,85009100,170482540.7,1.783387,0.1,1,baostock,10,2026-09-07T14:37:03+00:00
159632,2026-03-12,1.992,1.997,1.988,1.993,2.002,65246800,129976662.1,1.368511,-0.4496,1,baostock,10,2026-09-07T14:37:03+00:00
159632,2026-03-13,1.976,1.981,1.971,1.973,1.993,72893200,143984757.2,1.528569,-1.0035,1,baostock,10,2026-09-07T14:37:03+00:00
159632,2026-03-16,1.97,1.98,1.964,1.98,1.973,96654800,190524517.9,2.026425,0.3548,1,baostock,10,2026-09-07T14:37:03+00:00
159632,2026-03-17,1.984,1.987,1.969,1.969,1.98,96816530,191825282.16,2.02939,-0.5556,1,baostock,10,2026-09-07T14:37:03+00:00
159632,2026-03-18,1.987,2.004,1.985,1.996,1.969,126412000,252148974.2,2.649191,1.3713,1,baostock,10,2026-09-07T14:37:03+00:00
159632,2026-03-19,1.968,1.974,1.95,1.956,1.996,150196500,294648771.5,3.146979,-2.004,1,baostock,10,2026-09-07T14:37:03+00:00
159632,2026-03-20,1.962,1.965,1.942,1.942,1.956,106698700,208458898.9,2.235127,-0.7157,1,baostock,10,2026-09-07T14:37:03+00:00
159632,2026-03-23,1.903,1.91,1.867,1.874,1.942,234768500,442747631.644,4.916905,-3.5015,1,baostock,10,2026-09-07T14:37:03+00:00
159632,2026-03-24,1.9,1.925,1.89,1.918,1.874,150467630,285802047.37,3.150679,2.3479,1,baostock,10,2026-09-07T14:37:03+00:00
159632,2026-03-25,1.926,1.941,1.926,1.934,1.918,117947900,227948528.9,2.469223,0.8342,1,baostock,10,2026-09-07T14:37:03+00:00
159632,2026-03-26,1.93,1.938,1.915,1.919,1.934,104955900,202060366.1,2.196778,-0.7756,1,baostock,10,2026-09-07T14:37:03+00:00
159632,2026-03-27,1.884,1.912,1.884,1.907,1.919,99412600,188891918.4,2.080318,-0.6253,1,baostock,10,2026-09-07T14:37:03+00:00
159632,2026-03-30,1.868,1.88,1.858,1.879,1.907,156683800,292586702.1,3.278095,-1.4683,1,baostock,10,2026-09-07T14:37:03+00:00
159632,2026-03-31,1.874,1.882,1.86,1.865,1.879,127437400,238164456.9,2.665653,-0.7451,1,baostock,10,2026-09-07T14:37:03+00:00
159632,2026-04-01,1.918,1.949,1.912,1.947,1.865,182353000,351194981.2,3.813544,4.3968,1,baostock,10,2026-09-07T14:37:03+00:00
159632,2026-04-02,1.931,1.932,1.908,1.916,1.947,169126300,324091932.8,3.536194,-1.5922,1,baostock,10,2026-09-07T14:37:03+00:00
159632,2026-04-03,1.934,1.936,1.92,1.921,1.916,80601900,155216079.2,1.684921,0.261,1,baostock,10,2026-09-07T14:37:03+00:00
159632,2026-04-07,1.925,1.931,1.923,1.925,1.921,78886000,151983238.8,1.649051,0.2082,1,baostock,10,2026-09-07T14:37:03+00:00
159632,2026-04-08,1.989,2.019,1.982,2.016,1.925,160957154,322680204.238,3.363982,4.7273,1,baostock,10,2026-09-07T14:37:03+00:00
159632,2026-04-09,1.997,2.008,1.984,1.999,2.016,108148000,216131542.6,2.259806,-0.8433,1,baostock,10,2026-09-07T14:37:03+00:00
159632,2026-04-10,2.015,2.026,2.008,2.01,1.999,88720500,179127532.5,1.853471,0.5503,1,baostock,10,2026-09-07T14:37:03+00:00
159632,2026-04-13,1.999,2.008,1.997,2.005,2.01,102803700,205767588.3,2.147237,-0.2488,1,baostock,10,2026-09-07T14:37:03+00:00
159632,2026-04-14,2.045,2.045,2.034,2.038,2.005,69630600,141880433.2,1.454054,1.6459,1,baostock,10,2026-09-07T14:37:03+00:00
159632,2026-04-15,2.077,2.085,2.067,2.074,2.038,95258050,197643864.7,1.988802,1.7664,1,baostock,10,2026-09-07T14:37:03+00:00
159632,2026-04-16,2.105,2.12,2.105,2.119,2.074,122099535,257931240.385,2.548667,2.1697,1,baostock,10,2026-09-07T14:37:03+00:00
159632,2026-04-17,2.114,2.117,2.1,2.104,2.119,62328100,131284720.9,1.300746,-0.7079,1,baostock,10,2026-09-07T14:37:03+00:00
159632,2026-04-20,2.114,2.117,2.102,2.104,2.104,99665342,210141719.062,2.079515,0.0,1,baostock,10,2026-09-07T14:37:03+00:00
159632,2026-04-21,2.114,2.114,2.095,2.107,2.104,94768166,199307217.798,1.976923,0.1426,1,baostock,10,2026-09-07T14:37:03+00:00
159632,2026-04-22,2.106,2.115,2.099,2.113,2.107,112615600,237160299.9,2.348742,0.2848,1,baostock,10,2026-09-07T14:37:03+00:00
159632,2026-04-23,2.128,2.132,2.114,2.124,2.113,127106400,269853810.6,2.650413,0.5206,1,baostock,10,2026-09-07T14:37:03+00:00
159632,2026-04-24,2.125,2.131,2.122,2.13,2.124,102653200,218326427.9,2.14007,0.2825,1,baostock,10,2026-09-07T14:37:03+00:00
159632,2026-04-27,2.159,2.177,2.153,2.172,2.13,177128550,383811082.524,3.691931,1.9718,1,baostock,10,2026-09-07T14:37:03+00:00
159632,2026-04-28,2.17,2.182,2.168,2.172,2.172,106193900,230984755.6,2.212963,0.0,1,baostock,10,2026-09-07T14:37:03+00:00
159632,2026-04-29,2.161,2.168,2.145,2.161,2.172,109625500,237157216.3,2.283998,-0.5064,1,baostock,10,2026-09-07T14:37:03+00:00
159632,2026-04-30,2.178,2.186,2.14,2.167,2.161,151720300,329619582.8,3.160365,0.2776,1,baostock,10,2026-09-07T14:37:03+00:00
159632,2026-05-06,2.23,2.25,2.228,2.245,2.167,131760900,294726089.0,2.744035,3.5994,1,baostock,10,2026-09-07T14:37:03+00:00
159632,2026-05-07,2.279,2.288,2.271,2.288,2.245,150381700,343054161.4,3.131177,1.9154,1,baostock,10,2026-09-07T14:37:03+00:00
159632,2026-05-08,2.281,2.295,2.274,2.29,2.288,166136000,379131299.5,3.458486,0.0874,1,baostock,10,2026-09-07T14:37:03+00:00
159632,2026-05-11,2.329,2.355,2.328,2.349,2.29,162062600,379829710.2,3.372987,2.5764,1,baostock,10,2026-09-07T14:37:03+00:00
159632,2026-05-12,2.344,2.344,2.318,2.319,2.349,116180600,270748908.2,2.417548,-1.2771,1,baostock,10,2026-09-07T14:37:03+00:00
159632,2026-05-13,2.31,2.341,2.308,2.335,2.319,122706100,285033325.6,2.552803,0.69,1,baostock,10,2026-09-07T14:37:03+00:00
159632,2026-05-14,2.365,2.365,2.336,2.345,2.335,160647000,377113619.3,3.341438,0.4283,1,baostock,10,2026-09-07T14:37:03+00:00
159632,2026-05-15,2.346,2.353,2.313,2.326,2.345,245743729,573736536.726,5.110376,-0.8102,1,baostock,10,2026-09-07T14:37:03+00:00
159632,2026-05-18,2.289,2.308,2.28,2.283,2.326,201766558,462464715.836,4.194975,-1.8487,1,baostock,10,2026-09-07T14:37:03+00:00
159632,2026-05-19,2.281,2.286,2.262,2.276,2.283,153436800,348669280.6,3.189476,-0.3066,1,baostock,10,2026-09-07T14:37:03+00:00
159632,2026-05-20,2.266,2.291,2.256,2.29,2.276,154123403,349768702.128,3.203083,0.6151,1,baostock,10,2026-09-07T14:37:03+00:00
159632,2026-05-21,2.319,2.341,2.312,2.321,2.29,211002900,490724078.3,4.384275,1.3537,1,baostock,10,2026-09-07T14:37:03+00:00
159632,2026-05-22,2.342,2.353,2.335,2.352,2.321,145085700,340432507.6,3.014003,1.3356,1,baostock,10,2026-09-07T14:37:03+00:00
159632,2026-05-25,2.409,2.449,2.397,2.445,2.352,296460988,716676234.514,6.157387,3.9541,1,baostock,10,2026-09-07T14:37:03+00:00
159632,2026-05-26,2.435,2.446,2.405,2.411,2.445,137743048,333854490.648,2.860873,-1.3906,1,baostock,10,2026-09-07T14:37:03+00:00
159632,2026-05-27,2.442,2.465,2.442,2.462,2.411,151222185,371484592.605,3.140178,2.1153,1,baostock,10,2026-09-07T14:37:03+00:00
159632,2026-05-28,2.461,2.461,2.405,2.439,2.462,161740200,394322266.528,3.35789,-0.9342,1,baostock,10,2026-09-07T14:37:03+00:00
159632,2026-05-29,2.467,2.51,2.464,2.508,2.439,155069600,385929861.249,3.218734,2.829,1,baostock,10,2026-09-07T14:37:03+00:00
159632,2026-06-01,2.529,2.611,2.528,2.605,2.508,273027948,702773409.549,5.665984,3.8676,1,baostock,10,2026-09-07T14:37:03+00:00
159632,2026-06-02,2.58,2.588,2.526,2.571,2.605,262760066,674840739.347,5.45177,-1.3052,1,baostock,10,2026-09-07T14:37:03+00:00
159632,2026-06-03,2.595,2.599,2.502,2.532,2.571,332814384,848587550.104,6.903831,-1.5169,1,baostock,10,2026-09-07T14:37:03+00:00
159632,2026-06-04,2.49,2.504,2.459,2.472,2.532,248297448,614973755.609,5.149561,-2.3697,1,baostock,10,2026-09-07T14:37:03+00:00
159632,2026-06-05,2.431,2.473,2.422,2.439,2.472,186495500,456879072.2,3.867019,-1.335,1,baostock,10,2026-09-07T14:37:03+00:00
159632,2026-06-08,2.329,2.373,2.329,2.341,2.439,322895390,758428775.54,6.693907,-4.018,1,baostock,10,2026-09-07T14:37:03+00:00
159632,2026-06-09,2.376,2.435,2.373,2.427,2.341,274285000,658421589.2,5.684992,3.6736,1,baostock,10,2026-09-07T14:37:03+00:00
159632,2026-06-10,2.384,2.384,2.349,2.36,2.427,263125276,621962320.912,5.452559,-2.7606,1,baostock,10,2026-09-07T14:37:03+00:00
159632,2026-06-11,2.337,2.348,2.302,2.337,2.36,356879516,827867735.236,7.39383,-0.9746,1,baostock,10,2026-09-07T14:37:03+00:00
159632,2026-06-12,2.419,2.422,2.373,2.376,2.337,274206074,659012603.753,5.679825,1.6688,1,baostock,10,2026-09-07T14:37:03+00:00
159632,2026-06-15,2.45,2.482,2.442,2.478,2.376,262252944,645942036.486,5.431106,4.2929,1,baostock,10,2026-09-07T14:37:03+00:00
159632,2026-06-16,2.502,2.528,2.496,2.514,2.478,278026954,699136709.385,5.756585,1.4528,1,baostock,10,2026-09-07T14:37:03+00:00
159632,2026-06-17,2.479,2.518,2.476,2.515,2.514,276066898,689219212.214,5.714818,0.0398,1,baostock,10,2026-09-07T14:37:03+00:00
159632,2026-06-18,2.507,2.512,2.473,2.501,2.515,268245116,668983398.197,5.551751,-0.5567,1,baostock,10,2026-09-07T14:37:03+00:00
159632,2026-06-22,2.52,2.533,2.483,2.507,2.501,242941700,609356332.896,5.027017,0.2399,1,baostock,10,2026-09-07T14:37:03+00:00
159632,2026-06-23,2.476,2.498,2.421,2.428,2.507,217778871,534298325.585,4.505409,-3.1512,1,baostock,10,2026-09-07T14:37:03+00:00
159632,2026-06-24,2.406,2.451,2.403,2.444,2.428,189650306,460816506.16,3.922674,0.659,1,baostock,10,2026-09-07T14:37:03+00:00
159632,2026-06-25,2.462,2.478,2.444,2.477,2.444,146964900,362186940.1,3.039152,1.3502,1,baostock,10,2026-09-07T14:37:03+00:00
159632,2026-06-26,2.433,2.434,2.385,2.41,2.477,232148492,559343750.188,4.799709,-2.7049,1,baostock,10,2026-09-07T14:37:03+00:00
159632,2026-06-29,2.412,2.427,2.403,2.419,2.41,131757718,318048615.471,2.72355,0.3734,1,baostock,10,2026-09-07T14:37:03+00:00
159632,2026-06-30,2.452,2.468,2.449,2.461,2.419,141019005,346470298.267,2.914386,1.7363,1,baostock,10,2026-09-07T14:37:03+00:00
159632,2026-07-01,2.489,2.495,2.46,2.47,2.461,177413070,438566759.51,3.665771,0.3657,1,baostock,10,2026-09-07T14:37:03+00:00
159632,2026-07-02,2.45,2.464,2.402,2.407,2.47,137211994,334207219.774,2.834537,-2.5506,1,baostock,10,2026-09-07T14:37:03+00:00
159632,2026-07-03,2.397,2.428,2.39,2.418,2.407,148770000,358967223.6,3.072668,0.457,1,baostock,10,2026-09-07T14:37:03+00:00
159632,2026-07-06,2.418,2.427,2.392,2.422,2.418,97381800,234548223.8,2.011306,0.1654,1,baostock,10,2026-09-07T14:37:03+00:00
159632,2026-07-07,2.416,2.423,2.397,2.413,2.422,186291900,448677288.7,3.846844,-0.3716,1,baostock,10,2026-09-07T14:37:03+00:00
159632,2026-07-08,2.404,2.404,2.373,2.376,2.413,152478600,364204810.726,3.147315,-1.5334,1,baostock,10,2026-09-07T14:37:03+00:00
159632,2026-07-09,2.393,2.414,2.379,2.412,2.376,139555662,334171057.612,2.879383,1.5152,1,baostock,10,2026-09-07T14:37:03+00:00
159632,2026-07-10,2.426,2.432,2.412,2.414,2.412,187892499,455345794.075,3.875094,0.0829,1,baostock,10,2026-09-07T14:37:03+00:00
159632,2026-07-13,2.399,2.417,2.396,2.396,2.414,84060400,202136963.6,1.732947,-0.7457,1,baostock,10,2026-09-07T14:37:03+00:00
159632,2026-07-14,2.382,2.405,2.363,2.402,2.396,134710300,321160814.5,2.775975,0.2504,1,baostock,10,2026-09-07T14:37:03+00:00
159632,2026-07-15,2.422,2.44,2.412,2.44,2.402,117708374,285477121.255,2.424617,1.582,1,baostock,10,2026-09-07T14:37:03+00:00
159632,2026-07-16,2.41,2.419,2.402,2.407,2.44,142202800,342814797.4,2.927959,-1.3525,1,baostock,10,2026-09-07T14:37:03+00:00
159632,2026-07-17,2.363,2.365,2.322,2.326,2.407,218035787,510158407.789,4.487514,-3.3652,1,baostock,10,2026-09-07T14:37:03+00:00
159632,2026-07-20,2.33,2.346,2.325,2.327,2.326,112266700,261868477.9,2.308722,0.043,1,baostock,10,2026-09-07T14:37:03+00:00
159632,2026-07-21,2.337,2.37,2.334,2.369,2.327,114171100,268746689.657,2.345955,1.8049,1,baostock,10,2026-09-07T14:37:03+00:00
159632,2026-07-22,2.373,2.385,2.361,2.363,2.369,120401500,286073196.532,2.471944,-0.2533,1,baostock,10,2026-09-07T14:37:03+00:00
159632,2026-07-23,2.375,2.378,2.357,2.363,2.363,72318361,171132691.056,1.483539,0.0,1,baostock,10,2026-09-07T14:37:03+00:00
159632,2026-07-24,2.327,2.336,2.323,2.33,2.363,104378342,243158947.785,2.139461,-1.3965,1,baostock,10,2026-09-07T14:37:03+00:00
159632,2026-07-27,2.332,2.351,2.326,2.348,2.33,120329000,281540436.3,2.464384,0.7725,1,baostock,10,2026-09-07T14:37:03+00:00
159632,2026-07-28,2.295,2.301,2.278,2.283,2.348,160690500,367735776.1,3.28831,-2.7683,1,baostock,10,2026-09-07T14:37:03+00:00
159632,2026-07-29,2.287,2.292,2.271,2.29,2.283,133476838,304340603.149,2.729185,0.3066,1,baostock,10,2026-09-07T14:37:03+00:00
159632,2026-07-30,2.269,2.27,2.245,2.256,2.29,119691200,270080274.5,2.445312,-1.4847,1,baostock,10,2026-09-07T14:37:03+00:00
159632,2026-07-31,2.345,2.349,2.329,2.339,2.256,147962065,346257343.544,3.020423,3.6791,1,baostock,10,2026-09-07T14:37:03+00:00
159632,2026-08-03,2.343,2.359,2.342,2.352,2.339,109757628,257963399.77,2.238709,0.5558,1,baostock,10,2026-09-07T14:37:03+00:00
159632,2026-08-04,2.388,2.419,2.387,2.416,2.352,143668170,345715543.035,2.927988,2.7211,1,baostock,10,2026-09-07T14:37:03+00:00
159632,2026-08-05,2.504,2.507,2.485,2.506,2.416,212694336,531470308.773,4.331225,3.7252,1,baostock,10,2026-09-07T14:37:03+00:00
159632,2026-08-06,2.47,2.476,2.454,2.469,2.506,135964076,335224183.552,2.766466,-1.4765,1,baostock,10,2026-09-07T14:37:03+00:00
159632,2026-08-07,2.469,2.482,2.461,2.481,2.469,140135969,346172394.516,2.849033,0.486,1,baostock,10,2026-09-07T14:37:03+00:00
159632,2026-08-10,2.505,2.514,2.478,2.495,2.481,172629969,431560010.07,3.5068,0.5643,1,baostock,10,2026-09-07T14:37:03+00:00
159632,2026-08-11,2.485,2.489,2.458,2.459,2.495,110590773,273315265.195,2.244714,-1.4429,1,baostock,10,2026-09-07T14:37:03+00:00
159632,2026-08-12,2.45,2.477,2.445,2.473,2.459,79935776,196873954.232,1.621178,0.5693,1,baostock,10,2026-09-07T14:37:03+00:00
159632,2026-08-13,2.479,2.494,2.47,2.476,2.473,72979100,181229125.2,1.47889,0.1213,1,baostock,10,2026-09-07T14:37:03+00:00
159632,2026-08-14,2.503,2.516,2.498,2.512,2.476,113588000,284837277.8,2.299948,1.454,1,baostock,10,2026-09-07T14:37:03+00:00
159632,2026-08-17,2.514,2.526,2.506,2.524,2.512,96533993,242964009.489,1.953054,0.4777,1,baostock,10,2026-09-07T14:37:03+00:00
159632,2026-08-18,2.507,2.509,2.48,2.484,2.524,114358498,285020096.266,2.311804,-1.5848,1,baostock,10,2026-09-07T14:37:03+00:00
159632,2026-08-19,2.455,2.458,2.423,2.436,2.484,148489000,361460532.4,2.999341,-1.9324,1,baostock,10,2026-09-07T14:37:03+00:00
159632,2026-08-20,2.455,2.46,2.448,2.452,2.436,101545500,249179074.6,2.04947,0.6568,1,baostock,10,2026-09-07T14:37:03+00:00
159632,2026-08-21,2.423,2.442,2.414,2.436,2.452,124495700,302261489.5,2.510642,-0.6525,1,baostock,10,2026-09-07T14:37:03+00:00
159632,2026-08-24,2.44,2.44,2.405,2.408,2.436,86182387,208649174.418,1.736596,-1.1494,1,baostock,10,2026-09-07T14:37:03+00:00
159632,2026-08-25,2.397,2.445,2.396,2.437,2.408,140151568,339767289.507,2.821813,1.2043,1,baostock,10,2026-09-07T14:37:03+00:00
159632,2026-08-26,2.424,2.448,2.415,2.437,2.437,106652616,259937628.248,2.145617,0.0,1,baostock,10,2026-09-07T14:37:03+00:00
159632,2026-08-27,2.458,2.471,2.457,2.468,2.437,122576310,302162628.52,2.463984,1.2721,1,baostock,10,2026-09-07T14:37:03+00:00
159632,2026-08-28,2.488,2.491,2.465,2.466,2.468,106813103,264704957.758,2.145393,-0.081,1,baostock,10,2026-09-07T14:37:03+00:00
159632,2026-08-31,2.43,2.46,2.429,2.455,2.466,109726300,268019977.9,2.202136,-0.4461,1,baostock,10,2026-09-07T14:37:03+00:00
159632,2026-09-01,2.457,2.473,2.448,2.463,2.455,89751146,220721065.274,1.799803,0.3259,1,baostock,10,2026-09-07T14:37:03+00:00
159632,2026-09-02,2.43,2.431,2.418,2.42,2.463,100308308,243291006.72,2.009896,-1.7458,1,baostock,10,2026-09-07T14:37:03+00:00
159632,2026-09-03,2.433,2.441,2.42,2.427,2.42,66208278,160835673.128,1.325565,0.2893,1,baostock,10,2026-09-07T14:37:03+00:00
159632,2026-09-04,2.459,2.469,2.454,2.466,2.427,94687100,233082115.1,1.894227,1.6069,1,baostock,10,2026-09-07T14:37:03+00:00
159632,2026-09-07,2.463,2.487,2.462,2.479,2.466,92133500,228225350.621,1.841668,0.5272,1,baostock,10,2026-09-07T14:37:03+00:00
159659,2026-01-05,1.985,2.009,1.983,2.009,1.984,228990250,458219644.838,5.519508,1.2601,1,baostock,10,2026-09-07T14:37:38+00:00
159659,2026-01-06,2.009,2.017,2.003,2.017,2.009,127550944,256614968.264,3.030618,0.3982,1,baostock,10,2026-09-07T14:37:38+00:00
159659,2026-01-07,2.025,2.026,2.014,2.015,2.017,136661036,275860180.22,3.245532,-0.0992,1,baostock,10,2026-09-07T14:37:38+00:00
159659,2026-01-08,2.016,2.016,2.0,2.003,2.015,162646059,326603827.808,3.86081,-0.5955,1,baostock,10,2026-09-07T14:37:38+00:00
159659,2026-01-09,2.0,2.007,1.991,2.003,2.003,131515648,262913731.548,3.120371,0.0,1,baostock,10,2026-09-07T14:37:38+00:00
159659,2026-01-12,2.003,2.005,1.995,1.999,2.003,188590957,377354632.733,4.472431,-0.1997,1,baostock,10,2026-09-07T14:37:38+00:00
159659,2026-01-13,2.003,2.022,1.997,2.02,1.999,158002190,316835194.62,3.745242,1.0505,1,baostock,10,2026-09-07T14:37:38+00:00
159659,2026-01-14,2.014,2.016,2.004,2.008,2.02,131658712,264265907.518,3.119325,-0.5941,1,baostock,10,2026-09-07T14:37:38+00:00
159659,2026-01-15,1.993,2.011,1.99,2.01,2.008,134602283,269379870.633,3.187555,0.0996,1,baostock,10,2026-09-07T14:37:38+00:00
159659,2026-01-16,2.011,2.014,2.003,2.006,2.01,107236400,215224020.9,2.538293,-0.199,1,baostock,10,2026-09-07T14:37:38+00:00
159659,2026-01-19,1.981,1.996,1.979,1.984,2.006,171317600,340441643.1,4.053181,-1.0967,1,baostock,10,2026-09-07T14:37:38+00:00
159659,2026-01-20,1.984,1.988,1.97,1.972,1.984,133481717,264123648.324,3.158027,-0.6048,1,baostock,10,2026-09-07T14:37:38+00:00
159659,2026-01-21,1.965,1.969,1.95,1.963,1.972,206808017,405606913.954,4.89053,-0.4564,1,baostock,10,2026-09-07T14:37:38+00:00
159659,2026-01-22,1.986,2.0,1.984,1.994,1.963,209289817,416955583.53,4.94688,1.5792,1,baostock,10,2026-09-07T14:37:38+00:00
159659,2026-01-23,1.999,2.001,1.986,1.991,1.994,115199431,229709970.918,2.721625,-0.1505,1,baostock,10,2026-09-07T14:37:38+00:00
159659,2026-01-26,1.984,1.985,1.971,1.973,1.991,111797600,220947494.6,2.640008,-0.9041,1,baostock,10,2026-09-07T14:37:38+00:00
159659,2026-01-27,1.985,2.003,1.981,1.997,1.973,155354018,309790845.092,3.666826,1.2164,1,baostock,10,2026-09-07T14:37:38+00:00
159659,2026-01-28,2.013,2.019,2.008,2.015,1.997,123999283,249792520.23,2.925378,0.9014,1,baostock,10,2026-09-07T14:37:38+00:00
159659,2026-01-29,2.003,2.009,1.998,2.002,2.015,145489000,291402787.3,3.430742,-0.6452,1,baostock,10,2026-09-07T14:37:38+00:00
159659,2026-01-30,1.985,1.995,1.977,1.987,2.002,144653400,287232053.4,3.40943,-0.7493,1,baostock,10,2026-09-07T14:37:38+00:00
159659,2026-02-02,1.965,1.974,1.938,1.942,1.987,200525909,392335531.26,4.724099,-2.2647,1,baostock,10,2026-09-07T14:37:38+00:00
159659,2026-02-03,1.979,1.985,1.969,1.984,1.942,135543318,268167622.078,3.1917,2.1627,1,baostock,10,2026-09-07T14:37:38+00:00
159659,2026-02-04,1.955,1.967,1.942,1.967,1.984,167593280,327338546.0,3.945466,-0.8569,1,baostock,10,2026-09-07T14:37:38+00:00
159659,2026-02-05,1.943,1.952,1.938,1.949,1.967,92620600,180060618.191,2.179952,-0.9151,1,baostock,10,2026-09-07T14:37:38+00:00
159659,2026-02-06,1.913,1.923,1.904,1.917,1.949,142905900,273604579.9,3.362694,-1.6419,1,baostock,10,2026-09-07T14:37:38+00:00
159659,2026-02-09,1.95,1.958,1.948,1.951,1.917,109968738,214696958.769,2.587047,1.7736,1,baostock,10,2026-09-07T14:37:38+00:00
159659,2026-02-10,1.964,1.964,1.951,1.953,1.951,56406300,110406557.9,1.326663,0.1025,1,baostock,10,2026-09-07T14:37:38+00:00
159659,2026-02-11,1.951,1.953,1.946,1.952,1.953,58590800,114297751.4,1.377718,-0.0512,1,baostock,10,2026-09-07T14:37:38+00:00
159659,2026-02-12,1.95,1.963,1.947,1.949,1.952,85433300,166855945.4,2.008426,-0.1537,1,baostock,10,2026-09-07T14:37:38+00:00
159659,2026-02-13,1.921,1.94,1.917,1.94,1.949,72873700,140570750.6,1.712763,-0.4618,1,baostock,10,2026-09-07T14:37:38+00:00
159659,2026-02-24,1.925,1.929,1.915,1.927,1.94,77410177,148730733.294,1.818958,-0.6701,1,baostock,10,2026-09-07T14:37:38+00:00
159659,2026-02-25,1.941,1.941,1.927,1.928,1.927,56922923,110028651.315,1.337241,0.0519,1,baostock,10,2026-09-07T14:37:38+00:00
159659,2026-02-26,1.944,1.951,1.94,1.944,1.928,75442249,146747452.196,1.771883,0.8299,1,baostock,10,2026-09-07T14:37:38+00:00
159659,2026-02-27,1.93,1.93,1.922,1.928,1.944,72741383,140062499.136,1.708048,-0.823,1,baostock,10,2026-09-07T14:37:38+00:00
159659,2026-03-02,1.915,1.92,1.901,1.903,1.928,87956861,168040894.91,2.064839,-1.2967,1,baostock,10,2026-09-07T14:37:38+00:00
159659,2026-03-03,1.911,1.914,1.885,1.888,1.903,109232661,207575654.268,2.563699,-0.7882,1,baostock,10,2026-09-07T14:37:38+00:00
159659,2026-03-04,1.88,1.904,1.866,1.877,1.888,137141200,258613445.5,3.21796,-0.5826,1,baostock,10,2026-09-07T14:37:38+00:00
159659,2026-03-05,1.91,1.918,1.902,1.913,1.877,87604200,167339903.1,2.055113,1.918,1,baostock,10,2026-09-07T14:37:38+00:00
159659,2026-03-06,1.904,1.915,1.901,1.912,1.913,79186048,151038935.096,1.857195,-0.0523,1,baostock,10,2026-09-07T14:37:38+00:00
159659,2026-03-09,1.86,1.876,1.855,1.874,1.912,107365900,200468397.0,2.517523,-1.9874,1,baostock,10,2026-09-07T14:37:38+00:00
159659,2026-03-10,1.9,1.909,1.898,1.903,1.874,106424400,202572430.0,2.494861,1.5475,1,baostock,10,2026-09-07T14:37:38+00:00
159659,2026-03-11,1.907,1.911,1.902,1.903,1.903,71073100,135482140.2,1.665746,0.0,1,baostock,10,2026-09-07T14:37:38+00:00
159659,2026-03-12,1.895,1.899,1.89,1.893,1.903,59394744,112442299.131,1.391713,-0.5255,1,baostock,10,2026-09-07T14:37:38+00:00
159659,2026-03-13,1.879,1.882,1.872,1.874,1.893,68989300,129525707.6,1.61615,-1.0037,1,baostock,10,2026-09-07T14:37:38+00:00
159659,2026-03-16,1.874,1.882,1.861,1.882,1.874,71745382,134225588.722,1.68032,0.4269,1,baostock,10,2026-09-07T14:37:38+00:00
159659,2026-03-17,1.884,1.89,1.866,1.87,1.882,66386200,124922531.6,1.554441,-0.6376,1,baostock,10,2026-09-07T14:37:38+00:00
159659,2026-03-18,1.888,1.901,1.884,1.897,1.87,91836500,173883543.1,2.14986,1.4439,1,baostock,10,2026-09-07T14:37:38+00:00
159659,2026-03-19,1.869,1.876,1.861,1.863,1.897,76298600,142597138.3,1.785705,-1.7923,1,baostock,10,2026-09-07T14:37:38+00:00
159659,2026-03-20,1.865,1.873,1.848,1.85,1.863,56854400,105692593.4,1.330318,-0.6978,1,baostock,10,2026-09-07T14:37:38+00:00
159659,2026-03-23,1.812,1.82,1.783,1.786,1.85,262354776,471587879.748,6.137321,-3.4595,1,baostock,10,2026-09-07T14:37:38+00:00
159659,2026-03-24,1.81,1.827,1.801,1.824,1.786,144309458,261018907.434,3.375072,2.1277,1,baostock,10,2026-09-07T14:37:38+00:00
159659,2026-03-25,1.831,1.851,1.831,1.838,1.824,152935177,281408681.808,3.575972,0.7675,1,baostock,10,2026-09-07T14:37:38+00:00
159659,2026-03-26,1.839,1.853,1.826,1.828,1.838,75250900,138487621.5,1.759126,-0.5441,1,baostock,10,2026-09-07T14:37:38+00:00
159659,2026-03-27,1.799,1.821,1.785,1.815,1.828,73361800,132784404.3,1.714564,-0.7112,1,baostock,10,2026-09-07T14:37:38+00:00
159659,2026-03-30,1.783,1.788,1.767,1.787,1.815,133613113,237531935.314,3.121988,-1.5427,1,baostock,10,2026-09-07T14:37:38+00:00
159659,2026-03-31,1.78,1.789,1.773,1.778,1.787,71451200,127175574.3,1.66913,-0.5036,1,baostock,10,2026-09-07T14:37:38+00:00
159659,2026-04-01,1.83,1.852,1.825,1.852,1.778,113815800,209027229.6,2.658164,4.162,1,baostock,10,2026-09-07T14:37:38+00:00
159659,2026-04-02,1.835,1.84,1.815,1.822,1.852,98501700,179799240.1,2.299967,-1.6199,1,baostock,10,2026-09-07T14:37:38+00:00
159659,2026-04-03,1.836,1.839,1.826,1.827,1.822,52713600,96527361.6,1.23055,0.2744,1,baostock,10,2026-09-07T14:37:38+00:00
159659,2026-04-07,1.83,1.839,1.829,1.831,1.827,53584000,98232694.6,1.250868,0.2189,1,baostock,10,2026-09-07T14:37:38+00:00
159659,2026-04-08,1.897,1.92,1.892,1.92,1.831,149900146,285713024.376,3.498462,4.8607,1,baostock,10,2026-09-07T14:37:38+00:00
159659,2026-04-09,1.9,1.912,1.888,1.903,1.92,96601638,183644900.655,2.254023,-0.8854,1,baostock,10,2026-09-07T14:37:38+00:00
159659,2026-04-10,1.919,1.93,1.912,1.914,1.903,93282348,179403863.582,2.176065,0.578,1,baostock,10,2026-09-07T14:37:38+00:00
159659,2026-04-13,1.905,1.913,1.899,1.906,1.914,96295600,183385456.3,2.245834,-0.418,1,baostock,10,2026-09-07T14:37:38+00:00
159659,2026-04-14,1.938,1.943,1.925,1.938,1.906,77464593,150085668.441,1.80623,1.6789,1,baostock,10,2026-09-07T14:37:38+00:00
159659,2026-04-15,1.975,1.981,1.965,1.971,1.938,110183170,217338853.978,2.568525,1.7028,1,baostock,10,2026-09-07T14:37:38+00:00
159659,2026-04-16,2.0,2.017,1.999,2.016,1.971,142075428,285195780.116,3.311207,2.2831,1,baostock,10,2026-09-07T14:37:38+00:00
159659,2026-04-17,2.012,2.012,1.996,2.0,2.016,84202529,168611360.194,1.961965,-0.7937,1,baostock,10,2026-09-07T14:37:38+00:00
159659,2026-04-20,2.006,2.01,1.999,2.0,2.0,218708898,438179449.191,5.094851,0.0,1,baostock,10,2026-09-07T14:37:38+00:00
159659,2026-04-21,2.005,2.008,1.993,2.001,2.0,96357586,192684464.028,2.244139,0.05,1,baostock,10,2026-09-07T14:37:38+00:00
159659,2026-04-22,2.001,2.009,1.995,2.007,2.001,82338374,164833359.262,1.917189,0.2999,1,baostock,10,2026-09-07T14:37:38+00:00
159659,2026-04-23,2.025,2.028,2.009,2.019,2.007,118440890,239034608.039,2.757168,0.5979,1,baostock,10,2026-09-07T14:37:38+00:00
159659,2026-04-24,2.019,2.024,2.015,2.021,2.019,87657522,177061617.718,2.040092,0.0991,1,baostock,10,2026-09-07T14:37:38+00:00
159659,2026-04-27,2.048,2.061,2.047,2.06,2.021,164203590,337553920.12,3.820693,1.9297,1,baostock,10,2026-09-07T14:37:38+00:00
159659,2026-04-28,2.059,2.067,2.057,2.059,2.06,175883200,362716282.2,4.091502,-0.0485,1,baostock,10,2026-09-07T14:37:38+00:00
159659,2026-04-29,2.043,2.056,2.043,2.052,2.059,141721300,290685239.7,3.29604,-0.34,1,baostock,10,2026-09-07T14:37:38+00:00
159659,2026-04-30,2.067,2.076,2.05,2.058,2.052,151144428,311995763.092,3.514379,0.2924,1,baostock,10,2026-09-07T14:37:38+00:00
159659,2026-05-06,2.118,2.13,2.108,2.129,2.058,219107600,464894819.3,5.09346,3.45,1,baostock,10,2026-09-07T14:37:38+00:00
159659,2026-05-07,2.16,2.171,2.155,2.171,2.129,173964544,376460296.604,4.043107,1.9728,1,baostock,10,2026-09-07T14:37:38+00:00
159659,2026-05-08,2.167,2.177,2.157,2.174,2.171,167083195,361763557.33,3.882275,0.1382,1,baostock,10,2026-09-07T14:37:38+00:00
159659,2026-05-11,2.21,2.235,2.207,2.234,2.174,172272022,383161932.928,4.001911,2.7599,1,baostock,10,2026-09-07T14:37:38+00:00
159659,2026-05-12,2.228,2.228,2.202,2.202,2.234,202413530,448191421.48,4.701012,-1.4324,1,baostock,10,2026-09-07T14:37:38+00:00
159659,2026-05-13,2.195,2.222,2.191,2.218,2.202,191852800,423052255.2,4.454706,0.7266,1,baostock,10,2026-09-07T14:37:38+00:00
159659,2026-05-14,2.243,2.247,2.22,2.23,2.218,147801113,329774278.064,3.431056,0.541,1,baostock,10,2026-09-07T14:37:38+00:00
159659,2026-05-15,2.232,2.238,2.197,2.21,2.23,281659307,624949588.996,6.536924,-0.8969,1,baostock,10,2026-09-07T14:37:38+00:00
159659,2026-05-18,2.176,2.192,2.166,2.168,2.21,228981064,498525374.036,5.313101,-1.9005,1,baostock,10,2026-09-07T14:37:38+00:00
159659,2026-05-19,2.166,2.171,2.148,2.161,2.168,208947305,450842056.29,4.847129,-0.3229,1,baostock,10,2026-09-07T14:37:38+00:00
159659,2026-05-20,2.15,2.179,2.142,2.177,2.161,173170500,373159310.7,4.016252,0.7404,1,baostock,10,2026-09-07T14:37:38+00:00
159659,2026-05-21,2.203,2.224,2.196,2.199,2.177,232547496,513554020.528,5.392101,1.0106,1,baostock,10,2026-09-07T14:37:38+00:00
159659,2026-05-22,2.224,2.236,2.215,2.236,2.199,197188300,438952280.2,4.571164,1.6826,1,baostock,10,2026-09-07T14:37:38+00:00
159659,2026-05-25,2.299,2.324,2.276,2.321,2.236,324211819,745366844.596,7.514045,3.8014,1,baostock,10,2026-09-07T14:37:38+00:00
159659,2026-05-26,2.3,2.324,2.291,2.298,2.321,159793800,368383315.3,3.703436,-0.991,1,baostock,10,2026-09-07T14:37:38+00:00
159659,2026-05-27,2.324,2.346,2.324,2.34,2.298,157278100,367674393.9,3.644287,1.8277,1,baostock,10,2026-09-07T14:37:38+00:00
159659,2026-05-28,2.335,2.335,2.283,2.319,2.34,226492114,524004844.702,5.246827,-0.8974,1,baostock,10,2026-09-07T14:37:38+00:00
159659,2026-05-29,2.346,2.385,2.342,2.382,2.319,195936427,463185961.596,4.537935,2.7167,1,baostock,10,2026-09-07T14:37:38+00:00
159659,2026-06-01,2.409,2.477,2.4,2.474,2.382,267331845,652926703.949,6.190037,3.8623,1,baostock,10,2026-09-07T14:37:38+00:00
159659,2026-06-02,2.469,2.47,2.399,2.441,2.474,278896141,680069042.906,6.456312,-1.3339,1,baostock,10,2026-09-07T14:37:38+00:00
159659,2026-06-03,2.46,2.465,2.382,2.406,2.441,323185944,783461839.295,7.479868,-1.4338,1,baostock,10,2026-09-07T14:37:38+00:00
159659,2026-06-04,2.357,2.379,2.346,2.354,2.406,210894782,497099564.512,4.879854,-2.1613,1,baostock,10,2026-09-07T14:37:38+00:00
159659,2026-06-05,2.315,2.353,2.309,2.322,2.354,156460349,365263959.727,3.619468,-1.3594,1,baostock,10,2026-09-07T14:37:38+00:00
159659,2026-06-08,2.216,2.263,2.215,2.233,2.322,230590304,516776236.824,5.333116,-3.8329,1,baostock,10,2026-09-07T14:37:38+00:00
159659,2026-06-09,2.273,2.322,2.267,2.316,2.233,163336631,374557364.377,3.776793,3.717,1,baostock,10,2026-09-07T14:37:38+00:00
159659,2026-06-10,2.277,2.277,2.235,2.257,2.316,150165674,339092525.671,3.471441,-2.5475,1,baostock,10,2026-09-07T14:37:38+00:00
159659,2026-06-11,2.233,2.243,2.209,2.236,2.257,186021959,413476554.763,4.299352,-0.9304,1,baostock,10,2026-09-07T14:37:38+00:00
159659,2026-06-12,2.321,2.324,2.263,2.269,2.236,181352200,417221586.4,4.190456,1.4758,1,baostock,10,2026-09-07T14:37:38+00:00
159659,2026-06-15,2.339,2.37,2.33,2.367,2.269,241702263,568449140.221,5.583658,4.3191,1,baostock,10,2026-09-07T14:37:38+00:00
159659,2026-06-16,2.39,2.417,2.389,2.399,2.367,248446529,597117646.27,5.738134,1.3519,1,baostock,10,2026-09-07T14:37:38+00:00
159659,2026-06-17,2.367,2.402,2.36,2.398,2.399,192992771,459776407.828,4.456342,-0.0417,1,baostock,10,2026-09-07T14:37:38+00:00
159659,2026-06-18,2.389,2.39,2.362,2.386,2.398,180860399,430380343.287,4.175233,-0.5004,1,baostock,10,2026-09-07T14:37:38+00:00
159659,2026-06-22,2.412,2.415,2.37,2.394,2.386,227899368,544851612.804,5.259931,0.3353,1,baostock,10,2026-09-07T14:37:38+00:00
159659,2026-06-23,2.363,2.364,2.312,2.323,2.394,198902010,465024688.463,4.589611,-2.9657,1,baostock,10,2026-09-07T14:37:38+00:00
159659,2026-06-24,2.3,2.34,2.299,2.332,2.323,196202231,455512355.034,4.52627,0.3874,1,baostock,10,2026-09-07T14:37:38+00:00
159659,2026-06-25,2.355,2.359,2.33,2.357,2.332,182786600,429376264.0,4.215807,1.072,1,baostock,10,2026-09-07T14:37:38+00:00
159659,2026-06-26,2.315,2.318,2.276,2.296,2.357,260308482,597896975.779,5.989963,-2.588,1,baostock,10,2026-09-07T14:37:38+00:00
159659,2026-06-29,2.29,2.311,2.281,2.304,2.296,274080700,628876086.0,6.292397,0.3484,1,baostock,10,2026-09-07T14:37:38+00:00
159659,2026-06-30,2.332,2.347,2.329,2.339,2.304,230276500,538054514.2,5.214897,1.5191,1,baostock,10,2026-09-07T14:37:38+00:00
159659,2026-07-01,2.365,2.369,2.34,2.348,2.339,133655879,314655614.518,2.986227,0.3848,1,baostock,10,2026-09-07T14:37:38+00:00
159659,2026-07-02,2.329,2.335,2.295,2.298,2.348,102462798,237528716.69,2.288268,-2.1295,1,baostock,10,2026-09-07T14:37:38+00:00
159659,2026-07-03,2.29,2.316,2.278,2.31,2.298,114467700,263452935.3,2.555229,0.5222,1,baostock,10,2026-09-07T14:37:38+00:00
159659,2026-07-06,2.31,2.314,2.286,2.312,2.31,82881700,190680988.3,1.850144,0.0866,1,baostock,10,2026-09-07T14:37:38+00:00
159659,2026-07-07,2.305,2.311,2.288,2.3,2.312,109838061,252726502.808,2.450788,-0.519,1,baostock,10,2026-09-07T14:37:38+00:00
159659,2026-07-08,2.287,2.294,2.268,2.268,2.3,87044400,198477379.0,1.941333,-1.3913,1,baostock,10,2026-09-07T14:37:38+00:00
159659,2026-07-09,2.282,2.302,2.274,2.293,2.268,87854016,200896957.5,1.958516,1.1023,1,baostock,10,2026-09-07T14:37:38+00:00
159659,2026-07-10,2.307,2.318,2.298,2.3,2.293,69997267,161574653.538,1.559743,0.3053,1,baostock,10,2026-09-07T14:37:38+00:00
159659,2026-07-13,2.299,2.302,2.283,2.287,2.3,78418600,179823866.1,1.746616,-0.5652,1,baostock,10,2026-09-07T14:37:38+00:00
159659,2026-07-14,2.271,2.294,2.261,2.291,2.287,85549646,194806433.298,1.904598,0.1749,1,baostock,10,2026-09-07T14:37:38+00:00
159659,2026-07-15,2.313,2.322,2.302,2.321,2.291,73165990,169231349.0,1.628174,1.3095,1,baostock,10,2026-09-07T14:37:38+00:00
159659,2026-07-16,2.295,2.308,2.29,2.294,2.321,92247754,211980023.43,2.051891,-1.1633,1,baostock,10,2026-09-07T14:37:38+00:00
159659,2026-07-17,2.258,2.258,2.218,2.226,2.294,130382198,291557995.29,2.898835,-2.9643,1,baostock,10,2026-09-07T14:37:38+00:00
159659,2026-07-20,2.226,2.236,2.223,2.226,2.226,67432600,150406132.5,1.498587,0.0,1,baostock,10,2026-09-07T14:37:38+00:00
159659,2026-07-21,2.232,2.264,2.232,2.262,2.226,80041379,180088885.107,1.778008,1.6173,1,baostock,10,2026-09-07T14:37:38+00:00
159659,2026-07-22,2.269,2.279,2.253,2.255,2.262,92526100,209837297.4,2.054426,-0.3095,1,baostock,10,2026-09-07T14:37:38+00:00
159659,2026-07-23,2.264,2.268,2.25,2.255,2.255,49652100,112132423.0,1.101973,0.0,1,baostock,10,2026-09-07T14:37:38+00:00
159659,2026-07-24,2.219,2.228,2.216,2.223,2.255,85720835,190471106.04,1.901635,-1.4191,1,baostock,10,2026-09-07T14:37:38+00:00
159659,2026-07-27,2.221,2.245,2.219,2.239,2.223,70502196,157383356.14,1.56333,0.7197,1,baostock,10,2026-09-07T14:37:38+00:00
159659,2026-07-28,2.191,2.198,2.175,2.18,2.239,127987856,279558213.53,2.836771,-2.6351,1,baostock,10,2026-09-07T14:37:38+00:00
159659,2026-07-29,2.181,2.187,2.165,2.187,2.18,83867400,182620979.7,1.858045,0.3211,1,baostock,10,2026-09-07T14:37:38+00:00
159659,2026-07-30,2.165,2.168,2.146,2.153,2.187,76169700,164247400.578,1.686759,-1.5546,1,baostock,10,2026-09-07T14:37:38+00:00
159659,2026-07-31,2.238,2.241,2.222,2.235,2.153,122219689,273010236.648,2.705326,3.8086,1,baostock,10,2026-09-07T14:37:38+00:00
159659,2026-08-03,2.238,2.252,2.236,2.245,2.235,80630400,180875457.0,1.783959,0.4474,1,baostock,10,2026-09-07T14:37:38+00:00
159659,2026-08-04,2.289,2.307,2.283,2.305,2.245,111561407,256069348.907,2.467221,2.6726,1,baostock,10,2026-09-07T14:37:38+00:00
159659,2026-08-05,2.381,2.388,2.37,2.388,2.305,170041244,404913613.412,3.758861,3.6009,1,baostock,10,2026-09-07T14:37:38+00:00
159659,2026-08-06,2.35,2.361,2.339,2.355,2.388,120703500,283791753.8,2.667042,-1.3819,1,baostock,10,2026-09-07T14:37:38+00:00
159659,2026-08-07,2.354,2.369,2.347,2.366,2.355,87183300,205327368.1,1.925535,0.4671,1,baostock,10,2026-09-07T14:37:38+00:00
159659,2026-08-10,2.39,2.394,2.36,2.375,2.366,115685060,274932094.696,2.553898,0.3804,1,baostock,10,2026-09-07T14:37:38+00:00
159659,2026-08-11,2.368,2.368,2.34,2.343,2.375,110009519,258642741.486,2.427532,-1.3474,1,baostock,10,2026-09-07T14:37:38+00:00
159659,2026-08-12,2.334,2.355,2.328,2.353,2.343,76824400,180030436.3,1.694502,0.4268,1,baostock,10,2026-09-07T14:37:38+00:00
159659,2026-08-13,2.357,2.374,2.355,2.36,2.353,69394700,164063692.7,1.529952,0.2975,1,baostock,10,2026-09-07T14:37:38+00:00
159659,2026-08-14,2.386,2.396,2.384,2.395,2.36,122445319,292639126.853,2.698374,1.4831,1,baostock,10,2026-09-07T14:37:38+00:00
159659,2026-08-17,2.396,2.408,2.391,2.406,2.395,78093114,187368297.763,1.72021,0.4593,1,baostock,10,2026-09-07T14:37:38+00:00
159659,2026-08-18,2.389,2.39,2.367,2.37,2.406,85578557,203362580.446,1.884266,-1.4963,1,baostock,10,2026-09-07T14:37:38+00:00
159659,2026-08-19,2.341,2.343,2.319,2.328,2.37,98271427,228582129.326,2.162785,-1.7722,1,baostock,10,2026-09-07T14:37:38+00:00
159659,2026-08-20,2.343,2.353,2.338,2.349,2.328,67107600,157390857.1,1.476273,0.9021,1,baostock,10,2026-09-07T14:37:38+00:00
159659,2026-08-21,2.32,2.335,2.312,2.331,2.349,74075000,172008079.0,1.62883,-0.7663,1,baostock,10,2026-09-07T14:37:38+00:00
159659,2026-08-24,2.333,2.336,2.305,2.307,2.331,60514500,140158855.5,1.330064,-1.0296,1,baostock,10,2026-09-07T14:37:38+00:00
159659,2026-08-25,2.295,2.335,2.292,2.33,2.307,86194841,199706809.222,1.893666,0.997,1,baostock,10,2026-09-07T14:37:38+00:00
159659,2026-08-26,2.315,2.34,2.312,2.332,2.33,61134678,142455920.08,1.342515,0.0858,1,baostock,10,2026-09-07T14:37:38+00:00
159659,2026-08-27,2.351,2.366,2.35,2.359,2.332,86849900,204861361.888,1.906382,1.1578,1,baostock,10,2026-09-07T14:37:38+00:00
159659,2026-08-28,2.369,2.375,2.359,2.361,2.359,44428303,105087214.174,0.974787,0.0848,1,baostock,10,2026-09-07T14:37:38+00:00
159659,2026-08-31,2.325,2.352,2.322,2.345,2.361,70535900,164606184.5,1.546927,-0.6777,1,baostock,10,2026-09-07T14:37:38+00:00
159659,2026-09-01,2.346,2.358,2.339,2.352,2.345,48326100,113459051.2,1.059378,0.2985,1,baostock,10,2026-09-07T14:37:38+00:00
159659,2026-09-02,2.32,2.325,2.31,2.313,2.352,66707409,154693923.662,1.461682,-1.6582,1,baostock,10,2026-09-07T14:37:38+00:00
159659,2026-09-03,2.327,2.329,2.31,2.316,2.313,38957293,90404754.395,0.853252,0.1297,1,baostock,10,2026-09-07T14:37:38+00:00
159659,2026-09-04,2.349,2.355,2.346,2.35,2.316,59297920,139333096.088,1.298188,1.468,1,baostock,10,2026-09-07T14:37:38+00:00
159659,2026-09-07,2.349,2.369,2.347,2.365,2.35,57001239,134505172.974,1.247362,0.6383,1,baostock,10,2026-09-07T14:37:38+00:00
159660,2026-01-05,2.086,2.113,2.086,2.111,2.085,25068564,52744635.889,1.286787,1.247,1,baostock,10,2026-09-07T14:38:11+00:00
159660,2026-01-06,2.111,2.113,2.091,2.094,2.111,40886821,85796709.537,2.09875,-0.8053,1,baostock,10,2026-09-07T14:38:11+00:00
159660,2026-01-07,2.099,2.107,2.083,2.086,2.094,30654100,64132153.5,1.573497,-0.382,1,baostock,10,2026-09-07T14:38:11+00:00
159660,2026-01-08,2.087,2.089,2.064,2.067,2.086,35763083,73990836.165,1.835745,-0.9108,1,baostock,10,2026-09-07T14:38:11+00:00
159660,2026-01-09,2.06,2.074,2.045,2.07,2.067,45847869,94324632.943,2.353404,0.1451,1,baostock,10,2026-09-07T14:38:11+00:00
159660,2026-01-12,2.07,2.073,2.057,2.059,2.07,33940831,69987677.952,1.742207,-0.5314,1,baostock,10,2026-09-07T14:38:11+00:00
159660,2026-01-13,2.059,2.073,2.052,2.071,2.059,50578900,104284351.8,2.596251,0.5828,1,baostock,10,2026-09-07T14:38:11+00:00
159660,2026-01-14,2.065,2.066,2.054,2.057,2.071,29812900,61320968.9,1.530317,-0.676,1,baostock,10,2026-09-07T14:38:11+00:00
159660,2026-01-15,2.042,2.06,2.039,2.055,2.057,26256586,53724265.77,1.347769,-0.0972,1,baostock,10,2026-09-07T14:38:11+00:00
159660,2026-01-16,2.056,2.057,2.042,2.043,2.055,38014600,77779819.4,1.951317,-0.5839,1,baostock,10,2026-09-07T14:38:11+00:00
159660,2026-01-19,2.025,2.033,2.015,2.016,2.043,57888300,116995787.6,2.971448,-1.3216,1,baostock,10,2026-09-07T14:38:11+00:00
159660,2026-01-20,2.016,2.019,2.0,2.005,2.016,46043900,92409716.9,2.363466,-0.5456,1,baostock,10,2026-09-07T14:38:11+00:00
159660,2026-01-21,1.989,2.007,1.982,1.998,2.005,34802800,69454602.4,1.786453,-0.3491,1,baostock,10,2026-09-07T14:38:11+00:00
159660,2026-01-22,2.02,2.044,2.02,2.043,1.998,41417809,84280470.37,2.126006,2.2523,1,baostock,10,2026-09-07T14:38:11+00:00
159660,2026-01-23,2.049,2.051,2.035,2.038,2.043,24173000,49325648.9,1.240817,-0.2447,1,baostock,10,2026-09-07T14:38:11+00:00
159660,2026-01-26,2.032,2.032,2.013,2.016,2.038,25246800,50995532.2,1.295936,-1.0795,1,baostock,10,2026-09-07T14:38:11+00:00
159660,2026-01-27,2.029,2.04,2.025,2.039,2.016,40842000,83049652.0,2.096449,1.1409,1,baostock,10,2026-09-07T14:38:11+00:00
159660,2026-01-28,2.05,2.06,2.049,2.056,2.039,27232300,55949444.6,1.397853,0.8337,1,baostock,10,2026-09-07T14:38:11+00:00
159660,2026-01-29,2.05,2.05,2.034,2.037,2.056,35209400,71852529.2,1.807324,-0.9241,1,baostock,10,2026-09-07T14:38:11+00:00
159660,2026-01-30,2.019,2.03,2.014,2.024,2.037,28157821,56942485.288,1.445361,-0.6382,1,baostock,10,2026-09-07T14:38:11+00:00
159660,2026-02-02,2.0,2.011,1.967,1.968,2.024,43738200,87117818.7,2.245113,-2.7668,1,baostock,10,2026-09-07T14:38:11+00:00
159660,2026-02-03,2.006,2.022,2.001,2.013,1.968,45164800,90831920.6,2.318341,2.2866,1,baostock,10,2026-09-07T14:38:11+00:00
159660,2026-02-04,1.978,1.999,1.978,1.997,2.013,23445094,46608155.785,1.203453,-0.7948,1,baostock,10,2026-09-07T14:38:11+00:00
159660,2026-02-05,1.977,1.984,1.967,1.98,1.997,31777500,62717621.6,1.631162,-0.8513,1,baostock,10,2026-09-07T14:38:11+00:00
159660,2026-02-06,1.948,1.96,1.942,1.95,1.98,23218100,45238592.5,1.191802,-1.5152,1,baostock,10,2026-09-07T14:38:11+00:00
159660,2026-02-09,1.987,1.994,1.982,1.989,1.95,17598500,34985142.5,0.903344,2.0,1,baostock,10,2026-09-07T14:38:11+00:00
159660,2026-02-10,1.995,2.0,1.987,1.989,1.989,15548400,30976828.1,0.79811,0.0,1,baostock,10,2026-09-07T14:38:11+00:00
159660,2026-02-11,1.988,1.99,1.982,1.99,1.989,9876500,19606411.3,0.506968,0.0503,1,baostock,10,2026-09-07T14:38:11+00:00
159660,2026-02-12,1.988,1.998,1.983,1.986,1.99,12414500,24704348.9,0.637245,-0.201,1,baostock,10,2026-09-07T14:38:11+00:00
159660,2026-02-13,1.955,1.985,1.955,1.979,1.986,15678384,30860684.608,0.804783,-0.3525,1,baostock,10,2026-09-07T14:38:11+00:00
159660,2026-02-24,1.973,1.973,1.953,1.963,1.979,17197000,33715767.4,0.882734,-0.8085,1,baostock,10,2026-09-07T14:38:11+00:00
159660,2026-02-25,1.975,1.979,1.959,1.96,1.963,19549990,38441742.13,1.003515,-0.1528,1,baostock,10,2026-09-07T14:38:11+00:00
159660,2026-02-26,1.974,1.979,1.971,1.973,1.96,15628900,30857253.0,0.802243,0.6633,1,baostock,10,2026-09-07T14:38:11+00:00
159660,2026-02-27,1.959,1.959,1.951,1.956,1.973,25200500,49245673.9,1.29356,-0.8616,1,baostock,10,2026-09-07T14:38:11+00:00
159660,2026-03-02,1.938,1.946,1.932,1.932,1.956,26258100,50938722.2,1.347847,-1.227,1,baostock,10,2026-09-07T14:38:11+00:00
159660,2026-03-03,1.943,1.947,1.915,1.916,1.932,29580800,57073294.8,1.518404,-0.8282,1,baostock,10,2026-09-07T14:38:11+00:00
159660,2026-03-04,1.904,1.922,1.896,1.896,1.916,40238243,76732537.571,2.065458,-1.0438,1,baostock,10,2026-09-07T14:38:11+00:00
159660,2026-03-05,1.935,1.941,1.927,1.935,1.896,30216700,58442925.7,1.551045,2.057,1,baostock,10,2026-09-07T14:38:11+00:00
159660,2026-03-06,1.93,1.94,1.927,1.938,1.935,16033770,31002942.48,0.823025,0.155,1,baostock,10,2026-09-07T14:38:11+00:00
159660,2026-03-09,1.893,1.904,1.88,1.898,1.938,29134648,55032584.973,1.495502,-2.064,1,baostock,10,2026-09-07T14:38:11+00:00
159660,2026-03-10,1.927,1.935,1.925,1.929,1.898,29413824,56775017.244,1.509833,1.6333,1,baostock,10,2026-09-07T14:38:11+00:00
159660,2026-03-11,1.933,1.94,1.931,1.933,1.929,16547300,32033723.4,0.849385,0.2074,1,baostock,10,2026-09-07T14:38:11+00:00
159660,2026-03-12,1.926,1.928,1.92,1.923,1.933,17244997,33166253.424,0.885198,-0.5173,1,baostock,10,2026-09-07T14:38:11+00:00
159660,2026-03-13,1.91,1.912,1.904,1.906,1.923,20218551,38552667.106,1.037833,-0.884,1,baostock,10,2026-09-07T14:38:11+00:00
159660,2026-03-16,1.904,1.911,1.897,1.911,1.906,16844698,32043479.358,0.86465,0.2623,1,baostock,10,2026-09-07T14:38:11+00:00
159660,2026-03-17,1.915,1.92,1.9,1.902,1.911,16718800,31966173.3,0.858188,-0.471,1,baostock,10,2026-09-07T14:38:11+00:00
159660,2026-03-18,1.92,1.932,1.915,1.927,1.902,22669853,43623614.865,1.16366,1.3144,1,baostock,10,2026-09-07T14:38:11+00:00
159660,2026-03-19,1.896,1.906,1.892,1.894,1.927,20531200,39015079.9,1.053881,-1.7125,1,baostock,10,2026-09-07T14:38:11+00:00
159660,2026-03-20,1.9,1.903,1.88,1.88,1.894,17710100,33466482.6,0.908606,-0.7392,1,baostock,10,2026-09-07T14:38:11+00:00
159660,2026-03-23,1.838,1.859,1.803,1.815,1.88,56890375,103721937.575,2.917229,-3.4574,1,baostock,10,2026-09-07T14:38:11+00:00
159660,2026-03-24,1.837,1.86,1.825,1.853,1.815,71095900,130519660.6,3.643792,2.0937,1,baostock,10,2026-09-07T14:38:11+00:00
159660,2026-03-25,1.864,1.878,1.854,1.867,1.853,67224800,125235526.6,3.443626,0.7555,1,baostock,10,2026-09-07T14:38:11+00:00
159660,2026-03-26,1.864,1.871,1.847,1.85,1.867,33412800,62094011.6,1.710712,-0.9106,1,baostock,10,2026-09-07T14:38:11+00:00
159660,2026-03-27,1.82,1.842,1.818,1.839,1.85,41342000,75683303.4,2.115599,-0.5946,1,baostock,10,2026-09-07T14:38:11+00:00
159660,2026-03-30,1.8,1.811,1.792,1.811,1.839,45650200,82202381.2,2.334868,-1.5226,1,baostock,10,2026-09-07T14:38:11+00:00
159660,2026-03-31,1.804,1.81,1.792,1.795,1.811,120577600,217159867.7,6.164022,-0.8835,1,baostock,10,2026-09-07T14:38:11+00:00
159660,2026-04-01,1.845,1.877,1.841,1.876,1.795,89724642,166175760.394,4.472476,4.5125,1,baostock,10,2026-09-07T14:38:11+00:00
159660,2026-04-02,1.873,1.873,1.841,1.846,1.876,92601700,171279175.9,4.570325,-1.5991,1,baostock,10,2026-09-07T14:38:11+00:00
159660,2026-04-03,1.86,1.866,1.852,1.852,1.846,52387708,97270632.424,2.560305,0.325,1,baostock,10,2026-09-07T14:38:11+00:00
159660,2026-04-07,1.855,1.863,1.852,1.859,1.852,77632616,144241106.744,3.79408,0.378,1,baostock,10,2026-09-07T14:38:11+00:00
159660,2026-04-08,1.93,1.957,1.915,1.953,1.859,109175890,211481160.442,5.284022,5.0565,1,baostock,10,2026-09-07T14:38:11+00:00
159660,2026-04-09,1.923,1.943,1.916,1.936,1.953,90198441,174479137.761,4.344502,-0.8705,1,baostock,10,2026-09-07T14:38:11+00:00
159660,2026-04-10,1.95,1.961,1.942,1.944,1.936,41022702,80143807.702,1.96643,0.4132,1,baostock,10,2026-09-07T14:38:11+00:00
159660,2026-04-13,1.934,1.952,1.915,1.94,1.944,68219953,132314724.878,3.257642,-0.2058,1,baostock,10,2026-09-07T14:38:11+00:00
159660,2026-04-14,1.976,1.976,1.966,1.971,1.94,35330198,69593594.066,1.680669,1.5979,1,baostock,10,2026-09-07T14:38:11+00:00
159660,2026-04-15,2.002,2.016,1.998,2.002,1.971,43056769,86331697.67,2.046277,1.5728,1,baostock,10,2026-09-07T14:38:11+00:00
159660,2026-04-16,2.031,2.059,2.031,2.054,2.002,57734037,118143539.088,2.74121,2.5974,1,baostock,10,2026-09-07T14:38:11+00:00
159660,2026-04-17,2.057,2.059,2.037,2.054,2.054,55404774,113474676.954,2.629368,0.0,1,baostock,10,2026-09-07T14:38:11+00:00
159660,2026-04-20,2.062,2.076,2.054,2.065,2.054,50044533,103271844.41,2.373859,0.5355,1,baostock,10,2026-09-07T14:38:11+00:00
159660,2026-04-21,2.068,2.078,2.062,2.073,2.065,36821300,76294710.8,1.746616,0.3874,1,baostock,10,2026-09-07T14:38:11+00:00
159660,2026-04-22,2.073,2.08,2.067,2.08,2.073,20813966,43145052.73,0.987309,0.3377,1,baostock,10,2026-09-07T14:38:11+00:00
159660,2026-04-23,2.095,2.105,2.088,2.096,2.08,52200046,109425219.992,2.476105,0.7692,1,baostock,10,2026-09-07T14:38:11+00:00
159660,2026-04-24,2.095,2.105,2.091,2.091,2.096,26284980,55079484.56,1.246826,-0.2385,1,baostock,10,2026-09-07T14:38:11+00:00
159660,2026-04-27,2.116,2.13,2.116,2.125,2.091,28387822,60273953.79,1.346574,1.626,1,baostock,10,2026-09-07T14:38:11+00:00
159660,2026-04-28,2.126,2.129,2.108,2.109,2.125,36400766,77137831.346,1.726668,-0.7529,1,baostock,10,2026-09-07T14:38:11+00:00
159660,2026-04-29,2.099,2.107,2.097,2.103,2.109,27645010,58133610.82,1.311339,-0.2845,1,baostock,10,2026-09-07T14:38:11+00:00
159660,2026-04-30,2.118,2.127,2.1,2.105,2.103,36890500,77985737.1,1.749898,0.0951,1,baostock,10,2026-09-07T14:38:11+00:00
159660,2026-05-06,2.16,2.177,2.159,2.171,2.105,62259520,134961097.2,2.953276,3.1354,1,baostock,10,2026-09-07T14:38:11+00:00
159660,2026-05-07,2.2,2.209,2.19,2.209,2.171,75636330,166633546.77,3.587804,1.7503,1,baostock,10,2026-09-07T14:38:11+00:00
159660,2026-05-08,2.201,2.214,2.196,2.211,2.209,70667600,155711689.3,3.352112,0.0905,1,baostock,10,2026-09-07T14:38:11+00:00
159660,2026-05-11,2.25,2.272,2.246,2.27,2.211,91465456,206631374.792,4.338657,2.6685,1,baostock,10,2026-09-07T14:38:11+00:00
159660,2026-05-12,2.266,2.266,2.24,2.242,2.27,62335600,140340549.5,2.956884,-1.2335,1,baostock,10,2026-09-07T14:38:11+00:00
159660,2026-05-13,2.232,2.262,2.23,2.257,2.242,70899220,159246079.66,3.363099,0.669,1,baostock,10,2026-09-07T14:38:11+00:00
159660,2026-05-14,2.283,2.288,2.262,2.268,2.257,47346075,107564666.725,2.245857,0.4874,1,baostock,10,2026-09-07T14:38:11+00:00
159660,2026-05-15,2.271,2.275,2.24,2.25,2.268,104539331,236378910.004,4.949424,-0.7937,1,baostock,10,2026-09-07T14:38:11+00:00
159660,2026-05-18,2.218,2.228,2.201,2.204,2.25,93790500,207682589.6,4.434222,-2.0444,1,baostock,10,2026-09-07T14:38:11+00:00
159660,2026-05-19,2.202,2.204,2.182,2.198,2.204,67964100,148940161.7,3.213203,-0.2722,1,baostock,10,2026-09-07T14:38:11+00:00
159660,2026-05-20,2.191,2.21,2.176,2.209,2.198,75908704,166166482.224,3.588807,0.5005,1,baostock,10,2026-09-07T14:38:11+00:00
159660,2026-05-21,2.236,2.251,2.224,2.231,2.209,131807500,295095324.1,6.231587,0.9959,1,baostock,10,2026-09-07T14:38:11+00:00
159660,2026-05-22,2.249,2.266,2.247,2.266,2.231,111825500,252431867.1,5.286879,1.5688,1,baostock,10,2026-09-07T14:38:11+00:00
159660,2026-05-25,2.32,2.357,2.301,2.356,2.266,172506800,401170758.462,8.155766,3.9718,1,baostock,10,2026-09-07T14:38:11+00:00
159660,2026-05-26,2.35,2.368,2.322,2.327,2.356,82617766,193567826.116,3.905998,-1.2309,1,baostock,10,2026-09-07T14:38:11+00:00
159660,2026-05-27,2.357,2.38,2.357,2.378,2.327,77517739,183797475.787,3.664879,2.1917,1,baostock,10,2026-09-07T14:38:11+00:00
159660,2026-05-28,2.374,2.374,2.319,2.356,2.378,122279600,287512212.3,5.781128,-0.9251,1,baostock,10,2026-09-07T14:38:11+00:00
159660,2026-05-29,2.383,2.425,2.375,2.421,2.356,73458591,176416173.035,3.472971,2.7589,1,baostock,10,2026-09-07T14:38:11+00:00
159660,2026-06-01,2.444,2.519,2.444,2.519,2.421,123771036,307132100.065,5.85164,4.0479,1,baostock,10,2026-09-07T14:38:11+00:00
159660,2026-06-02,2.519,2.519,2.424,2.49,2.519,127088179,315678269.144,6.008467,-1.1513,1,baostock,10,2026-09-07T14:38:11+00:00
159660,2026-06-03,2.516,2.516,2.436,2.455,2.49,111328700,275807616.4,5.263392,-1.4056,1,baostock,10,2026-09-07T14:38:11+00:00
159660,2026-06-04,2.406,2.436,2.394,2.403,2.455,90593395,218162171.9,4.283069,-2.1181,1,baostock,10,2026-09-07T14:38:11+00:00
159660,2026-06-05,2.365,2.404,2.36,2.363,2.403,88576860,210782146.135,4.187732,-1.6646,1,baostock,10,2026-09-07T14:38:11+00:00
159660,2026-06-08,2.256,2.314,2.256,2.277,2.363,90075086,205961664.702,4.258565,-3.6394,1,baostock,10,2026-09-07T14:38:11+00:00
159660,2026-06-09,2.312,2.363,2.306,2.351,2.277,104355013,244013908.513,4.93369,3.2499,1,baostock,10,2026-09-07T14:38:11+00:00
159660,2026-06-10,2.313,2.314,2.284,2.299,2.351,71094600,163432691.1,3.361206,-2.2118,1,baostock,10,2026-09-07T14:38:11+00:00
159660,2026-06-11,2.277,2.285,2.253,2.275,2.299,82399518,186606667.393,3.895679,-1.0439,1,baostock,10,2026-09-07T14:38:11+00:00
159660,2026-06-12,2.363,2.363,2.308,2.309,2.275,77125598,180704062.255,3.646339,1.4945,1,baostock,10,2026-09-07T14:38:11+00:00
159660,2026-06-15,2.38,2.413,2.355,2.41,2.309,110027900,263312507.294,5.201892,4.3742,1,baostock,10,2026-09-07T14:38:11+00:00
159660,2026-06-16,2.445,2.457,2.429,2.443,2.41,134817091,329755161.088,6.373874,1.3693,1,baostock,10,2026-09-07T14:38:11+00:00
159660,2026-06-17,2.411,2.447,2.405,2.446,2.443,76197437,184704894.929,3.602458,0.1228,1,baostock,10,2026-09-07T14:38:11+00:00
159660,2026-06-18,2.438,2.44,2.41,2.43,2.446,77771300,188584150.1,3.676867,-0.6541,1,baostock,10,2026-09-07T14:38:11+00:00
159660,2026-06-22,2.431,2.448,2.41,2.435,2.43,72475062,175777542.69,3.426472,0.2058,1,baostock,10,2026-09-07T14:38:11+00:00
159660,2026-06-23,2.419,2.419,2.353,2.36,2.435,90670741,216315918.385,4.266554,-3.0801,1,baostock,10,2026-09-07T14:38:11+00:00
159660,2026-06-24,2.342,2.371,2.332,2.367,2.36,111148400,261925108.3,5.205645,0.2966,1,baostock,10,2026-09-07T14:38:11+00:00
159660,2026-06-25,2.39,2.395,2.365,2.392,2.367,103319223,245942508.042,4.816407,1.0562,1,baostock,10,2026-09-07T14:38:11+00:00
159660,2026-06-26,2.321,2.342,2.306,2.328,2.392,68403800,158928564.1,3.173967,-2.6756,1,baostock,10,2026-09-07T14:38:11+00:00
159660,2026-06-29,2.327,2.342,2.311,2.338,2.328,76262944,177719915.604,3.522292,0.4296,1,baostock,10,2026-09-07T14:38:11+00:00
159660,2026-06-30,2.37,2.381,2.351,2.379,2.338,90120216,213763706.374,4.14317,1.7536,1,baostock,10,2026-09-07T14:38:11+00:00
159660,2026-07-01,2.405,2.409,2.377,2.386,2.379,66793500,159964320.0,3.056699,0.2942,1,baostock,10,2026-09-07T14:38:11+00:00
159660,2026-07-02,2.368,2.368,2.322,2.326,2.386,55901895,131278806.337,2.547768,-2.5147,1,baostock,10,2026-09-07T14:38:11+00:00
159660,2026-07-03,2.312,2.344,2.307,2.337,2.326,48488700,113033313.3,2.200879,0.4729,1,baostock,10,2026-09-07T14:38:11+00:00
159660,2026-07-06,2.335,2.341,2.313,2.336,2.337,48910131,113788916.877,2.220008,-0.0428,1,baostock,10,2026-09-07T14:38:11+00:00
159660,2026-07-07,2.334,2.334,2.313,2.328,2.336,69527872,161598248.576,3.142998,-0.3425,1,baostock,10,2026-09-07T14:38:11+00:00
159660,2026-07-08,2.313,2.318,2.29,2.291,2.328,64385712,148246159.948,2.898754,-1.5893,1,baostock,10,2026-09-07T14:38:11+00:00
159660,2026-07-09,2.306,2.328,2.295,2.323,2.291,56765312,131138925.028,2.545357,1.3968,1,baostock,10,2026-09-07T14:38:11+00:00
159660,2026-07-10,2.337,2.345,2.323,2.325,2.323,36756500,85819136.6,1.648162,0.0861,1,baostock,10,2026-09-07T14:38:11+00:00
159660,2026-07-13,2.293,2.332,2.293,2.308,2.325,43757600,101468625.0,1.962091,-0.7312,1,baostock,10,2026-09-07T14:38:11+00:00
159660,2026-07-14,2.298,2.312,2.279,2.312,2.308,66221800,152226932.8,2.962743,0.1733,1,baostock,10,2026-09-07T14:38:11+00:00
159660,2026-07-15,2.329,2.344,2.324,2.339,2.312,40423190,94355633.68,1.804485,1.1678,1,baostock,10,2026-09-07T14:38:11+00:00
159660,2026-07-16,2.312,2.33,2.31,2.314,2.339,46678700,108253611.2,2.079089,-1.0688,1,baostock,10,2026-09-07T14:38:11+00:00
159660,2026-07-17,2.277,2.277,2.239,2.24,2.314,64778200,146104345.8,2.883964,-3.1979,1,baostock,10,2026-09-07T14:38:11+00:00
159660,2026-07-20,2.24,2.257,2.239,2.245,2.24,39515400,88873318.3,1.759249,0.2232,1,baostock,10,2026-09-07T14:38:11+00:00
159660,2026-07-21,2.252,2.286,2.251,2.284,2.245,50598136,114954086.9,2.252659,1.7372,1,baostock,10,2026-09-07T14:38:11+00:00
159660,2026-07-22,2.286,2.299,2.276,2.276,2.284,50228318,115027835.284,2.2352,-0.3503,1,baostock,10,2026-09-07T14:38:11+00:00
159660,2026-07-23,2.286,2.29,2.272,2.28,2.276,27065200,61722610.0,1.203887,0.1757,1,baostock,10,2026-09-07T14:38:11+00:00
159660,2026-07-24,2.246,2.25,2.238,2.246,2.28,44781564,100576552.026,1.991043,-1.4912,1,baostock,10,2026-09-07T14:38:11+00:00
159660,2026-07-27,2.245,2.266,2.242,2.264,2.246,48943400,110485237.8,2.175116,0.8014,1,baostock,10,2026-09-07T14:38:11+00:00
159660,2026-07-28,2.219,2.22,2.2,2.2,2.264,42127074,93060688.084,1.872188,-2.8269,1,baostock,10,2026-09-07T14:38:11+00:00
159660,2026-07-29,2.206,2.211,2.19,2.209,2.2,36483728,80242384.078,1.62139,0.4091,1,baostock,10,2026-09-07T14:38:11+00:00
159660,2026-07-30,2.186,2.193,2.166,2.171,2.209,41589500,90499739.346,1.848298,-1.7202,1,baostock,10,2026-09-07T14:38:11+00:00
159660,2026-07-31,2.251,2.264,2.245,2.253,2.171,65861800,148482268.4,2.926994,3.7771,1,baostock,10,2026-09-07T14:38:11+00:00
159660,2026-08-03,2.258,2.273,2.256,2.267,2.253,33780161,76524381.304,1.501239,0.6214,1,baostock,10,2026-09-07T14:38:11+00:00
159660,2026-08-04,2.306,2.333,2.3,2.332,2.267,73918700,171591123.5,3.285055,2.8672,1,baostock,10,2026-09-07T14:38:11+00:00
159660,2026-08-05,2.41,2.422,2.397,2.417,2.332,100412677,242210509.06,4.462485,3.6449,1,baostock,10,2026-09-07T14:38:11+00:00
159660,2026-08-06,2.38,2.39,2.367,2.382,2.417,56171884,133650222.266,2.49636,-1.4481,1,baostock,10,2026-09-07T14:38:11+00:00
159660,2026-08-07,2.38,2.393,2.373,2.393,2.382,49062400,116867475.0,2.180404,0.4618,1,baostock,10,2026-09-07T14:38:11+00:00
159660,2026-08-10,2.414,2.426,2.387,2.402,2.393,53923629,129645166.774,2.396445,0.3761,1,baostock,10,2026-09-07T14:38:11+00:00
159660,2026-08-11,2.398,2.398,2.366,2.368,2.402,44184700,105152606.031,1.963632,-1.4155,1,baostock,10,2026-09-07T14:38:11+00:00
159660,2026-08-12,2.346,2.381,2.346,2.378,2.368,41817113,98980858.014,1.858413,0.4223,1,baostock,10,2026-09-07T14:38:11+00:00
159660,2026-08-13,2.38,2.397,2.379,2.381,2.378,39898533,95234870.606,1.773149,0.1262,1,baostock,10,2026-09-07T14:38:11+00:00
159660,2026-08-14,2.404,2.421,2.403,2.421,2.381,57479841,138741441.259,2.554488,1.68,1,baostock,10,2026-09-07T14:38:11+00:00
159660,2026-08-17,2.422,2.437,2.417,2.434,2.421,51503533,124982782.726,2.288892,0.537,1,baostock,10,2026-09-07T14:38:11+00:00
159660,2026-08-18,2.419,2.419,2.39,2.396,2.434,36852892,88546216.124,1.637796,-1.5612,1,baostock,10,2026-09-07T14:38:11+00:00
159660,2026-08-19,2.367,2.367,2.34,2.347,2.396,48904082,114905480.19,2.173369,-2.0451,1,baostock,10,2026-09-07T14:38:11+00:00
159660,2026-08-20,2.365,2.374,2.362,2.37,2.347,39293900,93028534.5,1.745502,0.98,1,baostock,10,2026-09-07T14:38:11+00:00
159660,2026-08-21,2.34,2.356,2.335,2.354,2.37,39726560,93128056.036,1.763938,-0.6751,1,baostock,10,2026-09-07T14:38:11+00:00
159660,2026-08-24,2.356,2.357,2.324,2.325,2.354,36953200,86361679.7,1.640067,-1.2319,1,baostock,10,2026-09-07T14:38:11+00:00
159660,2026-08-25,2.317,2.356,2.312,2.351,2.325,43145126,100759227.89,1.913181,1.1183,1,baostock,10,2026-09-07T14:38:11+00:00
159660,2026-08-26,2.34,2.363,2.335,2.355,2.351,36528660,85892804.422,1.618352,0.1701,1,baostock,10,2026-09-07T14:38:11+00:00
159660,2026-08-27,2.375,2.385,2.374,2.384,2.355,64098850,152542342.5,2.837298,1.2314,1,baostock,10,2026-09-07T14:38:11+00:00
159660,2026-08-28,2.401,2.402,2.378,2.38,2.384,36206100,86441206.9,1.601224,-0.1678,1,baostock,10,2026-09-07T14:38:11+00:00
159660,2026-08-31,2.346,2.371,2.34,2.368,2.38,61789500,145634053.45,2.730242,-0.5042,1,baostock,10,2026-09-07T14:38:11+00:00
159660,2026-09-01,2.368,2.379,2.358,2.368,2.368,54212750,128361676.6,2.393339,0.0,1,baostock,10,2026-09-07T14:38:11+00:00
159660,2026-09-02,2.337,2.342,2.326,2.328,2.368,52418700,122378001.1,2.312095,-1.6892,1,baostock,10,2026-09-07T14:38:11+00:00
159660,2026-09-03,2.339,2.343,2.329,2.332,2.328,37108636,86716776.957,1.633913,0.1718,1,baostock,10,2026-09-07T14:38:11+00:00
159660,2026-09-04,2.364,2.375,2.363,2.373,2.332,60790300,144031771.8,2.664895,1.7581,1,baostock,10,2026-09-07T14:38:11+00:00
159660,2026-09-07,2.374,2.387,2.374,2.385,2.373,45767000,109023879.5,1.997555,0.5057,1,baostock,10,2026-09-07T14:38:11+00:00
159696,2026-01-05,1.737,1.757,1.736,1.756,1.735,32470400,56765736.2,1.347977,1.2104,1,baostock,10,2026-09-07T14:38:42+00:00
159696,2026-01-06,1.756,1.757,1.745,1.756,1.756,32983600,57823597.4,1.368714,0.0,1,baostock,10,2026-09-07T14:38:42+00:00
159696,2026-01-07,1.767,1.767,1.756,1.757,1.756,18784600,33028041.6,0.779178,0.0569,1,baostock,10,2026-09-07T14:38:42+00:00
159696,2026-01-08,1.756,1.756,1.747,1.748,1.757,19268600,33712130.7,0.798922,-0.5122,1,baostock,10,2026-09-07T14:38:42+00:00
159696,2026-01-09,1.747,1.748,1.736,1.746,1.748,26199600,45643568.615,1.085848,-0.1144,1,baostock,10,2026-09-07T14:38:42+00:00
159696,2026-01-12,1.742,1.745,1.737,1.742,1.746,27862100,48509508.3,1.154272,-0.2291,1,baostock,10,2026-09-07T14:38:42+00:00
159696,2026-01-13,1.742,1.758,1.737,1.757,1.742,31697700,55263574.4,1.31263,0.8611,1,baostock,10,2026-09-07T14:38:42+00:00
159696,2026-01-14,1.753,1.753,1.741,1.743,1.757,25332100,44167115.6,1.04859,-0.7968,1,baostock,10,2026-09-07T14:38:42+00:00
159696,2026-01-15,1.727,1.753,1.727,1.746,1.743,20773408,36080795.46,0.859533,0.1721,1,baostock,10,2026-09-07T14:38:42+00:00
159696,2026-01-16,1.746,1.747,1.738,1.742,1.746,20249400,35265957.1,0.837505,-0.2291,1,baostock,10,2026-09-07T14:38:42+00:00
159696,2026-01-19,1.725,1.735,1.719,1.726,1.742,26257800,45323111.2,1.085561,-0.9185,1,baostock,10,2026-09-07T14:38:42+00:00
159696,2026-01-20,1.725,1.727,1.717,1.719,1.726,18941800,32609268.6,0.7831,-0.4056,1,baostock,10,2026-09-07T14:38:42+00:00
159696,2026-01-21,1.71,1.719,1.695,1.714,1.719,31844492,54453538.244,1.315984,-0.2909,1,baostock,10,2026-09-07T14:38:42+00:00
159696,2026-01-22,1.727,1.746,1.727,1.738,1.714,28351500,49246966.0,1.171151,1.4002,1,baostock,10,2026-09-07T14:38:42+00:00
159696,2026-01-23,1.741,1.745,1.733,1.734,1.738,17052800,29608400.2,0.70413,-0.2301,1,baostock,10,2026-09-07T14:38:42+00:00
159696,2026-01-26,1.728,1.733,1.719,1.719,1.734,16765800,28862564.4,0.691994,-0.8651,1,baostock,10,2026-09-07T14:38:42+00:00
159696,2026-01-27,1.73,1.737,1.726,1.734,1.719,16564670,28706057.55,0.683411,0.8726,1,baostock,10,2026-09-07T14:38:42+00:00
159696,2026-01-28,1.746,1.751,1.745,1.75,1.734,25092446,43862205.108,1.034815,0.9227,1,baostock,10,2026-09-07T14:38:42+00:00
159696,2026-01-29,1.743,1.754,1.737,1.743,1.75,19779916,34465534.224,0.81539,-0.4,1,baostock,10,2026-09-07T14:38:42+00:00
159696,2026-01-30,1.73,1.734,1.725,1.728,1.743,25154200,43505297.8,1.036507,-0.8606,1,baostock,10,2026-09-07T14:38:42+00:00
159696,2026-02-02,1.717,1.723,1.692,1.693,1.728,30622300,52223934.1,1.261306,-2.0255,1,baostock,10,2026-09-07T14:38:42+00:00
159696,2026-02-03,1.722,1.728,1.713,1.723,1.693,20142116,34677011.62,0.829295,1.772,1,baostock,10,2026-09-07T14:38:42+00:00
159696,2026-02-04,1.702,1.714,1.698,1.714,1.723,15658232,26698509.808,0.644418,-0.5223,1,baostock,10,2026-09-07T14:38:42+00:00
159696,2026-02-05,1.694,1.703,1.69,1.702,1.714,19112800,32391131.0,0.786268,-0.7001,1,baostock,10,2026-09-07T14:38:42+00:00
159696,2026-02-06,1.681,1.681,1.662,1.67,1.702,30257600,50578864.1,1.244235,-1.8801,1,baostock,10,2026-09-07T14:38:42+00:00
159696,2026-02-09,1.7,1.704,1.666,1.697,1.67,22798000,38667397.8,0.9371,1.6168,1,baostock,10,2026-09-07T14:38:42+00:00
159696,2026-02-10,1.702,1.703,1.697,1.698,1.697,18298309,31106737.982,0.751834,0.0589,1,baostock,10,2026-09-07T14:38:42+00:00
159696,2026-02-11,1.7,1.7,1.691,1.695,1.698,9239700,15649001.6,0.379481,-0.1767,1,baostock,10,2026-09-07T14:38:42+00:00
159696,2026-02-12,1.695,1.698,1.689,1.695,1.695,14321000,24249433.4,0.587932,0.0,1,baostock,10,2026-09-07T14:38:42+00:00
159696,2026-02-13,1.672,1.689,1.671,1.688,1.695,17014827,28581624.322,0.698238,-0.413,1,baostock,10,2026-09-07T14:38:42+00:00
159696,2026-02-24,1.689,1.689,1.663,1.677,1.688,22098100,36955365.2,0.906468,-0.6517,1,baostock,10,2026-09-07T14:38:42+00:00
159696,2026-02-25,1.687,1.69,1.67,1.677,1.677,18256772,30647137.388,0.748589,0.0,1,baostock,10,2026-09-07T14:38:42+00:00
159696,2026-02-26,1.686,1.688,1.682,1.683,1.677,25668946,43255953.318,1.052082,0.3578,1,baostock,10,2026-09-07T14:38:42+00:00
159696,2026-02-27,1.672,1.674,1.665,1.674,1.683,22559700,37621516.824,0.924266,-0.5348,1,baostock,10,2026-09-07T14:38:42+00:00
159696,2026-03-02,1.675,1.675,1.652,1.653,1.674,25096000,41693384.5,1.027756,-1.2545,1,baostock,10,2026-09-07T14:38:42+00:00
159696,2026-03-03,1.66,1.66,1.638,1.639,1.653,22916800,37825339.9,0.938127,-0.8469,1,baostock,10,2026-09-07T14:38:42+00:00
159696,2026-03-04,1.63,1.643,1.621,1.624,1.639,30834803,50291755.411,1.261744,-0.9152,1,baostock,10,2026-09-07T14:38:42+00:00
159696,2026-03-05,1.65,1.66,1.639,1.654,1.624,33327800,55089832.6,1.363198,1.8473,1,baostock,10,2026-09-07T14:38:42+00:00
159696,2026-03-06,1.647,1.66,1.647,1.655,1.654,18035130,29801135.91,0.737385,0.0605,1,baostock,10,2026-09-07T14:38:42+00:00
159696,2026-03-09,1.61,1.621,1.602,1.614,1.655,47696300,76932536.495,1.949315,-2.4773,1,baostock,10,2026-09-07T14:38:42+00:00
159696,2026-03-10,1.644,1.649,1.64,1.645,1.614,20823539,34254164.247,0.850696,1.9207,1,baostock,10,2026-09-07T14:38:42+00:00
159696,2026-03-11,1.648,1.654,1.647,1.648,1.645,15158800,25016946.1,0.619024,0.1824,1,baostock,10,2026-09-07T14:38:42+00:00
159696,2026-03-12,1.64,1.646,1.634,1.644,1.648,19957478,32720275.23,0.814649,-0.2427,1,baostock,10,2026-09-07T14:38:42+00:00
159696,2026-03-13,1.623,1.64,1.62,1.626,1.644,27239279,44343095.991,1.111433,-1.0949,1,baostock,10,2026-09-07T14:38:42+00:00
159696,2026-03-16,1.626,1.631,1.616,1.631,1.626,18021675,29228052.4,0.735031,0.3075,1,baostock,10,2026-09-07T14:38:42+00:00
159696,2026-03-17,1.638,1.638,1.62,1.62,1.631,15078600,24599929.0,0.614744,-0.6744,1,baostock,10,2026-09-07T14:38:42+00:00
159696,2026-03-18,1.634,1.65,1.633,1.648,1.62,25307800,41537365.6,1.031362,1.7284,1,baostock,10,2026-09-07T14:38:42+00:00
159696,2026-03-19,1.634,1.634,1.618,1.62,1.648,19176600,31143051.2,0.78118,-1.699,1,baostock,10,2026-09-07T14:38:42+00:00
159696,2026-03-20,1.62,1.626,1.604,1.605,1.62,20596800,33252653.1,0.838692,-0.9259,1,baostock,10,2026-09-07T14:38:42+00:00
159696,2026-03-23,1.574,1.6,1.54,1.546,1.605,55965691,87309237.896,2.277969,-3.676,1,baostock,10,2026-09-07T14:38:42+00:00
159696,2026-03-24,1.57,1.579,1.558,1.574,1.546,29026700,45465527.7,1.180992,1.8111,1,baostock,10,2026-09-07T14:38:42+00:00
159696,2026-03-25,1.618,1.618,1.581,1.594,1.574,30570300,48679026.8,1.243289,1.2706,1,baostock,10,2026-09-07T14:38:42+00:00
159696,2026-03-26,1.595,1.597,1.58,1.58,1.594,13243200,21049126.3,0.53838,-0.8783,1,baostock,10,2026-09-07T14:38:42+00:00
159696,2026-03-27,1.554,1.577,1.552,1.574,1.58,25139491,39354820.606,1.021588,-0.3797,1,baostock,10,2026-09-07T14:38:42+00:00
159696,2026-03-30,1.535,1.55,1.533,1.55,1.574,42693340,65768967.06,1.734216,-1.5248,1,baostock,10,2026-09-07T14:38:42+00:00
159696,2026-03-31,1.545,1.555,1.539,1.544,1.55,21149270,32670693.3,0.858741,-0.3871,1,baostock,10,2026-09-07T14:38:42+00:00
159696,2026-04-01,1.588,1.607,1.581,1.606,1.544,33119378,52669426.671,1.344227,4.0155,1,baostock,10,2026-09-07T14:38:42+00:00
159696,2026-04-02,1.605,1.605,1.55,1.58,1.606,29526300,46737865.5,1.197907,-1.6189,1,baostock,10,2026-09-07T14:38:42+00:00
159696,2026-04-03,1.591,1.596,1.584,1.585,1.58,10697650,16985248.825,0.433837,0.3165,1,baostock,10,2026-09-07T14:38:42+00:00
159696,2026-04-07,1.589,1.595,1.586,1.59,1.585,13187675,20970017.375,0.534818,0.3155,1,baostock,10,2026-09-07T14:38:42+00:00
159696,2026-04-08,1.64,1.665,1.64,1.665,1.59,48760874,80693065.679,1.976666,4.717,1,baostock,10,2026-09-07T14:38:42+00:00
159696,2026-04-09,1.65,1.664,1.638,1.654,1.665,25551539,42214164.871,1.035387,-0.6607,1,baostock,10,2026-09-07T14:38:42+00:00
159696,2026-04-10,1.669,1.678,1.659,1.66,1.654,20529934,34277164.374,0.831567,0.3628,1,baostock,10,2026-09-07T14:38:42+00:00
159696,2026-04-13,1.66,1.661,1.648,1.66,1.66,16893600,27935572.6,0.684,0.0,1,baostock,10,2026-09-07T14:38:42+00:00
159696,2026-04-14,1.684,1.691,1.681,1.686,1.66,21086940,35528071.52,0.853438,1.5663,1,baostock,10,2026-09-07T14:38:42+00:00
159696,2026-04-15,1.71,1.722,1.707,1.712,1.686,27744340,47591549.92,1.122424,1.5421,1,baostock,10,2026-09-07T14:38:42+00:00
159696,2026-04-16,1.738,1.752,1.737,1.749,1.712,34877847,60834382.41,1.410446,2.1612,1,baostock,10,2026-09-07T14:38:42+00:00
159696,2026-04-17,1.754,1.755,1.737,1.742,1.749,19054265,33191235.936,0.770235,-0.4002,1,baostock,10,2026-09-07T14:38:42+00:00
159696,2026-04-20,1.751,1.756,1.739,1.742,1.742,26822200,46844609.1,1.083802,0.0,1,baostock,10,2026-09-07T14:38:42+00:00
159696,2026-04-21,1.745,1.749,1.738,1.745,1.742,21353030,37219058.985,0.862462,0.1722,1,baostock,10,2026-09-07T14:38:42+00:00
159696,2026-04-22,1.742,1.748,1.74,1.748,1.745,15323490,26729062.854,0.618675,0.1719,1,baostock,10,2026-09-07T14:38:42+00:00
159696,2026-04-23,1.768,1.768,1.75,1.756,1.748,32635873,57320272.805,1.317118,0.4577,1,baostock,10,2026-09-07T14:38:42+00:00
159696,2026-04-24,1.755,1.76,1.754,1.756,1.756,21729800,38165970.5,0.876617,0.0,1,baostock,10,2026-09-07T14:38:42+00:00
159696,2026-04-27,1.777,1.789,1.776,1.788,1.756,36959500,65941512.8,1.490408,1.8223,1,baostock,10,2026-09-07T14:38:42+00:00
159696,2026-04-28,1.79,1.794,1.786,1.79,1.788,28762000,51494288.4,1.159373,0.1119,1,baostock,10,2026-09-07T14:38:42+00:00
159696,2026-04-29,1.78,1.789,1.777,1.788,1.79,26655180,47554481.542,1.074016,-0.1117,1,baostock,10,2026-09-07T14:38:42+00:00
159696,2026-04-30,1.8,1.806,1.782,1.791,1.788,43690608,78351791.5,1.759714,0.1678,1,baostock,10,2026-09-07T14:38:42+00:00
159696,2026-05-06,1.84,1.85,1.838,1.849,1.791,45920704,84699638.452,1.848791,3.2384,1,baostock,10,2026-09-07T14:38:42+00:00
159696,2026-05-07,1.88,1.888,1.874,1.883,1.849,54114586,101714351.58,2.177804,1.8388,1,baostock,10,2026-09-07T14:38:42+00:00
159696,2026-05-08,1.881,1.889,1.875,1.888,1.883,35551686,66822914.182,1.430177,0.2655,1,baostock,10,2026-09-07T14:38:42+00:00
159696,2026-05-11,1.919,1.945,1.919,1.94,1.888,65057700,125829573.8,2.616096,2.7542,1,baostock,10,2026-09-07T14:38:42+00:00
159696,2026-05-12,1.941,1.941,1.92,1.921,1.94,39381803,75894652.087,1.582982,-0.9794,1,baostock,10,2026-09-07T14:38:42+00:00
159696,2026-05-13,1.91,1.937,1.91,1.937,1.921,43357437,83375875.684,1.742085,0.8329,1,baostock,10,2026-09-07T14:38:42+00:00
159696,2026-05-14,1.965,1.965,1.937,1.946,1.937,50471752,98261112.318,2.027121,0.4646,1,baostock,10,2026-09-07T14:38:42+00:00
159696,2026-05-15,1.948,1.954,1.919,1.93,1.946,74993719,145225316.955,3.0108,-0.8222,1,baostock,10,2026-09-07T14:38:42+00:00
159696,2026-05-18,1.9,1.912,1.89,1.894,1.93,68929072,130986116.624,2.766209,-1.8653,1,baostock,10,2026-09-07T14:38:42+00:00
159696,2026-05-19,1.89,1.894,1.876,1.891,1.894,43940871,82829693.508,1.762694,-0.1584,1,baostock,10,2026-09-07T14:38:42+00:00
159696,2026-05-20,1.888,1.898,1.872,1.898,1.891,53599608,100843079.636,2.149294,0.3702,1,baostock,10,2026-09-07T14:38:42+00:00
159696,2026-05-21,1.922,1.931,1.914,1.916,1.898,93625039,179933227.651,3.752771,0.9484,1,baostock,10,2026-09-07T14:38:42+00:00
159696,2026-05-22,1.936,1.942,1.926,1.942,1.916,62523533,120993975.608,2.505126,1.357,1,baostock,10,2026-09-07T14:38:42+00:00
159696,2026-05-25,2.0,2.021,1.98,2.02,1.942,93409800,186763356.94,3.741145,4.0165,1,baostock,10,2026-09-07T14:38:42+00:00
159696,2026-05-26,2.019,2.023,2.0,2.013,2.02,49214977,99025658.061,1.971103,-0.3465,1,baostock,10,2026-09-07T14:38:42+00:00
159696,2026-05-27,2.035,2.055,2.035,2.047,2.013,57472140,117563557.515,2.300888,1.689,1,baostock,10,2026-09-07T14:38:42+00:00
159696,2026-05-28,2.04,2.047,2.0,2.029,2.047,68880400,139450480.8,2.752107,-0.8793,1,baostock,10,2026-09-07T14:38:42+00:00
159696,2026-05-29,2.045,2.086,2.042,2.086,2.029,65835378,135944857.972,2.625199,2.8093,1,baostock,10,2026-09-07T14:38:42+00:00
159696,2026-06-01,2.104,2.168,2.064,2.16,2.086,143679183,306608121.901,5.717837,3.5475,1,baostock,10,2026-09-07T14:38:42+00:00
159696,2026-06-02,2.153,2.158,2.081,2.132,2.16,132880110,282873594.913,5.277577,-1.2963,1,baostock,10,2026-09-07T14:38:42+00:00
159696,2026-06-03,2.127,2.131,2.083,2.096,2.132,95292484,200892236.081,3.777215,-1.6886,1,baostock,10,2026-09-07T14:38:42+00:00
159696,2026-06-04,2.065,2.082,2.048,2.055,2.096,87607253,180273252.734,3.465718,-1.9561,1,baostock,10,2026-09-07T14:38:42+00:00
159696,2026-06-05,2.023,2.052,2.021,2.026,2.055,98449746,200462739.84,3.886956,-1.4112,1,baostock,10,2026-09-07T14:38:42+00:00
159696,2026-06-08,1.93,1.978,1.929,1.956,2.026,105068625,205974763.168,4.140107,-3.4551,1,baostock,10,2026-09-07T14:38:42+00:00
159696,2026-06-09,1.987,2.028,1.987,2.016,1.956,89801389,180228487.962,3.531561,3.0675,1,baostock,10,2026-09-07T14:38:42+00:00
159696,2026-06-10,1.985,1.985,1.96,1.976,2.016,59049000,116568675.377,2.317625,-1.9841,1,baostock,10,2026-09-07T14:38:42+00:00
159696,2026-06-11,1.954,1.969,1.937,1.96,1.976,69720718,136004091.674,2.731121,-0.8097,1,baostock,10,2026-09-07T14:38:42+00:00
159696,2026-06-12,2.027,2.034,1.986,1.989,1.96,81396301,164079400.883,3.182248,1.4796,1,baostock,10,2026-09-07T14:38:42+00:00
159696,2026-06-15,2.049,2.071,2.042,2.069,1.989,71455531,146971159.942,2.788156,4.0221,1,baostock,10,2026-09-07T14:38:42+00:00
159696,2026-06-16,2.09,2.1,2.082,2.086,2.069,65959632,137996098.374,2.568698,0.8217,1,baostock,10,2026-09-07T14:38:42+00:00
159696,2026-06-17,2.063,2.089,2.05,2.084,2.086,79015359,163658513.863,3.071153,-0.0959,1,baostock,10,2026-09-07T14:38:42+00:00
159696,2026-06-18,2.08,2.08,2.053,2.078,2.084,81852150,169462757.372,3.175242,-0.2879,1,baostock,10,2026-09-07T14:38:42+00:00
159696,2026-06-22,2.08,2.086,2.066,2.079,2.078,45875791,95147204.589,1.776187,0.0481,1,baostock,10,2026-09-07T14:38:42+00:00
159696,2026-06-23,2.067,2.067,2.022,2.038,2.079,77179068,157705577.984,2.982392,-1.9721,1,baostock,10,2026-09-07T14:38:42+00:00
159696,2026-06-24,2.017,2.045,2.013,2.041,2.038,74515508,151302680.76,2.873913,0.1472,1,baostock,10,2026-09-07T14:38:42+00:00
159696,2026-06-25,2.053,2.059,2.033,2.059,2.041,64929052,133034105.664,2.499363,0.8819,1,baostock,10,2026-09-07T14:38:42+00:00
159696,2026-06-26,2.027,2.03,1.988,2.007,2.059,51163865,102406234.955,1.965706,-2.5255,1,baostock,10,2026-09-07T14:38:42+00:00
159696,2026-06-29,2.008,2.017,2.001,2.015,2.007,38856556,78043780.909,1.489999,0.3986,1,baostock,10,2026-09-07T14:38:42+00:00
159696,2026-06-30,2.031,2.047,2.031,2.038,2.015,45153800,92170030.4,1.728161,1.1414,1,baostock,10,2026-09-07T14:38:42+00:00
159696,2026-07-01,2.059,2.069,2.049,2.051,2.038,41160500,84724612.6,1.572317,0.6379,1,baostock,10,2026-09-07T14:38:42+00:00
159696,2026-07-02,2.045,2.045,2.01,2.011,2.051,31989200,64823935.5,1.219647,-1.9503,1,baostock,10,2026-09-07T14:38:42+00:00
159696,2026-07-03,2.01,2.025,1.998,2.02,2.011,21575000,43477905.3,0.821021,0.4475,1,baostock,10,2026-09-07T14:38:42+00:00
159696,2026-07-06,2.021,2.024,2.003,2.02,2.02,22415300,45120728.8,0.852999,0.0,1,baostock,10,2026-09-07T14:38:42+00:00
159696,2026-07-07,2.018,2.019,2.002,2.009,2.02,27627140,55547417.12,1.049335,-0.5446,1,baostock,10,2026-09-07T14:38:42+00:00
159696,2026-07-08,2.0,2.003,1.989,1.99,2.009,29297094,58441753.639,1.110654,-0.9457,1,baostock,10,2026-09-07T14:38:42+00:00
159696,2026-07-09,2.002,2.012,1.991,2.008,1.99,31366189,62744968.029,1.186844,0.9045,1,baostock,10,2026-09-07T14:38:42+00:00
159696,2026-07-10,2.019,2.027,2.008,2.01,2.008,23884100,48181214.1,0.902027,0.0996,1,baostock,10,2026-09-07T14:38:42+00:00
159696,2026-07-13,2.007,2.01,1.993,1.998,2.01,30935700,61934106.8,1.166142,-0.597,1,baostock,10,2026-09-07T14:38:42+00:00
159696,2026-07-14,1.988,2.0,1.977,1.999,1.998,29050172,57783040.873,1.093006,0.0501,1,baostock,10,2026-09-07T14:38:42+00:00
159696,2026-07-15,2.015,2.021,2.01,2.02,1.999,25554405,51473090.955,0.959673,1.0505,1,baostock,10,2026-09-07T14:38:42+00:00
159696,2026-07-16,2.003,2.009,1.995,2.0,2.02,28815007,57658298.407,1.080094,-0.9901,1,baostock,10,2026-09-07T14:38:42+00:00
159696,2026-07-17,1.974,1.974,1.935,1.94,2.0,54549900,106463850.459,2.040909,-3.0,1,baostock,10,2026-09-07T14:38:42+00:00
159696,2026-07-20,1.939,1.948,1.937,1.941,1.94,37744780,73315674.46,1.409532,0.0515,1,baostock,10,2026-09-07T14:38:42+00:00
159696,2026-07-21,1.951,1.976,1.946,1.973,1.941,28230094,55366038.006,1.052253,1.6486,1,baostock,10,2026-09-07T14:38:42+00:00
159696,2026-07-22,1.977,1.986,1.934,1.964,1.973,40437040,79854108.88,1.504453,-0.4562,1,baostock,10,2026-09-07T14:38:42+00:00
159696,2026-07-23,1.973,1.977,1.962,1.964,1.964,18887846,37179880.57,0.701414,0.0,1,baostock,10,2026-09-07T14:38:42+00:00
159696,2026-07-24,1.934,1.945,1.931,1.936,1.964,32266562,62470770.684,1.196022,-1.4257,1,baostock,10,2026-09-07T14:38:42+00:00
159696,2026-07-27,1.936,1.95,1.931,1.948,1.936,31297100,60763956.9,1.157941,0.6198,1,baostock,10,2026-09-07T14:38:42+00:00
159696,2026-07-28,1.914,1.915,1.9,1.904,1.948,36722500,70006391.6,1.356163,-2.2587,1,baostock,10,2026-09-07T14:38:42+00:00
159696,2026-07-29,1.905,1.909,1.888,1.909,1.904,54640940,103695313.92,2.014172,0.2626,1,baostock,10,2026-09-07T14:38:42+00:00
159696,2026-07-30,1.889,1.893,1.87,1.88,1.909,48023629,90272310.975,1.766988,-1.5191,1,baostock,10,2026-09-07T14:38:42+00:00
159696,2026-07-31,1.948,1.953,1.934,1.944,1.88,63735200,123951528.1,2.340776,3.4043,1,baostock,10,2026-09-07T14:38:42+00:00
159696,2026-08-03,1.949,1.96,1.945,1.955,1.944,33877300,66119155.6,1.241917,0.5658,1,baostock,10,2026-09-07T14:38:42+00:00
159696,2026-08-04,1.985,2.007,1.977,2.006,1.955,53378800,106622409.2,1.953247,2.6087,1,baostock,10,2026-09-07T14:38:42+00:00
159696,2026-08-05,2.071,2.074,2.061,2.068,2.006,51437300,106310319.1,1.878766,3.0907,1,baostock,10,2026-09-07T14:38:42+00:00
159696,2026-08-06,2.043,2.05,2.035,2.046,2.068,36343100,74257800.6,1.325025,-1.0638,1,baostock,10,2026-09-07T14:38:42+00:00
159696,2026-08-07,2.043,2.055,2.037,2.053,2.046,41934800,85720873.3,1.526109,0.3421,1,baostock,10,2026-09-07T14:38:42+00:00
159696,2026-08-10,2.075,2.08,2.049,2.061,2.053,36557796,75495726.756,1.328011,0.3897,1,baostock,10,2026-09-07T14:38:42+00:00
159696,2026-08-11,2.05,2.052,2.036,2.037,2.061,34498000,70417252.4,1.250914,-1.1645,1,baostock,10,2026-09-07T14:38:42+00:00
159696,2026-08-12,2.03,2.046,2.027,2.045,2.037,23061700,46974476.7,0.834715,0.3927,1,baostock,10,2026-09-07T14:38:42+00:00
159696,2026-08-13,2.047,2.06,2.044,2.046,2.045,29532736,60595433.904,1.067002,0.0489,1,baostock,10,2026-09-07T14:38:42+00:00
159696,2026-08-14,2.08,2.08,2.066,2.077,2.046,36997647,76748976.055,1.334295,1.5152,1,baostock,10,2026-09-07T14:38:42+00:00
159696,2026-08-17,2.077,2.087,2.076,2.087,2.077,36243118,75397430.867,1.304731,0.4815,1,baostock,10,2026-09-07T14:38:42+00:00
159696,2026-08-18,2.066,2.072,2.051,2.057,2.087,27762000,57127580.4,0.99762,-1.4375,1,baostock,10,2026-09-07T14:38:42+00:00
159696,2026-08-19,2.026,2.033,2.011,2.02,2.057,58817018,118808429.855,2.109782,-1.7987,1,baostock,10,2026-09-07T14:38:42+00:00
159696,2026-08-20,2.031,2.036,2.027,2.033,2.02,52319800,106289975.4,1.873365,0.6436,1,baostock,10,2026-09-07T14:38:42+00:00
159696,2026-08-21,2.018,2.022,2.004,2.022,2.033,29284300,58923253.5,1.046681,-0.5411,1,baostock,10,2026-09-07T14:38:42+00:00
159696,2026-08-24,2.019,2.019,1.998,1.998,2.022,30164540,60482469.92,1.07622,-1.1869,1,baostock,10,2026-09-07T14:38:42+00:00
159696,2026-08-25,1.993,2.024,1.989,2.02,1.998,40949800,82192459.0,1.458418,1.1011,1,baostock,10,2026-09-07T14:38:42+00:00
159696,2026-08-26,2.02,2.03,2.008,2.021,2.02,59566495,120289815.085,2.117676,0.0495,1,baostock,10,2026-09-07T14:38:42+00:00
159696,2026-08-27,2.036,2.049,2.036,2.044,2.021,49034626,100177495.28,1.740159,1.1381,1,baostock,10,2026-09-07T14:38:42+00:00
159696,2026-08-28,2.052,2.058,2.04,2.04,2.044,27633927,56596368.288,0.978946,-0.1957,1,baostock,10,2026-09-07T14:38:42+00:00
159696,2026-08-31,2.03,2.035,2.008,2.034,2.04,33541300,67812870.6,1.186117,-0.2941,1,baostock,10,2026-09-07T14:38:42+00:00
159696,2026-09-01,2.033,2.041,2.025,2.037,2.034,32938437,66964957.91,1.162742,0.1475,1,baostock,10,2026-09-07T14:38:42+00:00
159696,2026-09-02,2.009,2.015,2.003,2.006,2.037,40041318,80413787.49,1.410987,-1.5218,1,baostock,10,2026-09-07T14:38:42+00:00
159696,2026-09-03,2.015,2.019,2.002,2.009,2.006,31978767,64310573.604,1.124894,0.1496,1,baostock,10,2026-09-07T14:38:42+00:00
159696,2026-09-04,2.035,2.04,2.03,2.036,2.009,41668900,84816804.8,1.463184,1.344,1,baostock,10,2026-09-07T14:38:42+00:00
159696,2026-09-07,2.036,2.06,2.033,2.048,2.036,46186600,94400559.2,1.613323,0.5894,1,baostock,10,2026-09-07T14:38:42+00:00
159941,2026-01-05,1.416,1.431,1.416,1.43,1.413,708057028,1009513000.357,3.169712,1.2031,1,baostock,10,2026-09-07T14:35:27+00:00
159941,2026-01-06,1.428,1.432,1.423,1.43,1.43,572066106,816795631.028,2.560782,0.0,1,baostock,10,2026-09-07T14:35:27+00:00
159941,2026-01-07,1.435,1.435,1.426,1.427,1.43,443997131,634400685.237,1.987382,-0.2098,1,baostock,10,2026-09-07T14:35:27+00:00
159941,2026-01-08,1.425,1.427,1.418,1.422,1.427,327486900,465726763.5,1.465783,-0.3504,1,baostock,10,2026-09-07T14:35:27+00:00
159941,2026-01-09,1.417,1.422,1.413,1.418,1.422,526602049,746347880.118,2.356856,-0.2813,1,baostock,10,2026-09-07T14:35:27+00:00
159941,2026-01-12,1.417,1.419,1.411,1.412,1.418,547049721,774137683.192,2.448229,-0.4231,1,baostock,10,2026-09-07T14:35:27+00:00
159941,2026-01-13,1.413,1.425,1.405,1.421,1.412,907046717,1281885958.725,4.059099,0.6374,1,baostock,10,2026-09-07T14:35:27+00:00
159941,2026-01-14,1.417,1.418,1.41,1.413,1.421,532728060,752520930.02,2.383858,-0.563,1,baostock,10,2026-09-07T14:35:27+00:00
159941,2026-01-15,1.402,1.415,1.4,1.413,1.413,676050505,951811848.365,3.025023,0.0,1,baostock,10,2026-09-07T14:35:27+00:00
159941,2026-01-16,1.413,1.417,1.402,1.41,1.413,610372610,859869087.2,2.730985,-0.2123,1,baostock,10,2026-09-07T14:35:27+00:00
159941,2026-01-19,1.392,1.401,1.391,1.395,1.41,521940774,728979896.13,2.335179,-1.0638,1,baostock,10,2026-09-07T14:35:27+00:00
159941,2026-01-20,1.396,1.399,1.384,1.386,1.395,397670500,553456636.8,1.77919,-0.6452,1,baostock,10,2026-09-07T14:35:27+00:00
159941,2026-01-21,1.379,1.386,1.374,1.381,1.386,445677708,615388400.236,1.99386,-0.3608,1,baostock,10,2026-09-07T14:35:27+00:00
159941,2026-01-22,1.395,1.41,1.394,1.409,1.381,698804584,981161400.496,3.12611,2.0275,1,baostock,10,2026-09-07T14:35:27+00:00
159941,2026-01-23,1.413,1.415,1.397,1.401,1.409,677585966,952398858.932,3.031012,-0.5678,1,baostock,10,2026-09-07T14:35:27+00:00
159941,2026-01-26,1.397,1.398,1.386,1.387,1.401,535087807,744911373.123,2.393442,-0.9993,1,baostock,10,2026-09-07T14:35:27+00:00
159941,2026-01-27,1.397,1.407,1.394,1.403,1.387,666463619,933941354.149,2.980912,1.1536,1,baostock,10,2026-09-07T14:35:27+00:00
159941,2026-01-28,1.412,1.418,1.41,1.418,1.403,735816035,1041022320.067,3.290915,1.0691,1,baostock,10,2026-09-07T14:35:27+00:00
159941,2026-01-29,1.407,1.411,1.404,1.409,1.418,413171811,581530749.599,1.847791,-0.6347,1,baostock,10,2026-09-07T14:35:27+00:00
159941,2026-01-30,1.396,1.404,1.394,1.396,1.409,521722886,729678732.049,2.333119,-0.9226,1,baostock,10,2026-09-07T14:35:27+00:00
159941,2026-02-02,1.388,1.392,1.357,1.359,1.396,925317362,1270741492.202,4.137732,-2.6504,1,baostock,10,2026-09-07T14:35:27+00:00
159941,2026-02-03,1.389,1.392,1.376,1.388,1.359,918588314,1272704522.39,4.107403,2.1339,1,baostock,10,2026-09-07T14:35:27+00:00
159941,2026-02-04,1.365,1.379,1.362,1.379,1.388,675679441,924420934.19,3.021078,-0.6484,1,baostock,10,2026-09-07T14:35:27+00:00
159941,2026-02-05,1.364,1.369,1.359,1.367,1.379,580643200,791922442.5,2.596004,-0.8702,1,baostock,10,2026-09-07T14:35:27+00:00
159941,2026-02-06,1.341,1.346,1.338,1.344,1.367,921717500,1237365054.3,4.120677,-1.6825,1,baostock,10,2026-09-07T14:35:27+00:00
159941,2026-02-09,1.369,1.374,1.366,1.371,1.344,728632200,997765730.883,3.257271,2.0089,1,baostock,10,2026-09-07T14:35:27+00:00
159941,2026-02-10,1.376,1.376,1.37,1.374,1.371,399060700,548145100.1,1.783854,0.2188,1,baostock,10,2026-09-07T14:35:27+00:00
159941,2026-02-11,1.371,1.373,1.368,1.37,1.374,375778724,514854970.88,1.679682,-0.2911,1,baostock,10,2026-09-07T14:35:27+00:00
159941,2026-02-12,1.368,1.374,1.366,1.369,1.37,423574303,580199394.204,1.893212,-0.073,1,baostock,10,2026-09-07T14:35:27+00:00
159941,2026-02-13,1.35,1.363,1.347,1.363,1.369,523736500,709299573.672,2.340763,-0.4383,1,baostock,10,2026-09-07T14:35:27+00:00
159941,2026-02-24,1.354,1.356,1.345,1.352,1.363,495198576,668444087.2,2.213088,-0.807,1,baostock,10,2026-09-07T14:35:27+00:00
159941,2026-02-25,1.36,1.362,1.352,1.353,1.352,372669938,505858571.814,1.665399,0.074,1,baostock,10,2026-09-07T14:35:27+00:00
159941,2026-02-26,1.362,1.366,1.359,1.361,1.353,465887860,634371669.416,2.081854,0.5913,1,baostock,10,2026-09-07T14:35:27+00:00
159941,2026-02-27,1.35,1.352,1.347,1.35,1.361,327560975,442124036.516,1.463645,-0.8082,1,baostock,10,2026-09-07T14:35:27+00:00
159941,2026-03-02,1.341,1.345,1.336,1.337,1.35,439728994,589341487.763,1.964733,-0.963,1,baostock,10,2026-09-07T14:35:27+00:00
159941,2026-03-03,1.345,1.345,1.33,1.332,1.337,441829206,590554888.513,1.974002,-0.374,1,baostock,10,2026-09-07T14:35:27+00:00
159941,2026-03-04,1.325,1.329,1.31,1.311,1.332,629279900,830571383.2,2.81133,-1.5766,1,baostock,10,2026-09-07T14:35:27+00:00
159941,2026-03-05,1.335,1.344,1.332,1.343,1.311,633616700,847779675.251,2.83054,2.4409,1,baostock,10,2026-09-07T14:35:27+00:00
159941,2026-03-06,1.338,1.347,1.334,1.342,1.343,428602796,574273348.282,1.914575,-0.0745,1,baostock,10,2026-09-07T14:35:27+00:00
159941,2026-03-09,1.301,1.317,1.3,1.31,1.342,826815808,1080053098.056,3.693185,-2.3845,1,baostock,10,2026-09-07T14:35:27+00:00
159941,2026-03-10,1.335,1.337,1.33,1.332,1.31,684487054,912727059.736,3.057259,1.6794,1,baostock,10,2026-09-07T14:35:27+00:00
159941,2026-03-11,1.335,1.34,1.333,1.335,1.332,364053781,486601069.716,1.625951,0.2252,1,baostock,10,2026-09-07T14:35:27+00:00
159941,2026-03-12,1.329,1.332,1.326,1.327,1.335,422598707,561503044.61,1.887317,-0.5993,1,baostock,10,2026-09-07T14:35:27+00:00
159941,2026-03-13,1.319,1.32,1.314,1.315,1.327,336064838,442651446.367,1.500771,-0.9043,1,baostock,10,2026-09-07T14:35:27+00:00
159941,2026-03-16,1.313,1.325,1.31,1.324,1.315,517909908,681727202.222,2.312706,0.6844,1,baostock,10,2026-09-07T14:35:27+00:00
159941,2026-03-17,1.325,1.329,1.316,1.316,1.324,498848100,660747832.4,2.227457,-0.6042,1,baostock,10,2026-09-07T14:35:27+00:00
159941,2026-03-18,1.328,1.338,1.326,1.333,1.316,689354783,918497175.922,3.077929,1.2918,1,baostock,10,2026-09-07T14:35:27+00:00
159941,2026-03-19,1.317,1.319,1.307,1.309,1.333,612822596,804858359.956,2.736058,-1.8005,1,baostock,10,2026-09-07T14:35:27+00:00
159941,2026-03-20,1.312,1.314,1.296,1.3,1.309,358696000,468851884.5,1.601371,-0.6875,1,baostock,10,2026-09-07T14:35:27+00:00
159941,2026-03-23,1.28,1.28,1.245,1.257,1.3,1042788537,1316925797.738,4.655179,-3.3077,1,baostock,10,2026-09-07T14:35:27+00:00
159941,2026-03-24,1.272,1.284,1.261,1.281,1.257,1091531368,1386048556.808,4.872492,1.9093,1,baostock,10,2026-09-07T14:35:27+00:00
159941,2026-03-25,1.288,1.294,1.285,1.292,1.281,875575377,1129268603.955,3.908259,0.8587,1,baostock,10,2026-09-07T14:35:27+00:00
159941,2026-03-26,1.29,1.293,1.278,1.281,1.292,454734370,584562798.36,2.029655,-0.8514,1,baostock,10,2026-09-07T14:35:27+00:00
159941,2026-03-27,1.26,1.28,1.258,1.276,1.281,612187170,777521690.31,2.73227,-0.3903,1,baostock,10,2026-09-07T14:35:27+00:00
159941,2026-03-30,1.251,1.257,1.244,1.254,1.276,994930526,1244369884.222,4.440245,-1.7241,1,baostock,10,2026-09-07T14:35:27+00:00
159941,2026-03-31,1.25,1.261,1.246,1.251,1.254,755315040,946468743.352,3.370677,-0.2392,1,baostock,10,2026-09-07T14:35:27+00:00
159941,2026-04-01,1.284,1.307,1.282,1.303,1.251,960290697,1239401455.048,4.285154,4.1567,1,baostock,10,2026-09-07T14:35:27+00:00
159941,2026-04-02,1.293,1.295,1.278,1.284,1.303,632685987,812901940.818,2.823103,-1.4582,1,baostock,10,2026-09-07T14:35:27+00:00
159941,2026-04-03,1.298,1.3,1.283,1.284,1.284,432845359,558079000.951,1.931284,0.0,1,baostock,10,2026-09-07T14:35:27+00:00
159941,2026-04-07,1.288,1.29,1.283,1.284,1.284,412774547,530993647.095,1.841731,0.0,1,baostock,10,2026-09-07T14:35:27+00:00
159941,2026-04-08,1.325,1.353,1.324,1.35,1.284,1286000606,1720283656.124,5.737588,5.1402,1,baostock,10,2026-09-07T14:35:27+00:00
159941,2026-04-09,1.33,1.345,1.328,1.336,1.35,938254213,1253102066.234,4.185849,-1.037,1,baostock,10,2026-09-07T14:35:27+00:00
159941,2026-04-10,1.347,1.358,1.341,1.347,1.336,624282835,843191102.401,2.784962,0.8234,1,baostock,10,2026-09-07T14:35:27+00:00
159941,2026-04-13,1.339,1.341,1.333,1.338,1.347,676353500,904264746.5,3.017077,-0.6682,1,baostock,10,2026-09-07T14:35:27+00:00
159941,2026-04-14,1.361,1.363,1.356,1.359,1.338,585582672,795998939.012,2.612015,1.5695,1,baostock,10,2026-09-07T14:35:27+00:00
159941,2026-04-15,1.386,1.39,1.378,1.383,1.359,824036039,1140522733.625,3.675433,1.766,1,baostock,10,2026-09-07T14:35:27+00:00
159941,2026-04-16,1.405,1.414,1.405,1.412,1.383,821269082,1157109349.91,3.662879,2.0969,1,baostock,10,2026-09-07T14:35:27+00:00
159941,2026-04-17,1.408,1.409,1.4,1.404,1.412,568367134,798182475.924,2.534783,-0.5666,1,baostock,10,2026-09-07T14:35:27+00:00
159941,2026-04-20,1.412,1.413,1.403,1.404,1.404,539090471,758890275.997,2.404077,0.0,1,baostock,10,2026-09-07T14:35:27+00:00
159941,2026-04-21,1.407,1.41,1.387,1.4,1.404,873330400,1222634222.4,3.894396,-0.2849,1,baostock,10,2026-09-07T14:35:27+00:00
159941,2026-04-22,1.4,1.408,1.396,1.407,1.4,861233813,1207397422.026,3.840232,0.5,1,baostock,10,2026-09-07T14:35:27+00:00
159941,2026-04-23,1.416,1.42,1.409,1.417,1.407,1014743978,1435549570.652,4.52447,0.7107,1,baostock,10,2026-09-07T14:35:27+00:00
159941,2026-04-24,1.418,1.42,1.415,1.418,1.417,557189500,789569832.603,2.484214,0.0706,1,baostock,10,2026-09-07T14:35:27+00:00
159941,2026-04-27,1.432,1.455,1.432,1.45,1.418,1265093459,1825509806.293,5.640057,2.2567,1,baostock,10,2026-09-07T14:35:27+00:00
159941,2026-04-28,1.45,1.462,1.449,1.457,1.45,985291341,1435560857.729,4.392384,0.4828,1,baostock,10,2026-09-07T14:35:27+00:00
159941,2026-04-29,1.45,1.457,1.447,1.452,1.457,684434680,993568574.92,3.051002,-0.3432,1,baostock,10,2026-09-07T14:35:27+00:00
159941,2026-04-30,1.461,1.47,1.451,1.456,1.452,751055200,1096660814.8,3.347782,0.2755,1,baostock,10,2026-09-07T14:35:27+00:00
159941,2026-05-06,1.502,1.502,1.49,1.496,1.456,1072057071,1603072154.075,4.778351,2.7473,1,baostock,10,2026-09-07T14:35:27+00:00
159941,2026-05-07,1.513,1.54,1.512,1.537,1.496,1278240946,1952711893.826,5.69702,2.7406,1,baostock,10,2026-09-07T14:35:27+00:00
159941,2026-05-08,1.532,1.545,1.523,1.54,1.537,942178389,1443206828.808,4.198972,0.1952,1,baostock,10,2026-09-07T14:35:27+00:00
159941,2026-05-11,1.568,1.577,1.565,1.577,1.54,730484986,1148581948.001,3.255337,2.4026,1,baostock,10,2026-09-07T14:35:27+00:00
159941,2026-05-12,1.57,1.57,1.556,1.558,1.577,701246015,1097341198.358,3.124855,-1.2048,1,baostock,10,2026-09-07T14:35:27+00:00
159941,2026-05-13,1.55,1.572,1.549,1.571,1.558,898103453,1400016909.122,4.001849,0.8344,1,baostock,10,2026-09-07T14:35:27+00:00
159941,2026-05-14,1.589,1.591,1.568,1.577,1.571,882448757,1392375516.867,3.931866,0.3819,1,baostock,10,2026-09-07T14:35:27+00:00
159941,2026-05-15,1.577,1.584,1.554,1.564,1.577,1415783969,2223669950.085,6.307846,-0.8244,1,baostock,10,2026-09-07T14:35:27+00:00
159941,2026-05-18,1.541,1.546,1.519,1.524,1.564,1882305088,2887101489.711,8.385885,-2.5575,1,baostock,10,2026-09-07T14:35:27+00:00
159941,2026-05-19,1.52,1.527,1.508,1.52,1.524,1168874066,1772413119.626,5.207167,-0.2625,1,baostock,10,2026-09-07T14:35:27+00:00
159941,2026-05-20,1.512,1.535,1.503,1.533,1.52,1199998566,1817694105.434,5.345512,0.8553,1,baostock,10,2026-09-07T14:35:27+00:00
159941,2026-05-21,1.553,1.572,1.548,1.561,1.533,1371254464,2140888363.023,6.108035,1.8265,1,baostock,10,2026-09-07T14:35:27+00:00
159941,2026-05-22,1.576,1.591,1.571,1.588,1.561,1022269824,1617557415.496,4.553275,1.7297,1,baostock,10,2026-09-07T14:35:27+00:00
159941,2026-05-25,1.626,1.654,1.621,1.645,1.588,1652868613,2701881270.199,7.361588,3.5894,1,baostock,10,2026-09-07T14:35:27+00:00
159941,2026-05-26,1.633,1.643,1.61,1.614,1.645,1108711446,1804010775.041,4.938007,-1.8845,1,baostock,10,2026-09-07T14:35:27+00:00
159941,2026-05-27,1.639,1.652,1.633,1.649,1.614,1280918744,2104552630.768,5.704658,2.1685,1,baostock,10,2026-09-07T14:35:27+00:00
159941,2026-05-28,1.645,1.649,1.616,1.646,1.649,1262470408,2066450341.97,5.622171,-0.1819,1,baostock,10,2026-09-07T14:35:27+00:00
159941,2026-05-29,1.66,1.694,1.66,1.694,1.646,1357321426,2282694176.237,6.044222,2.9162,1,baostock,10,2026-09-07T14:35:27+00:00
159941,2026-06-01,1.705,1.773,1.705,1.764,1.694,2258493672,3944778179.25,10.056607,4.1322,1,baostock,10,2026-09-07T14:35:27+00:00
159941,2026-06-02,1.764,1.764,1.708,1.735,1.764,1872155390,3254038667.9,8.33584,-1.644,1,baostock,10,2026-09-07T14:35:27+00:00
159941,2026-06-03,1.735,1.745,1.688,1.707,1.735,1468071072,2516223547.331,6.536261,-1.6138,1,baostock,10,2026-09-07T14:35:27+00:00
159941,2026-06-04,1.679,1.687,1.665,1.673,1.707,1245324310,2085285303.362,5.54421,-1.9918,1,baostock,10,2026-09-07T14:35:27+00:00
159941,2026-06-05,1.647,1.682,1.629,1.641,1.673,1343738852,2224376258.827,5.982007,-1.9127,1,baostock,10,2026-09-07T14:35:27+00:00
159941,2026-06-08,1.572,1.604,1.561,1.569,1.641,2265208699,3584329233.468,10.083589,-4.3876,1,baostock,10,2026-09-07T14:35:27+00:00
159941,2026-06-09,1.598,1.636,1.594,1.632,1.569,1985818240,3202566137.208,8.839369,4.0153,1,baostock,10,2026-09-07T14:35:27+00:00
159941,2026-06-10,1.598,1.603,1.577,1.585,1.632,1456815036,2314456832.535,6.48427,-2.8799,1,baostock,10,2026-09-07T14:35:27+00:00
159941,2026-06-11,1.576,1.584,1.546,1.576,1.585,1722067119,2689192542.693,7.664461,-0.5678,1,baostock,10,2026-09-07T14:35:27+00:00
159941,2026-06-12,1.635,1.636,1.597,1.598,1.576,1574182692,2552716132.39,7.005861,1.3959,1,baostock,10,2026-09-07T14:35:27+00:00
159941,2026-06-15,1.65,1.679,1.64,1.677,1.598,1513793379,2515079269.611,6.73671,4.9437,1,baostock,10,2026-09-07T14:35:27+00:00
159941,2026-06-16,1.682,1.708,1.682,1.692,1.677,1216413637,2061115052.585,5.412992,0.8945,1,baostock,10,2026-09-07T14:35:27+00:00
159941,2026-06-17,1.671,1.698,1.668,1.698,1.692,1330003088,2236867320.275,5.918119,0.3546,1,baostock,10,2026-09-07T14:35:27+00:00
159941,2026-06-18,1.689,1.697,1.662,1.693,1.698,1542320492,2591221914.25,6.862471,-0.2945,1,baostock,10,2026-09-07T14:35:27+00:00
159941,2026-06-22,1.693,1.693,1.673,1.686,1.693,1408197146,2367547683.607,6.265334,-0.4135,1,baostock,10,2026-09-07T14:35:27+00:00
159941,2026-06-23,1.662,1.666,1.621,1.628,1.686,1521198736,2501151717.447,6.767708,-3.4401,1,baostock,10,2026-09-07T14:35:27+00:00
159941,2026-06-24,1.62,1.647,1.616,1.644,1.628,1472956302,2405221947.188,6.552702,0.9828,1,baostock,10,2026-09-07T14:35:27+00:00
159941,2026-06-25,1.658,1.664,1.641,1.657,1.644,1180197179,1954523534.153,5.250008,0.7908,1,baostock,10,2026-09-07T14:35:27+00:00
159941,2026-06-26,1.6,1.617,1.592,1.609,1.657,1291896560,2077382238.793,5.746561,-2.8968,1,baostock,10,2026-09-07T14:35:27+00:00
159941,2026-06-29,1.61,1.63,1.608,1.63,1.609,917829908,1484716587.689,4.082417,1.3052,1,baostock,10,2026-09-07T14:35:27+00:00
159941,2026-06-30,1.654,1.66,1.646,1.648,1.63,901818784,1491381501.212,4.01097,1.1043,1,baostock,10,2026-09-07T14:35:27+00:00
159941,2026-07-01,1.666,1.668,1.645,1.652,1.648,910466480,1508842748.846,4.049197,0.2427,1,baostock,10,2026-09-07T14:35:27+00:00
159941,2026-07-02,1.643,1.646,1.612,1.614,1.652,785166311,1280267886.936,3.491737,-2.3002,1,baostock,10,2026-09-07T14:35:27+00:00
159941,2026-07-03,1.605,1.629,1.601,1.622,1.614,903179280,1461246277.568,4.016324,0.4957,1,baostock,10,2026-09-07T14:35:27+00:00
159941,2026-07-06,1.62,1.627,1.603,1.625,1.622,791984578,1279474458.363,3.521855,0.185,1,baostock,10,2026-09-07T14:35:27+00:00
159941,2026-07-07,1.618,1.628,1.609,1.624,1.625,773574716,1252517931.148,3.43979,-0.0615,1,baostock,10,2026-09-07T14:35:27+00:00
159941,2026-07-08,1.619,1.619,1.595,1.595,1.624,888039425,1427290841.95,3.948542,-1.7857,1,baostock,10,2026-09-07T14:35:27+00:00
159941,2026-07-09,1.609,1.619,1.594,1.618,1.595,929105667,1491311143.164,4.130899,1.442,1,baostock,10,2026-09-07T14:35:27+00:00
159941,2026-07-10,1.629,1.632,1.617,1.619,1.618,758348438,1233085267.72,3.3715,0.0618,1,baostock,10,2026-09-07T14:35:27+00:00
159941,2026-07-13,1.606,1.62,1.606,1.608,1.619,727324560,1172023196.268,3.233386,-0.6794,1,baostock,10,2026-09-07T14:35:27+00:00
159941,2026-07-14,1.6,1.616,1.584,1.613,1.608,903096514,1446773349.056,4.014563,0.3109,1,baostock,10,2026-09-07T14:35:27+00:00
159941,2026-07-15,1.627,1.632,1.62,1.629,1.613,786668831,1278878414.744,3.496802,0.9919,1,baostock,10,2026-09-07T14:35:27+00:00
159941,2026-07-16,1.611,1.622,1.608,1.61,1.629,741845695,1197573945.1,3.297369,-1.1664,1,baostock,10,2026-09-07T14:35:27+00:00
159941,2026-07-17,1.581,1.587,1.555,1.561,1.61,1043756144,1638391608.259,4.639038,-3.0435,1,baostock,10,2026-09-07T14:35:27+00:00
159941,2026-07-20,1.562,1.57,1.551,1.551,1.561,707396450,1105296559.65,3.143885,-0.6406,1,baostock,10,2026-09-07T14:35:27+00:00
159941,2026-07-21,1.559,1.589,1.556,1.589,1.551,826245555,1298252069.216,3.671874,2.45,1,baostock,10,2026-09-07T14:35:27+00:00
159941,2026-07-22,1.59,1.604,1.584,1.587,1.589,747938709,1193224016.868,3.323683,-0.1259,1,baostock,10,2026-09-07T14:35:27+00:00
159941,2026-07-23,1.597,1.597,1.584,1.589,1.587,570179733,906497870.837,2.533613,0.126,1,baostock,10,2026-09-07T14:35:27+00:00
159941,2026-07-24,1.561,1.571,1.561,1.569,1.589,529019687,828229359.416,2.350581,-1.2587,1,baostock,10,2026-09-07T14:35:27+00:00
159941,2026-07-27,1.566,1.579,1.564,1.579,1.569,618681260,973030847.448,2.748814,0.6373,1,baostock,10,2026-09-07T14:35:27+00:00
159941,2026-07-28,1.547,1.55,1.531,1.534,1.579,673492840,1034309482.39,2.99217,-2.8499,1,baostock,10,2026-09-07T14:35:27+00:00
159941,2026-07-29,1.538,1.54,1.527,1.538,1.534,697912696,1069747950.828,3.100482,0.2608,1,baostock,10,2026-09-07T14:35:27+00:00
159941,2026-07-30,1.525,1.529,1.509,1.516,1.538,648464806,984380293.084,2.880643,-1.4304,1,baostock,10,2026-09-07T14:35:27+00:00
159941,2026-07-31,1.571,1.587,1.568,1.574,1.516,1178991823,1858237595.505,5.237075,3.8259,1,baostock,10,2026-09-07T14:35:27+00:00
159941,2026-08-03,1.576,1.596,1.576,1.585,1.574,561791655,891279577.609,2.495331,0.6989,1,baostock,10,2026-09-07T14:35:27+00:00
159941,2026-08-04,1.621,1.633,1.616,1.631,1.585,587769139,953514862.275,2.610566,2.9022,1,baostock,10,2026-09-07T14:35:27+00:00
159941,2026-08-05,1.675,1.694,1.674,1.69,1.631,759933083,1280170585.348,3.375034,3.6174,1,baostock,10,2026-09-07T14:35:27+00:00
159941,2026-08-06,1.669,1.68,1.664,1.67,1.69,554304402,925915687.818,2.461648,-1.1834,1,baostock,10,2026-09-07T14:35:27+00:00
159941,2026-08-07,1.667,1.689,1.664,1.687,1.67,548465508,918531491.26,2.435577,1.018,1,baostock,10,2026-09-07T14:35:27+00:00
159941,2026-08-10,1.7,1.704,1.683,1.684,1.687,588611661,996608963.095,2.613704,-0.1778,1,baostock,10,2026-09-07T14:35:27+00:00
159941,2026-08-11,1.671,1.674,1.656,1.659,1.684,468792217,779578223.286,2.081531,-1.4846,1,baostock,10,2026-09-07T14:35:27+00:00
159941,2026-08-12,1.653,1.672,1.652,1.668,1.659,374215441,622640275.747,1.661495,0.5425,1,baostock,10,2026-09-07T14:35:27+00:00
159941,2026-08-13,1.677,1.681,1.662,1.663,1.668,422035483,705818544.41,1.873705,-0.2998,1,baostock,10,2026-09-07T14:35:27+00:00
159941,2026-08-14,1.684,1.699,1.679,1.699,1.663,601238843,1014498996.402,2.669158,2.1648,1,baostock,10,2026-09-07T14:35:27+00:00
159941,2026-08-17,1.7,1.704,1.688,1.698,1.699,904488969,1533572734.283,4.015184,-0.0589,1,baostock,10,2026-09-07T14:35:27+00:00
159941,2026-08-18,1.675,1.678,1.666,1.667,1.698,516918400,862947819.3,2.294559,-1.8257,1,baostock,10,2026-09-07T14:35:27+00:00
159941,2026-08-19,1.65,1.651,1.627,1.639,1.667,860301200,1407391889.0,3.818587,-1.6797,1,baostock,10,2026-09-07T14:35:27+00:00
159941,2026-08-20,1.651,1.658,1.644,1.647,1.639,556402140,918580905.43,2.469539,0.4881,1,baostock,10,2026-09-07T14:35:27+00:00
159941,2026-08-21,1.635,1.638,1.627,1.635,1.647,544798026,889220437.652,2.417895,-0.7286,1,baostock,10,2026-09-07T14:35:27+00:00
159941,2026-08-24,1.628,1.632,1.612,1.616,1.635,667669036,1081544594.1,2.963044,-1.1621,1,baostock,10,2026-09-07T14:35:27+00:00
159941,2026-08-25,1.61,1.65,1.608,1.643,1.616,1059536249,1728444063.787,4.701838,1.6708,1,baostock,10,2026-09-07T14:35:27+00:00
159941,2026-08-26,1.644,1.653,1.644,1.646,1.643,384300225,633369383.114,1.705287,0.1826,1,baostock,10,2026-09-07T14:35:27+00:00
159941,2026-08-27,1.665,1.669,1.657,1.663,1.646,401751129,668388597.618,1.78262,1.0328,1,baostock,10,2026-09-07T14:35:27+00:00
159941,2026-08-28,1.673,1.676,1.658,1.661,1.663,333498816,555255520.746,1.479691,-0.1203,1,baostock,10,2026-09-07T14:35:27+00:00
159941,2026-08-31,1.631,1.658,1.631,1.653,1.661,387160965,637124848.227,1.717684,-0.4816,1,baostock,10,2026-09-07T14:35:27+00:00
159941,2026-09-01,1.647,1.669,1.644,1.665,1.653,510481401,846898968.4,2.264678,0.726,1,baostock,10,2026-09-07T14:35:27+00:00
159941,2026-09-02,1.64,1.648,1.631,1.634,1.665,418133605,686023690.325,1.854884,-1.8619,1,baostock,10,2026-09-07T14:35:27+00:00
159941,2026-09-03,1.64,1.645,1.634,1.636,1.634,351049272,575841576.364,1.557201,0.1224,1,baostock,10,2026-09-07T14:35:27+00:00
159941,2026-09-04,1.661,1.665,1.655,1.664,1.636,427163097,709338902.943,1.894721,1.7115,1,baostock,10,2026-09-07T14:35:27+00:00
159941,2026-09-07,1.668,1.673,1.667,1.668,1.664,365311189,609952446.659,1.620278,0.2404,1,baostock,10,2026-09-07T14:35:27+00:00
513100,2026-01-05,1.909,1.93,1.907,1.93,1.904,274274938,526499130.0,2.897441,1.3655,1,baostock,10,2026-09-07T14:39:18+00:00
513100,2026-01-06,1.932,1.933,1.92,1.925,1.93,268614114,517079765.0,2.83764,-0.2591,1,baostock,10,2026-09-07T14:39:18+00:00
513100,2026-01-07,1.93,1.931,1.917,1.919,1.925,213980600,411125006.0,2.260491,-0.3117,1,baostock,10,2026-09-07T14:39:18+00:00
513100,2026-01-08,1.916,1.918,1.898,1.899,1.919,251838625,480506535.0,2.660423,-1.0422,1,baostock,10,2026-09-07T14:39:18+00:00
513100,2026-01-09,1.896,1.906,1.89,1.903,1.899,183126872,347682936.0,1.934552,0.2106,1,baostock,10,2026-09-07T14:39:18+00:00
513100,2026-01-12,1.904,1.907,1.892,1.893,1.903,293808014,557937555.0,3.103788,-0.5255,1,baostock,10,2026-09-07T14:39:18+00:00
513100,2026-01-13,1.895,1.917,1.893,1.915,1.893,260727300,495999372.0,2.754323,1.1622,1,baostock,10,2026-09-07T14:39:18+00:00
513100,2026-01-14,1.914,1.914,1.901,1.909,1.915,217081668,413816883.0,2.293251,-0.3133,1,baostock,10,2026-09-07T14:39:18+00:00
513100,2026-01-15,1.898,1.906,1.891,1.901,1.909,223463100,424221658.0,2.360664,-0.4191,1,baostock,10,2026-09-07T14:39:18+00:00
513100,2026-01-16,1.904,1.906,1.899,1.904,1.901,152786621,290524176.0,1.614038,0.1578,1,baostock,10,2026-09-07T14:39:18+00:00
513100,2026-01-19,1.886,1.896,1.883,1.887,1.904,190255560,359432671.0,2.00986,-0.8929,1,baostock,10,2026-09-07T14:39:18+00:00
513100,2026-01-20,1.887,1.89,1.871,1.876,1.887,170040650,319538300.0,1.79631,-0.5829,1,baostock,10,2026-09-07T14:39:18+00:00
513100,2026-01-21,1.862,1.879,1.856,1.875,1.876,233108388,435445341.0,2.462557,-0.0533,1,baostock,10,2026-09-07T14:39:18+00:00
513100,2026-01-22,1.896,1.906,1.894,1.901,1.875,230741577,438507589.0,2.437554,1.3867,1,baostock,10,2026-09-07T14:39:18+00:00
513100,2026-01-23,1.908,1.91,1.89,1.891,1.901,236709800,449491529.0,2.500603,-0.526,1,baostock,10,2026-09-07T14:39:18+00:00
513100,2026-01-26,1.888,1.888,1.87,1.882,1.891,237202100,445490355.0,2.505803,-0.4759,1,baostock,10,2026-09-07T14:39:18+00:00
513100,2026-01-27,1.894,1.899,1.888,1.894,1.882,210918429,399852913.0,2.228142,0.6376,1,baostock,10,2026-09-07T14:39:18+00:00
513100,2026-01-28,1.902,1.912,1.894,1.905,1.894,368399700,701550799.0,3.891775,0.5808,1,baostock,10,2026-09-07T14:39:18+00:00
513100,2026-01-29,1.895,1.898,1.886,1.891,1.905,190456230,360386656.0,2.01198,-0.7349,1,baostock,10,2026-09-07T14:39:18+00:00
513100,2026-01-30,1.874,1.887,1.874,1.881,1.891,191224000,359283664.0,2.02009,-0.5288,1,baostock,10,2026-09-07T14:39:18+00:00
513100,2026-02-02,1.858,1.875,1.831,1.833,1.881,339912039,628621227.0,3.590831,-2.5518,1,baostock,10,2026-09-07T14:39:18+00:00
513100,2026-02-03,1.87,1.873,1.855,1.872,1.833,251621452,469735418.0,2.658129,2.1277,1,baostock,10,2026-09-07T14:39:18+00:00
513100,2026-02-04,1.849,1.855,1.841,1.853,1.872,250176751,462537670.0,2.642867,-1.015,1,baostock,10,2026-09-07T14:39:18+00:00
513100,2026-02-05,1.835,1.843,1.831,1.84,1.853,188489949,345974787.0,1.991208,-0.7016,1,baostock,10,2026-09-07T14:39:18+00:00
513100,2026-02-06,1.809,1.818,1.805,1.813,1.84,279625408,506740548.0,2.953963,-1.4674,1,baostock,10,2026-09-07T14:39:18+00:00
513100,2026-02-09,1.846,1.85,1.841,1.847,1.813,203554566,375820258.0,2.150351,1.8753,1,baostock,10,2026-09-07T14:39:18+00:00
513100,2026-02-10,1.851,1.854,1.842,1.844,1.847,153611567,284057452.0,1.622753,-0.1624,1,baostock,10,2026-09-07T14:39:18+00:00
513100,2026-02-11,1.84,1.843,1.839,1.841,1.844,109413202,201427474.0,1.155841,-0.1627,1,baostock,10,2026-09-07T14:39:18+00:00
513100,2026-02-12,1.84,1.847,1.833,1.836,1.841,157497058,289696313.0,1.663799,-0.2716,1,baostock,10,2026-09-07T14:39:18+00:00
513100,2026-02-13,1.81,1.833,1.807,1.83,1.836,224111181,407603920.0,2.367511,-0.3268,1,baostock,10,2026-09-07T14:39:18+00:00
513100,2026-02-24,1.821,1.824,1.81,1.823,1.83,158521100,288055017.0,1.674617,-0.3825,1,baostock,10,2026-09-07T14:39:18+00:00
513100,2026-02-25,1.832,1.837,1.824,1.825,1.823,136757767,250206240.0,1.444709,0.1097,1,baostock,10,2026-09-07T14:39:18+00:00
513100,2026-02-26,1.839,1.841,1.831,1.832,1.825,156080500,286430531.0,1.648835,0.3836,1,baostock,10,2026-09-07T14:39:18+00:00
513100,2026-02-27,1.816,1.823,1.816,1.819,1.832,123430652,224528674.0,1.303922,-0.7096,1,baostock,10,2026-09-07T14:39:18+00:00
513100,2026-03-02,1.804,1.818,1.8,1.802,1.819,192346534,347670471.0,2.031949,-0.9346,1,baostock,10,2026-09-07T14:39:18+00:00
513100,2026-03-03,1.81,1.812,1.783,1.786,1.802,195769900,351630795.0,2.068113,-0.8879,1,baostock,10,2026-09-07T14:39:18+00:00
513100,2026-03-04,1.779,1.783,1.76,1.762,1.786,231173775,409326432.0,2.44212,-1.3438,1,baostock,10,2026-09-07T14:39:18+00:00
513100,2026-03-05,1.79,1.802,1.79,1.8,1.762,271278081,487045711.0,2.865782,2.1566,1,baostock,10,2026-09-07T14:39:18+00:00
513100,2026-03-06,1.794,1.804,1.79,1.801,1.8,127610110,229278472.0,1.348073,0.0556,1,baostock,10,2026-09-07T14:39:18+00:00
513100,2026-03-09,1.748,1.772,1.744,1.756,1.801,330994525,580948578.0,3.496626,-2.4986,1,baostock,10,2026-09-07T14:39:18+00:00
513100,2026-03-10,1.792,1.794,1.786,1.788,1.756,229075300,409837879.0,2.419952,1.8223,1,baostock,10,2026-09-07T14:39:18+00:00
513100,2026-03-11,1.792,1.797,1.79,1.792,1.788,137090801,245850180.0,1.448227,0.2237,1,baostock,10,2026-09-07T14:39:18+00:00
513100,2026-03-12,1.786,1.793,1.778,1.784,1.792,133521000,238225204.0,1.410516,-0.4464,1,baostock,10,2026-09-07T14:39:18+00:00
513100,2026-03-13,1.774,1.774,1.766,1.767,1.784,139943790,247757380.0,1.478366,-0.9529,1,baostock,10,2026-09-07T14:39:18+00:00
513100,2026-03-16,1.763,1.775,1.759,1.774,1.767,183402653,323965664.0,1.937466,0.3962,1,baostock,10,2026-09-07T14:39:18+00:00
513100,2026-03-17,1.776,1.784,1.765,1.768,1.774,149942817,266546120.0,1.583996,-0.3382,1,baostock,10,2026-09-07T14:39:18+00:00
513100,2026-03-18,1.785,1.8,1.781,1.789,1.768,297738416,533140217.0,3.145309,1.1878,1,baostock,10,2026-09-07T14:39:18+00:00
513100,2026-03-19,1.763,1.773,1.76,1.764,1.789,152405000,269180556.0,1.610007,-1.3974,1,baostock,10,2026-09-07T14:39:18+00:00
513100,2026-03-20,1.771,1.771,1.748,1.749,1.764,97082839,170898652.0,1.025583,-0.8503,1,baostock,10,2026-09-07T14:39:18+00:00
513100,2026-03-23,1.725,1.725,1.664,1.68,1.749,612772047,1035878891.0,6.473324,-3.9451,1,baostock,10,2026-09-07T14:39:18+00:00
513100,2026-03-24,1.699,1.729,1.687,1.717,1.68,371638055,631690928.0,3.925985,2.2024,1,baostock,10,2026-09-07T14:39:18+00:00
513100,2026-03-25,1.73,1.736,1.719,1.734,1.717,263435400,455724581.0,2.782932,0.9901,1,baostock,10,2026-09-07T14:39:18+00:00
513100,2026-03-26,1.73,1.737,1.71,1.716,1.734,205267600,353544314.0,2.168447,-1.0381,1,baostock,10,2026-09-07T14:39:18+00:00
513100,2026-03-27,1.692,1.711,1.689,1.708,1.716,213962331,363901756.0,2.260298,-0.4662,1,baostock,10,2026-09-07T14:39:18+00:00
513100,2026-03-30,1.672,1.685,1.666,1.683,1.708,284755714,477196952.0,3.00816,-1.4637,1,baostock,10,2026-09-07T14:39:18+00:00
513100,2026-03-31,1.68,1.693,1.672,1.674,1.683,165562735,278278725.0,1.749005,-0.5348,1,baostock,10,2026-09-07T14:39:18+00:00
513100,2026-04-01,1.724,1.756,1.718,1.752,1.674,396134600,686451168.0,4.184766,4.6595,1,baostock,10,2026-09-07T14:39:18+00:00
513100,2026-04-02,1.745,1.745,1.713,1.721,1.752,246176975,425047494.0,2.600614,-1.7694,1,baostock,10,2026-09-07T14:39:18+00:00
513100,2026-04-03,1.737,1.74,1.728,1.731,1.721,110810550,192016553.0,1.170603,0.5811,1,baostock,10,2026-09-07T14:39:18+00:00
513100,2026-04-07,1.731,1.742,1.729,1.732,1.731,148158165,257262205.0,1.565143,0.0578,1,baostock,10,2026-09-07T14:39:18+00:00
513100,2026-04-08,1.789,1.841,1.788,1.833,1.732,522747331,946950741.0,5.522303,5.8314,1,baostock,10,2026-09-07T14:39:18+00:00
513100,2026-04-09,1.833,1.833,1.78,1.805,1.833,279219939,502925509.0,2.94968,-1.5276,1,baostock,10,2026-09-07T14:39:18+00:00
513100,2026-04-10,1.824,1.84,1.801,1.809,1.805,256660674,468253583.0,2.711364,0.2216,1,baostock,10,2026-09-07T14:39:18+00:00
513100,2026-04-13,1.8,1.803,1.788,1.798,1.809,215060383,386330450.0,2.271898,-0.6081,1,baostock,10,2026-09-07T14:39:18+00:00
513100,2026-04-14,1.833,1.833,1.824,1.825,1.798,172953756,316177233.0,1.827084,1.5017,1,baostock,10,2026-09-07T14:39:18+00:00
513100,2026-04-15,1.856,1.874,1.856,1.864,1.825,304019549,566446479.0,3.211663,2.137,1,baostock,10,2026-09-07T14:39:18+00:00
513100,2026-04-16,1.9,1.912,1.896,1.907,1.864,321938433,612687926.0,3.400958,2.3069,1,baostock,10,2026-09-07T14:39:18+00:00
513100,2026-04-17,1.902,1.903,1.885,1.892,1.907,252215910,477114744.0,2.664409,-0.7866,1,baostock,10,2026-09-07T14:39:18+00:00
513100,2026-04-20,1.9,1.902,1.888,1.89,1.892,228604852,433034701.0,2.414982,-0.1057,1,baostock,10,2026-09-07T14:39:18+00:00
513100,2026-04-21,1.893,1.897,1.875,1.892,1.89,234369426,442159295.0,2.475879,0.1058,1,baostock,10,2026-09-07T14:39:18+00:00
513100,2026-04-22,1.89,1.898,1.884,1.896,1.892,204704591,386916537.0,2.162499,0.2114,1,baostock,10,2026-09-07T14:39:18+00:00
513100,2026-04-23,1.907,1.917,1.897,1.905,1.896,304649830,580436973.0,3.218321,0.4747,1,baostock,10,2026-09-07T14:39:18+00:00
513100,2026-04-24,1.905,1.909,1.901,1.907,1.905,194553831,370705769.0,2.055267,0.105,1,baostock,10,2026-09-07T14:39:18+00:00
513100,2026-04-27,1.93,1.947,1.929,1.945,1.907,402762228,780179801.0,4.254781,1.9927,1,baostock,10,2026-09-07T14:39:18+00:00
513100,2026-04-28,1.945,1.967,1.943,1.963,1.945,349481480,683526736.0,3.691923,0.9254,1,baostock,10,2026-09-07T14:39:18+00:00
513100,2026-04-29,1.951,1.963,1.948,1.962,1.963,265878190,520035186.0,2.808737,-0.0509,1,baostock,10,2026-09-07T14:39:18+00:00
513100,2026-04-30,1.975,1.979,1.955,1.959,1.962,310462491,610815686.0,3.279726,-0.1529,1,baostock,10,2026-09-07T14:39:18+00:00
513100,2026-05-06,2.02,2.029,2.003,2.01,1.959,571654474,1149096914.0,6.038958,2.6034,1,baostock,10,2026-09-07T14:39:18+00:00
513100,2026-05-07,2.03,2.058,2.03,2.054,2.01,615707931,1260065242.0,6.504339,2.1891,1,baostock,10,2026-09-07T14:39:18+00:00
513100,2026-05-08,2.049,2.066,2.04,2.065,2.054,517135178,1059449737.0,5.463016,0.5355,1,baostock,10,2026-09-07T14:39:18+00:00
513100,2026-05-11,2.104,2.11,2.1,2.108,2.065,476494085,1002953532.0,5.033684,2.0823,1,baostock,10,2026-09-07T14:39:18+00:00
513100,2026-05-12,2.098,2.102,2.08,2.081,2.108,490250151,1024079834.0,5.179003,-1.2808,1,baostock,10,2026-09-07T14:39:18+00:00
513100,2026-05-13,2.076,2.098,2.07,2.093,2.081,534695166,1113668847.0,5.64852,0.5766,1,baostock,10,2026-09-07T14:39:18+00:00
513100,2026-05-14,2.116,2.117,2.093,2.105,2.093,431416380,907650113.0,4.557483,0.5733,1,baostock,10,2026-09-07T14:39:18+00:00
513100,2026-05-15,2.107,2.126,2.084,2.1,2.105,691010975,1454988656.0,7.29984,-0.2375,1,baostock,10,2026-09-07T14:39:18+00:00
513100,2026-05-18,2.065,2.09,2.06,2.066,2.1,535178221,1110449474.0,5.653623,-1.619,1,baostock,10,2026-09-07T14:39:18+00:00
513100,2026-05-19,2.058,2.068,2.034,2.047,2.066,515328813,1055785730.0,5.443934,-0.9197,1,baostock,10,2026-09-07T14:39:18+00:00
513100,2026-05-20,2.036,2.06,2.026,2.058,2.047,529847139,1080589250.0,5.597306,0.5374,1,baostock,10,2026-09-07T14:39:18+00:00
513100,2026-05-21,2.085,2.114,2.081,2.103,2.058,630027270,1320517838.0,6.655609,2.1866,1,baostock,10,2026-09-07T14:39:18+00:00
513100,2026-05-22,2.12,2.15,2.12,2.146,2.103,674648323,1442569270.0,7.126985,2.0447,1,baostock,10,2026-09-07T14:39:18+00:00
513100,2026-05-25,2.211,2.27,2.188,2.231,2.146,804739172,1791829837.0,8.501265,3.9609,1,baostock,10,2026-09-07T14:39:18+00:00
513100,2026-05-26,2.231,2.231,2.15,2.185,2.231,470561898,1033840898.0,4.971016,-2.0619,1,baostock,10,2026-09-07T14:39:18+00:00
513100,2026-05-27,2.215,2.242,2.209,2.223,2.185,483697924,1075341617.0,5.109785,1.7391,1,baostock,10,2026-09-07T14:39:18+00:00
513100,2026-05-28,2.226,2.226,2.173,2.214,2.223,370834487,818979762.0,3.917496,-0.4049,1,baostock,10,2026-09-07T14:39:18+00:00
513100,2026-05-29,2.235,2.274,2.235,2.273,2.214,501062136,1131097727.0,5.293221,2.6649,1,baostock,10,2026-09-07T14:39:18+00:00
513100,2026-06-01,2.273,2.386,2.046,2.365,2.273,748938403,1758557924.0,7.911786,4.0475,1,baostock,10,2026-09-07T14:39:18+00:00
513100,2026-06-02,2.355,2.375,2.25,2.343,2.365,589401275,1377066452.0,6.226436,-0.9302,1,baostock,10,2026-09-07T14:39:18+00:00
513100,2026-06-03,2.577,2.577,2.277,2.299,2.343,504705311,1165822545.0,5.331707,-1.8779,1,baostock,10,2026-09-07T14:39:18+00:00
513100,2026-06-04,2.31,2.31,2.229,2.24,2.299,519654002,1166281144.0,5.489625,-2.5663,1,baostock,10,2026-09-07T14:39:18+00:00
513100,2026-06-05,2.202,2.249,2.2,2.205,2.24,491646563,1091973019.0,5.193755,-1.5625,1,baostock,10,2026-09-07T14:39:18+00:00
513100,2026-06-08,2.116,2.157,2.106,2.114,2.205,712907182,1517793773.0,7.531152,-4.127,1,baostock,10,2026-09-07T14:39:18+00:00
513100,2026-06-09,2.15,2.203,2.144,2.2,2.114,694586623,1506541070.0,7.337614,4.0681,1,baostock,10,2026-09-07T14:39:18+00:00
513100,2026-06-10,2.156,2.165,2.131,2.143,2.2,416205879,893109627.0,4.396799,-2.5909,1,baostock,10,2026-09-07T14:39:18+00:00
513100,2026-06-11,2.123,2.131,2.092,2.13,2.143,485997021,1026381699.0,5.134073,-0.6066,1,baostock,10,2026-09-07T14:39:18+00:00
513100,2026-06-12,2.21,2.215,2.158,2.162,2.13,479603021,1051537755.0,5.066527,1.5023,1,baostock,10,2026-09-07T14:39:18+00:00
513100,2026-06-15,2.231,2.26,2.22,2.258,2.162,507286043,1136119824.0,5.35897,4.4403,1,baostock,10,2026-09-07T14:39:18+00:00
513100,2026-06-16,2.264,2.383,2.264,2.28,2.258,326106498,744435531.0,3.444989,0.9743,1,baostock,10,2026-09-07T14:39:18+00:00
513100,2026-06-17,2.251,2.289,2.249,2.279,2.28,324119840,734620176.0,3.424002,-0.0439,1,baostock,10,2026-09-07T14:39:18+00:00
513100,2026-06-18,2.319,2.319,2.24,2.266,2.279,367776779,830489104.0,3.885194,-0.5704,1,baostock,10,2026-09-07T14:39:18+00:00
513100,2026-06-22,2.311,2.311,2.242,2.25,2.266,455292922,1024398276.0,4.809715,-0.7061,1,baostock,10,2026-09-07T14:39:18+00:00
513100,2026-06-23,2.22,2.227,2.169,2.174,2.25,578301834,1270069980.0,6.109181,-3.3778,1,baostock,10,2026-09-07T14:39:18+00:00
513100,2026-06-24,2.154,2.192,2.154,2.187,2.174,530993114,1154702339.0,5.609412,0.598,1,baostock,10,2026-09-07T14:39:18+00:00
513100,2026-06-25,2.204,2.212,2.186,2.208,2.187,338244740,745484452.0,3.573218,0.9602,1,baostock,10,2026-09-07T14:39:18+00:00
513100,2026-06-26,2.206,2.206,2.133,2.158,2.208,301996607,650100247.0,3.190292,-2.2645,1,baostock,10,2026-09-07T14:39:18+00:00
513100,2026-06-29,2.161,2.18,2.147,2.178,2.158,312864807,677408210.0,3.305453,0.9268,1,baostock,10,2026-09-07T14:39:18+00:00
513100,2026-06-30,2.211,2.214,2.2,2.204,2.178,289734795,639505577.0,3.061082,1.1938,1,baostock,10,2026-09-07T14:39:18+00:00
513100,2026-07-01,2.227,2.232,2.204,2.209,2.204,307888913,682631843.0,3.252882,0.2269,1,baostock,10,2026-09-07T14:39:18+00:00
513100,2026-07-02,2.193,2.196,2.155,2.158,2.209,341986971,745157741.0,3.613132,-2.3087,1,baostock,10,2026-09-07T14:39:18+00:00
513100,2026-07-03,2.15,2.175,2.144,2.167,2.158,335613800,726284313.0,3.545799,0.4171,1,baostock,10,2026-09-07T14:39:18+00:00
513100,2026-07-06,2.168,2.175,2.147,2.171,2.167,204496006,441769874.0,2.160524,0.1846,1,baostock,10,2026-09-07T14:39:18+00:00
513100,2026-07-07,2.167,2.176,2.155,2.169,2.171,211812000,458934885.0,2.237819,-0.0921,1,baostock,10,2026-09-07T14:39:18+00:00
513100,2026-07-08,2.161,2.164,2.14,2.141,2.169,191014196,410933339.0,2.018087,-1.2909,1,baostock,10,2026-09-07T14:39:18+00:00
513100,2026-07-09,2.157,2.169,2.147,2.166,2.141,223530850,482350560.0,2.36163,1.1677,1,baostock,10,2026-09-07T14:39:18+00:00
513100,2026-07-10,2.181,2.189,2.171,2.174,2.166,184233741,401729423.0,1.946451,0.3693,1,baostock,10,2026-09-07T14:39:18+00:00
513100,2026-07-13,2.179,2.179,2.162,2.168,2.174,196788700,427107233.0,2.079096,-0.276,1,baostock,10,2026-09-07T14:39:18+00:00
513100,2026-07-14,2.157,2.171,2.136,2.17,2.168,286152576,617117479.0,3.023235,0.0923,1,baostock,10,2026-09-07T14:39:18+00:00
513100,2026-07-15,2.186,2.192,2.176,2.188,2.17,302435305,660671613.0,3.195264,0.8295,1,baostock,10,2026-09-07T14:39:18+00:00
513100,2026-07-16,2.168,2.179,2.164,2.167,2.188,190230546,413194562.0,2.009808,-0.9598,1,baostock,10,2026-09-07T14:39:18+00:00
513100,2026-07-17,2.134,2.135,2.103,2.107,2.167,316657833,670696487.0,3.345527,-2.7688,1,baostock,10,2026-09-07T14:39:18+00:00
513100,2026-07-20,2.107,2.118,2.094,2.096,2.107,171993072,362572160.0,1.817127,-0.5221,1,baostock,10,2026-09-07T14:39:18+00:00
513100,2026-07-21,2.105,2.133,2.1,2.13,2.096,277034439,587261340.0,2.926901,1.6221,1,baostock,10,2026-09-07T14:39:18+00:00
513100,2026-07-22,2.139,2.153,2.126,2.13,2.13,181891835,389535204.0,1.921709,0.0,1,baostock,10,2026-09-07T14:39:18+00:00
513100,2026-07-23,2.143,2.148,2.122,2.131,2.13,142381104,303774392.0,1.504273,0.0469,1,baostock,10,2026-09-07T14:39:18+00:00
513100,2026-07-24,2.1,2.11,2.095,2.104,2.131,143085380,301019967.0,1.511714,-1.267,1,baostock,10,2026-09-07T14:39:18+00:00
513100,2026-07-27,2.105,2.122,2.104,2.118,2.104,145359606,307051370.0,1.535741,0.6654,1,baostock,10,2026-09-07T14:39:18+00:00
513100,2026-07-28,2.09,2.096,2.06,2.068,2.118,123760732,256109955.0,1.307547,-2.3607,1,baostock,10,2026-09-07T14:39:18+00:00
513100,2026-07-29,2.076,2.081,2.059,2.074,2.068,138257200,285841404.0,1.460703,0.2901,1,baostock,10,2026-09-07T14:39:18+00:00
513100,2026-07-30,2.05,2.055,2.035,2.041,2.074,109489592,223409045.0,1.15677,-1.5911,1,baostock,10,2026-09-07T14:39:18+00:00
513100,2026-07-31,2.111,2.119,2.107,2.112,2.041,168780400,356436918.0,1.783185,3.4787,1,baostock,10,2026-09-07T14:39:18+00:00
513100,2026-08-03,2.115,2.132,2.115,2.127,2.112,102227600,217353388.0,1.080047,0.7102,1,baostock,10,2026-09-07T14:39:18+00:00
513100,2026-08-04,2.17,2.193,2.165,2.192,2.127,178782350,389307603.0,1.888856,3.0559,1,baostock,10,2026-09-07T14:39:18+00:00
513100,2026-08-05,2.259,2.268,2.25,2.267,2.192,225439500,509292413.0,2.381795,3.4215,1,baostock,10,2026-09-07T14:39:18+00:00
513100,2026-08-06,2.243,2.246,2.234,2.244,2.267,190753692,427162029.0,2.015335,-1.0146,1,baostock,10,2026-09-07T14:39:18+00:00
513100,2026-08-07,2.244,2.274,2.238,2.266,2.244,199149133,448594131.0,2.104034,0.9804,1,baostock,10,2026-09-07T14:39:18+00:00
513100,2026-08-10,2.28,2.292,2.26,2.261,2.266,192799017,438310384.0,2.036944,-0.2207,1,baostock,10,2026-09-07T14:39:18+00:00
513100,2026-08-11,2.235,2.245,2.212,2.215,2.261,191635574,426988932.0,2.024652,-2.0345,1,baostock,10,2026-09-07T14:39:18+00:00
513100,2026-08-12,2.211,2.231,2.203,2.226,2.215,136582700,303278765.0,1.443012,0.4966,1,baostock,10,2026-09-07T14:39:18+00:00
513100,2026-08-13,2.235,2.244,2.224,2.226,2.226,130087302,290744504.0,1.374388,0.0,1,baostock,10,2026-09-07T14:39:18+00:00
513100,2026-08-14,2.257,2.265,2.247,2.264,2.226,163090410,368068849.0,1.723069,1.7071,1,baostock,10,2026-09-07T14:39:18+00:00
513100,2026-08-17,2.264,2.274,2.262,2.274,2.264,153535728,348272378.0,1.622123,0.4417,1,baostock,10,2026-09-07T14:39:18+00:00
513100,2026-08-18,2.243,2.247,2.234,2.239,2.274,111550928,249761026.0,1.178549,-1.5391,1,baostock,10,2026-09-07T14:39:18+00:00
513100,2026-08-19,2.197,2.2,2.185,2.2,2.239,161880420,354981207.0,1.710286,-1.7418,1,baostock,10,2026-09-07T14:39:18+00:00
513100,2026-08-20,2.217,2.223,2.21,2.212,2.2,86163500,190993874.0,0.910327,0.5455,1,baostock,10,2026-09-07T14:39:18+00:00
513100,2026-08-21,2.195,2.2,2.187,2.195,2.212,136707400,299752862.0,1.44433,-0.7685,1,baostock,10,2026-09-07T14:39:18+00:00
513100,2026-08-24,2.19,2.191,2.164,2.166,2.195,144499332,314261068.0,1.526652,-1.3212,1,baostock,10,2026-09-07T14:39:18+00:00
513100,2026-08-25,2.159,2.209,2.154,2.195,2.166,253651800,553824482.0,2.679861,1.3389,1,baostock,10,2026-09-07T14:39:18+00:00
513100,2026-08-26,2.196,2.209,2.196,2.203,2.195,120221300,264990842.0,1.270152,0.3645,1,baostock,10,2026-09-07T14:39:18+00:00
513100,2026-08-27,2.228,2.231,2.22,2.229,2.203,127407528,283759001.0,1.346075,1.1802,1,baostock,10,2026-09-07T14:39:18+00:00
513100,2026-08-28,2.244,2.247,2.229,2.235,2.229,108671134,243076831.0,1.148123,0.2692,1,baostock,10,2026-09-07T14:39:18+00:00
513100,2026-08-31,2.207,2.229,2.198,2.223,2.235,133235483,294969761.0,1.407648,-0.5369,1,baostock,10,2026-09-07T14:39:18+00:00
513100,2026-09-01,2.218,2.245,2.213,2.233,2.223,143902167,321201259.0,1.520343,0.4498,1,baostock,10,2026-09-07T14:39:18+00:00
513100,2026-09-02,2.204,2.214,2.191,2.195,2.233,121684084,268184485.0,1.285607,-1.7017,1,baostock,10,2026-09-07T14:39:18+00:00
513100,2026-09-03,2.201,2.208,2.193,2.196,2.195,116546526,256484483.0,1.231328,0.0456,1,baostock,10,2026-09-07T14:39:18+00:00
513100,2026-09-04,2.225,2.231,2.221,2.222,2.196,128083712,284996263.0,1.353219,1.184,1,baostock,10,2026-09-07T14:39:18+00:00
513100,2026-09-07,2.229,2.238,2.228,2.236,2.222,113815256,254128901.0,1.202471,0.6301,1,baostock,10,2026-09-07T14:39:18+00:00
513110,2026-01-05,2.136,2.156,2.128,2.154,2.126,78250176,167955106.0,3.836856,1.317,1,baostock,10,2026-09-07T14:39:51+00:00
513110,2026-01-06,2.154,2.156,2.143,2.156,2.154,73750700,158704256.0,3.61092,0.0929,1,baostock,10,2026-09-07T14:39:51+00:00
513110,2026-01-07,2.163,2.165,2.152,2.152,2.156,53303200,115031643.0,2.605959,-0.1855,1,baostock,10,2026-09-07T14:39:51+00:00
513110,2026-01-08,2.15,2.153,2.137,2.139,2.152,68260200,146372726.0,3.33231,-0.6041,1,baostock,10,2026-09-07T14:39:51+00:00
513110,2026-01-09,2.136,2.143,2.127,2.139,2.139,54452482,116296210.0,2.656951,0.0,1,baostock,10,2026-09-07T14:39:51+00:00
513110,2026-01-12,2.14,2.142,2.132,2.138,2.139,78008364,166704258.0,3.804479,-0.0468,1,baostock,10,2026-09-07T14:39:51+00:00
513110,2026-01-13,2.139,2.159,2.134,2.157,2.138,74428500,159642515.0,3.628119,0.8887,1,baostock,10,2026-09-07T14:39:51+00:00
513110,2026-01-14,2.153,2.153,2.14,2.141,2.157,65576998,140527823.0,3.195083,-0.7418,1,baostock,10,2026-09-07T14:39:51+00:00
513110,2026-01-15,2.129,2.148,2.125,2.145,2.141,78988698,168591383.0,3.846662,0.1868,1,baostock,10,2026-09-07T14:39:51+00:00
513110,2026-01-16,2.145,2.15,2.135,2.139,2.145,41952977,89847573.0,2.042069,-0.2797,1,baostock,10,2026-09-07T14:39:51+00:00
513110,2026-01-19,2.114,2.13,2.112,2.12,2.139,51135200,108407085.0,2.487804,-0.8883,1,baostock,10,2026-09-07T14:39:51+00:00
513110,2026-01-20,2.121,2.122,2.103,2.105,2.12,61024982,128829271.0,2.968957,-0.7075,1,baostock,10,2026-09-07T14:39:51+00:00
513110,2026-01-21,2.102,2.102,2.078,2.096,2.105,80325900,168104293.0,3.906075,-0.4276,1,baostock,10,2026-09-07T14:39:51+00:00
513110,2026-01-22,2.119,2.137,2.118,2.131,2.096,79075080,168362080.0,3.843382,1.6698,1,baostock,10,2026-09-07T14:39:51+00:00
513110,2026-01-23,2.134,2.138,2.121,2.124,2.131,56600400,120506103.0,2.749681,-0.3285,1,baostock,10,2026-09-07T14:39:51+00:00
513110,2026-01-26,2.118,2.118,2.105,2.107,2.124,60116369,126759927.0,2.919071,-0.8004,1,baostock,10,2026-09-07T14:39:51+00:00
513110,2026-01-27,2.124,2.139,2.119,2.134,2.107,63904502,136125740.0,3.101505,1.2814,1,baostock,10,2026-09-07T14:39:51+00:00
513110,2026-01-28,2.149,2.157,2.147,2.155,2.134,62262500,133997278.0,3.020347,0.9841,1,baostock,10,2026-09-07T14:39:51+00:00
513110,2026-01-29,2.143,2.148,2.136,2.139,2.155,63234000,135384603.0,3.065988,-0.7425,1,baostock,10,2026-09-07T14:39:51+00:00
513110,2026-01-30,2.124,2.132,2.11,2.122,2.139,67436431,143020108.0,3.268164,-0.7948,1,baostock,10,2026-09-07T14:39:51+00:00
513110,2026-02-02,2.1,2.108,2.066,2.071,2.122,103619917,216793836.0,5.019287,-2.4034,1,baostock,10,2026-09-07T14:39:51+00:00
513110,2026-02-03,2.109,2.119,2.101,2.118,2.071,52871808,111662878.0,2.559839,2.2694,1,baostock,10,2026-09-07T14:39:51+00:00
513110,2026-02-04,2.088,2.103,2.076,2.102,2.118,41846524,87315839.0,2.025059,-0.7554,1,baostock,10,2026-09-07T14:39:51+00:00
513110,2026-02-05,2.078,2.083,2.064,2.079,2.102,62807200,130283820.0,3.037929,-1.0942,1,baostock,10,2026-09-07T14:39:51+00:00
513110,2026-02-06,2.03,2.054,2.027,2.041,2.079,72032988,147128423.0,3.482487,-1.8278,1,baostock,10,2026-09-07T14:39:51+00:00
513110,2026-02-09,2.082,2.085,2.077,2.084,2.041,39312406,81867264.0,1.899669,2.1068,1,baostock,10,2026-09-07T14:39:51+00:00
513110,2026-02-10,2.091,2.095,2.086,2.087,2.084,24817700,51859282.0,1.198671,0.144,1,baostock,10,2026-09-07T14:39:51+00:00
513110,2026-02-11,2.084,2.091,2.079,2.089,2.087,20384800,42491610.0,0.984091,0.0958,1,baostock,10,2026-09-07T14:39:51+00:00
513110,2026-02-12,2.089,2.095,2.073,2.079,2.089,39513700,82296743.0,1.906632,-0.4787,1,baostock,10,2026-09-07T14:39:51+00:00
513110,2026-02-13,2.046,2.07,2.043,2.069,2.079,65097578,133790942.0,3.139601,-0.481,1,baostock,10,2026-09-07T14:39:51+00:00
513110,2026-02-24,2.059,2.064,2.043,2.055,2.069,32375756,66399868.0,1.560702,-0.6767,1,baostock,10,2026-09-07T14:39:51+00:00
513110,2026-02-25,2.07,2.073,2.059,2.061,2.055,30153127,62241644.0,1.452858,0.292,1,baostock,10,2026-09-07T14:39:51+00:00
513110,2026-02-26,2.075,2.08,2.068,2.069,2.061,57107500,118380342.0,2.750267,0.3882,1,baostock,10,2026-09-07T14:39:51+00:00
513110,2026-02-27,2.054,2.057,2.046,2.05,2.069,58199000,119266263.0,2.801484,-0.9183,1,baostock,10,2026-09-07T14:39:51+00:00
513110,2026-03-02,2.034,2.041,2.023,2.026,2.05,58734500,119348571.0,2.8259,-1.1707,1,baostock,10,2026-09-07T14:39:51+00:00
513110,2026-03-03,2.036,2.037,2.012,2.014,2.026,61523557,124554671.0,2.958667,-0.5923,1,baostock,10,2026-09-07T14:39:51+00:00
513110,2026-03-04,2.002,2.018,1.992,1.994,2.014,54856700,110019078.0,2.63679,-0.993,1,baostock,10,2026-09-07T14:39:51+00:00
513110,2026-03-05,2.03,2.04,2.021,2.036,1.994,57596024,117094889.0,2.767131,2.1063,1,baostock,10,2026-09-07T14:39:51+00:00
513110,2026-03-06,2.03,2.04,2.024,2.038,2.036,37553758,76345400.0,1.803358,0.0982,1,baostock,10,2026-09-07T14:39:51+00:00
513110,2026-03-09,1.987,1.995,1.974,1.99,2.038,103303300,204841664.0,4.958316,-2.3553,1,baostock,10,2026-09-07T14:39:51+00:00
513110,2026-03-10,2.023,2.035,2.018,2.03,1.99,72789300,147600971.0,3.49204,2.0101,1,baostock,10,2026-09-07T14:39:51+00:00
513110,2026-03-11,2.035,2.042,2.03,2.032,2.03,38135500,77628265.0,1.828659,0.0985,1,baostock,10,2026-09-07T14:39:51+00:00
513110,2026-03-12,2.017,2.025,2.014,2.021,2.032,52860900,106703234.0,2.533551,-0.5413,1,baostock,10,2026-09-07T14:39:51+00:00
513110,2026-03-13,2.009,2.009,1.998,2.0,2.021,43564629,87237321.0,2.086993,-1.0391,1,baostock,10,2026-09-07T14:39:51+00:00
513110,2026-03-16,1.998,2.01,1.99,2.009,2.0,54032354,107962054.0,2.587217,0.45,1,baostock,10,2026-09-07T14:39:51+00:00
513110,2026-03-17,2.013,2.016,1.998,1.998,2.009,39553500,79520525.0,1.893024,-0.5475,1,baostock,10,2026-09-07T14:39:51+00:00
513110,2026-03-18,2.017,2.03,2.013,2.025,1.998,47949300,96958348.0,2.293747,1.3514,1,baostock,10,2026-09-07T14:39:51+00:00
513110,2026-03-19,1.996,2.005,1.983,1.987,2.025,45263900,90234447.0,2.164251,-1.8765,1,baostock,10,2026-09-07T14:39:51+00:00
513110,2026-03-20,1.987,1.993,1.974,1.975,1.987,23941200,47559011.0,1.144179,-0.6039,1,baostock,10,2026-09-07T14:39:51+00:00
513110,2026-03-23,1.932,1.953,1.893,1.901,1.975,84147400,161170419.0,4.019585,-3.7468,1,baostock,10,2026-09-07T14:39:51+00:00
513110,2026-03-24,1.934,1.958,1.918,1.952,1.901,57880300,111585043.0,2.763528,2.6828,1,baostock,10,2026-09-07T14:39:51+00:00
513110,2026-03-25,1.955,1.97,1.953,1.965,1.952,74634672,146410530.0,3.561775,0.666,1,baostock,10,2026-09-07T14:39:51+00:00
513110,2026-03-26,1.965,1.968,1.944,1.947,1.965,37512800,73356174.0,1.789361,-0.916,1,baostock,10,2026-09-07T14:39:51+00:00
513110,2026-03-27,1.918,1.937,1.913,1.933,1.947,80191600,154356253.0,3.823318,-0.7191,1,baostock,10,2026-09-07T14:39:51+00:00
513110,2026-03-30,1.89,1.903,1.882,1.902,1.933,88112600,166717706.0,4.198967,-1.6037,1,baostock,10,2026-09-07T14:39:51+00:00
513110,2026-03-31,1.895,1.906,1.884,1.887,1.902,72206400,136708318.0,3.439325,-0.7886,1,baostock,10,2026-09-07T14:39:51+00:00
513110,2026-04-01,1.937,1.972,1.936,1.968,1.887,82620800,161082803.0,3.933509,4.2925,1,baostock,10,2026-09-07T14:39:51+00:00
513110,2026-04-02,1.952,1.954,1.935,1.939,1.968,60980700,118485885.0,2.90186,-1.4736,1,baostock,10,2026-09-07T14:39:51+00:00
513110,2026-04-03,1.958,1.961,1.944,1.945,1.939,28684700,55946850.0,1.364356,0.3094,1,baostock,10,2026-09-07T14:39:51+00:00
513110,2026-04-07,1.953,1.957,1.95,1.952,1.945,25899500,50576936.0,1.231881,0.3599,1,baostock,10,2026-09-07T14:39:51+00:00
513110,2026-04-08,2.022,2.046,2.011,2.045,1.952,88605432,179980935.0,4.212416,4.7643,1,baostock,10,2026-09-07T14:39:51+00:00
513110,2026-04-09,2.024,2.036,2.012,2.026,2.045,41454830,83947360.0,1.969879,-0.9291,1,baostock,10,2026-09-07T14:39:51+00:00
513110,2026-04-10,2.041,2.053,2.033,2.038,2.026,44323605,90718553.0,2.105199,0.5923,1,baostock,10,2026-09-07T14:39:51+00:00
513110,2026-04-13,2.028,2.035,2.021,2.028,2.038,66544783,134873704.0,3.159119,-0.4907,1,baostock,10,2026-09-07T14:39:51+00:00
513110,2026-04-14,2.068,2.068,2.06,2.064,2.028,39534000,81571918.0,1.87593,1.7751,1,baostock,10,2026-09-07T14:39:51+00:00
513110,2026-04-15,2.095,2.11,2.094,2.1,2.064,59396750,124781333.0,2.817101,1.7442,1,baostock,10,2026-09-07T14:39:51+00:00
513110,2026-04-16,2.131,2.144,2.13,2.143,2.1,84789014,181345905.0,4.019513,2.0476,1,baostock,10,2026-09-07T14:39:51+00:00
513110,2026-04-17,2.14,2.141,2.125,2.128,2.143,52079526,110967653.0,2.467715,-0.7,1,baostock,10,2026-09-07T14:39:51+00:00
513110,2026-04-20,2.138,2.141,2.128,2.13,2.128,81113271,173049018.0,3.841618,0.094,1,baostock,10,2026-09-07T14:39:51+00:00
513110,2026-04-21,2.138,2.139,2.125,2.133,2.13,68762339,146554510.0,3.255122,0.1408,1,baostock,10,2026-09-07T14:39:51+00:00
513110,2026-04-22,2.131,2.145,2.127,2.141,2.133,54279400,115794628.0,2.568302,0.3751,1,baostock,10,2026-09-07T14:39:51+00:00
513110,2026-04-23,2.16,2.165,2.143,2.15,2.141,57095895,122856833.0,2.700291,0.4204,1,baostock,10,2026-09-07T14:39:51+00:00
513110,2026-04-24,2.153,2.159,2.148,2.157,2.15,53925000,116179134.0,2.549121,0.3256,1,baostock,10,2026-09-07T14:39:51+00:00
513110,2026-04-27,2.182,2.198,2.182,2.196,2.157,76978900,168770968.0,3.637197,1.8081,1,baostock,10,2026-09-07T14:39:51+00:00
513110,2026-04-28,2.197,2.204,2.193,2.197,2.196,94781600,208429963.0,4.476246,0.0455,1,baostock,10,2026-09-07T14:39:51+00:00
513110,2026-04-29,2.186,2.194,2.18,2.188,2.197,134651700,294519555.0,6.356187,-0.4096,1,baostock,10,2026-09-07T14:39:51+00:00
513110,2026-04-30,2.207,2.213,1.969,2.196,2.188,110529081,242676706.0,5.215026,0.3656,1,baostock,10,2026-09-07T14:39:51+00:00
513110,2026-05-06,2.259,2.273,2.252,2.27,2.196,172707331,390836969.0,8.144901,3.3698,1,baostock,10,2026-09-07T14:39:51+00:00
513110,2026-05-07,2.299,2.316,2.297,2.315,2.27,121769101,280954336.0,5.73994,1.9824,1,baostock,10,2026-09-07T14:39:51+00:00
513110,2026-05-08,2.31,2.323,2.301,2.318,2.315,105884100,244525249.0,4.988803,0.1296,1,baostock,10,2026-09-07T14:39:51+00:00
513110,2026-05-11,2.359,2.38,2.355,2.378,2.318,147650000,349951311.0,6.953356,2.5884,1,baostock,10,2026-09-07T14:39:51+00:00
513110,2026-05-12,2.371,2.372,2.343,2.348,2.378,137613600,324141995.0,6.477656,-1.2616,1,baostock,10,2026-09-07T14:39:51+00:00
513110,2026-05-13,2.337,2.364,2.334,2.36,2.348,206397600,484469609.0,9.71084,0.5111,1,baostock,10,2026-09-07T14:39:51+00:00
513110,2026-05-14,2.385,2.388,2.363,2.371,2.36,140317200,333058336.0,6.598706,0.4661,1,baostock,10,2026-09-07T14:39:51+00:00
513110,2026-05-15,2.371,2.382,2.344,2.355,2.371,164087896,388138933.0,7.712945,-0.6748,1,baostock,10,2026-09-07T14:39:51+00:00
513110,2026-05-18,2.32,2.337,2.308,2.312,2.355,145441600,337724313.0,6.833265,-1.8259,1,baostock,10,2026-09-07T14:39:51+00:00
513110,2026-05-19,2.311,2.316,2.29,2.306,2.312,111160926,255642255.0,5.220208,-0.2595,1,baostock,10,2026-09-07T14:39:51+00:00
513110,2026-05-20,2.294,2.318,2.282,2.317,2.306,123450900,283319001.0,5.794633,0.477,1,baostock,10,2026-09-07T14:39:51+00:00
513110,2026-05-21,2.346,2.366,2.339,2.346,2.317,176287300,414728407.0,8.270827,1.2516,1,baostock,10,2026-09-07T14:39:51+00:00
513110,2026-05-22,2.364,2.38,2.363,2.379,2.346,108724400,257945958.0,5.098603,1.4066,1,baostock,10,2026-09-07T14:39:51+00:00
513110,2026-05-25,2.439,2.481,2.423,2.477,2.379,197273458,483315093.0,9.246753,4.1194,1,baostock,10,2026-09-07T14:39:51+00:00
513110,2026-05-26,2.463,2.476,2.433,2.442,2.477,134214978,329201826.0,6.291027,-1.413,1,baostock,10,2026-09-07T14:39:51+00:00
513110,2026-05-27,2.474,2.494,2.472,2.49,2.442,135597000,336935681.0,6.352829,1.9656,1,baostock,10,2026-09-07T14:39:51+00:00
513110,2026-05-28,2.48,2.485,2.431,2.468,2.49,131467600,323852132.0,6.156479,-0.8835,1,baostock,10,2026-09-07T14:39:51+00:00
513110,2026-05-29,2.497,2.541,2.488,2.54,2.468,143755392,361885939.0,6.728751,2.9173,1,baostock,10,2026-09-07T14:39:51+00:00
513110,2026-06-01,2.56,2.662,2.56,2.649,2.54,333827224,871335605.0,15.618123,4.2913,1,baostock,10,2026-09-07T14:39:51+00:00
513110,2026-06-02,2.648,2.648,2.544,2.602,2.649,211976181,552074438.0,9.912678,-1.7743,1,baostock,10,2026-09-07T14:39:51+00:00
513110,2026-06-03,2.63,2.63,2.535,2.563,2.602,200367522,517051146.0,9.365441,-1.4988,1,baostock,10,2026-09-07T14:39:51+00:00
513110,2026-06-04,2.516,2.535,2.486,2.499,2.563,269504546,674047673.0,12.591111,-2.4971,1,baostock,10,2026-09-07T14:39:51+00:00
513110,2026-06-05,2.458,2.5,2.45,2.463,2.499,178594185,442052723.0,8.33993,-1.4406,1,baostock,10,2026-09-07T14:39:51+00:00
513110,2026-06-08,2.35,2.396,2.347,2.367,2.463,230462200,546898222.0,10.757022,-3.8977,1,baostock,10,2026-09-07T14:39:51+00:00
513110,2026-06-09,2.404,2.463,2.4,2.456,2.367,183294639,444855472.0,8.551444,3.76,1,baostock,10,2026-09-07T14:39:51+00:00
513110,2026-06-10,2.408,2.417,2.377,2.389,2.456,156817987,375199645.0,7.312788,-2.728,1,baostock,10,2026-09-07T14:39:51+00:00
513110,2026-06-11,2.365,2.377,2.33,2.367,2.389,186503928,438576740.0,8.693059,-0.9209,1,baostock,10,2026-09-07T14:39:51+00:00
513110,2026-06-12,2.449,2.45,2.401,2.405,2.367,168562232,409922676.0,7.853125,1.6054,1,baostock,10,2026-09-07T14:39:51+00:00
513110,2026-06-15,2.479,2.511,2.469,2.508,2.405,166566971,415166168.0,7.756555,4.2827,1,baostock,10,2026-09-07T14:39:51+00:00
513110,2026-06-16,2.537,2.558,2.531,2.543,2.508,195649525,497736658.0,9.106607,1.3955,1,baostock,10,2026-09-07T14:39:51+00:00
513110,2026-06-17,2.512,2.548,2.502,2.544,2.543,166429814,420520359.0,7.742956,0.0393,1,baostock,10,2026-09-07T14:39:51+00:00
513110,2026-06-18,2.533,2.535,2.502,2.531,2.544,197399201,498125094.0,9.179501,-0.511,1,baostock,10,2026-09-07T14:39:51+00:00
513110,2026-06-22,2.551,2.558,2.511,2.536,2.531,176132377,446417880.0,8.186739,0.1976,1,baostock,10,2026-09-07T14:39:51+00:00
513110,2026-06-23,2.507,2.51,2.448,2.454,2.536,178612514,442389581.0,8.298161,-3.2334,1,baostock,10,2026-09-07T14:39:51+00:00
513110,2026-06-24,2.432,2.474,2.431,2.469,2.454,158363985,388858708.0,7.354017,0.6112,1,baostock,10,2026-09-07T14:39:51+00:00
513110,2026-06-25,2.489,2.504,2.469,2.5,2.469,132540986,329840251.0,6.152007,1.2556,1,baostock,10,2026-09-07T14:39:51+00:00
513110,2026-06-26,2.456,2.457,2.407,2.434,2.5,168188163,409030607.0,7.80298,-2.64,1,baostock,10,2026-09-07T14:39:51+00:00
513110,2026-06-29,2.432,2.451,2.425,2.446,2.434,124021748,302257784.0,5.75124,0.493,1,baostock,10,2026-09-07T14:39:51+00:00
513110,2026-06-30,2.478,2.488,2.472,2.481,2.446,164035053,406808847.0,7.603244,1.4309,1,baostock,10,2026-09-07T14:39:51+00:00
513110,2026-07-01,2.508,2.512,2.484,2.494,2.481,123539544,308533928.0,5.72357,0.524,1,baostock,10,2026-09-07T14:39:51+00:00
513110,2026-07-02,2.479,2.479,2.433,2.437,2.494,103202172,253732879.0,4.779128,-2.2855,1,baostock,10,2026-09-07T14:39:51+00:00
513110,2026-07-03,2.426,2.455,2.417,2.445,2.437,116961924,285651472.0,5.413814,0.3283,1,baostock,10,2026-09-07T14:39:51+00:00
513110,2026-07-06,2.446,2.452,2.417,2.45,2.445,130193300,317065489.0,6.026254,0.2045,1,baostock,10,2026-09-07T14:39:51+00:00
513110,2026-07-07,2.438,2.45,2.427,2.438,2.45,92297900,225102237.0,4.270214,-0.4898,1,baostock,10,2026-09-07T14:39:51+00:00
513110,2026-07-08,2.426,2.43,2.405,2.405,2.438,65506500,158458392.0,3.029293,-1.3536,1,baostock,10,2026-09-07T14:39:51+00:00
513110,2026-07-09,2.42,2.441,2.41,2.439,2.405,61022331,147885444.0,2.820622,1.4137,1,baostock,10,2026-09-07T14:39:51+00:00
513110,2026-07-10,2.451,2.461,2.438,2.44,2.439,62419200,152913995.0,2.883857,0.041,1,baostock,10,2026-09-07T14:39:51+00:00
513110,2026-07-13,2.425,2.442,2.42,2.422,2.44,69550800,169041866.0,3.211863,-0.7377,1,baostock,10,2026-09-07T14:39:51+00:00
513110,2026-07-14,2.414,2.438,2.392,2.436,2.422,69311900,167256220.0,3.199353,0.578,1,baostock,10,2026-09-07T14:39:51+00:00
513110,2026-07-15,2.453,2.463,2.441,2.46,2.436,48387500,118714960.0,2.232478,0.9852,1,baostock,10,2026-09-07T14:39:51+00:00
513110,2026-07-16,2.439,2.446,2.43,2.435,2.46,59662472,145436276.0,2.751407,-1.0163,1,baostock,10,2026-09-07T14:39:51+00:00
513110,2026-07-17,2.393,2.408,2.348,2.352,2.435,110600200,261731566.0,5.098111,-3.4086,1,baostock,10,2026-09-07T14:39:51+00:00
513110,2026-07-20,2.356,2.369,2.35,2.352,2.352,72087992,169992823.0,3.321361,0.0,1,baostock,10,2026-09-07T14:39:51+00:00
513110,2026-07-21,2.362,2.397,2.356,2.396,2.352,69331500,164946942.0,3.192889,1.8707,1,baostock,10,2026-09-07T14:39:51+00:00
513110,2026-07-22,2.4,2.413,2.389,2.39,2.396,53182800,127866456.0,2.448073,-0.2504,1,baostock,10,2026-09-07T14:39:51+00:00
513110,2026-07-23,2.404,2.404,2.383,2.389,2.39,51770400,123855326.0,2.381962,-0.0418,1,baostock,10,2026-09-07T14:39:51+00:00
513110,2026-07-24,2.353,2.363,2.35,2.357,2.389,51080700,120359523.0,2.349148,-1.3395,1,baostock,10,2026-09-07T14:39:51+00:00
513110,2026-07-27,2.357,2.379,2.356,2.376,2.357,49939724,118317193.0,2.29562,0.8061,1,baostock,10,2026-09-07T14:39:51+00:00
513110,2026-07-28,2.327,2.339,2.3,2.309,2.376,87766600,203099008.0,4.032585,-2.8199,1,baostock,10,2026-09-07T14:39:51+00:00
513110,2026-07-29,2.312,2.317,2.294,2.316,2.309,97777600,225345848.0,4.490495,0.3032,1,baostock,10,2026-09-07T14:39:51+00:00
513110,2026-07-30,2.293,2.299,2.268,2.278,2.316,108647700,247689041.0,4.98742,-1.6408,1,baostock,10,2026-09-07T14:39:51+00:00
513110,2026-07-31,2.367,2.373,2.352,2.364,2.278,109275372,258456619.0,5.013931,3.7752,1,baostock,10,2026-09-07T14:39:51+00:00
513110,2026-08-03,2.367,2.385,2.366,2.375,2.364,68994406,163871868.0,3.16425,0.4653,1,baostock,10,2026-09-07T14:39:51+00:00
513110,2026-08-04,2.416,2.446,2.413,2.444,2.375,100458854,244327653.0,4.605173,2.9053,1,baostock,10,2026-09-07T14:39:51+00:00
513110,2026-08-05,2.536,2.536,2.513,2.529,2.444,125139796,316073280.0,5.733953,3.4779,1,baostock,10,2026-09-07T14:39:51+00:00
513110,2026-08-06,2.49,2.501,2.477,2.494,2.529,87306745,217401406.0,3.998596,-1.3839,1,baostock,10,2026-09-07T14:39:51+00:00
513110,2026-08-07,2.498,2.508,2.485,2.504,2.494,94678793,236140122.0,4.334246,0.401,1,baostock,10,2026-09-07T14:39:51+00:00
513110,2026-08-10,2.531,2.541,2.503,2.52,2.504,111712129,282111145.0,5.111666,0.639,1,baostock,10,2026-09-07T14:39:51+00:00
513110,2026-08-11,2.51,2.515,2.484,2.484,2.52,62721941,156524546.0,2.868685,-1.4286,1,baostock,10,2026-09-07T14:39:51+00:00
513110,2026-08-12,2.473,2.498,2.469,2.496,2.484,47295452,117561014.0,2.162142,0.4831,1,baostock,10,2026-09-07T14:39:51+00:00
513110,2026-08-13,2.5,2.515,2.497,2.499,2.496,67721700,169661707.0,3.094526,0.1202,1,baostock,10,2026-09-07T14:39:51+00:00
513110,2026-08-14,2.523,2.54,2.523,2.54,2.499,97635400,247270701.0,4.459388,1.6407,1,baostock,10,2026-09-07T14:39:51+00:00
513110,2026-08-17,2.542,2.553,2.535,2.551,2.54,76466328,194601269.0,3.49092,0.4331,1,baostock,10,2026-09-07T14:39:51+00:00
513110,2026-08-18,2.532,2.535,2.506,2.51,2.551,79836495,200944545.0,3.643115,-1.6072,1,baostock,10,2026-09-07T14:39:51+00:00
513110,2026-08-19,2.482,2.482,2.448,2.459,2.51,98023720,241181539.0,4.470998,-2.0319,1,baostock,10,2026-09-07T14:39:51+00:00
513110,2026-08-20,2.48,2.487,2.475,2.477,2.459,51284600,127181318.0,2.338095,0.732,1,baostock,10,2026-09-07T14:39:51+00:00
513110,2026-08-21,2.45,2.476,2.439,2.465,2.477,93589100,229608205.0,4.264838,-0.4845,1,baostock,10,2026-09-07T14:39:51+00:00
513110,2026-08-24,2.468,2.479,2.436,2.439,2.465,43725900,107172516.0,1.991674,-1.0548,1,baostock,10,2026-09-07T14:39:51+00:00
513110,2026-08-25,2.428,2.47,2.422,2.465,2.439,96521898,236366696.0,4.39448,1.066,1,baostock,10,2026-09-07T14:39:51+00:00
513110,2026-08-26,2.452,2.472,2.446,2.465,2.465,117181000,288393644.0,5.332626,0.0,1,baostock,10,2026-09-07T14:39:51+00:00
513110,2026-08-27,2.484,2.498,2.484,2.495,2.465,77476020,193160823.0,3.524144,1.217,1,baostock,10,2026-09-07T14:39:51+00:00
513110,2026-08-28,2.518,2.519,2.492,2.493,2.495,68411700,171471656.0,3.110422,-0.0802,1,baostock,10,2026-09-07T14:39:51+00:00
513110,2026-08-31,2.465,2.487,2.456,2.485,2.493,61068905,150715415.0,2.775311,-0.3209,1,baostock,10,2026-09-07T14:39:51+00:00
513110,2026-09-01,2.485,2.497,2.476,2.487,2.485,68579800,170470187.0,3.115232,0.0805,1,baostock,10,2026-09-07T14:39:51+00:00
513110,2026-09-02,2.455,2.456,2.44,2.442,2.487,92973038,227657830.0,4.221375,-1.8094,1,baostock,10,2026-09-07T14:39:51+00:00
513110,2026-09-03,2.454,2.459,2.441,2.447,2.442,60243926,147691963.0,2.734091,0.2048,1,baostock,10,2026-09-07T14:39:51+00:00
513110,2026-09-04,2.48,2.494,2.478,2.491,2.447,56439822,140279243.0,2.560285,1.7981,1,baostock,10,2026-09-07T14:39:51+00:00
513110,2026-09-07,2.488,2.508,2.488,2.505,2.491,59979400,150018174.0,2.719618,0.562,1,baostock,10,2026-09-07T14:39:51+00:00
513300,2026-01-05,2.318,2.348,2.315,2.346,2.31,145383951,339399304.0,2.846106,1.5584,1,baostock,10,2026-09-07T14:40:20+00:00
513300,2026-01-06,2.346,2.359,2.331,2.351,2.346,180477165,423987630.0,3.532589,0.2131,1,baostock,10,2026-09-07T14:40:20+00:00
513300,2026-01-07,2.359,2.36,2.344,2.346,2.351,89708038,210919688.0,1.755652,-0.2127,1,baostock,10,2026-09-07T14:40:20+00:00
513300,2026-01-08,2.35,2.352,2.333,2.336,2.346,78262115,183294306.0,1.531422,-0.4263,1,baostock,10,2026-09-07T14:40:20+00:00
513300,2026-01-09,2.33,2.336,2.317,2.333,2.336,121669958,283059425.0,2.380471,-0.1284,1,baostock,10,2026-09-07T14:40:20+00:00
513300,2026-01-12,2.335,2.335,2.318,2.32,2.333,171064400,397715118.0,3.346382,-0.5572,1,baostock,10,2026-09-07T14:40:20+00:00
513300,2026-01-13,2.322,2.342,2.315,2.34,2.32,164656880,382913535.0,3.220565,0.8621,1,baostock,10,2026-09-07T14:40:20+00:00
513300,2026-01-14,2.338,2.338,2.322,2.326,2.34,132096120,307264135.0,2.583322,-0.5983,1,baostock,10,2026-09-07T14:40:20+00:00
513300,2026-01-15,2.31,2.329,2.304,2.321,2.326,131108700,303604448.0,2.563635,-0.215,1,baostock,10,2026-09-07T14:40:20+00:00
513300,2026-01-16,2.322,2.33,2.315,2.328,2.321,117838300,273596948.0,2.303815,0.3016,1,baostock,10,2026-09-07T14:40:20+00:00
513300,2026-01-19,2.306,2.312,2.302,2.305,2.328,98837200,227970144.0,1.932048,-0.988,1,baostock,10,2026-09-07T14:40:20+00:00
513300,2026-01-20,2.308,2.308,2.277,2.284,2.305,107535100,246368168.0,2.102072,-0.9111,1,baostock,10,2026-09-07T14:40:20+00:00
513300,2026-01-21,2.272,2.284,2.248,2.271,2.284,136832473,310793046.0,2.674379,-0.5692,1,baostock,10,2026-09-07T14:40:20+00:00
513300,2026-01-22,2.304,2.313,2.275,2.309,2.271,142612702,328915143.0,2.786944,1.6733,1,baostock,10,2026-09-07T14:40:20+00:00
513300,2026-01-23,2.316,2.317,2.298,2.299,2.309,120136400,277061714.0,2.347367,-0.4331,1,baostock,10,2026-09-07T14:40:20+00:00
513300,2026-01-26,2.291,2.292,2.275,2.282,2.299,127097400,290092408.0,2.483016,-0.7395,1,baostock,10,2026-09-07T14:40:20+00:00
513300,2026-01-27,2.298,2.314,2.293,2.307,2.282,146636700,337994103.0,2.864322,1.0955,1,baostock,10,2026-09-07T14:40:20+00:00
513300,2026-01-28,2.321,2.344,2.321,2.34,2.307,171944300,401145178.0,3.358175,1.4304,1,baostock,10,2026-09-07T14:40:20+00:00
513300,2026-01-29,2.335,2.335,2.312,2.325,2.34,99695384,231682991.0,1.946825,-0.641,1,baostock,10,2026-09-07T14:40:20+00:00
513300,2026-01-30,2.301,2.312,2.295,2.297,2.325,180765300,416209924.0,3.52942,-1.2043,1,baostock,10,2026-09-07T14:40:20+00:00
513300,2026-02-02,2.274,2.283,2.237,2.241,2.297,251315986,567129271.0,4.906195,-2.438,1,baostock,10,2026-09-07T14:40:20+00:00
513300,2026-02-03,2.284,2.298,2.278,2.296,2.241,158834897,363456383.0,3.100324,2.4543,1,baostock,10,2026-09-07T14:40:20+00:00
513300,2026-02-04,2.254,2.279,2.254,2.278,2.296,114852400,259888504.0,2.241494,-0.784,1,baostock,10,2026-09-07T14:40:20+00:00
513300,2026-02-05,2.254,2.26,2.243,2.257,2.278,134724600,303396562.0,2.628941,-0.9219,1,baostock,10,2026-09-07T14:40:20+00:00
513300,2026-02-06,2.218,2.226,2.206,2.219,2.257,225903197,500533963.0,4.407505,-1.6837,1,baostock,10,2026-09-07T14:40:20+00:00
513300,2026-02-09,2.26,2.264,2.254,2.261,2.219,175539046,396317600.0,3.42437,1.8927,1,baostock,10,2026-09-07T14:40:20+00:00
513300,2026-02-10,2.267,2.268,2.26,2.26,2.261,109206395,247235677.0,2.130058,-0.0442,1,baostock,10,2026-09-07T14:40:20+00:00
513300,2026-02-11,2.258,2.258,2.248,2.253,2.26,74359007,167634305.0,1.450152,-0.3097,1,baostock,10,2026-09-07T14:40:20+00:00
513300,2026-02-12,2.25,2.263,2.244,2.253,2.253,134985774,303978393.0,2.632112,0.0,1,baostock,10,2026-09-07T14:40:20+00:00
513300,2026-02-13,2.216,2.245,2.214,2.244,2.253,132257156,294606287.0,2.578529,-0.3995,1,baostock,10,2026-09-07T14:40:20+00:00
513300,2026-02-24,2.23,2.23,2.21,2.226,2.244,122390856,271837831.0,2.385823,-0.8021,1,baostock,10,2026-09-07T14:40:20+00:00
513300,2026-02-25,2.239,2.241,2.222,2.223,2.226,105703556,235813919.0,2.060229,-0.1348,1,baostock,10,2026-09-07T14:40:20+00:00
513300,2026-02-26,2.235,2.24,2.23,2.232,2.223,166096800,371127372.0,3.236858,0.4049,1,baostock,10,2026-09-07T14:40:20+00:00
513300,2026-02-27,2.215,2.216,2.209,2.21,2.232,136149000,301168806.0,2.652854,-0.9857,1,baostock,10,2026-09-07T14:40:20+00:00
513300,2026-03-02,2.199,2.2,2.182,2.183,2.21,170552572,373892646.0,3.32272,-1.2217,1,baostock,10,2026-09-07T14:40:20+00:00
513300,2026-03-03,2.196,2.197,2.177,2.177,2.183,175482717,384270083.0,3.41827,-0.2749,1,baostock,10,2026-09-07T14:40:20+00:00
513300,2026-03-04,2.171,2.187,2.157,2.159,2.177,129831500,281936890.0,2.528649,-0.8268,1,baostock,10,2026-09-07T14:40:20+00:00
513300,2026-03-05,2.2,2.22,2.197,2.215,2.159,191511100,423057933.0,3.729401,2.5938,1,baostock,10,2026-09-07T14:40:20+00:00
513300,2026-03-06,2.212,2.219,2.191,2.215,2.215,101915330,225179675.0,1.984363,0.0,1,baostock,10,2026-09-07T14:40:20+00:00
513300,2026-03-09,2.15,2.17,2.144,2.163,2.215,247931000,534042287.0,4.826686,-2.3476,1,baostock,10,2026-09-07T14:40:20+00:00
513300,2026-03-10,2.198,2.211,2.198,2.203,2.163,156103353,344098453.0,3.038555,1.8493,1,baostock,10,2026-09-07T14:40:20+00:00
513300,2026-03-11,2.206,2.214,2.204,2.204,2.203,95757357,211387634.0,1.863647,0.0454,1,baostock,10,2026-09-07T14:40:20+00:00
513300,2026-03-12,2.192,2.197,2.185,2.192,2.204,107471301,235350686.0,2.09132,-0.5445,1,baostock,10,2026-09-07T14:40:20+00:00
513300,2026-03-13,2.17,2.177,2.168,2.17,2.192,118090300,256578849.0,2.297624,-1.0036,1,baostock,10,2026-09-07T14:40:20+00:00
513300,2026-03-16,2.168,2.181,2.161,2.179,2.17,107043300,232433026.0,2.082384,0.4147,1,baostock,10,2026-09-07T14:40:20+00:00
513300,2026-03-17,2.185,2.187,2.163,2.167,2.179,109284589,238281860.0,2.125675,-0.5507,1,baostock,10,2026-09-07T14:40:20+00:00
513300,2026-03-18,2.185,2.205,2.181,2.198,2.167,215501338,472581761.0,4.191067,1.4305,1,baostock,10,2026-09-07T14:40:20+00:00
513300,2026-03-19,2.166,2.174,2.155,2.157,2.198,176424100,381977792.0,3.430593,-1.8653,1,baostock,10,2026-09-07T14:40:20+00:00
513300,2026-03-20,2.164,2.165,2.137,2.138,2.157,137800500,296542363.0,2.67916,-0.8809,1,baostock,10,2026-09-07T14:40:20+00:00
513300,2026-03-23,2.1,2.103,2.054,2.066,2.138,339792749,706268903.0,6.605394,-3.3676,1,baostock,10,2026-09-07T14:40:20+00:00
513300,2026-03-24,2.096,2.122,2.082,2.113,2.066,215078942,450047743.0,4.180413,2.2749,1,baostock,10,2026-09-07T14:40:20+00:00
513300,2026-03-25,2.125,2.137,2.121,2.131,2.113,144380699,307508437.0,2.805867,0.8519,1,baostock,10,2026-09-07T14:40:20+00:00
513300,2026-03-26,2.128,2.137,2.114,2.116,2.131,108755200,231289557.0,2.11322,-0.7039,1,baostock,10,2026-09-07T14:40:20+00:00
513300,2026-03-27,2.089,2.11,2.082,2.106,2.116,148205500,310699613.0,2.879358,-0.4726,1,baostock,10,2026-09-07T14:40:20+00:00
513300,2026-03-30,2.06,2.076,2.053,2.075,2.106,190321271,392928682.0,3.697051,-1.472,1,baostock,10,2026-09-07T14:40:20+00:00
513300,2026-03-31,2.075,2.082,2.051,2.054,2.075,212155467,437631744.0,4.120587,-1.012,1,baostock,10,2026-09-07T14:40:20+00:00
513300,2026-04-01,2.113,2.139,2.106,2.137,2.054,309330778,656314298.0,6.007098,4.0409,1,baostock,10,2026-09-07T14:40:20+00:00
513300,2026-04-02,2.119,2.121,2.098,2.102,2.137,160574500,338424677.0,3.117848,-1.6378,1,baostock,10,2026-09-07T14:40:20+00:00
513300,2026-04-03,2.12,2.13,2.114,2.116,2.102,86980400,184440457.0,1.688638,0.666,1,baostock,10,2026-09-07T14:40:20+00:00
513300,2026-04-07,2.114,2.128,2.112,2.119,2.116,80217498,170127898.0,1.557343,0.1418,1,baostock,10,2026-09-07T14:40:20+00:00
513300,2026-04-08,2.195,2.225,2.188,2.221,2.119,303450502,669252830.0,5.890332,4.8136,1,baostock,10,2026-09-07T14:40:20+00:00
513300,2026-04-09,2.187,2.213,2.187,2.2,2.221,166809621,367227706.0,3.2375,-0.9455,1,baostock,10,2026-09-07T14:40:20+00:00
513300,2026-04-10,2.219,2.235,2.205,2.209,2.2,188149495,418028769.0,3.65114,0.4091,1,baostock,10,2026-09-07T14:40:20+00:00
513300,2026-04-13,2.2,2.207,2.19,2.202,2.209,135928900,298592889.0,2.637388,-0.3169,1,baostock,10,2026-09-07T14:40:20+00:00
513300,2026-04-14,2.239,2.245,2.235,2.241,2.202,135558400,303658568.0,2.629817,1.7711,1,baostock,10,2026-09-07T14:40:20+00:00
513300,2026-04-15,2.282,2.29,2.27,2.275,2.241,163938569,373879356.0,3.179926,1.5172,1,baostock,10,2026-09-07T14:40:20+00:00
513300,2026-04-16,2.309,2.336,2.309,2.335,2.275,206083168,478665906.0,3.996826,2.6374,1,baostock,10,2026-09-07T14:40:20+00:00
513300,2026-04-17,2.33,2.33,2.313,2.317,2.335,146738999,340297567.0,2.845477,-0.7709,1,baostock,10,2026-09-07T14:40:20+00:00
513300,2026-04-20,2.331,2.331,2.313,2.318,2.317,148030093,343677921.0,2.870096,0.0432,1,baostock,10,2026-09-07T14:40:20+00:00
513300,2026-04-21,2.323,2.328,2.308,2.319,2.318,113413300,262602156.0,2.198605,0.0431,1,baostock,10,2026-09-07T14:40:20+00:00
513300,2026-04-22,2.319,2.327,2.311,2.325,2.319,124067482,287540768.0,2.404795,0.2587,1,baostock,10,2026-09-07T14:40:20+00:00
513300,2026-04-23,2.338,2.342,2.322,2.331,2.325,206615778,481796007.0,4.004243,0.2581,1,baostock,10,2026-09-07T14:40:20+00:00
513300,2026-04-24,2.338,2.338,2.328,2.335,2.331,139313304,325148261.0,2.699519,0.1716,1,baostock,10,2026-09-07T14:40:20+00:00
513300,2026-04-27,2.367,2.382,2.363,2.378,2.335,220698500,523994965.0,4.275925,1.8415,1,baostock,10,2026-09-07T14:40:20+00:00
513300,2026-04-28,2.377,2.392,2.374,2.389,2.378,190069329,453644760.0,3.681965,0.4626,1,baostock,10,2026-09-07T14:40:20+00:00
513300,2026-04-29,2.38,2.392,2.37,2.385,2.389,158498700,377455569.0,3.069942,-0.1674,1,baostock,10,2026-09-07T14:40:20+00:00
513300,2026-04-30,2.403,2.412,2.378,2.386,2.385,191551400,458572203.0,3.709597,0.0419,1,baostock,10,2026-09-07T14:40:20+00:00
513300,2026-05-06,2.456,2.466,2.45,2.464,2.386,291192697,715777605.0,5.638438,3.2691,1,baostock,10,2026-09-07T14:40:20+00:00
513300,2026-05-07,2.496,2.519,2.494,2.518,2.464,285747088,715810564.0,5.53219,2.1916,1,baostock,10,2026-09-07T14:40:20+00:00
513300,2026-05-08,2.512,2.526,2.498,2.521,2.518,242131900,607724129.0,4.6871,0.1191,1,baostock,10,2026-09-07T14:40:20+00:00
513300,2026-05-11,2.562,2.579,2.562,2.577,2.521,264010658,678965426.0,5.109879,2.2213,1,baostock,10,2026-09-07T14:40:20+00:00
513300,2026-05-12,2.569,2.571,2.545,2.546,2.577,205632700,525505419.0,3.979407,-1.2029,1,baostock,10,2026-09-07T14:40:20+00:00
513300,2026-05-13,2.539,2.567,2.533,2.566,2.546,213740470,545177399.0,4.135708,0.7855,1,baostock,10,2026-09-07T14:40:20+00:00
513300,2026-05-14,2.593,2.597,2.563,2.572,2.566,248870000,641168774.0,4.814738,0.2338,1,baostock,10,2026-09-07T14:40:20+00:00
513300,2026-05-15,2.574,2.582,2.535,2.548,2.572,378109401,968309187.0,7.313994,-0.9331,1,baostock,10,2026-09-07T14:40:20+00:00
513300,2026-05-18,2.511,2.526,2.492,2.5,2.548,345035374,865846726.0,6.673255,-1.8838,1,baostock,10,2026-09-07T14:40:20+00:00
513300,2026-05-19,2.493,2.504,2.478,2.499,2.5,291879400,726425498.0,5.644358,-0.04,1,baostock,10,2026-09-07T14:40:20+00:00
513300,2026-05-20,2.485,2.517,2.476,2.516,2.499,267010110,665050343.0,5.162687,0.6803,1,baostock,10,2026-09-07T14:40:20+00:00
513300,2026-05-21,2.545,2.566,2.534,2.551,2.516,308594640,787668664.0,5.965866,1.3911,1,baostock,10,2026-09-07T14:40:20+00:00
513300,2026-05-22,2.57,2.587,2.565,2.585,2.551,268753400,693039819.0,5.194887,1.3328,1,baostock,10,2026-09-07T14:40:20+00:00
513300,2026-05-25,2.659,2.703,2.639,2.688,2.585,436762204,1162590474.0,8.441202,3.9845,1,baostock,10,2026-09-07T14:40:20+00:00
513300,2026-05-26,2.668,2.692,2.64,2.656,2.688,251041797,669135498.0,4.851826,-1.1905,1,baostock,10,2026-09-07T14:40:20+00:00
513300,2026-05-27,2.689,2.712,2.688,2.703,2.656,259038500,699608929.0,5.005651,1.7696,1,baostock,10,2026-09-07T14:40:20+00:00
513300,2026-05-28,2.693,2.698,2.644,2.683,2.703,243882584,653230649.0,4.712096,-0.7399,1,baostock,10,2026-09-07T14:40:20+00:00
513300,2026-05-29,2.705,2.765,2.704,2.757,2.683,338353743,927626189.0,6.536442,2.7581,1,baostock,10,2026-09-07T14:40:20+00:00
513300,2026-06-01,2.776,2.878,2.776,2.865,2.757,550769216,1557667094.0,10.63842,3.9173,1,baostock,10,2026-09-07T14:40:20+00:00
513300,2026-06-02,2.9,2.9,2.751,2.83,2.865,356398847,1007340092.0,6.883049,-1.2216,1,baostock,10,2026-09-07T14:40:20+00:00
513300,2026-06-03,2.83,2.844,2.759,2.791,2.83,315002567,880092693.0,6.082691,-1.3781,1,baostock,10,2026-09-07T14:40:20+00:00
513300,2026-06-04,2.746,2.762,2.711,2.724,2.791,285401683,779455096.0,5.510301,-2.4006,1,baostock,10,2026-09-07T14:40:20+00:00
513300,2026-06-05,2.68,2.749,2.675,2.687,2.724,217807410,589571799.0,4.204637,-1.3583,1,baostock,10,2026-09-07T14:40:20+00:00
513300,2026-06-08,2.568,2.61,2.568,2.581,2.687,334862846,866999299.0,6.463385,-3.9449,1,baostock,10,2026-09-07T14:40:20+00:00
513300,2026-06-09,2.621,2.688,2.619,2.687,2.581,280766550,744817048.0,5.418456,4.1069,1,baostock,10,2026-09-07T14:40:20+00:00
513300,2026-06-10,2.636,2.636,2.597,2.607,2.687,262895500,687040242.0,5.072832,-2.9773,1,baostock,10,2026-09-07T14:40:20+00:00
513300,2026-06-11,2.58,2.605,2.535,2.584,2.607,432794843,1108268265.0,8.350001,-0.8822,1,baostock,10,2026-09-07T14:40:20+00:00
513300,2026-06-12,2.671,2.679,2.612,2.619,2.584,310897643,823945506.0,5.997345,1.3545,1,baostock,10,2026-09-07T14:40:20+00:00
513300,2026-06-15,2.702,2.731,2.691,2.73,2.619,377826758,1023996624.0,7.287382,4.2383,1,baostock,10,2026-09-07T14:40:20+00:00
513300,2026-06-16,2.764,2.795,2.754,2.761,2.73,408300494,1130218903.0,7.874009,1.1355,1,baostock,10,2026-09-07T14:40:20+00:00
513300,2026-06-17,2.727,2.766,2.721,2.761,2.761,294893651,809269562.0,5.686154,0.0,1,baostock,10,2026-09-07T14:40:20+00:00
513300,2026-06-18,2.754,2.758,2.714,2.752,2.761,290186744,796069788.0,5.594586,-0.326,1,baostock,10,2026-09-07T14:40:20+00:00
513300,2026-06-22,2.756,2.776,2.726,2.746,2.752,180194734,493824786.0,3.473519,-0.218,1,baostock,10,2026-09-07T14:40:20+00:00
513300,2026-06-23,2.71,2.711,2.65,2.657,2.746,310890197,833239811.0,5.992,-3.2411,1,baostock,10,2026-09-07T14:40:20+00:00
513300,2026-06-24,2.634,2.682,2.631,2.681,2.657,250519640,666923609.0,4.827739,0.9033,1,baostock,10,2026-09-07T14:40:20+00:00
513300,2026-06-25,2.707,2.72,2.681,2.718,2.681,208233072,563169349.0,4.012259,1.3801,1,baostock,10,2026-09-07T14:40:20+00:00
513300,2026-06-26,2.676,2.676,2.622,2.65,2.718,244526907,647373675.0,4.710892,-2.5018,1,baostock,10,2026-09-07T14:40:20+00:00
513300,2026-06-29,2.652,2.671,2.642,2.668,2.65,157245175,418140505.0,3.028943,0.6792,1,baostock,10,2026-09-07T14:40:20+00:00
513300,2026-06-30,2.703,2.719,2.696,2.704,2.668,167643160,453800145.0,3.228768,1.3493,1,baostock,10,2026-09-07T14:40:20+00:00
513300,2026-07-01,2.733,2.743,2.701,2.71,2.704,134352028,365607000.0,2.587215,0.2219,1,baostock,10,2026-09-07T14:40:20+00:00
513300,2026-07-02,2.695,2.695,2.656,2.657,2.71,145514710,390019874.0,2.800152,-1.9557,1,baostock,10,2026-09-07T14:40:20+00:00
513300,2026-07-03,2.643,2.677,2.634,2.669,2.657,152707467,406429222.0,2.938139,0.4516,1,baostock,10,2026-09-07T14:40:20+00:00
513300,2026-07-06,2.671,2.685,2.641,2.677,2.669,117225102,311995603.0,2.255447,0.2997,1,baostock,10,2026-09-07T14:40:20+00:00
513300,2026-07-07,2.672,2.683,2.655,2.668,2.677,176446500,471175625.0,3.394396,-0.3362,1,baostock,10,2026-09-07T14:40:20+00:00
513300,2026-07-08,2.66,2.663,2.63,2.631,2.668,93162036,246825519.0,1.791949,-1.3868,1,baostock,10,2026-09-07T14:40:20+00:00
513300,2026-07-09,2.656,2.674,2.64,2.67,2.631,106020500,281338144.0,2.038985,1.4823,1,baostock,10,2026-09-07T14:40:20+00:00
513300,2026-07-10,2.69,2.699,2.673,2.674,2.67,102937534,276558977.0,1.979408,0.1498,1,baostock,10,2026-09-07T14:40:20+00:00
513300,2026-07-13,2.673,2.678,2.647,2.653,2.674,100128000,266444204.0,1.925105,-0.7853,1,baostock,10,2026-09-07T14:40:20+00:00
513300,2026-07-14,2.635,2.66,2.617,2.66,2.653,125761538,331927647.0,2.417598,0.2639,1,baostock,10,2026-09-07T14:40:20+00:00
513300,2026-07-15,2.68,2.698,2.676,2.689,2.66,119311434,320278573.0,2.291951,1.0902,1,baostock,10,2026-09-07T14:40:20+00:00
513300,2026-07-16,2.667,2.684,2.656,2.661,2.689,103431476,276266455.0,1.98547,-1.0413,1,baostock,10,2026-09-07T14:40:20+00:00
513300,2026-07-17,2.62,2.625,2.555,2.567,2.661,292309714,754584449.0,5.607138,-3.5325,1,baostock,10,2026-09-07T14:40:20+00:00
513300,2026-07-20,2.568,2.59,2.555,2.556,2.567,119138256,306312776.0,2.283689,-0.4285,1,baostock,10,2026-09-07T14:40:20+00:00
513300,2026-07-21,2.57,2.61,2.562,2.609,2.556,174651388,451855566.0,3.345382,2.0736,1,baostock,10,2026-09-07T14:40:20+00:00
513300,2026-07-22,2.615,2.633,2.598,2.599,2.609,145857586,381712014.0,2.791842,-0.3833,1,baostock,10,2026-09-07T14:40:20+00:00
513300,2026-07-23,2.611,2.616,2.595,2.6,2.599,107248200,279327852.0,2.051352,0.0385,1,baostock,10,2026-09-07T14:40:20+00:00
513300,2026-07-24,2.559,2.578,2.557,2.568,2.6,95089082,244221382.0,1.817479,-1.2308,1,baostock,10,2026-09-07T14:40:20+00:00
513300,2026-07-27,2.572,2.593,2.572,2.591,2.568,90369520,233440454.0,1.726035,0.8956,1,baostock,10,2026-09-07T14:40:20+00:00
513300,2026-07-28,2.536,2.547,2.507,2.516,2.591,157470402,398463414.0,3.005492,-2.8946,1,baostock,10,2026-09-07T14:40:20+00:00
513300,2026-07-29,2.524,2.53,2.485,2.529,2.516,162546482,408378809.0,3.100156,0.5167,1,baostock,10,2026-09-07T14:40:20+00:00
513300,2026-07-30,2.51,2.513,2.476,2.486,2.529,194435900,484390374.0,3.705714,-1.7003,1,baostock,10,2026-09-07T14:40:20+00:00
513300,2026-07-31,2.581,2.592,2.571,2.578,2.486,235367999,607585431.0,4.482627,3.7007,1,baostock,10,2026-09-07T14:40:20+00:00
513300,2026-08-03,2.584,2.598,2.58,2.593,2.578,115607079,299372273.0,2.200187,0.5818,1,baostock,10,2026-09-07T14:40:20+00:00
513300,2026-08-04,2.633,2.671,2.633,2.665,2.593,182780062,485390041.0,3.476115,2.7767,1,baostock,10,2026-09-07T14:40:20+00:00
513300,2026-08-05,2.742,2.758,2.737,2.748,2.665,154121200,423073218.0,2.928991,3.1144,1,baostock,10,2026-09-07T14:40:20+00:00
513300,2026-08-06,2.71,2.72,2.692,2.712,2.748,138516016,374936689.0,2.630548,-1.31,1,baostock,10,2026-09-07T14:40:20+00:00
513300,2026-08-07,2.712,2.729,2.702,2.725,2.712,123088184,333948410.0,2.335896,0.4794,1,baostock,10,2026-09-07T14:40:20+00:00
513300,2026-08-10,2.75,2.76,2.72,2.734,2.725,108797821,297932858.0,2.063233,0.3303,1,baostock,10,2026-09-07T14:40:20+00:00
513300,2026-08-11,2.73,2.73,2.691,2.693,2.734,103703791,280730964.0,1.965233,-1.4996,1,baostock,10,2026-09-07T14:40:20+00:00
513300,2026-08-12,2.686,2.707,2.678,2.705,2.693,89124196,239970915.0,1.687744,0.4456,1,baostock,10,2026-09-07T14:40:20+00:00
513300,2026-08-13,2.713,2.727,2.705,2.708,2.705,101442085,275372834.0,1.919644,0.1109,1,baostock,10,2026-09-07T14:40:20+00:00
513300,2026-08-14,2.736,2.753,2.736,2.751,2.708,153945058,422494615.0,2.911121,1.5879,1,baostock,10,2026-09-07T14:40:20+00:00
513300,2026-08-17,2.752,2.765,2.745,2.761,2.751,135283972,372884936.0,2.556425,0.3635,1,baostock,10,2026-09-07T14:40:20+00:00
513300,2026-08-18,2.74,2.747,2.712,2.719,2.761,143979663,392482288.0,2.718818,-1.5212,1,baostock,10,2026-09-07T14:40:20+00:00
513300,2026-08-19,2.689,2.689,2.658,2.669,2.719,138089555,368552669.0,2.605748,-1.8389,1,baostock,10,2026-09-07T14:40:20+00:00
513300,2026-08-20,2.69,2.698,2.683,2.685,2.669,100102215,269300450.0,1.887592,0.5995,1,baostock,10,2026-09-07T14:40:20+00:00
513300,2026-08-21,2.657,2.669,2.645,2.664,2.685,136196406,362103017.0,2.566392,-0.7821,1,baostock,10,2026-09-07T14:40:20+00:00
513300,2026-08-24,2.665,2.671,2.63,2.63,2.664,136348617,360769209.0,2.567446,-1.2763,1,baostock,10,2026-09-07T14:40:20+00:00
513300,2026-08-25,2.62,2.681,2.616,2.671,2.63,192083808,509704502.0,3.614388,1.5589,1,baostock,10,2026-09-07T14:40:20+00:00
513300,2026-08-26,2.661,2.691,2.651,2.681,2.671,147222777,394691199.0,2.768297,0.3744,1,baostock,10,2026-09-07T14:40:20+00:00
513300,2026-08-27,2.703,2.723,2.697,2.71,2.681,153406154,416130351.0,2.882533,1.0817,1,baostock,10,2026-09-07T14:40:20+00:00
513300,2026-08-28,2.72,2.73,2.71,2.71,2.71,67541715,183582914.0,1.268229,0.0,1,baostock,10,2026-09-07T14:40:20+00:00
513300,2026-08-31,2.674,2.702,2.662,2.694,2.71,89018903,238756771.0,1.67033,-0.5904,1,baostock,10,2026-09-07T14:40:20+00:00
513300,2026-09-01,2.694,2.707,2.68,2.7,2.694,117392169,315946064.0,2.20117,0.2227,1,baostock,10,2026-09-07T14:40:20+00:00
513300,2026-09-02,2.661,2.672,2.651,2.655,2.7,142938701,380204884.0,2.678299,-1.6667,1,baostock,10,2026-09-07T14:40:20+00:00
513300,2026-09-03,2.672,2.675,2.652,2.655,2.655,94228500,250869157.0,1.764357,0.0,1,baostock,10,2026-09-07T14:40:20+00:00
513300,2026-09-04,2.692,2.698,2.685,2.692,2.655,127276561,342647506.0,2.381485,1.3936,1,baostock,10,2026-09-07T14:40:20+00:00
513300,2026-09-07,2.691,2.713,2.688,2.708,2.692,120677480,326282841.0,2.256425,0.5944,1,baostock,10,2026-09-07T14:40:20+00:00
513390,2026-01-05,2.108,2.132,2.108,2.131,2.107,21502000,45657315.0,1.200975,1.1391,1,baostock,10,2026-09-07T14:40:47+00:00
513390,2026-01-06,2.134,2.137,2.118,2.129,2.131,18179400,38674640.0,1.015394,-0.0939,1,baostock,10,2026-09-07T14:40:47+00:00
513390,2026-01-07,2.14,2.14,2.118,2.122,2.129,19848100,42191475.0,1.108598,-0.3288,1,baostock,10,2026-09-07T14:40:47+00:00
513390,2026-01-08,2.121,2.122,2.103,2.104,2.122,21504900,45356393.0,1.201137,-0.8483,1,baostock,10,2026-09-07T14:40:47+00:00
513390,2026-01-09,2.097,2.113,2.093,2.107,2.104,20247900,42552194.0,1.130928,0.1426,1,baostock,10,2026-09-07T14:40:47+00:00
513390,2026-01-12,2.106,2.106,2.088,2.101,2.107,20946300,43984118.0,1.169937,-0.2848,1,baostock,10,2026-09-07T14:40:47+00:00
513390,2026-01-13,2.103,2.116,2.093,2.115,2.101,30691619,64566574.0,1.714253,0.6663,1,baostock,10,2026-09-07T14:40:47+00:00
513390,2026-01-14,2.111,2.111,2.1,2.105,2.115,24226980,50942538.0,1.353176,-0.4728,1,baostock,10,2026-09-07T14:40:47+00:00
513390,2026-01-15,2.09,2.105,2.089,2.102,2.105,28191000,59079761.0,1.574583,-0.1425,1,baostock,10,2026-09-07T14:40:47+00:00
513390,2026-01-16,2.102,2.105,2.094,2.098,2.102,20536700,43096493.0,1.147059,-0.1903,1,baostock,10,2026-09-07T14:40:47+00:00
513390,2026-01-19,2.083,2.088,2.077,2.078,2.098,24300200,50542248.0,1.357266,-0.9533,1,baostock,10,2026-09-07T14:40:47+00:00
513390,2026-01-20,2.077,2.08,2.06,2.062,2.078,19356193,40022937.0,1.081123,-0.77,1,baostock,10,2026-09-07T14:40:47+00:00
513390,2026-01-21,2.05,2.062,2.026,2.058,2.062,29043900,59549504.0,1.622221,-0.194,1,baostock,10,2026-09-07T14:40:47+00:00
513390,2026-01-22,2.08,2.089,2.079,2.084,2.058,29197300,60830551.0,1.630789,1.2634,1,baostock,10,2026-09-07T14:40:47+00:00
513390,2026-01-23,2.088,2.09,2.073,2.076,2.084,21153293,44026317.0,1.181498,-0.3839,1,baostock,10,2026-09-07T14:40:47+00:00
513390,2026-01-26,2.071,2.074,2.059,2.06,2.076,14046800,28980427.0,0.784571,-0.7707,1,baostock,10,2026-09-07T14:40:47+00:00
513390,2026-01-27,2.073,2.088,2.072,2.081,2.06,24845500,51722197.0,1.387723,1.0194,1,baostock,10,2026-09-07T14:40:47+00:00
513390,2026-01-28,2.099,2.103,2.092,2.101,2.081,24837700,52145308.0,1.387287,0.9611,1,baostock,10,2026-09-07T14:40:47+00:00
513390,2026-01-29,2.09,2.098,2.083,2.093,2.101,21268600,44434993.0,1.187938,-0.3808,1,baostock,10,2026-09-07T14:40:47+00:00
513390,2026-01-30,2.076,2.081,2.067,2.075,2.093,26003400,53920627.0,1.452396,-0.86,1,baostock,10,2026-09-07T14:40:47+00:00
513390,2026-02-02,2.061,2.061,2.026,2.029,2.075,34213700,69905953.0,1.910975,-2.2169,1,baostock,10,2026-09-07T14:40:47+00:00
513390,2026-02-03,2.061,2.069,2.054,2.067,2.029,28479493,58749952.0,1.590696,1.8728,1,baostock,10,2026-09-07T14:40:47+00:00
513390,2026-02-04,2.038,2.054,2.032,2.054,2.067,15584790,31800077.0,0.870474,-0.6289,1,baostock,10,2026-09-07T14:40:47+00:00
513390,2026-02-05,2.039,2.039,2.023,2.032,2.054,22217481,45082123.0,1.240937,-1.0711,1,baostock,10,2026-09-07T14:40:47+00:00
513390,2026-02-06,1.998,2.005,1.991,2.002,2.032,21190800,42333716.0,1.183593,-1.4764,1,baostock,10,2026-09-07T14:40:47+00:00
513390,2026-02-09,2.038,2.04,2.033,2.035,2.002,18497006,37651146.0,1.033133,1.6484,1,baostock,10,2026-09-07T14:40:47+00:00
513390,2026-02-10,2.041,2.043,2.034,2.035,2.035,9996900,20385169.0,0.558368,0.0,1,baostock,10,2026-09-07T14:40:47+00:00
513390,2026-02-11,2.034,2.037,2.029,2.037,2.035,10188400,20721322.0,0.569064,0.0983,1,baostock,10,2026-09-07T14:40:47+00:00
513390,2026-02-12,2.034,2.042,2.032,2.034,2.037,10699500,21785125.0,0.597611,-0.1473,1,baostock,10,2026-09-07T14:40:47+00:00
513390,2026-02-13,1.997,2.027,1.997,2.026,2.034,15776340,31751471.0,0.881173,-0.3933,1,baostock,10,2026-09-07T14:40:47+00:00
513390,2026-02-24,2.018,2.018,2.001,2.009,2.026,14092900,28288852.0,0.787146,-0.8391,1,baostock,10,2026-09-07T14:40:47+00:00
513390,2026-02-25,2.021,2.025,2.01,2.011,2.009,9584100,19326943.0,0.535311,0.0996,1,baostock,10,2026-09-07T14:40:47+00:00
513390,2026-02-26,2.032,2.032,2.022,2.027,2.011,13079900,26503105.0,0.730566,0.7956,1,baostock,10,2026-09-07T14:40:47+00:00
513390,2026-02-27,2.013,2.013,2.005,2.008,2.027,17523800,35194488.0,0.978776,-0.9373,1,baostock,10,2026-09-07T14:40:47+00:00
513390,2026-03-02,1.999,1.999,1.983,1.984,2.008,20318500,40484145.0,1.134871,-1.1952,1,baostock,10,2026-09-07T14:40:47+00:00
513390,2026-03-03,1.993,1.997,1.969,1.971,1.984,15096865,29949616.0,0.843222,-0.6552,1,baostock,10,2026-09-07T14:40:47+00:00
513390,2026-03-04,1.967,1.973,1.946,1.947,1.971,24714200,48377283.0,1.380389,-1.2177,1,baostock,10,2026-09-07T14:40:47+00:00
513390,2026-03-05,1.976,1.991,1.976,1.989,1.947,30678600,60902312.0,1.713525,2.1572,1,baostock,10,2026-09-07T14:40:47+00:00
513390,2026-03-06,1.982,1.992,1.979,1.992,1.989,16344100,32445578.0,0.912885,0.1508,1,baostock,10,2026-09-07T14:40:47+00:00
513390,2026-03-09,1.943,1.949,1.931,1.946,1.992,28918520,56062442.0,1.615218,-2.3092,1,baostock,10,2026-09-07T14:40:47+00:00
513390,2026-03-10,1.979,1.985,1.976,1.979,1.946,30576965,60525829.0,1.707849,1.6958,1,baostock,10,2026-09-07T14:40:47+00:00
513390,2026-03-11,1.984,1.991,1.98,1.983,1.979,19882600,39460584.0,1.110525,0.2021,1,baostock,10,2026-09-07T14:40:47+00:00
513390,2026-03-12,1.972,1.976,1.967,1.973,1.983,25213790,49692255.0,1.408293,-0.5043,1,baostock,10,2026-09-07T14:40:47+00:00
513390,2026-03-13,1.955,1.959,1.951,1.953,1.973,21516500,42066552.0,1.201785,-1.0137,1,baostock,10,2026-09-07T14:40:47+00:00
513390,2026-03-16,1.95,1.961,1.944,1.961,1.953,24322800,47447523.0,1.358528,0.4096,1,baostock,10,2026-09-07T14:40:47+00:00
513390,2026-03-17,1.963,1.966,1.945,1.946,1.961,22719053,44452670.0,1.268952,-0.7649,1,baostock,10,2026-09-07T14:40:47+00:00
513390,2026-03-18,1.966,1.98,1.961,1.977,1.946,27784000,54765259.0,1.55185,1.593,1,baostock,10,2026-09-07T14:40:47+00:00
513390,2026-03-19,1.949,1.954,1.934,1.938,1.977,31011900,60311891.0,1.732142,-1.9727,1,baostock,10,2026-09-07T14:40:47+00:00
513390,2026-03-20,1.94,1.947,1.922,1.924,1.938,18707000,36168057.0,1.044863,-0.7224,1,baostock,10,2026-09-07T14:40:47+00:00
513390,2026-03-23,1.884,1.892,1.853,1.862,1.924,40406817,75505294.0,2.256886,-3.2225,1,baostock,10,2026-09-07T14:40:47+00:00
513390,2026-03-24,1.893,1.902,1.872,1.901,1.862,38225505,71907646.0,2.135051,2.0945,1,baostock,10,2026-09-07T14:40:47+00:00
513390,2026-03-25,1.906,1.923,1.906,1.916,1.901,35867128,68590945.0,2.003326,0.7891,1,baostock,10,2026-09-07T14:40:47+00:00
513390,2026-03-26,1.916,1.92,1.896,1.899,1.916,18855400,35980631.0,1.053151,-0.8873,1,baostock,10,2026-09-07T14:40:47+00:00
513390,2026-03-27,1.867,1.891,1.865,1.886,1.899,30761000,57829472.0,1.718128,-0.6846,1,baostock,10,2026-09-07T14:40:47+00:00
513390,2026-03-30,1.848,1.861,1.84,1.858,1.886,25435005,47026931.0,1.420649,-1.4846,1,baostock,10,2026-09-07T14:40:47+00:00
513390,2026-03-31,1.859,1.861,1.843,1.846,1.858,25773400,47673770.0,1.43955,-0.6459,1,baostock,10,2026-09-07T14:40:47+00:00
513390,2026-04-01,1.902,1.929,1.893,1.927,1.846,37156100,70843167.0,2.07532,4.3879,1,baostock,10,2026-09-07T14:40:47+00:00
513390,2026-04-02,1.92,1.92,1.891,1.896,1.927,24750600,47052367.0,1.382422,-1.6087,1,baostock,10,2026-09-07T14:40:47+00:00
513390,2026-04-03,1.909,1.914,1.899,1.9,1.896,17399700,33169578.0,0.971844,0.211,1,baostock,10,2026-09-07T14:40:47+00:00
513390,2026-04-07,1.904,1.914,1.902,1.906,1.9,11767900,22463726.0,0.657285,0.3158,1,baostock,10,2026-09-07T14:40:47+00:00
513390,2026-04-08,1.982,1.999,1.961,1.998,1.906,45811000,90913327.0,2.558732,4.8269,1,baostock,10,2026-09-07T14:40:47+00:00
513390,2026-04-09,1.98,1.993,1.954,1.981,1.998,25133900,49746189.0,1.403831,-0.8509,1,baostock,10,2026-09-07T14:40:47+00:00
513390,2026-04-10,1.998,2.009,1.99,1.995,1.981,20095600,40228712.0,1.122422,0.7067,1,baostock,10,2026-09-07T14:40:47+00:00
513390,2026-04-13,1.991,1.993,1.96,1.989,1.995,24563000,48740348.0,1.371944,-0.3008,1,baostock,10,2026-09-07T14:40:47+00:00
513390,2026-04-14,2.019,2.025,2.014,2.017,1.989,36279580,73195881.0,2.026363,1.4077,1,baostock,10,2026-09-07T14:40:47+00:00
513390,2026-04-15,2.049,2.061,2.045,2.05,2.017,56862021,116686330.0,3.158336,1.6361,1,baostock,10,2026-09-07T14:40:47+00:00
513390,2026-04-16,2.08,2.097,2.079,2.096,2.05,55614178,116107721.0,3.071963,2.2439,1,baostock,10,2026-09-07T14:40:47+00:00
513390,2026-04-17,2.09,2.093,2.077,2.08,2.096,46286337,96386271.0,2.542676,-0.7634,1,baostock,10,2026-09-07T14:40:47+00:00
513390,2026-04-20,2.091,2.091,2.079,2.08,2.08,51606212,107590234.0,2.819428,0.0,1,baostock,10,2026-09-07T14:40:47+00:00
513390,2026-04-21,2.087,2.091,2.075,2.087,2.08,23846100,49694659.0,1.299247,0.3365,1,baostock,10,2026-09-07T14:40:47+00:00
513390,2026-04-22,2.087,2.093,2.078,2.092,2.087,46322400,96562642.0,2.517003,0.2396,1,baostock,10,2026-09-07T14:40:47+00:00
513390,2026-04-23,2.108,2.111,2.093,2.102,2.092,41396990,86989358.0,2.248151,0.478,1,baostock,10,2026-09-07T14:40:47+00:00
513390,2026-04-24,2.103,2.108,2.1,2.106,2.102,27023859,56867488.0,1.466791,0.1903,1,baostock,10,2026-09-07T14:40:47+00:00
513390,2026-04-27,2.135,2.148,2.134,2.145,2.106,50081750,107253530.0,2.718319,1.8519,1,baostock,10,2026-09-07T14:40:47+00:00
513390,2026-04-28,2.143,2.152,2.142,2.145,2.145,57958532,124474506.0,3.145853,0.0,1,baostock,10,2026-09-07T14:40:47+00:00
513390,2026-04-29,2.133,2.143,2.131,2.138,2.145,54500800,116505365.0,2.958175,-0.3263,1,baostock,10,2026-09-07T14:40:47+00:00
513390,2026-04-30,2.154,2.164,2.138,2.145,2.138,63524576,136647857.0,3.447964,0.3274,1,baostock,10,2026-09-07T14:40:47+00:00
513390,2026-05-06,2.206,2.263,2.206,2.257,2.145,137789217,308640520.0,7.478874,5.2214,1,baostock,10,2026-09-07T14:40:47+00:00
513390,2026-05-07,2.312,2.322,2.286,2.317,2.257,90933623,209745974.0,4.935663,2.6584,1,baostock,10,2026-09-07T14:40:47+00:00
513390,2026-05-08,2.297,2.297,2.259,2.279,2.317,154508839,351651400.0,8.386376,-1.6401,1,baostock,10,2026-09-07T14:40:47+00:00
513390,2026-05-11,2.316,2.334,2.313,2.333,2.279,72789300,169152892.0,3.950832,2.3695,1,baostock,10,2026-09-07T14:40:47+00:00
513390,2026-05-12,2.323,2.325,2.303,2.304,2.333,56089848,129765418.0,3.044425,-1.243,1,baostock,10,2026-09-07T14:40:47+00:00
513390,2026-05-13,2.29,2.325,2.29,2.322,2.304,56168300,129656857.0,3.048683,0.7813,1,baostock,10,2026-09-07T14:40:47+00:00
513390,2026-05-14,2.346,2.352,2.32,2.33,2.322,64053600,149338031.0,3.476679,0.3445,1,baostock,10,2026-09-07T14:40:47+00:00
513390,2026-05-15,2.333,2.337,2.301,2.311,2.33,85757088,199055160.0,4.654693,-0.8155,1,baostock,10,2026-09-07T14:40:47+00:00
513390,2026-05-18,2.277,2.289,2.268,2.27,2.311,65793219,149890646.0,3.571101,-1.7741,1,baostock,10,2026-09-07T14:40:47+00:00
513390,2026-05-19,2.262,2.269,2.251,2.261,2.27,54207500,122453338.0,2.942255,-0.3965,1,baostock,10,2026-09-07T14:40:47+00:00
513390,2026-05-20,2.255,2.271,2.241,2.27,2.261,54961700,123795225.0,2.983192,0.3981,1,baostock,10,2026-09-07T14:40:47+00:00
513390,2026-05-21,2.299,2.312,2.288,2.294,2.27,108138175,248674477.0,5.869486,1.0573,1,baostock,10,2026-09-07T14:40:47+00:00
513390,2026-05-22,2.313,2.33,2.309,2.329,2.294,73621200,170867327.0,3.995985,1.5257,1,baostock,10,2026-09-07T14:40:47+00:00
513390,2026-05-25,2.383,2.421,2.371,2.417,2.329,146932742,351477346.0,7.975163,3.7784,1,baostock,10,2026-09-07T14:40:47+00:00
513390,2026-05-26,2.407,2.428,2.38,2.39,2.417,74029200,177641228.0,4.018131,-1.1171,1,baostock,10,2026-09-07T14:40:47+00:00
513390,2026-05-27,2.42,2.443,2.419,2.439,2.39,71073717,172959037.0,3.857714,2.0502,1,baostock,10,2026-09-07T14:40:47+00:00
513390,2026-05-28,2.429,2.434,2.383,2.416,2.439,73133100,176415349.0,3.969492,-0.943,1,baostock,10,2026-09-07T14:40:47+00:00
513390,2026-05-29,2.441,2.485,2.441,2.483,2.416,72547730,178680515.0,3.93772,2.7732,1,baostock,10,2026-09-07T14:40:47+00:00
513390,2026-06-01,2.5,2.582,2.5,2.574,2.483,128239027,326488257.0,6.960512,3.6649,1,baostock,10,2026-09-07T14:40:47+00:00
513390,2026-06-02,2.574,2.574,2.317,2.543,2.574,76336420,193941197.0,4.143361,-1.2044,1,baostock,10,2026-09-07T14:40:47+00:00
513390,2026-06-03,2.566,2.569,2.486,2.509,2.543,82598528,208656098.0,4.483254,-1.337,1,baostock,10,2026-09-07T14:40:47+00:00
513390,2026-06-04,2.464,2.478,2.442,2.453,2.509,68909772,169173596.0,3.74026,-2.232,1,baostock,10,2026-09-07T14:40:47+00:00
513390,2026-06-05,2.42,2.455,2.402,2.423,2.453,42837635,104136614.0,2.325126,-1.223,1,baostock,10,2026-09-07T14:40:47+00:00
513390,2026-06-08,2.32,2.365,2.315,2.33,2.423,70563934,165271448.0,3.830044,-3.8382,1,baostock,10,2026-09-07T14:40:47+00:00
513390,2026-06-09,2.373,2.428,2.353,2.422,2.33,62175700,148925785.0,3.374751,3.9485,1,baostock,10,2026-09-07T14:40:47+00:00
513390,2026-06-10,2.41,2.41,2.345,2.358,2.422,49714500,117438684.0,2.698386,-2.6424,1,baostock,10,2026-09-07T14:40:47+00:00
513390,2026-06-11,2.33,2.356,2.302,2.336,2.358,49502700,114973948.0,2.68689,-0.933,1,baostock,10,2026-09-07T14:40:47+00:00
513390,2026-06-12,2.42,2.423,2.367,2.375,2.336,44407700,106751616.0,2.410345,1.6695,1,baostock,10,2026-09-07T14:40:47+00:00
513390,2026-06-15,2.444,2.481,2.433,2.478,2.375,68201294,167561760.0,3.701806,4.3368,1,baostock,10,2026-09-07T14:40:47+00:00
513390,2026-06-16,2.511,2.535,2.503,2.507,2.478,71020200,178763948.0,3.854809,1.1703,1,baostock,10,2026-09-07T14:40:47+00:00
513390,2026-06-17,2.476,2.513,2.465,2.509,2.507,61880993,154177207.0,3.358755,0.0798,1,baostock,10,2026-09-07T14:40:47+00:00
513390,2026-06-18,2.496,2.502,2.472,2.5,2.509,49225000,122685279.0,2.671817,-0.3587,1,baostock,10,2026-09-07T14:40:47+00:00
513390,2026-06-22,2.5,2.518,2.471,2.494,2.5,29554644,73565069.0,1.604156,-0.24,1,baostock,10,2026-09-07T14:40:47+00:00
513390,2026-06-23,2.466,2.466,2.407,2.412,2.494,58546079,142430586.0,3.177743,-3.2879,1,baostock,10,2026-09-07T14:40:47+00:00
513390,2026-06-24,2.39,2.427,2.387,2.425,2.412,71616400,172597251.0,3.88717,0.539,1,baostock,10,2026-09-07T14:40:47+00:00
513390,2026-06-25,2.447,2.46,2.428,2.453,2.425,50114172,122393607.0,2.720079,1.1546,1,baostock,10,2026-09-07T14:40:47+00:00
513390,2026-06-26,2.453,2.453,2.36,2.388,2.453,58991000,140386468.0,3.201893,-2.6498,1,baostock,10,2026-09-07T14:40:47+00:00
513390,2026-06-29,2.388,2.404,2.364,2.402,2.388,36481111,87136616.0,1.980109,0.5863,1,baostock,10,2026-09-07T14:40:47+00:00
513390,2026-06-30,2.433,2.443,2.429,2.435,2.402,40310400,98128041.0,2.187954,1.3739,1,baostock,10,2026-09-07T14:40:47+00:00
513390,2026-07-01,2.46,2.466,2.434,2.44,2.435,51385200,125726929.0,2.789068,0.2053,1,baostock,10,2026-09-07T14:40:47+00:00
513390,2026-07-02,2.427,2.427,2.379,2.38,2.44,84432900,203196900.0,4.509391,-2.459,1,baostock,10,2026-09-07T14:40:47+00:00
513390,2026-07-03,2.366,2.4,2.36,2.395,2.38,72130800,171729638.0,3.79161,0.6303,1,baostock,10,2026-09-07T14:40:47+00:00
513390,2026-07-06,2.398,2.399,2.365,2.397,2.395,129732266,308850882.0,6.819475,0.0835,1,baostock,10,2026-09-07T14:40:47+00:00
513390,2026-07-07,2.388,2.393,2.37,2.385,2.397,122284800,291504491.0,6.328199,-0.5006,1,baostock,10,2026-09-07T14:40:47+00:00
513390,2026-07-08,2.37,2.375,2.345,2.346,2.385,201817594,476169019.0,10.284333,-1.6352,1,baostock,10,2026-09-07T14:40:47+00:00
513390,2026-07-09,2.365,2.388,2.35,2.381,2.346,165419569,391109770.0,8.302615,1.4919,1,baostock,10,2026-09-07T14:40:47+00:00
513390,2026-07-10,2.393,2.404,2.381,2.384,2.381,111973200,268074816.0,5.578079,0.126,1,baostock,10,2026-09-07T14:40:47+00:00
513390,2026-07-13,2.348,2.39,2.348,2.368,2.384,87752100,208308253.0,4.339053,-0.6711,1,baostock,10,2026-09-07T14:40:47+00:00
513390,2026-07-14,2.35,2.376,2.333,2.372,2.368,136687554,321422379.0,6.742082,0.1689,1,baostock,10,2026-09-07T14:40:47+00:00
513390,2026-07-15,2.392,2.406,2.383,2.402,2.372,91004536,217952863.0,4.486564,1.2648,1,baostock,10,2026-09-07T14:40:47+00:00
513390,2026-07-16,2.375,2.392,2.37,2.377,2.402,77213108,183975589.0,3.804765,-1.0408,1,baostock,10,2026-09-07T14:40:47+00:00
513390,2026-07-17,2.337,2.338,2.293,2.298,2.377,111178913,257094306.0,5.475771,-3.3235,1,baostock,10,2026-09-07T14:40:47+00:00
513390,2026-07-20,2.299,2.317,2.298,2.298,2.298,69575654,160434127.0,3.425045,0.0,1,baostock,10,2026-09-07T14:40:47+00:00
513390,2026-07-21,2.308,2.345,2.307,2.342,2.298,68919927,160239616.0,3.391096,1.9147,1,baostock,10,2026-09-07T14:40:47+00:00
513390,2026-07-22,2.346,2.358,2.333,2.336,2.342,84291400,197996612.0,4.145385,-0.2562,1,baostock,10,2026-09-07T14:40:47+00:00
513390,2026-07-23,2.349,2.35,2.33,2.334,2.336,60887600,142376490.0,2.98706,-0.0856,1,baostock,10,2026-09-07T14:40:47+00:00
513390,2026-07-24,2.3,2.308,2.295,2.303,2.334,63163400,145333665.0,3.091125,-1.3282,1,baostock,10,2026-09-07T14:40:47+00:00
513390,2026-07-27,2.304,2.325,2.298,2.324,2.303,78565300,181592354.0,3.835486,0.9119,1,baostock,10,2026-09-07T14:40:47+00:00
513390,2026-07-28,2.273,2.283,2.255,2.259,2.324,82314500,186440205.0,4.008734,-2.7969,1,baostock,10,2026-09-07T14:40:47+00:00
513390,2026-07-29,2.263,2.269,2.246,2.268,2.259,58372900,131751437.0,2.835867,0.3984,1,baostock,10,2026-09-07T14:40:47+00:00
513390,2026-07-30,2.244,2.255,2.218,2.231,2.268,80402669,179598443.0,3.89665,-1.6314,1,baostock,10,2026-09-07T14:40:47+00:00
513390,2026-07-31,2.319,2.324,2.306,2.315,2.231,71749981,166150857.0,3.468899,3.7651,1,baostock,10,2026-09-07T14:40:47+00:00
513390,2026-08-03,2.317,2.335,2.317,2.326,2.315,39452330,91726369.0,1.902803,0.4752,1,baostock,10,2026-09-07T14:40:47+00:00
513390,2026-08-04,2.363,2.395,2.363,2.392,2.326,62549102,148995243.0,3.009514,2.8375,1,baostock,10,2026-09-07T14:40:47+00:00
513390,2026-08-05,2.485,2.485,2.467,2.479,2.392,85415900,211384353.0,4.099873,3.6371,1,baostock,10,2026-09-07T14:40:47+00:00
513390,2026-08-06,2.439,2.448,2.425,2.441,2.479,89395426,217841024.0,4.280613,-1.5329,1,baostock,10,2026-09-07T14:40:47+00:00
513390,2026-08-07,2.438,2.456,2.433,2.455,2.441,49176642,120075364.0,2.349151,0.5735,1,baostock,10,2026-09-07T14:40:47+00:00
513390,2026-08-10,2.475,2.488,2.45,2.466,2.455,49527500,122223240.0,2.360274,0.4481,1,baostock,10,2026-09-07T14:40:47+00:00
513390,2026-08-11,2.45,2.46,2.429,2.429,2.466,50417899,123097902.0,2.396995,-1.5004,1,baostock,10,2026-09-07T14:40:47+00:00
513390,2026-08-12,2.422,2.442,2.414,2.438,2.429,48462099,117685564.0,2.298548,0.3705,1,baostock,10,2026-09-07T14:40:47+00:00
513390,2026-08-13,2.443,2.457,2.439,2.442,2.438,47593900,116520973.0,2.252029,0.1641,1,baostock,10,2026-09-07T14:40:47+00:00
513390,2026-08-14,2.47,2.486,2.455,2.484,2.442,61848999,153143818.0,2.919638,1.7199,1,baostock,10,2026-09-07T14:40:47+00:00
513390,2026-08-17,2.486,2.505,2.478,2.497,2.484,47425359,117975911.0,2.233485,0.5233,1,baostock,10,2026-09-07T14:40:47+00:00
513390,2026-08-18,2.496,2.496,2.452,2.455,2.497,44340057,109218809.0,2.083278,-1.682,1,baostock,10,2026-09-07T14:40:47+00:00
513390,2026-08-19,2.424,2.428,2.396,2.406,2.455,69473200,167250816.0,3.259542,-1.9959,1,baostock,10,2026-09-07T14:40:47+00:00
513390,2026-08-20,2.423,2.432,2.418,2.43,2.406,56434347,136956607.0,2.644064,0.9975,1,baostock,10,2026-09-07T14:40:47+00:00
513390,2026-08-21,2.401,2.413,2.389,2.409,2.43,69826831,167485121.0,3.266937,-0.8642,1,baostock,10,2026-09-07T14:40:47+00:00
513390,2026-08-24,2.411,2.412,2.379,2.38,2.409,55237054,132124356.0,2.583127,-1.2038,1,baostock,10,2026-09-07T14:40:47+00:00
513390,2026-08-25,2.37,2.414,2.368,2.41,2.38,63567134,152234366.0,2.971289,1.2605,1,baostock,10,2026-09-07T14:40:47+00:00
513390,2026-08-26,2.395,2.419,2.39,2.41,2.41,46585362,112232043.0,2.176501,0.0,1,baostock,10,2026-09-07T14:40:47+00:00
513390,2026-08-27,2.431,2.445,2.422,2.439,2.41,51796054,126332801.0,2.418818,1.2033,1,baostock,10,2026-09-07T14:40:47+00:00
513390,2026-08-28,2.46,2.469,2.439,2.44,2.439,37172792,91136414.0,1.735117,0.041,1,baostock,10,2026-09-07T14:40:47+00:00
513390,2026-08-31,2.408,2.433,2.399,2.426,2.44,34732179,83894613.0,1.62044,-0.5738,1,baostock,10,2026-09-07T14:40:47+00:00
513390,2026-09-01,2.428,2.447,2.418,2.434,2.426,32235618,78323831.0,1.503261,0.3298,1,baostock,10,2026-09-07T14:40:47+00:00
513390,2026-09-02,2.399,2.407,2.385,2.388,2.434,59562538,142636732.0,2.776318,-1.8899,1,baostock,10,2026-09-07T14:40:47+00:00
513390,2026-09-03,2.401,2.405,2.392,2.396,2.388,41011004,98409438.0,1.910706,0.335,1,baostock,10,2026-09-07T14:40:47+00:00
513390,2026-09-04,2.431,2.439,2.427,2.437,2.396,36980700,89977500.0,1.722132,1.7112,1,baostock,10,2026-09-07T14:40:47+00:00
513390,2026-09-07,2.439,2.455,2.437,2.45,2.437,55251041,135161401.0,2.571755,0.5334,1,baostock,10,2026-09-07T14:40:47+00:00
513870,2026-01-05,1.768,1.786,1.764,1.785,1.762,47427023,84369146.0,3.959937,1.3053,1,baostock,10,2026-09-07T14:41:14+00:00
513870,2026-01-06,1.785,1.788,1.777,1.787,1.785,44160652,78770428.0,3.687211,0.112,1,baostock,10,2026-09-07T14:41:14+00:00
513870,2026-01-07,1.795,1.795,1.786,1.786,1.787,37327750,66797233.0,3.116695,-0.056,1,baostock,10,2026-09-07T14:41:14+00:00
513870,2026-01-08,1.786,1.786,1.773,1.774,1.786,33382500,59347985.0,2.787285,-0.6719,1,baostock,10,2026-09-07T14:41:14+00:00
513870,2026-01-09,1.769,1.777,1.763,1.774,1.774,39765400,70389771.0,3.320227,0.0,1,baostock,10,2026-09-07T14:41:14+00:00
513870,2026-01-12,1.773,1.777,1.767,1.769,1.774,59490700,105337163.0,4.967199,-0.2818,1,baostock,10,2026-09-07T14:41:14+00:00
513870,2026-01-13,1.77,1.789,1.767,1.785,1.769,56017102,99403541.0,4.677169,0.9045,1,baostock,10,2026-09-07T14:41:14+00:00
513870,2026-01-14,1.781,1.781,1.771,1.772,1.785,50995600,90430246.0,4.257897,-0.7283,1,baostock,10,2026-09-07T14:41:14+00:00
513870,2026-01-15,1.76,1.777,1.759,1.775,1.772,35067280,61995710.0,2.927956,0.1693,1,baostock,10,2026-09-07T14:41:14+00:00
513870,2026-01-16,1.775,1.777,1.768,1.77,1.775,63842800,113075119.0,5.330579,-0.2817,1,baostock,10,2026-09-07T14:41:14+00:00
513870,2026-01-19,1.751,1.761,1.748,1.753,1.77,50215100,88096448.0,4.123864,-0.9605,1,baostock,10,2026-09-07T14:41:14+00:00
513870,2026-01-20,1.749,1.755,1.741,1.743,1.753,35382400,61842475.0,2.905744,-0.5705,1,baostock,10,2026-09-07T14:41:14+00:00
513870,2026-01-21,1.732,1.744,1.722,1.734,1.743,46976799,81430744.0,3.857922,-0.5164,1,baostock,10,2026-09-07T14:41:14+00:00
513870,2026-01-22,1.754,1.768,1.754,1.763,1.734,52402401,92302416.0,4.303494,1.6724,1,baostock,10,2026-09-07T14:41:14+00:00
513870,2026-01-23,1.771,1.771,1.754,1.759,1.763,44246800,77938130.0,3.633724,-0.2269,1,baostock,10,2026-09-07T14:41:14+00:00
513870,2026-01-26,1.755,1.756,1.745,1.748,1.759,29627800,51788110.0,2.433153,-0.6254,1,baostock,10,2026-09-07T14:41:14+00:00
513870,2026-01-27,1.758,1.771,1.754,1.766,1.748,62439400,110158339.0,5.127773,1.0297,1,baostock,10,2026-09-07T14:41:14+00:00
513870,2026-01-28,1.78,1.786,1.777,1.783,1.766,55520534,98909702.0,4.559568,0.9626,1,baostock,10,2026-09-07T14:41:14+00:00
513870,2026-01-29,1.776,1.777,1.768,1.77,1.783,60072800,106430081.0,4.933418,-0.7291,1,baostock,10,2026-09-07T14:41:14+00:00
513870,2026-01-30,1.758,1.764,1.749,1.755,1.77,60529432,106242136.0,4.970918,-0.8475,1,baostock,10,2026-09-07T14:41:14+00:00
513870,2026-02-02,1.741,1.744,1.712,1.716,1.755,73579560,127291791.0,6.042647,-2.2222,1,baostock,10,2026-09-07T14:41:14+00:00
513870,2026-02-03,1.744,1.758,1.74,1.757,1.716,47497201,83129528.0,3.90066,2.3893,1,baostock,10,2026-09-07T14:41:14+00:00
513870,2026-02-04,1.732,1.743,1.723,1.739,1.757,45144354,78236973.0,3.707434,-1.0245,1,baostock,10,2026-09-07T14:41:14+00:00
513870,2026-02-05,1.719,1.726,1.712,1.724,1.739,49231390,84601089.0,4.043078,-0.8626,1,baostock,10,2026-09-07T14:41:14+00:00
513870,2026-02-06,1.692,1.701,1.688,1.695,1.724,56909046,96381521.0,4.673598,-1.6821,1,baostock,10,2026-09-07T14:41:14+00:00
513870,2026-02-09,1.725,1.729,1.72,1.727,1.695,42782529,73806966.0,3.513472,1.8879,1,baostock,10,2026-09-07T14:41:14+00:00
513870,2026-02-10,1.735,1.738,1.725,1.726,1.727,25892200,44811450.0,2.126371,-0.0579,1,baostock,10,2026-09-07T14:41:14+00:00
513870,2026-02-11,1.724,1.726,1.721,1.725,1.726,28133100,48495806.0,2.310402,-0.0579,1,baostock,10,2026-09-07T14:41:14+00:00
513870,2026-02-12,1.725,1.732,1.718,1.721,1.725,36074100,62215299.0,2.955268,-0.2319,1,baostock,10,2026-09-07T14:41:14+00:00
513870,2026-02-13,1.695,1.719,1.69,1.717,1.721,41725230,71097228.0,3.415423,-0.2324,1,baostock,10,2026-09-07T14:41:14+00:00
513870,2026-02-24,1.707,1.708,1.694,1.705,1.717,31163302,53009557.0,2.548789,-0.6989,1,baostock,10,2026-09-07T14:41:14+00:00
513870,2026-02-25,1.714,1.717,1.704,1.705,1.705,44166700,75497628.0,3.609361,0.0,1,baostock,10,2026-09-07T14:41:14+00:00
513870,2026-02-26,1.715,1.722,1.713,1.715,1.705,51071201,87672854.0,4.170198,0.5865,1,baostock,10,2026-09-07T14:41:14+00:00
513870,2026-02-27,1.702,1.705,1.696,1.703,1.715,43080800,73285088.0,3.514875,-0.6997,1,baostock,10,2026-09-07T14:41:14+00:00
513870,2026-03-02,1.692,1.696,1.68,1.681,1.703,47017237,79379546.0,3.832913,-1.2918,1,baostock,10,2026-09-07T14:41:14+00:00
513870,2026-03-03,1.69,1.693,1.668,1.67,1.681,49014247,82328855.0,3.992458,-0.6544,1,baostock,10,2026-09-07T14:41:14+00:00
513870,2026-03-04,1.656,1.673,1.652,1.653,1.67,56583247,94015762.0,4.60524,-1.018,1,baostock,10,2026-09-07T14:41:14+00:00
513870,2026-03-05,1.68,1.693,1.68,1.69,1.653,47088000,79422588.0,3.829317,2.2384,1,baostock,10,2026-09-07T14:41:14+00:00
513870,2026-03-06,1.681,1.696,1.68,1.695,1.69,24897100,41987246.0,2.023051,0.2959,1,baostock,10,2026-09-07T14:41:14+00:00
513870,2026-03-09,1.646,1.657,1.642,1.655,1.695,72728855,120003408.0,5.904893,-2.3599,1,baostock,10,2026-09-07T14:41:14+00:00
513870,2026-03-10,1.68,1.688,1.678,1.681,1.655,49027373,82495967.0,3.977328,1.571,1,baostock,10,2026-09-07T14:41:14+00:00
513870,2026-03-11,1.686,1.689,1.682,1.684,1.681,32887064,55434694.0,2.667951,0.1785,1,baostock,10,2026-09-07T14:41:14+00:00
513870,2026-03-12,1.675,1.683,1.671,1.679,1.684,32737000,54925171.0,2.655778,-0.2969,1,baostock,10,2026-09-07T14:41:14+00:00
513870,2026-03-13,1.663,1.672,1.658,1.659,1.679,36382300,60479372.0,2.951501,-1.1912,1,baostock,10,2026-09-07T14:41:14+00:00
513870,2026-03-16,1.658,1.667,1.651,1.667,1.659,24002200,39807856.0,1.94717,0.4822,1,baostock,10,2026-09-07T14:41:14+00:00
513870,2026-03-17,1.668,1.672,1.655,1.657,1.667,39936200,66531671.0,3.23981,-0.5999,1,baostock,10,2026-09-07T14:41:14+00:00
513870,2026-03-18,1.672,1.685,1.67,1.68,1.657,37353200,62632933.0,3.030265,1.3881,1,baostock,10,2026-09-07T14:41:14+00:00
513870,2026-03-19,1.656,1.663,1.647,1.651,1.68,28300100,46815072.0,2.295836,-1.7262,1,baostock,10,2026-09-07T14:41:14+00:00
513870,2026-03-20,1.653,1.656,1.636,1.638,1.651,35940000,59150697.0,2.91562,-0.7874,1,baostock,10,2026-09-07T14:41:14+00:00
513870,2026-03-23,1.609,1.615,1.568,1.582,1.638,61891092,98442181.0,5.020893,-3.4188,1,baostock,10,2026-09-07T14:41:14+00:00
513870,2026-03-24,1.604,1.617,1.592,1.616,1.582,33134700,53051910.0,2.688041,2.1492,1,baostock,10,2026-09-07T14:41:14+00:00
513870,2026-03-25,1.625,1.635,1.621,1.628,1.616,56694144,92258319.0,4.599292,0.7426,1,baostock,10,2026-09-07T14:41:14+00:00
513870,2026-03-26,1.628,1.634,1.612,1.615,1.628,39753300,64552454.0,3.224972,-0.7985,1,baostock,10,2026-09-07T14:41:14+00:00
513870,2026-03-27,1.587,1.612,1.587,1.605,1.615,35145904,56240767.0,2.851199,-0.6192,1,baostock,10,2026-09-07T14:41:14+00:00
513870,2026-03-30,1.572,1.584,1.567,1.584,1.605,37646402,59253577.0,3.054051,-1.3084,1,baostock,10,2026-09-07T14:41:14+00:00
513870,2026-03-31,1.579,1.59,1.572,1.576,1.584,33435330,52771912.0,2.712429,-0.5051,1,baostock,10,2026-09-07T14:41:14+00:00
513870,2026-04-01,1.619,1.639,1.61,1.637,1.576,53601545,87062754.0,4.348406,3.8706,1,baostock,10,2026-09-07T14:41:14+00:00
513870,2026-04-02,1.623,1.627,1.606,1.61,1.637,41017460,66232964.0,3.327527,-1.6494,1,baostock,10,2026-09-07T14:41:14+00:00
513870,2026-04-03,1.623,1.626,1.614,1.615,1.61,15114800,24478110.0,1.226183,0.3106,1,baostock,10,2026-09-07T14:41:14+00:00
513870,2026-04-07,1.62,1.625,1.616,1.619,1.615,20784334,33686012.0,1.686122,0.2477,1,baostock,10,2026-09-07T14:41:14+00:00
513870,2026-04-08,1.671,1.709,1.671,1.706,1.619,63680597,107431797.0,5.166066,5.3737,1,baostock,10,2026-09-07T14:41:14+00:00
513870,2026-04-09,1.68,1.697,1.676,1.685,1.706,49237300,83004342.0,3.994359,-1.2309,1,baostock,10,2026-09-07T14:41:14+00:00
513870,2026-04-10,1.7,1.708,1.691,1.697,1.685,33883000,57664321.0,2.748746,0.7122,1,baostock,10,2026-09-07T14:41:14+00:00
513870,2026-04-13,1.69,1.694,1.683,1.692,1.697,20489000,34572353.0,1.662163,-0.2946,1,baostock,10,2026-09-07T14:41:14+00:00
513870,2026-04-14,1.72,1.724,1.713,1.718,1.692,37413232,64248839.0,3.035135,1.5366,1,baostock,10,2026-09-07T14:41:14+00:00
513870,2026-04-15,1.746,1.755,1.742,1.747,1.718,36263400,63384796.0,2.941856,1.688,1,baostock,10,2026-09-07T14:41:14+00:00
513870,2026-04-16,1.776,1.787,1.774,1.784,1.747,50509796,89905037.0,4.097589,2.1179,1,baostock,10,2026-09-07T14:41:14+00:00
513870,2026-04-17,1.784,1.784,1.771,1.776,1.784,29103304,51698791.0,2.360995,-0.4484,1,baostock,10,2026-09-07T14:41:14+00:00
513870,2026-04-20,1.783,1.79,1.774,1.775,1.776,29711400,52916539.0,2.410327,-0.0563,1,baostock,10,2026-09-07T14:41:14+00:00
513870,2026-04-21,1.781,1.783,1.771,1.777,1.775,19982400,35489030.0,1.621065,0.1127,1,baostock,10,2026-09-07T14:41:14+00:00
513870,2026-04-22,1.777,1.783,1.773,1.782,1.777,27736000,49298581.0,2.250073,0.2814,1,baostock,10,2026-09-07T14:41:14+00:00
513870,2026-04-23,1.795,1.8,1.783,1.791,1.782,36788507,65917317.0,2.984455,0.5051,1,baostock,10,2026-09-07T14:41:14+00:00
513870,2026-04-24,1.791,1.794,1.788,1.793,1.791,24653500,44154245.0,2.000006,0.1117,1,baostock,10,2026-09-07T14:41:14+00:00
513870,2026-04-27,1.815,1.827,1.815,1.825,1.793,45916052,83641711.0,3.724924,1.7847,1,baostock,10,2026-09-07T14:41:14+00:00
513870,2026-04-28,1.825,1.832,1.824,1.826,1.825,46260239,84548677.0,3.752846,0.0548,1,baostock,10,2026-09-07T14:41:14+00:00
513870,2026-04-29,1.816,1.825,1.813,1.822,1.826,35169200,63993931.0,2.853089,-0.2191,1,baostock,10,2026-09-07T14:41:14+00:00
513870,2026-04-30,1.835,1.842,1.817,1.825,1.822,58626800,107216880.0,4.756078,0.1647,1,baostock,10,2026-09-07T14:41:14+00:00
513870,2026-05-06,1.878,1.888,1.87,1.885,1.825,77112911,145002670.0,6.255758,3.2877,1,baostock,10,2026-09-07T14:41:14+00:00
513870,2026-05-07,1.913,1.925,1.91,1.924,1.885,56471907,108230763.0,4.581264,2.069,1,baostock,10,2026-09-07T14:41:14+00:00
513870,2026-05-08,1.922,1.93,1.914,1.926,1.924,45230913,86841485.0,3.669342,0.104,1,baostock,10,2026-09-07T14:41:14+00:00
513870,2026-05-11,1.955,1.984,1.955,1.982,1.926,80517199,158696210.0,6.531929,2.9076,1,baostock,10,2026-09-07T14:41:14+00:00
513870,2026-05-12,1.981,1.981,1.955,1.959,1.982,61521170,120831233.0,4.990883,-1.1604,1,baostock,10,2026-09-07T14:41:14+00:00
513870,2026-05-13,1.948,1.975,1.948,1.969,1.959,100532980,197251003.0,8.155703,0.5105,1,baostock,10,2026-09-07T14:41:14+00:00
513870,2026-05-14,1.989,1.993,1.969,1.978,1.969,68033625,134710331.0,5.519204,0.4571,1,baostock,10,2026-09-07T14:41:14+00:00
513870,2026-05-15,1.981,1.984,1.951,1.96,1.978,124888871,246015138.0,10.131566,-0.91,1,baostock,10,2026-09-07T14:41:14+00:00
513870,2026-05-18,1.931,1.945,1.921,1.926,1.96,88681254,171422786.0,7.194235,-1.7347,1,baostock,10,2026-09-07T14:41:14+00:00
513870,2026-05-19,1.92,1.926,1.901,1.921,1.926,54690500,104734497.0,4.436748,-0.2596,1,baostock,10,2026-09-07T14:41:14+00:00
513870,2026-05-20,1.91,1.931,1.898,1.93,1.921,81329426,155399382.0,6.597821,0.4685,1,baostock,10,2026-09-07T14:41:14+00:00
513870,2026-05-21,1.954,1.968,1.947,1.949,1.93,93927752,183801170.0,7.619856,0.9845,1,baostock,10,2026-09-07T14:41:14+00:00
513870,2026-05-22,1.968,1.981,1.963,1.98,1.949,70273000,138691919.0,5.700872,1.5906,1,baostock,10,2026-09-07T14:41:14+00:00
513870,2026-05-25,2.03,2.06,2.02,2.058,1.98,110446889,225258482.0,8.959965,3.9394,1,baostock,10,2026-09-07T14:41:14+00:00
513870,2026-05-26,2.051,2.061,2.023,2.04,2.058,79505600,162508964.0,6.449864,-0.8746,1,baostock,10,2026-09-07T14:41:14+00:00
513870,2026-05-27,2.07,2.093,2.067,2.084,2.04,78282564,162883637.0,6.350645,2.1569,1,baostock,10,2026-09-07T14:41:14+00:00
513870,2026-05-28,2.08,2.08,2.03,2.074,2.084,69763124,143927976.0,5.659509,-0.4798,1,baostock,10,2026-09-07T14:41:14+00:00
513870,2026-05-29,2.096,2.128,2.089,2.126,2.074,93217321,196750314.0,7.562222,2.5072,1,baostock,10,2026-09-07T14:41:14+00:00
513870,2026-06-01,2.142,2.22,2.14,2.208,2.126,180274179,393123804.0,14.624679,3.857,1,baostock,10,2026-09-07T14:41:14+00:00
513870,2026-06-02,2.208,2.208,2.118,2.174,2.208,139192999,302925048.0,11.291983,-1.5399,1,baostock,10,2026-09-07T14:41:14+00:00
513870,2026-06-03,2.19,2.193,2.115,2.14,2.174,129185936,278698610.0,10.480163,-1.5639,1,baostock,10,2026-09-07T14:41:14+00:00
513870,2026-06-04,2.101,2.116,2.08,2.087,2.14,123371490,257918797.0,10.008469,-2.4766,1,baostock,10,2026-09-07T14:41:14+00:00
513870,2026-06-05,2.05,2.087,2.045,2.057,2.087,89695944,185467720.0,7.276552,-1.4375,1,baostock,10,2026-09-07T14:41:14+00:00
513870,2026-06-08,1.957,2.006,1.957,1.98,2.057,112102861,222347760.0,9.094305,-3.7433,1,baostock,10,2026-09-07T14:41:14+00:00
513870,2026-06-09,2.013,2.061,2.011,2.058,1.98,90131493,183542249.0,7.311886,3.9394,1,baostock,10,2026-09-07T14:41:14+00:00
513870,2026-06-10,2.025,2.035,1.996,2.008,2.058,62567700,125711314.0,5.075783,-2.4295,1,baostock,10,2026-09-07T14:41:14+00:00
513870,2026-06-11,1.985,2.002,1.964,1.999,2.008,62704039,124204257.0,5.086843,-0.4482,1,baostock,10,2026-09-07T14:41:14+00:00
513870,2026-06-12,2.083,2.083,2.02,2.026,1.999,78384445,160822051.0,6.35891,1.3507,1,baostock,10,2026-09-07T14:41:14+00:00
513870,2026-06-15,2.087,2.112,2.078,2.111,2.026,80036800,167676454.0,6.492957,4.1955,1,baostock,10,2026-09-07T14:41:14+00:00
513870,2026-06-16,2.119,2.148,2.119,2.128,2.111,74357204,158587792.0,6.032202,0.8053,1,baostock,10,2026-09-07T14:41:14+00:00
513870,2026-06-17,2.106,2.133,2.08,2.132,2.128,83880520,177165596.0,6.804778,0.188,1,baostock,10,2026-09-07T14:41:14+00:00
513870,2026-06-18,2.122,2.125,2.1,2.122,2.132,60192716,127353929.0,4.883113,-0.469,1,baostock,10,2026-09-07T14:41:14+00:00
513870,2026-06-22,2.132,2.142,2.103,2.12,2.122,54457234,115164346.0,4.414243,-0.0943,1,baostock,10,2026-09-07T14:41:14+00:00
513870,2026-06-23,2.095,2.105,2.05,2.054,2.12,61972401,128522929.0,5.019345,-3.1132,1,baostock,10,2026-09-07T14:41:14+00:00
513870,2026-06-24,2.034,2.07,2.033,2.066,2.054,77258781,158671544.0,6.252375,0.5842,1,baostock,10,2026-09-07T14:41:14+00:00
513870,2026-06-25,2.08,2.092,2.066,2.09,2.066,55383400,115205741.0,4.478426,1.1617,1,baostock,10,2026-09-07T14:41:14+00:00
513870,2026-06-26,2.021,2.057,2.002,2.029,2.09,69005200,139832153.0,5.557446,-2.9187,1,baostock,10,2026-09-07T14:41:14+00:00
513870,2026-06-29,2.025,2.041,2.018,2.039,2.029,67251822,136504851.0,5.394512,0.4929,1,baostock,10,2026-09-07T14:41:14+00:00
513870,2026-06-30,2.061,2.075,2.061,2.067,2.039,60782380,125650548.0,4.856099,1.3732,1,baostock,10,2026-09-07T14:41:14+00:00
513870,2026-07-01,2.09,2.093,2.067,2.072,2.067,87616290,182130244.0,6.944464,0.2419,1,baostock,10,2026-09-07T14:41:14+00:00
513870,2026-07-02,2.058,2.059,2.02,2.022,2.072,81784500,167123930.0,6.431262,-2.4131,1,baostock,10,2026-09-07T14:41:14+00:00
513870,2026-07-03,2.01,2.04,2.005,2.036,2.022,81519700,165038148.0,6.360423,0.6924,1,baostock,10,2026-09-07T14:41:14+00:00
513870,2026-07-06,2.036,2.039,2.01,2.037,2.036,88168300,178427202.0,6.879168,0.0491,1,baostock,10,2026-09-07T14:41:14+00:00
513870,2026-07-07,2.03,2.034,2.015,2.027,2.037,85612100,173466074.0,6.628011,-0.4909,1,baostock,10,2026-09-07T14:41:14+00:00
513870,2026-07-08,2.016,2.018,1.993,1.994,2.027,124376850,249354472.0,9.555168,-1.628,1,baostock,10,2026-09-07T14:41:14+00:00
513870,2026-07-09,2.008,2.027,1.998,2.022,1.994,82505250,165880751.0,6.290087,1.4042,1,baostock,10,2026-09-07T14:41:14+00:00
513870,2026-07-10,2.035,2.042,2.023,2.025,2.022,93504450,190157009.0,7.074715,0.1484,1,baostock,10,2026-09-07T14:41:14+00:00
513870,2026-07-13,2.019,2.027,2.008,2.01,2.025,82929300,167217455.0,6.227462,-0.7407,1,baostock,10,2026-09-07T14:41:14+00:00
513870,2026-07-14,2.0,2.015,1.983,2.014,2.01,94987700,189800944.0,7.079806,0.199,1,baostock,10,2026-09-07T14:41:14+00:00
513870,2026-07-15,2.028,2.044,2.022,2.041,2.014,57967941,117868614.0,4.31736,1.3406,1,baostock,10,2026-09-07T14:41:14+00:00
513870,2026-07-16,2.019,2.033,2.015,2.022,2.041,50957209,103129291.0,3.792387,-0.9309,1,baostock,10,2026-09-07T14:41:14+00:00
513870,2026-07-17,1.985,1.994,1.956,1.957,2.022,82048113,161683611.0,6.101724,-3.2146,1,baostock,10,2026-09-07T14:41:14+00:00
513870,2026-07-20,1.961,1.971,1.958,1.963,1.957,41560732,81651199.0,3.088476,0.3066,1,baostock,10,2026-09-07T14:41:14+00:00
513870,2026-07-21,1.973,2.002,1.969,1.999,1.963,48550542,96359363.0,3.605227,1.8339,1,baostock,10,2026-09-07T14:41:14+00:00
513870,2026-07-22,2.002,2.012,1.991,1.992,1.999,45582900,91353203.0,3.382346,-0.3502,1,baostock,10,2026-09-07T14:41:14+00:00
513870,2026-07-23,1.999,2.005,1.987,1.99,1.992,35270400,70372086.0,2.615197,-0.1004,1,baostock,10,2026-09-07T14:41:14+00:00
513870,2026-07-24,1.958,1.971,1.958,1.965,1.99,33205400,65202335.0,2.460259,-1.2563,1,baostock,10,2026-09-07T14:41:14+00:00
513870,2026-07-27,1.965,1.986,1.96,1.985,1.965,34755359,68575411.0,2.573192,1.0178,1,baostock,10,2026-09-07T14:41:14+00:00
513870,2026-07-28,1.941,1.952,1.933,1.937,1.985,42130000,81722209.0,3.116883,-2.4181,1,baostock,10,2026-09-07T14:41:14+00:00
513870,2026-07-29,1.941,1.941,1.923,1.94,1.937,57226300,110495766.0,4.230615,0.1549,1,baostock,10,2026-09-07T14:41:14+00:00
513870,2026-07-30,1.919,1.924,1.9,1.903,1.94,67319050,128620182.0,4.973073,-1.9072,1,baostock,10,2026-09-07T14:41:14+00:00
513870,2026-07-31,1.973,1.982,1.964,1.977,1.903,64060229,126487659.0,4.72884,3.8886,1,baostock,10,2026-09-07T14:41:14+00:00
513870,2026-08-03,1.982,1.992,1.978,1.986,1.977,43363229,86066982.0,3.198654,0.4552,1,baostock,10,2026-09-07T14:41:14+00:00
513870,2026-08-04,2.019,2.038,2.011,2.037,1.986,70652078,143317224.0,5.207753,2.568,1,baostock,10,2026-09-07T14:41:14+00:00
513870,2026-08-05,2.108,2.109,2.088,2.107,2.037,100921740,212260081.0,7.433446,3.4364,1,baostock,10,2026-09-07T14:41:14+00:00
513870,2026-08-06,2.071,2.084,2.064,2.079,2.107,68427968,141949004.0,5.03639,-1.3289,1,baostock,10,2026-09-07T14:41:14+00:00
513870,2026-08-07,2.078,2.092,2.071,2.088,2.079,40540500,84304050.0,2.98164,0.4329,1,baostock,10,2026-09-07T14:41:14+00:00
513870,2026-08-10,2.108,2.113,2.083,2.097,2.088,40051300,84034081.0,2.943496,0.431,1,baostock,10,2026-09-07T14:41:14+00:00
513870,2026-08-11,2.081,2.092,2.063,2.064,2.097,55003003,114089674.0,4.039375,-1.5737,1,baostock,10,2026-09-07T14:41:14+00:00
513870,2026-08-12,2.056,2.075,2.05,2.073,2.064,35126790,72512230.0,2.57779,0.436,1,baostock,10,2026-09-07T14:41:14+00:00
513870,2026-08-13,2.077,2.09,2.074,2.076,2.073,36954900,76942620.0,2.709957,0.1447,1,baostock,10,2026-09-07T14:41:14+00:00
513870,2026-08-14,2.097,2.112,2.096,2.112,2.076,47292810,99522376.0,3.46551,1.7341,1,baostock,10,2026-09-07T14:41:14+00:00
513870,2026-08-17,2.113,2.124,2.109,2.124,2.112,39242060,83028902.0,2.873464,0.5682,1,baostock,10,2026-09-07T14:41:14+00:00
513870,2026-08-18,2.113,2.113,2.088,2.09,2.124,36625400,76788931.0,2.679899,-1.6008,1,baostock,10,2026-09-07T14:41:14+00:00
513870,2026-08-19,2.065,2.07,2.041,2.047,2.09,50214326,102932270.0,3.671521,-2.0574,1,baostock,10,2026-09-07T14:41:14+00:00
513870,2026-08-20,2.061,2.07,2.06,2.067,2.047,27196000,56175573.0,1.987037,0.977,1,baostock,10,2026-09-07T14:41:14+00:00
513870,2026-08-21,2.042,2.054,2.034,2.054,2.067,36135688,73862625.0,2.638275,-0.6289,1,baostock,10,2026-09-07T14:41:14+00:00
513870,2026-08-24,2.055,2.056,2.029,2.03,2.054,40977900,83567023.0,2.989623,-1.1685,1,baostock,10,2026-09-07T14:41:14+00:00
513870,2026-08-25,2.022,2.055,2.02,2.05,2.03,51622160,105278747.0,3.763451,0.9852,1,baostock,10,2026-09-07T14:41:14+00:00
513870,2026-08-26,2.042,2.059,2.036,2.052,2.05,34847400,71465544.0,2.538656,0.0976,1,baostock,10,2026-09-07T14:41:14+00:00
513870,2026-08-27,2.072,2.081,2.066,2.079,2.052,42601596,88429180.0,3.101295,1.3158,1,baostock,10,2026-09-07T14:41:14+00:00
513870,2026-08-28,2.088,2.094,2.073,2.073,2.079,30043866,62565168.0,2.185531,-0.2886,1,baostock,10,2026-09-07T14:41:14+00:00
513870,2026-08-31,2.042,2.067,2.04,2.061,2.073,33908005,69638054.0,2.464834,-0.5789,1,baostock,10,2026-09-07T14:41:14+00:00
513870,2026-09-01,2.061,2.075,2.044,2.067,2.061,27178900,56092946.0,1.974248,0.2911,1,baostock,10,2026-09-07T14:41:14+00:00
513870,2026-09-02,2.039,2.049,2.03,2.033,2.067,36303900,73995120.0,2.635165,-1.6449,1,baostock,10,2026-09-07T14:41:14+00:00
513870,2026-09-03,2.044,2.056,2.034,2.04,2.033,23325042,47660015.0,1.69185,0.3443,1,baostock,10,2026-09-07T14:41:14+00:00
513870,2026-09-04,2.07,2.072,2.065,2.071,2.04,37406945,77377211.0,2.711295,1.5196,1,baostock,10,2026-09-07T14:41:14+00:00
513870,2026-09-07,2.072,2.083,2.07,2.08,2.071,38899876,80858219.0,2.817462,0.4346,1,baostock,10,2026-09-07T14:41:14+00:00
