factor_name,factor_date,value,open,high,low,volume,available_at,availability_method,availability_verified,pit_usable,source,source_priority,ingested_at_utc
NDX,2023-09-05,15508.2354,15460.5225,15556.8467,15419.96,831234074.0,2023-09-06T08:00:00+08:00,next_calendar_day_08_cn,False,True,akshare:sina:index_us_stock_sina,10,2026-09-08T02:49:21+00:00
NDX,2023-09-06,15371.4434,15467.3223,15486.998,15289.4795,827036368.0,2023-09-07T08:00:00+08:00,next_calendar_day_08_cn,False,True,akshare:sina:index_us_stock_sina,10,2026-09-08T02:49:21+00:00
NDX,2023-09-07,15258.5225,15174.2217,15288.1963,15138.7256,942720827.0,2023-09-08T08:00:00+08:00,next_calendar_day_08_cn,False,True,akshare:sina:index_us_stock_sina,10,2026-09-08T02:49:21+00:00
NDX,2023-09-08,15280.2305,15265.5742,15374.2197,15244.0615,826532325.0,2023-09-09T08:00:00+08:00,next_calendar_day_08_cn,False,True,akshare:sina:index_us_stock_sina,10,2026-09-08T02:49:21+00:00
NDX,2023-09-11,15461.8652,15409.7744,15482.8408,15328.3467,914413746.0,2023-09-12T08:00:00+08:00,next_calendar_day_08_cn,False,True,akshare:sina:index_us_stock_sina,10,2026-09-08T02:49:21+00:00
NDX,2023-09-12,15289.7363,15390.5879,15447.8486,15278.8799,824465605.0,2023-09-13T08:00:00+08:00,next_calendar_day_08_cn,False,True,akshare:sina:index_us_stock_sina,10,2026-09-08T02:49:21+00:00
NDX,2023-09-13,15348.5254,15293.2676,15414.6094,15256.5996,789227591.0,2023-09-14T08:00:00+08:00,next_calendar_day_08_cn,False,True,akshare:sina:index_us_stock_sina,10,2026-09-08T02:49:21+00:00
NDX,2023-09-14,15473.8936,15433.0127,15512.8174,15337.1816,808943348.0,2023-09-15T08:00:00+08:00,next_calendar_day_08_cn,False,True,akshare:sina:index_us_stock_sina,10,2026-09-08T02:49:21+00:00
NDX,2023-09-15,15202.3984,15425.9482,15435.4502,15173.709,1478417853.0,2023-09-16T08:00:00+08:00,next_calendar_day_08_cn,False,True,akshare:sina:index_us_stock_sina,10,2026-09-08T02:49:21+00:00
NDX,2023-09-18,15225.3721,15161.168,15268.9619,15155.4609,744855092.0,2023-09-19T08:00:00+08:00,next_calendar_day_08_cn,False,True,akshare:sina:index_us_stock_sina,10,2026-09-08T02:49:21+00:00
NDX,2023-09-19,15191.2344,15152.5312,15219.9229,15069.415,754769703.0,2023-09-20T08:00:00+08:00,next_calendar_day_08_cn,False,True,akshare:sina:index_us_stock_sina,10,2026-09-08T02:49:21+00:00
NDX,2023-09-20,14969.9229,15225.3438,15245.1924,14967.6025,778001350.0,2023-09-21T08:00:00+08:00,next_calendar_day_08_cn,False,True,akshare:sina:index_us_stock_sina,10,2026-09-08T02:49:21+00:00
NDX,2023-09-21,14694.2432,14813.4844,14849.248,14691.6895,827860450.0,2023-09-22T08:00:00+08:00,next_calendar_day_08_cn,False,True,akshare:sina:index_us_stock_sina,10,2026-09-08T02:49:21+00:00
NDX,2023-09-22,14701.0967,14756.624,14855.9199,14686.8438,811087399.0,2023-09-23T08:00:00+08:00,next_calendar_day_08_cn,False,True,akshare:sina:index_us_stock_sina,10,2026-09-08T02:49:21+00:00
NDX,2023-09-25,14768.8955,14662.6914,14771.1182,14615.4482,682396937.0,2023-09-26T08:00:00+08:00,next_calendar_day_08_cn,False,True,akshare:sina:index_us_stock_sina,10,2026-09-08T02:49:21+00:00
NDX,2023-09-26,14545.8262,14668.4541,14678.4814,14505.6758,869197203.0,2023-09-27T08:00:00+08:00,next_calendar_day_08_cn,False,True,akshare:sina:index_us_stock_sina,10,2026-09-08T02:49:21+00:00
NDX,2023-09-27,14580.1592,14600.1387,14657.2109,14432.5967,918282178.0,2023-09-28T08:00:00+08:00,next_calendar_day_08_cn,False,True,akshare:sina:index_us_stock_sina,10,2026-09-08T02:49:21+00:00
NDX,2023-09-28,14702.7656,14530.96,14787.584,14510.1699,887393721.0,2023-09-29T08:00:00+08:00,next_calendar_day_08_cn,False,True,akshare:sina:index_us_stock_sina,10,2026-09-08T02:49:21+00:00
NDX,2023-09-29,14715.2441,14853.3467,14901.8525,14664.7773,722337016.0,2023-09-30T08:00:00+08:00,next_calendar_day_08_cn,False,True,akshare:sina:index_us_stock_sina,10,2026-09-08T02:49:21+00:00
NDX,2023-10-02,14837.5693,14717.8965,14892.1758,14701.5234,770134268.0,2023-10-03T08:00:00+08:00,next_calendar_day_08_cn,False,True,akshare:sina:index_us_stock_sina,10,2026-09-08T02:49:21+00:00
NDX,2023-10-03,14565.6162,14744.0498,14819.8662,14504.1436,811326426.0,2023-10-04T08:00:00+08:00,next_calendar_day_08_cn,False,True,akshare:sina:index_us_stock_sina,10,2026-09-08T02:49:21+00:00
NDX,2023-10-04,14776.2529,14613.2266,14803.043,14592.5547,804012589.0,2023-10-05T08:00:00+08:00,next_calendar_day_08_cn,False,True,akshare:sina:index_us_stock_sina,10,2026-09-08T02:49:21+00:00
NDX,2023-10-05,14723.2227,14769.5537,14784.6855,14584.3857,796040015.0,2023-10-06T08:00:00+08:00,next_calendar_day_08_cn,False,True,akshare:sina:index_us_stock_sina,10,2026-09-08T02:49:21+00:00
NDX,2023-10-06,14973.2412,14622.2275,15021.3828,14575.9473,902360639.0,2023-10-07T08:00:00+08:00,next_calendar_day_08_cn,False,True,akshare:sina:index_us_stock_sina,10,2026-09-08T02:49:21+00:00
NDX,2023-10-09,15047.1543,14871.5723,15070.6416,14816.3203,689250222.0,2023-10-10T08:00:00+08:00,next_calendar_day_08_cn,False,True,akshare:sina:index_us_stock_sina,10,2026-09-08T02:49:21+00:00
NDX,2023-10-10,15131.5195,15074.0439,15241.9424,15050.5391,800367328.0,2023-10-11T08:00:00+08:00,next_calendar_day_08_cn,False,True,akshare:sina:index_us_stock_sina,10,2026-09-08T02:49:21+00:00
NDX,2023-10-11,15241.1162,15194.5303,15248.2168,15119.6152,760572561.0,2023-10-12T08:00:00+08:00,next_calendar_day_08_cn,False,True,akshare:sina:index_us_stock_sina,10,2026-09-08T02:49:21+00:00
NDX,2023-10-12,15184.1006,15264.1084,15333.9785,15090.6934,901137199.0,2023-10-13T08:00:00+08:00,next_calendar_day_08_cn,False,True,akshare:sina:index_us_stock_sina,10,2026-09-08T02:49:21+00:00
NDX,2023-10-13,14995.1152,15225.7285,15232.3672,14943.418,821652068.0,2023-10-14T08:00:00+08:00,next_calendar_day_08_cn,False,True,akshare:sina:index_us_stock_sina,10,2026-09-08T02:49:21+00:00
NDX,2023-10-16,15172.7324,15054.4775,15209.4971,15047.2695,765096600.0,2023-10-17T08:00:00+08:00,next_calendar_day_08_cn,False,True,akshare:sina:index_us_stock_sina,10,2026-09-08T02:49:21+00:00
NDX,2023-10-17,15122.0117,15009.2588,15187.0596,14932.7695,866191000.0,2023-10-18T08:00:00+08:00,next_calendar_day_08_cn,False,True,akshare:sina:index_us_stock_sina,10,2026-09-08T02:49:21+00:00
NDX,2023-10-18,14909.2598,15022.2842,15103.8721,14865.8086,830830794.0,2023-10-19T08:00:00+08:00,next_calendar_day_08_cn,False,True,akshare:sina:index_us_stock_sina,10,2026-09-08T02:49:21+00:00
NDX,2023-10-19,14783.127,14981.125,15023.9092,14749.3018,960186677.0,2023-10-20T08:00:00+08:00,next_calendar_day_08_cn,False,True,akshare:sina:index_us_stock_sina,10,2026-09-08T02:49:21+00:00
NDX,2023-10-20,14560.877,14752.585,14781.2217,14552.1221,953176133.0,2023-10-21T08:00:00+08:00,next_calendar_day_08_cn,False,True,akshare:sina:index_us_stock_sina,10,2026-09-08T02:49:21+00:00
NDX,2023-10-23,14604.8506,14514.1123,14746.3662,14419.0596,868978947.0,2023-10-24T08:00:00+08:00,next_calendar_day_08_cn,False,True,akshare:sina:index_us_stock_sina,10,2026-09-08T02:49:21+00:00
NDX,2023-10-24,14745.8555,14678.4092,14774.1611,14610.3281,833454303.0,2023-10-25T08:00:00+08:00,next_calendar_day_08_cn,False,True,akshare:sina:index_us_stock_sina,10,2026-09-08T02:49:21+00:00
NDX,2023-10-25,14381.6406,14642.0762,14643.6943,14362.2402,1042102027.0,2023-10-26T08:00:00+08:00,next_calendar_day_08_cn,False,True,akshare:sina:index_us_stock_sina,10,2026-09-08T02:49:21+00:00
NDX,2023-10-26,14109.5732,14314.0137,14372.5088,14058.333,1083534107.0,2023-10-27T08:00:00+08:00,next_calendar_day_08_cn,False,True,akshare:sina:index_us_stock_sina,10,2026-09-08T02:49:21+00:00
NDX,2023-10-27,14180.4209,14245.749,14321.0391,14130.3691,1015404824.0,2023-10-28T08:00:00+08:00,next_calendar_day_08_cn,False,True,akshare:sina:index_us_stock_sina,10,2026-09-08T02:49:21+00:00
NDX,2023-10-30,14335.5068,14283.9805,14388.2021,14225.8584,803709911.0,2023-10-31T08:00:00+08:00,next_calendar_day_08_cn,False,True,akshare:sina:index_us_stock_sina,10,2026-09-08T02:49:21+00:00
NDX,2023-10-31,14409.7832,14340.8584,14420.4434,14232.4023,870685974.0,2023-11-01T08:00:00+08:00,next_calendar_day_08_cn,False,True,akshare:sina:index_us_stock_sina,10,2026-09-08T02:49:21+00:00
NDX,2023-11-01,14664.9053,14453.6758,14677.8613,14441.8945,1042624964.0,2023-11-02T08:00:00+08:00,next_calendar_day_08_cn,False,True,akshare:sina:index_us_stock_sina,10,2026-09-08T02:49:21+00:00
NDX,2023-11-02,14919.5449,14856.9482,14930.7646,14792.8086,889744553.0,2023-11-03T08:00:00+08:00,next_calendar_day_08_cn,False,True,akshare:sina:index_us_stock_sina,10,2026-09-08T02:49:21+00:00
NDX,2023-11-03,15099.4912,14985.1221,15149.7812,14965.2871,965564565.0,2023-11-04T08:00:00+08:00,next_calendar_day_08_cn,False,True,akshare:sina:index_us_stock_sina,10,2026-09-08T02:49:21+00:00
NDX,2023-11-06,15154.9268,15137.165,15180.1934,15064.9062,797399039.0,2023-11-07T08:00:00+08:00,next_calendar_day_08_cn,False,True,akshare:sina:index_us_stock_sina,10,2026-09-08T02:49:21+00:00
NDX,2023-11-07,15296.0186,15201.7705,15335.4424,15153.3096,855426453.0,2023-11-08T08:00:00+08:00,next_calendar_day_08_cn,False,True,akshare:sina:index_us_stock_sina,10,2026-09-08T02:49:21+00:00
NDX,2023-11-08,15313.2412,15313.9014,15343.1865,15220.8848,882105953.0,2023-11-09T08:00:00+08:00,next_calendar_day_08_cn,False,True,akshare:sina:index_us_stock_sina,10,2026-09-08T02:49:21+00:00
NDX,2023-11-09,15187.8975,15351.1221,15382.1064,15171.3154,924434672.0,2023-11-10T08:00:00+08:00,next_calendar_day_08_cn,False,True,akshare:sina:index_us_stock_sina,10,2026-09-08T02:49:21+00:00
NDX,2023-11-10,15529.1191,15252.3633,15535.2021,15237.1738,951963237.0,2023-11-11T08:00:00+08:00,next_calendar_day_08_cn,False,True,akshare:sina:index_us_stock_sina,10,2026-09-08T02:49:21+00:00
NDX,2023-11-13,15482.7871,15469.209,15524.6621,15404.707,754556366.0,2023-11-14T08:00:00+08:00,next_calendar_day_08_cn,False,True,akshare:sina:index_us_stock_sina,10,2026-09-08T02:49:21+00:00
NDX,2023-11-14,15812.4727,15744.3613,15850.3369,15726.124,989323658.0,2023-11-15T08:00:00+08:00,next_calendar_day_08_cn,False,True,akshare:sina:index_us_stock_sina,10,2026-09-08T02:49:21+00:00
NDX,2023-11-15,15817.1758,15881.7207,15904.627,15765.3057,969504911.0,2023-11-16T08:00:00+08:00,next_calendar_day_08_cn,False,True,akshare:sina:index_us_stock_sina,10,2026-09-08T02:49:21+00:00
NDX,2023-11-16,15833.1729,15765.1982,15842.6338,15738.2236,1011779621.0,2023-11-17T08:00:00+08:00,next_calendar_day_08_cn,False,True,akshare:sina:index_us_stock_sina,10,2026-09-08T02:49:21+00:00
NDX,2023-11-17,15837.9932,15803.9824,15876.8662,15766.9443,893663417.0,2023-11-18T08:00:00+08:00,next_calendar_day_08_cn,False,True,akshare:sina:index_us_stock_sina,10,2026-09-08T02:49:21+00:00
NDX,2023-11-20,16027.0635,15845.1963,16056.7559,15844.8281,858167442.0,2023-11-21T08:00:00+08:00,next_calendar_day_08_cn,False,True,akshare:sina:index_us_stock_sina,10,2026-09-08T02:49:21+00:00
NDX,2023-11-21,15933.6201,15951.5518,15968.0859,15866.8154,808372578.0,2023-11-22T08:00:00+08:00,next_calendar_day_08_cn,False,True,akshare:sina:index_us_stock_sina,10,2026-09-08T02:49:21+00:00
NDX,2023-11-22,16001.3857,16025.7432,16119.3135,15964.0381,766502777.0,2023-11-23T08:00:00+08:00,next_calendar_day_08_cn,False,True,akshare:sina:index_us_stock_sina,10,2026-09-08T02:49:21+00:00
NDX,2023-11-24,15982.0137,15974.8506,16007.4258,15940.623,374482698.0,2023-11-25T08:00:00+08:00,next_calendar_day_08_cn,False,True,akshare:sina:index_us_stock_sina,10,2026-09-08T02:49:21+00:00
NDX,2023-11-27,15961.9805,15969.7197,16045.3008,15932.1924,763972833.0,2023-11-28T08:00:00+08:00,next_calendar_day_08_cn,False,True,akshare:sina:index_us_stock_sina,10,2026-09-08T02:49:21+00:00
NDX,2023-11-28,16010.4287,15940.2939,16031.5156,15921.0674,854820788.0,2023-11-29T08:00:00+08:00,next_calendar_day_08_cn,False,True,akshare:sina:index_us_stock_sina,10,2026-09-08T02:49:21+00:00
NDX,2023-11-29,15987.6006,16111.3623,16166.5117,15976.6885,844667340.0,2023-11-30T08:00:00+08:00,next_calendar_day_08_cn,False,True,akshare:sina:index_us_stock_sina,10,2026-09-08T02:49:21+00:00
NDX,2023-11-30,15947.8691,15987.6631,16013.4814,15825.668,1066640379.0,2023-12-01T08:00:00+08:00,next_calendar_day_08_cn,False,True,akshare:sina:index_us_stock_sina,10,2026-09-08T02:49:21+00:00
NDX,2023-12-01,15997.5791,15892.5859,16013.75,15834.9268,858639894.0,2023-12-02T08:00:00+08:00,next_calendar_day_08_cn,False,True,akshare:sina:index_us_stock_sina,10,2026-09-08T02:49:21+00:00
NDX,2023-12-04,15839.6689,15837.123,15852.4473,15695.584,866367478.0,2023-12-05T08:00:00+08:00,next_calendar_day_08_cn,False,True,akshare:sina:index_us_stock_sina,10,2026-09-08T02:49:21+00:00
NDX,2023-12-05,15877.709,15763.6553,15931.8418,15760.5879,830352334.0,2023-12-06T08:00:00+08:00,next_calendar_day_08_cn,False,True,akshare:sina:index_us_stock_sina,10,2026-09-08T02:49:21+00:00
NDX,2023-12-06,15788.0479,15990.1953,15990.9365,15776.9512,817111271.0,2023-12-07T08:00:00+08:00,next_calendar_day_08_cn,False,True,akshare:sina:index_us_stock_sina,10,2026-09-08T02:49:21+00:00
NDX,2023-12-07,16022.4873,15888.2334,16042.5078,15875.4766,941784589.0,2023-12-08T08:00:00+08:00,next_calendar_day_08_cn,False,True,akshare:sina:index_us_stock_sina,10,2026-09-08T02:49:21+00:00
NDX,2023-12-08,16084.6885,15952.8535,16100.8564,15937.5771,845848938.0,2023-12-09T08:00:00+08:00,next_calendar_day_08_cn,False,True,akshare:sina:index_us_stock_sina,10,2026-09-08T02:49:21+00:00
NDX,2023-12-11,16221.7344,16069.6152,16232.2549,16061.874,1007638480.0,2023-12-12T08:00:00+08:00,next_calendar_day_08_cn,False,True,akshare:sina:index_us_stock_sina,10,2026-09-08T02:49:21+00:00
NDX,2023-12-12,16354.2471,16209.6113,16354.2471,16175.4609,915536341.0,2023-12-13T08:00:00+08:00,next_calendar_day_08_cn,False,True,akshare:sina:index_us_stock_sina,10,2026-09-08T02:49:21+00:00
NDX,2023-12-13,16562.3691,16392.1777,16581.041,16357.21,1011417564.0,2023-12-14T08:00:00+08:00,next_calendar_day_08_cn,False,True,akshare:sina:index_us_stock_sina,10,2026-09-08T02:49:21+00:00
NDX,2023-12-14,16537.8262,16603.5391,16660.709,16419.2617,1326029087.0,2023-12-15T08:00:00+08:00,next_calendar_day_08_cn,False,True,akshare:sina:index_us_stock_sina,10,2026-09-08T02:49:21+00:00
NDX,2023-12-15,16623.4473,16586.998,16669.7734,16557.0098,1801791532.0,2023-12-16T08:00:00+08:00,next_calendar_day_08_cn,False,True,akshare:sina:index_us_stock_sina,10,2026-09-08T02:49:21+00:00
NDX,2023-12-18,16729.8027,16631.1133,16764.3164,16629.2891,816496552.0,2023-12-19T08:00:00+08:00,next_calendar_day_08_cn,False,True,akshare:sina:index_us_stock_sina,10,2026-09-08T02:49:21+00:00
NDX,2023-12-19,16811.8555,16734.2539,16813.0117,16733.377,776544866.0,2023-12-20T08:00:00+08:00,next_calendar_day_08_cn,False,True,akshare:sina:index_us_stock_sina,10,2026-09-08T02:49:21+00:00
NDX,2023-12-20,16554.1582,16763.6406,16860.6758,16552.0645,879039395.0,2023-12-21T08:00:00+08:00,next_calendar_day_08_cn,False,True,akshare:sina:index_us_stock_sina,10,2026-09-08T02:49:21+00:00
NDX,2023-12-21,16757.4082,16719.6113,16768.0234,16621.5176,758483601.0,2023-12-22T08:00:00+08:00,next_calendar_day_08_cn,False,True,akshare:sina:index_us_stock_sina,10,2026-09-08T02:49:21+00:00
NDX,2023-12-22,16777.4043,16799.0195,16839.252,16703.5703,608052826.0,2023-12-23T08:00:00+08:00,next_calendar_day_08_cn,False,True,akshare:sina:index_us_stock_sina,10,2026-09-08T02:49:21+00:00
NDX,2023-12-26,16878.4609,16816.7832,16907.5117,16813.5664,539329569.0,2023-12-27T08:00:00+08:00,next_calendar_day_08_cn,False,True,akshare:sina:index_us_stock_sina,10,2026-09-08T02:49:21+00:00
NDX,2023-12-27,16906.8008,16896.1426,16922.0137,16859.5527,617232696.0,2023-12-28T08:00:00+08:00,next_calendar_day_08_cn,False,True,akshare:sina:index_us_stock_sina,10,2026-09-08T02:49:21+00:00
NDX,2023-12-28,16898.4727,16963.5176,16969.1699,16891.3242,555035854.0,2023-12-29T08:00:00+08:00,next_calendar_day_08_cn,False,True,akshare:sina:index_us_stock_sina,10,2026-09-08T02:49:21+00:00
NDX,2023-12-29,16825.9316,16902.4453,16919.5098,16757.8848,634658168.0,2023-12-30T08:00:00+08:00,next_calendar_day_08_cn,False,True,akshare:sina:index_us_stock_sina,10,2026-09-08T02:49:21+00:00
NDX,2024-01-02,16543.9375,16667.2988,16686.6035,16453.1504,720714649.0,2024-01-03T08:00:00+08:00,next_calendar_day_08_cn,False,True,akshare:sina:index_us_stock_sina,10,2026-09-08T02:49:21+00:00
NDX,2024-01-03,16368.4902,16413.2559,16471.0762,16352.1416,669876024.0,2024-01-04T08:00:00+08:00,next_calendar_day_08_cn,False,True,akshare:sina:index_us_stock_sina,10,2026-09-08T02:49:21+00:00
NDX,2024-01-04,16282.0127,16290.7754,16419.4375,16276.4307,699383194.0,2024-01-05T08:00:00+08:00,next_calendar_day_08_cn,False,True,akshare:sina:index_us_stock_sina,10,2026-09-08T02:49:21+00:00
NDX,2024-01-05,16305.9795,16281.7441,16415.3926,16249.1895,636842360.0,2024-01-06T08:00:00+08:00,next_calendar_day_08_cn,False,True,akshare:sina:index_us_stock_sina,10,2026-09-08T02:49:21+00:00
NDX,2024-01-08,16649.875,16354.2207,16655.2305,16349.3906,835464739.0,2024-01-09T08:00:00+08:00,next_calendar_day_08_cn,False,True,akshare:sina:index_us_stock_sina,10,2026-09-08T02:49:21+00:00
NDX,2024-01-09,16678.7051,16531.9609,16710.8848,16513.7344,799403547.0,2024-01-10T08:00:00+08:00,next_calendar_day_08_cn,False,True,akshare:sina:index_us_stock_sina,10,2026-09-08T02:49:21+00:00
NDX,2024-01-10,16793.0449,16702.5527,16827.3672,16654.7402,744824134.0,2024-01-11T08:00:00+08:00,next_calendar_day_08_cn,False,True,akshare:sina:index_us_stock_sina,10,2026-09-08T02:49:21+00:00
NDX,2024-01-11,16820.9004,16852.1895,16898.1562,16618.8574,787304081.0,2024-01-12T08:00:00+08:00,next_calendar_day_08_cn,False,True,akshare:sina:index_us_stock_sina,10,2026-09-08T02:49:21+00:00
NDX,2024-01-12,16832.918,16855.0039,16900.3691,16776.918,692796722.0,2024-01-13T08:00:00+08:00,next_calendar_day_08_cn,False,True,akshare:sina:index_us_stock_sina,10,2026-09-08T02:49:21+00:00
NDX,2024-01-16,16830.709,16775.0977,16895.3262,16726.5898,884734155.0,2024-01-17T08:00:00+08:00,next_calendar_day_08_cn,False,True,akshare:sina:index_us_stock_sina,10,2026-09-08T02:49:21+00:00
NDX,2024-01-17,16736.2793,16705.5078,16749.1133,16561.4902,825866210.0,2024-01-18T08:00:00+08:00,next_calendar_day_08_cn,False,True,akshare:sina:index_us_stock_sina,10,2026-09-08T02:49:21+00:00
NDX,2024-01-18,16982.2891,16894.3301,16996.9844,16818.127,953018212.0,2024-01-19T08:00:00+08:00,next_calendar_day_08_cn,False,True,akshare:sina:index_us_stock_sina,10,2026-09-08T02:49:21+00:00
NDX,2024-01-19,17314.0039,17060.1445,17317.2129,17041.8516,1051414921.0,2024-01-20T08:00:00+08:00,next_calendar_day_08_cn,False,True,akshare:sina:index_us_stock_sina,10,2026-09-08T02:49:21+00:00
NDX,2024-01-22,17330.3809,17403.6191,17450.3008,17309.8652,947534673.0,2024-01-23T08:00:00+08:00,next_calendar_day_08_cn,False,True,akshare:sina:index_us_stock_sina,10,2026-09-08T02:49:21+00:00
NDX,2024-01-23,17404.2051,17346.9512,17410.8633,17286.0176,774065840.0,2024-01-24T08:00:00+08:00,next_calendar_day_08_cn,False,True,akshare:sina:index_us_stock_sina,10,2026-09-08T02:49:21+00:00
NDX,2024-01-24,17499.2988,17562.3164,17665.2598,17481.9707,977640177.0,2024-01-25T08:00:00+08:00,next_calendar_day_08_cn,False,True,akshare:sina:index_us_stock_sina,10,2026-09-08T02:49:21+00:00
NDX,2024-01-25,17516.9883,17589.2695,17631.3379,17430.375,1089515906.0,2024-01-26T08:00:00+08:00,next_calendar_day_08_cn,False,True,akshare:sina:index_us_stock_sina,10,2026-09-08T02:49:21+00:00
NDX,2024-01-26,17421.0098,17432.873,17514.7559,17395.5352,935872128.0,2024-01-27T08:00:00+08:00,next_calendar_day_08_cn,False,True,akshare:sina:index_us_stock_sina,10,2026-09-08T02:49:21+00:00
NDX,2024-01-29,17596.2695,17438.0293,17603.9531,17414.623,872885042.0,2024-01-30T08:00:00+08:00,next_calendar_day_08_cn,False,True,akshare:sina:index_us_stock_sina,10,2026-09-08T02:49:21+00:00
NDX,2024-01-30,17476.709,17556.4902,17578.457,17443.7734,879005657.0,2024-01-31T08:00:00+08:00,next_calendar_day_08_cn,False,True,akshare:sina:index_us_stock_sina,10,2026-09-08T02:49:21+00:00
NDX,2024-01-31,17137.2363,17269.9746,17375.3223,17128.7383,1119922168.0,2024-02-01T08:00:00+08:00,next_calendar_day_08_cn,False,True,akshare:sina:index_us_stock_sina,10,2026-09-08T02:49:21+00:00
NDX,2024-02-01,17344.709,17216.9941,17356.7617,17175.8281,891008849.0,2024-02-02T08:00:00+08:00,next_calendar_day_08_cn,False,True,akshare:sina:index_us_stock_sina,10,2026-09-08T02:49:21+00:00
NDX,2024-02-02,17642.7324,17415.9395,17682.291,17378.373,1127738614.0,2024-02-03T08:00:00+08:00,next_calendar_day_08_cn,False,True,akshare:sina:index_us_stock_sina,10,2026-09-08T02:49:21+00:00
NDX,2024-02-05,17613.0352,17634.6934,17655.7734,17469.6172,925272098.0,2024-02-06T08:00:00+08:00,next_calendar_day_08_cn,False,True,akshare:sina:index_us_stock_sina,10,2026-09-08T02:49:21+00:00
NDX,2024-02-06,17572.7344,17664.4395,17680.6172,17475.4336,855800635.0,2024-02-07T08:00:00+08:00,next_calendar_day_08_cn,False,True,akshare:sina:index_us_stock_sina,10,2026-09-08T02:49:21+00:00
NDX,2024-02-07,17755.0723,17674.5938,17784.1699,17637.7305,874374228.0,2024-02-08T08:00:00+08:00,next_calendar_day_08_cn,False,True,akshare:sina:index_us_stock_sina,10,2026-09-08T02:49:21+00:00
NDX,2024-02-08,17783.166,17757.5977,17814.1211,17728.5547,833822309.0,2024-02-09T08:00:00+08:00,next_calendar_day_08_cn,False,True,akshare:sina:index_us_stock_sina,10,2026-09-08T02:49:21+00:00
NDX,2024-02-09,17962.4043,17820.9805,17987.8965,17798.8125,870198619.0,2024-02-10T08:00:00+08:00,next_calendar_day_08_cn,False,True,akshare:sina:index_us_stock_sina,10,2026-09-08T02:49:21+00:00
NDX,2024-02-12,17882.6602,17942.2832,18041.4531,17859.6582,840033828.0,2024-02-13T08:00:00+08:00,next_calendar_day_08_cn,False,True,akshare:sina:index_us_stock_sina,10,2026-09-08T02:49:21+00:00
NDX,2024-02-13,17600.4238,17519.7969,17717.668,17478.2324,918861831.0,2024-02-14T08:00:00+08:00,next_calendar_day_08_cn,False,True,akshare:sina:index_us_stock_sina,10,2026-09-08T02:49:21+00:00
NDX,2024-02-14,17807.6309,17728.8984,17815.1816,17619.9219,800267698.0,2024-02-15T08:00:00+08:00,next_calendar_day_08_cn,False,True,akshare:sina:index_us_stock_sina,10,2026-09-08T02:49:21+00:00
NDX,2024-02-15,17845.7227,17815.3223,17864.5859,17722.3066,874016143.0,2024-02-16T08:00:00+08:00,next_calendar_day_08_cn,False,True,akshare:sina:index_us_stock_sina,10,2026-09-08T02:49:21+00:00
NDX,2024-02-16,17685.9805,17853.5938,17864.1582,17663.3984,891094094.0,2024-02-17T08:00:00+08:00,next_calendar_day_08_cn,False,True,akshare:sina:index_us_stock_sina,10,2026-09-08T02:49:21+00:00
NDX,2024-02-20,17546.0957,17591.168,17657.0801,17399.4062,890864129.0,2024-02-21T08:00:00+08:00,next_calendar_day_08_cn,False,True,akshare:sina:index_us_stock_sina,10,2026-09-08T02:49:21+00:00
NDX,2024-02-21,17478.9082,17412.7891,17482.1309,17319.4375,835770681.0,2024-02-22T08:00:00+08:00,next_calendar_day_08_cn,False,True,akshare:sina:index_us_stock_sina,10,2026-09-08T02:49:21+00:00
NDX,2024-02-22,18004.7031,17857.7559,18034.8047,17808.2598,1019876331.0,2024-02-23T08:00:00+08:00,next_calendar_day_08_cn,False,True,akshare:sina:index_us_stock_sina,10,2026-09-08T02:49:21+00:00
NDX,2024-02-23,17937.6094,18052.5918,18091.625,17902.7773,914482046.0,2024-02-24T08:00:00+08:00,next_calendar_day_08_cn,False,True,akshare:sina:index_us_stock_sina,10,2026-09-08T02:49:21+00:00
NDX,2024-02-26,17933.332,17970.209,18014.1094,17926.6602,833238929.0,2024-02-27T08:00:00+08:00,next_calendar_day_08_cn,False,True,akshare:sina:index_us_stock_sina,10,2026-09-08T02:49:21+00:00
NDX,2024-02-27,17971.0469,17962.584,17987.541,17871.0566,744904317.0,2024-02-28T08:00:00+08:00,next_calendar_day_08_cn,False,True,akshare:sina:index_us_stock_sina,10,2026-09-08T02:49:21+00:00
NDX,2024-02-28,17874.5039,17895.0254,17931.0137,17840.3555,693787309.0,2024-02-29T08:00:00+08:00,next_calendar_day_08_cn,False,True,akshare:sina:index_us_stock_sina,10,2026-09-08T02:49:21+00:00
NDX,2024-02-29,18043.8496,17991.6719,18068.5176,17866.2598,1088051529.0,2024-03-01T08:00:00+08:00,next_calendar_day_08_cn,False,True,akshare:sina:index_us_stock_sina,10,2026-09-08T02:49:21+00:00
NDX,2024-03-01,18302.9102,18069.2852,18333.2559,18064.4395,951375281.0,2024-03-02T08:00:00+08:00,next_calendar_day_08_cn,False,True,akshare:sina:index_us_stock_sina,10,2026-09-08T02:49:21+00:00
NDX,2024-03-04,18226.4824,18290.0977,18313.4277,18218.2461,1042272289.0,2024-03-05T08:00:00+08:00,next_calendar_day_08_cn,False,True,akshare:sina:index_us_stock_sina,10,2026-09-08T02:49:21+00:00
NDX,2024-03-05,17897.8672,18088.707,18097.5,17804.4961,954487209.0,2024-03-06T08:00:00+08:00,next_calendar_day_08_cn,False,True,akshare:sina:index_us_stock_sina,10,2026-09-08T02:49:21+00:00
NDX,2024-03-06,18017.5742,18083.5078,18142.8789,17941.6445,934207222.0,2024-03-07T08:00:00+08:00,next_calendar_day_08_cn,False,True,akshare:sina:index_us_stock_sina,10,2026-09-08T02:49:21+00:00
NDX,2024-03-07,18297.9902,18161.7324,18337.9531,18101.4336,923681561.0,2024-03-08T08:00:00+08:00,next_calendar_day_08_cn,False,True,akshare:sina:index_us_stock_sina,10,2026-09-08T02:49:21+00:00
NDX,2024-03-08,18018.4531,18312.7852,18416.7266,17995.3828,1031066158.0,2024-03-09T08:00:00+08:00,next_calendar_day_08_cn,False,True,akshare:sina:index_us_stock_sina,10,2026-09-08T02:49:21+00:00
NDX,2024-03-11,17951.6914,17959.6797,18003.0488,17873.3262,830175507.0,2024-03-12T08:00:00+08:00,next_calendar_day_08_cn,False,True,akshare:sina:index_us_stock_sina,10,2026-09-08T02:49:21+00:00
NDX,2024-03-12,18219.1152,18063.0234,18228.3691,17919.332,816748836.0,2024-03-13T08:00:00+08:00,next_calendar_day_08_cn,False,True,akshare:sina:index_us_stock_sina,10,2026-09-08T02:49:21+00:00
NDX,2024-03-13,18068.4668,18151.7559,18163.7422,18030.4023,875226062.0,2024-03-14T08:00:00+08:00,next_calendar_day_08_cn,False,True,akshare:sina:index_us_stock_sina,10,2026-09-08T02:49:21+00:00
NDX,2024-03-14,18014.8066,18114.6855,18142.9023,17913.6289,987016067.0,2024-03-15T08:00:00+08:00,next_calendar_day_08_cn,False,True,akshare:sina:index_us_stock_sina,10,2026-09-08T02:49:21+00:00
NDX,2024-03-15,17808.25,17926.916,17930.4707,17764.9883,1434973226.0,2024-03-16T08:00:00+08:00,next_calendar_day_08_cn,False,True,akshare:sina:index_us_stock_sina,10,2026-09-08T02:49:21+00:00
NDX,2024-03-18,17985.0078,18024.2383,18124.3242,17973.0879,913118985.0,2024-03-19T08:00:00+08:00,next_calendar_day_08_cn,False,True,akshare:sina:index_us_stock_sina,10,2026-09-08T02:49:21+00:00
NDX,2024-03-19,18032.2051,17902.5156,18039.8223,17809.1504,798949771.0,2024-03-20T08:00:00+08:00,next_calendar_day_08_cn,False,True,akshare:sina:index_us_stock_sina,10,2026-09-08T02:49:21+00:00
NDX,2024-03-20,18240.1074,18067.6992,18249.1191,18003.2402,868259588.0,2024-03-21T08:00:00+08:00,next_calendar_day_08_cn,False,True,akshare:sina:index_us_stock_sina,10,2026-09-08T02:49:21+00:00
NDX,2024-03-21,18320.375,18438.2402,18464.7031,18317.0957,944917795.0,2024-03-22T08:00:00+08:00,next_calendar_day_08_cn,False,True,akshare:sina:index_us_stock_sina,10,2026-09-08T02:49:21+00:00
NDX,2024-03-22,18339.4434,18293.1484,18386.252,18267.4902,748987594.0,2024-03-23T08:00:00+08:00,next_calendar_day_08_cn,False,True,akshare:sina:index_us_stock_sina,10,2026-09-08T02:49:21+00:00
NDX,2024-03-25,18277.0645,18215.543,18337.3477,18189.2773,771002792.0,2024-03-26T08:00:00+08:00,next_calendar_day_08_cn,False,True,akshare:sina:index_us_stock_sina,10,2026-09-08T02:49:21+00:00
NDX,2024-03-26,18210.5371,18329.2852,18378.7012,18207.8789,812092249.0,2024-03-27T08:00:00+08:00,next_calendar_day_08_cn,False,True,akshare:sina:index_us_stock_sina,10,2026-09-08T02:49:21+00:00
NDX,2024-03-27,18280.8418,18338.1875,18344.0859,18168.2051,765160291.0,2024-03-28T08:00:00+08:00,next_calendar_day_08_cn,False,True,akshare:sina:index_us_stock_sina,10,2026-09-08T02:49:21+00:00
NDX,2024-03-28,18254.6895,18263.4102,18308.3164,18231.3828,795375126.0,2024-03-29T08:00:00+08:00,next_calendar_day_08_cn,False,True,akshare:sina:index_us_stock_sina,10,2026-09-08T02:49:21+00:00
NDX,2024-04-01,18293.1992,18280.8203,18391.582,18211.2754,748588951.0,2024-04-02T08:00:00+08:00,next_calendar_day_08_cn,False,True,akshare:sina:index_us_stock_sina,10,2026-09-08T02:49:21+00:00
NDX,2024-04-02,18121.7832,18076.4316,18135.5742,18002.2676,783922064.0,2024-04-03T08:00:00+08:00,next_calendar_day_08_cn,False,True,akshare:sina:index_us_stock_sina,10,2026-09-08T02:49:21+00:00
NDX,2024-04-03,18160.1895,18054.4453,18238.6641,18045.4199,782380446.0,2024-04-04T08:00:00+08:00,next_calendar_day_08_cn,False,True,akshare:sina:index_us_stock_sina,10,2026-09-08T02:49:21+00:00
NDX,2024-04-04,17878.7793,18331.0234,18362.2871,17875.7461,927167061.0,2024-04-05T08:00:00+08:00,next_calendar_day_08_cn,False,True,akshare:sina:index_us_stock_sina,10,2026-09-08T02:49:21+00:00
NDX,2024-04-05,18108.457,17940.2773,18202.9551,17912.8594,825820806.0,2024-04-06T08:00:00+08:00,next_calendar_day_08_cn,False,True,akshare:sina:index_us_stock_sina,10,2026-09-08T02:49:21+00:00
NDX,2024-04-08,18100.1914,18130.4414,18178.6562,18050.6895,716387638.0,2024-04-09T08:00:00+08:00,next_calendar_day_08_cn,False,True,akshare:sina:index_us_stock_sina,10,2026-09-08T02:49:21+00:00
NDX,2024-04-09,18169.9043,18188.8672,18210.0234,17973.0723,786707638.0,2024-04-10T08:00:00+08:00,next_calendar_day_08_cn,False,True,akshare:sina:index_us_stock_sina,10,2026-09-08T02:49:21+00:00
NDX,2024-04-10,18011.6543,17957.957,18040.8301,17932.416,788674206.0,2024-04-11T08:00:00+08:00,next_calendar_day_08_cn,False,True,akshare:sina:index_us_stock_sina,10,2026-09-08T02:49:21+00:00
NDX,2024-04-11,18307.9824,18085.1113,18337.1504,17998.252,803994764.0,2024-04-12T08:00:00+08:00,next_calendar_day_08_cn,False,True,akshare:sina:index_us_stock_sina,10,2026-09-08T02:49:21+00:00
NDX,2024-04-12,18003.4863,18117.6719,18166.4941,17952.0859,850548499.0,2024-04-13T08:00:00+08:00,next_calendar_day_08_cn,False,True,akshare:sina:index_us_stock_sina,10,2026-09-08T02:49:21+00:00
NDX,2024-04-15,17706.832,18143.2539,18152.0801,17676.3457,848022601.0,2024-04-16T08:00:00+08:00,next_calendar_day_08_cn,False,True,akshare:sina:index_us_stock_sina,10,2026-09-08T02:49:21+00:00
NDX,2024-04-16,17713.6641,17691.4492,17817.7266,17660.8887,732762705.0,2024-04-17T08:00:00+08:00,next_calendar_day_08_cn,False,True,akshare:sina:index_us_stock_sina,10,2026-09-08T02:49:21+00:00
NDX,2024-04-17,17493.6211,17785.8223,17788.5391,17459.5723,751617713.0,2024-04-18T08:00:00+08:00,next_calendar_day_08_cn,False,True,akshare:sina:index_us_stock_sina,10,2026-09-08T02:49:21+00:00
NDX,2024-04-18,17394.3145,17514.7695,17590.8125,17376.4941,741273376.0,2024-04-19T08:00:00+08:00,next_calendar_day_08_cn,False,True,akshare:sina:index_us_stock_sina,10,2026-09-08T02:49:21+00:00
NDX,2024-04-19,17037.6465,17334.7109,17362.2812,16973.9414,999350424.0,2024-04-20T08:00:00+08:00,next_calendar_day_08_cn,False,True,akshare:sina:index_us_stock_sina,10,2026-09-08T02:49:21+00:00
NDX,2024-04-22,17210.8848,17161.1094,17305.1523,17010.2539,780592421.0,2024-04-23T08:00:00+08:00,next_calendar_day_08_cn,False,True,akshare:sina:index_us_stock_sina,10,2026-09-08T02:49:21+00:00
NDX,2024-04-23,17471.4707,17297.2383,17513.3066,17277.2539,749832200.0,2024-04-24T08:00:00+08:00,next_calendar_day_08_cn,False,True,akshare:sina:index_us_stock_sina,10,2026-09-08T02:49:21+00:00
NDX,2024-04-24,17526.8008,17613.6621,17653.6582,17435.332,898405187.0,2024-04-25T08:00:00+08:00,next_calendar_day_08_cn,False,True,akshare:sina:index_us_stock_sina,10,2026-09-08T02:49:21+00:00
NDX,2024-04-25,17430.5039,17205.2793,17474.4609,17172.4219,990202384.0,2024-04-26T08:00:00+08:00,next_calendar_day_08_cn,False,True,akshare:sina:index_us_stock_sina,10,2026-09-08T02:49:21+00:00
NDX,2024-04-26,17718.2988,17566.2227,17772.7773,17533.0801,994110373.0,2024-04-27T08:00:00+08:00,next_calendar_day_08_cn,False,True,akshare:sina:index_us_stock_sina,10,2026-09-08T02:49:21+00:00
NDX,2024-04-29,17782.7148,17801.1387,17820.0,17671.0332,956579897.0,2024-04-30T08:00:00+08:00,next_calendar_day_08_cn,False,True,akshare:sina:index_us_stock_sina,10,2026-09-08T02:49:21+00:00
NDX,2024-04-30,17440.6914,17720.3535,17768.8691,17440.6914,1047085685.0,2024-05-01T08:00:00+08:00,next_calendar_day_08_cn,False,True,akshare:sina:index_us_stock_sina,10,2026-09-08T02:49:21+00:00
NDX,2024-05-01,17318.5488,17382.7773,17667.8613,17284.3652,1038592392.0,2024-05-02T08:00:00+08:00,next_calendar_day_08_cn,False,True,akshare:sina:index_us_stock_sina,10,2026-09-08T02:49:21+00:00
NDX,2024-05-02,17541.541,17474.916,17575.8047,17290.6367,867369635.0,2024-05-03T08:00:00+08:00,next_calendar_day_08_cn,False,True,akshare:sina:index_us_stock_sina,10,2026-09-08T02:49:21+00:00
NDX,2024-05-03,17890.7949,17848.6602,17926.9785,17784.7812,895542583.0,2024-05-04T08:00:00+08:00,next_calendar_day_08_cn,False,True,akshare:sina:index_us_stock_sina,10,2026-09-08T02:49:21+00:00
NDX,2024-05-06,18093.5664,17950.9844,18094.4609,17937.2812,748756491.0,2024-05-07T08:00:00+08:00,next_calendar_day_08_cn,False,True,akshare:sina:index_us_stock_sina,10,2026-09-08T02:49:21+00:00
NDX,2024-05-07,18091.4453,18106.332,18156.3184,18061.6055,772082188.0,2024-05-08T08:00:00+08:00,next_calendar_day_08_cn,False,True,akshare:sina:index_us_stock_sina,10,2026-09-08T02:49:21+00:00
NDX,2024-05-08,18085.0117,17987.7051,18135.3438,17987.7051,680877371.0,2024-05-09T08:00:00+08:00,next_calendar_day_08_cn,False,True,akshare:sina:index_us_stock_sina,10,2026-09-08T02:49:21+00:00
NDX,2024-05-09,18113.4629,18095.7969,18138.0195,18012.6172,678944359.0,2024-05-10T08:00:00+08:00,next_calendar_day_08_cn,False,True,akshare:sina:index_us_stock_sina,10,2026-09-08T02:49:21+00:00
NDX,2024-05-10,18161.1797,18171.1445,18247.6094,18099.7246,657462462.0,2024-05-11T08:00:00+08:00,next_calendar_day_08_cn,False,True,akshare:sina:index_us_stock_sina,10,2026-09-08T02:49:21+00:00
NDX,2024-05-13,18198.6133,18228.4043,18233.4961,18147.5723,680403900.0,2024-05-14T08:00:00+08:00,next_calendar_day_08_cn,False,True,akshare:sina:index_us_stock_sina,10,2026-09-08T02:49:21+00:00
NDX,2024-05-14,18322.7715,18187.5059,18339.5801,18175.2969,698504466.0,2024-05-15T08:00:00+08:00,next_calendar_day_08_cn,False,True,akshare:sina:index_us_stock_sina,10,2026-09-08T02:49:21+00:00
NDX,2024-05-15,18596.6504,18412.8066,18607.5273,18359.3203,815213477.0,2024-05-16T08:00:00+08:00,next_calendar_day_08_cn,False,True,akshare:sina:index_us_stock_sina,10,2026-09-08T02:49:21+00:00
NDX,2024-05-16,18557.9648,18589.9766,18669.498,18553.3027,773525229.0,2024-05-17T08:00:00+08:00,next_calendar_day_08_cn,False,True,akshare:sina:index_us_stock_sina,10,2026-09-08T02:49:21+00:00
NDX,2024-05-17,18546.2305,18571.8203,18590.3691,18462.2539,685204251.0,2024-05-18T08:00:00+08:00,next_calendar_day_08_cn,False,True,akshare:sina:index_us_stock_sina,10,2026-09-08T02:49:21+00:00
NDX,2024-05-20,18674.1875,18559.2168,18703.8281,18549.8398,635228844.0,2024-05-21T08:00:00+08:00,next_calendar_day_08_cn,False,True,akshare:sina:index_us_stock_sina,10,2026-09-08T02:49:21+00:00
NDX,2024-05-21,18713.7969,18603.9863,18721.1777,18589.9121,729547863.0,2024-05-22T08:00:00+08:00,next_calendar_day_08_cn,False,True,akshare:sina:index_us_stock_sina,10,2026-09-08T02:49:21+00:00
NDX,2024-05-22,18705.2031,18733.5449,18756.6875,18606.1602,780654661.0,2024-05-23T08:00:00+08:00,next_calendar_day_08_cn,False,True,akshare:sina:index_us_stock_sina,10,2026-09-08T02:49:21+00:00
NDX,2024-05-23,18623.3867,18907.1367,18907.543,18554.8906,899812063.0,2024-05-24T08:00:00+08:00,next_calendar_day_08_cn,False,True,akshare:sina:index_us_stock_sina,10,2026-09-08T02:49:21+00:00
NDX,2024-05-24,18808.3477,18669.3594,18851.9883,18664.7871,668866003.0,2024-05-25T08:00:00+08:00,next_calendar_day_08_cn,False,True,akshare:sina:index_us_stock_sina,10,2026-09-08T02:49:21+00:00
NDX,2024-05-28,18869.4395,18855.1504,18875.1973,18755.9453,782979710.0,2024-05-29T08:00:00+08:00,next_calendar_day_08_cn,False,True,akshare:sina:index_us_stock_sina,10,2026-09-08T02:49:21+00:00
NDX,2024-05-29,18736.7539,18708.0742,18814.8145,18706.625,723325697.0,2024-05-30T08:00:00+08:00,next_calendar_day_08_cn,False,True,akshare:sina:index_us_stock_sina,10,2026-09-08T02:49:21+00:00
NDX,2024-05-30,18538.6621,18683.2461,18705.2617,18487.7637,772171668.0,2024-05-31T08:00:00+08:00,next_calendar_day_08_cn,False,True,akshare:sina:index_us_stock_sina,10,2026-09-08T02:49:21+00:00
NDX,2024-05-31,18536.6504,18550.8027,18574.5645,18189.7812,1276468513.0,2024-06-01T08:00:00+08:00,next_calendar_day_08_cn,False,True,akshare:sina:index_us_stock_sina,10,2026-09-08T02:49:21+00:00
NDX,2024-06-03,18600.9746,18666.7227,18707.2188,18392.5723,766206731.0,2024-06-04T08:00:00+08:00,next_calendar_day_08_cn,False,True,akshare:sina:index_us_stock_sina,10,2026-09-08T02:49:21+00:00
NDX,2024-06-04,18654.8359,18598.0,18697.9473,18521.8496,722465102.0,2024-06-05T08:00:00+08:00,next_calendar_day_08_cn,False,True,akshare:sina:index_us_stock_sina,10,2026-09-08T02:49:21+00:00
NDX,2024-06-05,19035.0488,18791.2793,19035.8672,18768.2539,822324837.0,2024-06-06T08:00:00+08:00,next_calendar_day_08_cn,False,True,akshare:sina:index_us_stock_sina,10,2026-09-08T02:49:21+00:00
NDX,2024-06-06,19021.1934,19053.0059,19071.7871,18978.8574,768725079.0,2024-06-07T08:00:00+08:00,next_calendar_day_08_cn,False,True,akshare:sina:index_us_stock_sina,10,2026-09-08T02:49:21+00:00
NDX,2024-06-07,19000.9512,18992.5781,19113.8828,18958.6797,626070332.0,2024-06-08T08:00:00+08:00,next_calendar_day_08_cn,False,True,akshare:sina:index_us_stock_sina,10,2026-09-08T02:49:21+00:00
NDX,2024-06-10,19074.6738,18945.3145,19089.834,18940.7051,1026112047.0,2024-06-11T08:00:00+08:00,next_calendar_day_08_cn,False,True,akshare:sina:index_us_stock_sina,10,2026-09-08T02:49:21+00:00
NDX,2024-06-11,19210.1855,19031.3984,19212.6328,18966.5605,943430351.0,2024-06-12T08:00:00+08:00,next_calendar_day_08_cn,False,True,akshare:sina:index_us_stock_sina,10,2026-09-08T02:49:21+00:00
NDX,2024-06-12,19465.1797,19358.2598,19556.8945,19347.2812,1213731467.0,2024-06-13T08:00:00+08:00,next_calendar_day_08_cn,False,True,akshare:sina:index_us_stock_sina,10,2026-09-08T02:49:21+00:00
NDX,2024-06-13,19576.9238,19609.0508,19639.4492,19473.7051,1072709721.0,2024-06-14T08:00:00+08:00,next_calendar_day_08_cn,False,True,akshare:sina:index_us_stock_sina,10,2026-09-08T02:49:21+00:00
NDX,2024-06-14,19659.8008,19557.2207,19664.5938,19534.623,985024796.0,2024-06-15T08:00:00+08:00,next_calendar_day_08_cn,False,True,akshare:sina:index_us_stock_sina,10,2026-09-08T02:49:21+00:00
NDX,2024-06-17,19902.748,19681.8555,19977.8418,19623.7148,1094176781.0,2024-06-18T08:00:00+08:00,next_calendar_day_08_cn,False,True,akshare:sina:index_us_stock_sina,10,2026-09-08T02:49:21+00:00
NDX,2024-06-18,19908.8574,19904.4316,19940.5,19837.8594,1081363879.0,2024-06-19T08:00:00+08:00,next_calendar_day_08_cn,False,True,akshare:sina:index_us_stock_sina,10,2026-09-08T02:49:21+00:00
NDX,2024-06-20,19752.2969,19962.9668,19979.9277,19685.0312,1394887667.0,2024-06-21T08:00:00+08:00,next_calendar_day_08_cn,False,True,akshare:sina:index_us_stock_sina,10,2026-09-08T02:49:21+00:00
NDX,2024-06-21,19700.4316,19722.3711,19801.9668,19643.5195,2266057109.0,2024-06-22T08:00:00+08:00,next_calendar_day_08_cn,False,True,akshare:sina:index_us_stock_sina,10,2026-09-08T02:49:21+00:00
NDX,2024-06-24,19474.6191,19648.2324,19723.2012,19472.5293,1187710259.0,2024-06-25T08:00:00+08:00,next_calendar_day_08_cn,False,True,akshare:sina:index_us_stock_sina,10,2026-09-08T02:49:21+00:00
NDX,2024-06-25,19701.1289,19555.8398,19712.416,19523.5059,1092523674.0,2024-06-26T08:00:00+08:00,next_calendar_day_08_cn,False,True,akshare:sina:index_us_stock_sina,10,2026-09-08T02:49:21+00:00
NDX,2024-06-26,19751.0469,19671.0684,19763.5449,19654.1836,1081053617.0,2024-06-27T08:00:00+08:00,next_calendar_day_08_cn,False,True,akshare:sina:index_us_stock_sina,10,2026-09-08T02:49:21+00:00
NDX,2024-06-27,19789.0273,19740.5156,19850.8105,19701.3359,1076948341.0,2024-06-28T08:00:00+08:00,next_calendar_day_08_cn,False,True,akshare:sina:index_us_stock_sina,10,2026-09-08T02:49:21+00:00
NDX,2024-06-28,19682.8711,19817.0039,20017.7148,19665.8477,942755129.0,2024-06-29T08:00:00+08:00,next_calendar_day_08_cn,False,True,akshare:sina:index_us_stock_sina,10,2026-09-08T02:49:21+00:00
NDX,2024-07-01,19812.2227,19720.1113,19827.748,19577.5352,1012180091.0,2024-07-02T08:00:00+08:00,next_calendar_day_08_cn,False,True,akshare:sina:index_us_stock_sina,10,2026-09-08T02:49:21+00:00
NDX,2024-07-02,20011.8926,19746.2246,20014.916,19741.8086,986328093.0,2024-07-03T08:00:00+08:00,next_calendar_day_08_cn,False,True,akshare:sina:index_us_stock_sina,10,2026-09-08T02:49:21+00:00
NDX,2024-07-03,20186.6328,19995.2793,20186.6328,19995.2793,752902644.0,2024-07-04T08:00:00+08:00,next_calendar_day_08_cn,False,True,akshare:sina:index_us_stock_sina,10,2026-09-08T02:49:21+00:00
NDX,2024-07-05,20391.9668,20224.1309,20406.9941,20201.5,946633329.0,2024-07-06T08:00:00+08:00,next_calendar_day_08_cn,False,True,akshare:sina:index_us_stock_sina,10,2026-09-08T02:49:21+00:00
NDX,2024-07-08,20439.541,20393.8867,20455.3809,20363.3711,1001508368.0,2024-07-09T08:00:00+08:00,next_calendar_day_08_cn,False,True,akshare:sina:index_us_stock_sina,10,2026-09-08T02:49:21+00:00
NDX,2024-07-09,20453.0234,20504.1738,20543.9023,20395.5723,1038533982.0,2024-07-10T08:00:00+08:00,next_calendar_day_08_cn,False,True,akshare:sina:index_us_stock_sina,10,2026-09-08T02:49:21+00:00
NDX,2024-07-10,20675.3789,20533.2715,20690.9668,20479.9434,997072609.0,2024-07-11T08:00:00+08:00,next_calendar_day_08_cn,False,True,akshare:sina:index_us_stock_sina,10,2026-09-08T02:49:21+00:00
NDX,2024-07-11,20211.3594,20661.4141,20672.1016,20165.0039,1288700771.0,2024-07-12T08:00:00+08:00,next_calendar_day_08_cn,False,True,akshare:sina:index_us_stock_sina,10,2026-09-08T02:49:21+00:00
NDX,2024-07-12,20331.4941,20226.2344,20526.084,20217.9941,1013757087.0,2024-07-13T08:00:00+08:00,next_calendar_day_08_cn,False,True,akshare:sina:index_us_stock_sina,10,2026-09-08T02:49:21+00:00
NDX,2024-07-15,20386.877,20401.0156,20585.1719,20304.5332,932999822.0,2024-07-16T08:00:00+08:00,next_calendar_day_08_cn,False,True,akshare:sina:index_us_stock_sina,10,2026-09-08T02:49:21+00:00
NDX,2024-07-16,20398.625,20441.5254,20477.002,20266.5117,909606536.0,2024-07-17T08:00:00+08:00,next_calendar_day_08_cn,False,True,akshare:sina:index_us_stock_sina,10,2026-09-08T02:49:21+00:00
NDX,2024-07-17,19799.1426,20041.3066,20080.2715,19793.75,1415491727.0,2024-07-18T08:00:00+08:00,next_calendar_day_08_cn,False,True,akshare:sina:index_us_stock_sina,10,2026-09-08T02:49:21+00:00
NDX,2024-07-18,19705.0938,19936.2422,19947.9785,19575.7891,1242354442.0,2024-07-19T08:00:00+08:00,next_calendar_day_08_cn,False,True,akshare:sina:index_us_stock_sina,10,2026-09-08T02:49:21+00:00
NDX,2024-07-19,19522.6191,19687.7988,19784.4805,19479.3828,1069592525.0,2024-07-20T08:00:00+08:00,next_calendar_day_08_cn,False,True,akshare:sina:index_us_stock_sina,10,2026-09-08T02:49:21+00:00
NDX,2024-07-22,19822.8652,19751.0156,19861.7207,19638.3711,1011928676.0,2024-07-23T08:00:00+08:00,next_calendar_day_08_cn,False,True,akshare:sina:index_us_stock_sina,10,2026-09-08T02:49:21+00:00
NDX,2024-07-23,19754.3379,19783.3301,19904.5957,19736.2246,827002199.0,2024-07-24T08:00:00+08:00,next_calendar_day_08_cn,False,True,akshare:sina:index_us_stock_sina,10,2026-09-08T02:49:21+00:00
NDX,2024-07-24,19032.3887,19475.6621,19482.5488,19005.4688,1291033858.0,2024-07-25T08:00:00+08:00,next_calendar_day_08_cn,False,True,akshare:sina:index_us_stock_sina,10,2026-09-08T02:49:21+00:00
NDX,2024-07-25,18830.584,19041.1523,19227.1992,18721.7051,1391054341.0,2024-07-26T08:00:00+08:00,next_calendar_day_08_cn,False,True,akshare:sina:index_us_stock_sina,10,2026-09-08T02:49:21+00:00
NDX,2024-07-26,19023.6562,18990.1992,19142.6758,18899.3125,1079038793.0,2024-07-27T08:00:00+08:00,next_calendar_day_08_cn,False,True,akshare:sina:index_us_stock_sina,10,2026-09-08T02:49:21+00:00
NDX,2024-07-29,19059.4863,19122.4297,19224.5859,18974.5137,930743834.0,2024-07-30T08:00:00+08:00,next_calendar_day_08_cn,False,True,akshare:sina:index_us_stock_sina,10,2026-09-08T02:49:21+00:00
NDX,2024-07-30,18796.2734,19129.5625,19165.418,18667.2188,1315880721.0,2024-07-31T08:00:00+08:00,next_calendar_day_08_cn,False,True,akshare:sina:index_us_stock_sina,10,2026-09-08T02:49:21+00:00
NDX,2024-07-31,19362.4277,19222.8496,19426.6152,19162.9141,1407306325.0,2024-08-01T08:00:00+08:00,next_calendar_day_08_cn,False,True,akshare:sina:index_us_stock_sina,10,2026-09-08T02:49:21+00:00
NDX,2024-08-01,18890.3867,19375.9648,19538.9746,18737.0938,1536837839.0,2024-08-02T08:00:00+08:00,next_calendar_day_08_cn,False,True,akshare:sina:index_us_stock_sina,10,2026-09-08T02:49:21+00:00
NDX,2024-08-02,18440.8457,18494.2441,18628.7812,18263.5,1866682710.0,2024-08-03T08:00:00+08:00,next_calendar_day_08_cn,False,True,akshare:sina:index_us_stock_sina,10,2026-09-08T02:49:21+00:00
NDX,2024-08-05,17895.1543,17444.4023,18169.4883,17435.3848,1627308313.0,2024-08-06T08:00:00+08:00,next_calendar_day_08_cn,False,True,akshare:sina:index_us_stock_sina,10,2026-09-08T02:49:21+00:00
NDX,2024-08-06,18077.918,17961.4531,18368.6777,17858.8223,1330882516.0,2024-08-07T08:00:00+08:00,next_calendar_day_08_cn,False,True,akshare:sina:index_us_stock_sina,10,2026-09-08T02:49:21+00:00
NDX,2024-08-07,17867.3652,18345.4492,18445.7461,17851.0762,1307602104.0,2024-08-08T08:00:00+08:00,next_calendar_day_08_cn,False,True,akshare:sina:index_us_stock_sina,10,2026-09-08T02:49:21+00:00
NDX,2024-08-08,18413.8164,18102.0449,18445.4102,17965.0723,1241643186.0,2024-08-09T08:00:00+08:00,next_calendar_day_08_cn,False,True,akshare:sina:index_us_stock_sina,10,2026-09-08T02:49:21+00:00
NDX,2024-08-09,18513.1035,18373.8887,18567.6289,18313.7852,972608624.0,2024-08-10T08:00:00+08:00,next_calendar_day_08_cn,False,True,akshare:sina:index_us_stock_sina,10,2026-09-08T02:49:21+00:00
NDX,2024-08-12,18542.0254,18548.2285,18665.7461,18433.6074,959089725.0,2024-08-13T08:00:00+08:00,next_calendar_day_08_cn,False,True,akshare:sina:index_us_stock_sina,10,2026-09-08T02:49:21+00:00
NDX,2024-08-13,19006.4316,18724.8398,19013.0137,18723.7441,1176763866.0,2024-08-14T08:00:00+08:00,next_calendar_day_08_cn,False,True,akshare:sina:index_us_stock_sina,10,2026-09-08T02:49:21+00:00
NDX,2024-08-14,19022.6758,19043.7578,19103.0039,18837.0977,1043763670.0,2024-08-15T08:00:00+08:00,next_calendar_day_08_cn,False,True,akshare:sina:index_us_stock_sina,10,2026-09-08T02:49:21+00:00
NDX,2024-08-15,19490.1445,19251.8613,19502.9219,19239.9434,1181746920.0,2024-08-16T08:00:00+08:00,next_calendar_day_08_cn,False,True,akshare:sina:index_us_stock_sina,10,2026-09-08T02:49:21+00:00
NDX,2024-08-16,19508.5234,19393.7266,19561.2363,19376.7188,999280173.0,2024-08-17T08:00:00+08:00,next_calendar_day_08_cn,False,True,akshare:sina:index_us_stock_sina,10,2026-09-08T02:49:21+00:00
NDX,2024-08-19,19766.4863,19521.9336,19767.4258,19445.1035,961218285.0,2024-08-20T08:00:00+08:00,next_calendar_day_08_cn,False,True,akshare:sina:index_us_stock_sina,10,2026-09-08T02:49:21+00:00
NDX,2024-08-20,19719.8203,19736.3496,19835.3828,19652.1816,968183156.0,2024-08-21T08:00:00+08:00,next_calendar_day_08_cn,False,True,akshare:sina:index_us_stock_sina,10,2026-09-08T02:49:21+00:00
NDX,2024-08-21,19824.8379,19758.4707,19885.3359,19690.6367,860653468.0,2024-08-22T08:00:00+08:00,next_calendar_day_08_cn,False,True,akshare:sina:index_us_stock_sina,10,2026-09-08T02:49:21+00:00
NDX,2024-08-22,19491.8359,19911.2812,19938.8906,19459.8613,1055768652.0,2024-08-23T08:00:00+08:00,next_calendar_day_08_cn,False,True,akshare:sina:index_us_stock_sina,10,2026-09-08T02:49:21+00:00
NDX,2024-08-23,19720.8672,19669.7832,19818.4004,19526.6328,956519204.0,2024-08-24T08:00:00+08:00,next_calendar_day_08_cn,False,True,akshare:sina:index_us_stock_sina,10,2026-09-08T02:49:21+00:00
NDX,2024-08-26,19516.4375,19679.2422,19726.8984,19437.3359,991093739.0,2024-08-27T08:00:00+08:00,next_calendar_day_08_cn,False,True,akshare:sina:index_us_stock_sina,10,2026-09-08T02:49:21+00:00
NDX,2024-08-27,19581.5234,19450.5742,19617.9219,19369.5254,880785699.0,2024-08-28T08:00:00+08:00,next_calendar_day_08_cn,False,True,akshare:sina:index_us_stock_sina,10,2026-09-08T02:49:21+00:00
NDX,2024-08-28,19350.7812,19567.4531,19587.0391,19221.4805,1018203405.0,2024-08-29T08:00:00+08:00,next_calendar_day_08_cn,False,True,akshare:sina:index_us_stock_sina,10,2026-09-08T02:49:21+00:00
NDX,2024-08-29,19325.4551,19425.2793,19622.7324,19281.6543,1128173001.0,2024-08-30T08:00:00+08:00,next_calendar_day_08_cn,False,True,akshare:sina:index_us_stock_sina,10,2026-09-08T02:49:21+00:00
NDX,2024-08-30,19574.6387,19506.2676,19582.1699,19326.6152,1196170748.0,2024-08-31T08:00:00+08:00,next_calendar_day_08_cn,False,True,akshare:sina:index_us_stock_sina,10,2026-09-08T02:49:21+00:00
NDX,2024-09-03,18958.7344,19438.1055,19438.1055,18869.8027,1335175760.0,2024-09-04T08:00:00+08:00,next_calendar_day_08_cn,False,True,akshare:sina:index_us_stock_sina,10,2026-09-08T02:49:21+00:00
NDX,2024-09-04,18921.3965,18832.6387,19070.8203,18808.7598,1100677793.0,2024-09-05T08:00:00+08:00,next_calendar_day_08_cn,False,True,akshare:sina:index_us_stock_sina,10,2026-09-08T02:49:21+00:00
NDX,2024-09-05,18930.3301,18864.4219,19102.3555,18806.8301,1014372049.0,2024-09-06T08:00:00+08:00,next_calendar_day_08_cn,False,True,akshare:sina:index_us_stock_sina,10,2026-09-08T02:49:21+00:00
NDX,2024-09-06,18421.3125,18903.0332,18930.7656,18400.9668,1305849740.0,2024-09-07T08:00:00+08:00,next_calendar_day_08_cn,False,True,akshare:sina:index_us_stock_sina,10,2026-09-08T02:49:21+00:00
NDX,2024-09-09,18660.7812,18579.8047,18693.8633,18469.4004,867117007.0,2024-09-10T08:00:00+08:00,next_calendar_day_08_cn,False,True,akshare:sina:index_us_stock_sina,10,2026-09-08T02:49:21+00:00
NDX,2024-09-10,18829.1367,18722.1543,18845.7402,18570.6699,941405668.0,2024-09-11T08:00:00+08:00,next_calendar_day_08_cn,False,True,akshare:sina:index_us_stock_sina,10,2026-09-08T02:49:21+00:00
NDX,2024-09-11,19237.3047,18866.0039,19266.3906,18531.5801,1047884176.0,2024-09-12T08:00:00+08:00,next_calendar_day_08_cn,False,True,akshare:sina:index_us_stock_sina,10,2026-09-08T02:49:21+00:00
NDX,2024-09-12,19423.0684,19236.418,19456.4141,19166.7969,1129471872.0,2024-09-13T08:00:00+08:00,next_calendar_day_08_cn,False,True,akshare:sina:index_us_stock_sina,10,2026-09-08T02:49:21+00:00
NDX,2024-09-13,19514.584,19396.1016,19556.8027,19384.6895,884216167.0,2024-09-14T08:00:00+08:00,next_calendar_day_08_cn,False,True,akshare:sina:index_us_stock_sina,10,2026-09-08T02:49:21+00:00
NDX,2024-09-16,19423.0645,19412.791,19446.0645,19294.1758,938831314.0,2024-09-17T08:00:00+08:00,next_calendar_day_08_cn,False,True,akshare:sina:index_us_stock_sina,10,2026-09-08T02:49:21+00:00
NDX,2024-09-17,19432.3965,19539.7461,19596.3398,19337.1172,978807042.0,2024-09-18T08:00:00+08:00,next_calendar_day_08_cn,False,True,akshare:sina:index_us_stock_sina,10,2026-09-08T02:49:21+00:00
NDX,2024-09-18,19344.4941,19478.5059,19643.5078,19330.8105,1049155789.0,2024-09-19T08:00:00+08:00,next_calendar_day_08_cn,False,True,akshare:sina:index_us_stock_sina,10,2026-09-08T02:49:21+00:00
NDX,2024-09-19,19839.8281,19798.7129,19951.7871,19723.9355,1166739287.0,2024-09-20T08:00:00+08:00,next_calendar_day_08_cn,False,True,akshare:sina:index_us_stock_sina,10,2026-09-08T02:49:21+00:00
NDX,2024-09-20,19791.4883,19816.2891,19845.6973,19632.7266,2019768071.0,2024-09-21T08:00:00+08:00,next_calendar_day_08_cn,False,True,akshare:sina:index_us_stock_sina,10,2026-09-08T02:49:21+00:00
NDX,2024-09-23,19852.1973,19848.7051,19892.7793,19797.8203,1008062804.0,2024-09-24T08:00:00+08:00,next_calendar_day_08_cn,False,True,akshare:sina:index_us_stock_sina,10,2026-09-08T02:49:21+00:00
NDX,2024-09-24,19944.8438,19917.5645,19984.4668,19739.666,1105788253.0,2024-09-25T08:00:00+08:00,next_calendar_day_08_cn,False,True,akshare:sina:index_us_stock_sina,10,2026-09-08T02:49:21+00:00
NDX,2024-09-25,19972.6074,19922.2793,20043.4316,19921.2188,987538853.0,2024-09-26T08:00:00+08:00,next_calendar_day_08_cn,False,True,akshare:sina:index_us_stock_sina,10,2026-09-08T02:49:21+00:00
NDX,2024-09-26,20115.5371,20273.2988,20273.2988,19966.9902,1147589847.0,2024-09-27T08:00:00+08:00,next_calendar_day_08_cn,False,True,akshare:sina:index_us_stock_sina,10,2026-09-08T02:49:21+00:00
NDX,2024-09-27,20008.625,20147.2754,20152.5293,19964.127,972325878.0,2024-09-28T08:00:00+08:00,next_calendar_day_08_cn,False,True,akshare:sina:index_us_stock_sina,10,2026-09-08T02:49:21+00:00
NDX,2024-09-30,20060.6875,19959.2578,20072.4238,19852.8477,935813452.0,2024-10-01T08:00:00+08:00,next_calendar_day_08_cn,False,True,akshare:sina:index_us_stock_sina,10,2026-09-08T02:49:21+00:00
NDX,2024-10-01,19773.3027,20046.0625,20056.1973,19622.2949,1108058964.0,2024-10-02T08:00:00+08:00,next_calendar_day_08_cn,False,True,akshare:sina:index_us_stock_sina,10,2026-09-08T02:49:21+00:00
NDX,2024-10-02,19802.584,19725.9492,19876.7012,19630.9102,850196879.0,2024-10-03T08:00:00+08:00,next_calendar_day_08_cn,False,True,akshare:sina:index_us_stock_sina,10,2026-09-08T02:49:21+00:00
NDX,2024-10-03,19793.3438,19712.3301,19902.6973,19688.2207,894983245.0,2024-10-04T08:00:00+08:00,next_calendar_day_08_cn,False,True,akshare:sina:index_us_stock_sina,10,2026-09-08T02:49:21+00:00
NDX,2024-10-04,20035.0176,20025.1562,20045.6914,19829.4863,935324436.0,2024-10-05T08:00:00+08:00,next_calendar_day_08_cn,False,True,akshare:sina:index_us_stock_sina,10,2026-09-08T02:49:21+00:00
NDX,2024-10-07,19800.7402,19954.6621,19990.1211,19763.043,1055016854.0,2024-10-08T08:00:00+08:00,next_calendar_day_08_cn,False,True,akshare:sina:index_us_stock_sina,10,2026-09-08T02:49:21+00:00
NDX,2024-10-08,20107.7773,19902.2148,20132.6699,19881.082,991604480.0,2024-10-09T08:00:00+08:00,next_calendar_day_08_cn,False,True,akshare:sina:index_us_stock_sina,10,2026-09-08T02:49:21+00:00
NDX,2024-10-09,20268.8594,20097.5605,20284.4219,20047.8633,896947164.0,2024-10-10T08:00:00+08:00,next_calendar_day_08_cn,False,True,akshare:sina:index_us_stock_sina,10,2026-09-08T02:49:21+00:00
NDX,2024-10-10,20241.7617,20165.2461,20314.2383,20117.2031,900132990.0,2024-10-11T08:00:00+08:00,next_calendar_day_08_cn,False,True,akshare:sina:index_us_stock_sina,10,2026-09-08T02:49:21+00:00
NDX,2024-10-11,20271.9746,20154.834,20313.1973,20142.1758,842795843.0,2024-10-12T08:00:00+08:00,next_calendar_day_08_cn,False,True,akshare:sina:index_us_stock_sina,10,2026-09-08T02:49:21+00:00
NDX,2024-10-14,20439.0449,20366.0566,20493.9023,20355.0566,851368053.0,2024-10-15T08:00:00+08:00,next_calendar_day_08_cn,False,True,akshare:sina:index_us_stock_sina,10,2026-09-08T02:49:21+00:00
NDX,2024-10-15,20159.8262,20442.7676,20484.3105,20083.5547,1023435549.0,2024-10-16T08:00:00+08:00,next_calendar_day_08_cn,False,True,akshare:sina:index_us_stock_sina,10,2026-09-08T02:49:21+00:00
NDX,2024-10-16,20174.0488,20172.8691,20200.5938,20036.7344,929664688.0,2024-10-17T08:00:00+08:00,next_calendar_day_08_cn,False,True,akshare:sina:index_us_stock_sina,10,2026-09-08T02:49:21+00:00
NDX,2024-10-17,20190.4238,20375.2871,20377.6523,20186.4316,995684048.0,2024-10-18T08:00:00+08:00,next_calendar_day_08_cn,False,True,akshare:sina:index_us_stock_sina,10,2026-09-08T02:49:21+00:00
NDX,2024-10-18,20324.041,20288.4785,20360.2852,20273.5508,827088025.0,2024-10-19T08:00:00+08:00,next_calendar_day_08_cn,False,True,akshare:sina:index_us_stock_sina,10,2026-09-08T02:49:21+00:00
NDX,2024-10-21,20361.4668,20280.4902,20386.6777,20193.0254,841877775.0,2024-10-22T08:00:00+08:00,next_calendar_day_08_cn,False,True,akshare:sina:index_us_stock_sina,10,2026-09-08T02:49:21+00:00
NDX,2024-10-22,20383.6445,20256.9727,20437.9297,20218.8535,830657360.0,2024-10-23T08:00:00+08:00,next_calendar_day_08_cn,False,True,akshare:sina:index_us_stock_sina,10,2026-09-08T02:49:21+00:00
NDX,2024-10-23,20066.9551,20303.5488,20312.7773,19934.9219,969669437.0,2024-10-24T08:00:00+08:00,next_calendar_day_08_cn,False,True,akshare:sina:index_us_stock_sina,10,2026-09-08T02:49:21+00:00
NDX,2024-10-24,20232.873,20197.6172,20256.3828,20116.8828,919239139.0,2024-10-25T08:00:00+08:00,next_calendar_day_08_cn,False,True,akshare:sina:index_us_stock_sina,10,2026-09-08T02:49:21+00:00
NDX,2024-10-25,20352.0156,20354.9121,20552.8203,20322.252,973211062.0,2024-10-26T08:00:00+08:00,next_calendar_day_08_cn,False,True,akshare:sina:index_us_stock_sina,10,2026-09-08T02:49:21+00:00
NDX,2024-10-28,20351.0684,20455.0059,20470.4316,20344.8242,822360255.0,2024-10-29T08:00:00+08:00,next_calendar_day_08_cn,False,True,akshare:sina:index_us_stock_sina,10,2026-09-08T02:49:21+00:00
NDX,2024-10-29,20550.6523,20369.082,20600.0996,20294.5781,929055101.0,2024-10-30T08:00:00+08:00,next_calendar_day_08_cn,False,True,akshare:sina:index_us_stock_sina,10,2026-09-08T02:49:21+00:00
NDX,2024-10-30,20387.6992,20510.9199,20559.5156,20378.748,1076379441.0,2024-10-31T08:00:00+08:00,next_calendar_day_08_cn,False,True,akshare:sina:index_us_stock_sina,10,2026-09-08T02:49:21+00:00
NDX,2024-10-31,19890.416,20227.1895,20227.1895,19880.2578,1088084330.0,2024-11-01T08:00:00+08:00,next_calendar_day_08_cn,False,True,akshare:sina:index_us_stock_sina,10,2026-09-08T02:49:21+00:00
NDX,2024-11-01,20033.1426,19955.8281,20162.5371,19950.9863,1197731429.0,2024-11-02T08:00:00+08:00,next_calendar_day_08_cn,False,True,akshare:sina:index_us_stock_sina,10,2026-09-08T02:49:21+00:00
NDX,2024-11-04,19963.6016,20011.5488,20106.9922,19898.5664,837675093.0,2024-11-05T08:00:00+08:00,next_calendar_day_08_cn,False,True,akshare:sina:index_us_stock_sina,10,2026-09-08T02:49:21+00:00
NDX,2024-11-05,20227.457,20042.9258,20249.2051,20042.9258,839508054.0,2024-11-06T08:00:00+08:00,next_calendar_day_08_cn,False,True,akshare:sina:index_us_stock_sina,10,2026-09-08T02:49:21+00:00
NDX,2024-11-06,20781.334,20571.2949,20807.0352,20526.6406,1248315212.0,2024-11-07T08:00:00+08:00,next_calendar_day_08_cn,False,True,akshare:sina:index_us_stock_sina,10,2026-09-08T02:49:21+00:00
NDX,2024-11-07,21101.5664,20896.4062,21132.7969,20896.4062,1222743120.0,2024-11-08T08:00:00+08:00,next_calendar_day_08_cn,False,True,akshare:sina:index_us_stock_sina,10,2026-09-08T02:49:21+00:00
NDX,2024-11-08,21117.1797,21083.5781,21155.002,21050.3164,1135398296.0,2024-11-09T08:00:00+08:00,next_calendar_day_08_cn,False,True,akshare:sina:index_us_stock_sina,10,2026-09-08T02:49:21+00:00
NDX,2024-11-11,21106.5918,21171.2422,21182.0254,20993.4824,1090525401.0,2024-11-12T08:00:00+08:00,next_calendar_day_08_cn,False,True,akshare:sina:index_us_stock_sina,10,2026-09-08T02:49:21+00:00
NDX,2024-11-12,21070.793,21105.4863,21144.6699,20946.7383,1039181438.0,2024-11-13T08:00:00+08:00,next_calendar_day_08_cn,False,True,akshare:sina:index_us_stock_sina,10,2026-09-08T02:49:21+00:00
NDX,2024-11-13,21036.1641,21049.6562,21154.9355,20955.2383,1026143073.0,2024-11-14T08:00:00+08:00,next_calendar_day_08_cn,False,True,akshare:sina:index_us_stock_sina,10,2026-09-08T02:49:21+00:00
NDX,2024-11-14,20896.6738,21052.0684,21067.6562,20864.0215,1073160145.0,2024-11-15T08:00:00+08:00,next_calendar_day_08_cn,False,True,akshare:sina:index_us_stock_sina,10,2026-09-08T02:49:21+00:00
NDX,2024-11-15,20394.1328,20679.9824,20684.5645,20315.0781,1282703558.0,2024-11-16T08:00:00+08:00,next_calendar_day_08_cn,False,True,akshare:sina:index_us_stock_sina,10,2026-09-08T02:49:21+00:00
NDX,2024-11-18,20539.1914,20450.2051,20622.2812,20401.2578,945686788.0,2024-11-19T08:00:00+08:00,next_calendar_day_08_cn,False,True,akshare:sina:index_us_stock_sina,10,2026-09-08T02:49:21+00:00
NDX,2024-11-19,20684.5938,20435.6758,20696.4668,20423.3008,1137086024.0,2024-11-20T08:00:00+08:00,next_calendar_day_08_cn,False,True,akshare:sina:index_us_stock_sina,10,2026-09-08T02:49:21+00:00
NDX,2024-11-20,20667.1035,20660.8398,20676.5703,20402.5449,863932370.0,2024-11-21T08:00:00+08:00,next_calendar_day_08_cn,False,True,akshare:sina:index_us_stock_sina,10,2026-09-08T02:49:21+00:00
NDX,2024-11-21,20740.7812,20775.2695,20814.9316,20436.8008,1175062562.0,2024-11-22T08:00:00+08:00,next_calendar_day_08_cn,False,True,akshare:sina:index_us_stock_sina,10,2026-09-08T02:49:21+00:00
NDX,2024-11-22,20776.2305,20737.4902,20797.2363,20655.7207,1089872618.0,2024-11-23T08:00:00+08:00,next_calendar_day_08_cn,False,True,akshare:sina:index_us_stock_sina,10,2026-09-08T02:49:21+00:00
NDX,2024-11-25,20804.8926,20918.7578,20998.4844,20712.3809,1478149098.0,2024-11-26T08:00:00+08:00,next_calendar_day_08_cn,False,True,akshare:sina:index_us_stock_sina,10,2026-09-08T02:49:21+00:00
NDX,2024-11-26,20922.8984,20871.5527,20944.8984,20832.4043,967137823.0,2024-11-27T08:00:00+08:00,next_calendar_day_08_cn,False,True,akshare:sina:index_us_stock_sina,10,2026-09-08T02:49:21+00:00
NDX,2024-11-27,20744.4883,20852.4277,20853.0781,20615.4199,883987251.0,2024-11-28T08:00:00+08:00,next_calendar_day_08_cn,False,True,akshare:sina:index_us_stock_sina,10,2026-09-08T02:49:21+00:00
NDX,2024-11-29,20930.3652,20771.0195,20956.3066,20751.9648,613652141.0,2024-11-30T08:00:00+08:00,next_calendar_day_08_cn,False,True,akshare:sina:index_us_stock_sina,10,2026-09-08T02:49:21+00:00
NDX,2024-12-02,21164.5957,20971.7559,21201.0293,20971.7559,1182397274.0,2024-12-03T08:00:00+08:00,next_calendar_day_08_cn,False,True,akshare:sina:index_us_stock_sina,10,2026-09-08T02:49:21+00:00
NDX,2024-12-03,21229.3164,21106.5137,21235.7852,21081.8047,1073132563.0,2024-12-04T08:00:00+08:00,next_calendar_day_08_cn,False,True,akshare:sina:index_us_stock_sina,10,2026-09-08T02:49:21+00:00
NDX,2024-12-04,21492.3613,21361.8125,21498.4414,21340.8418,945048452.0,2024-12-05T08:00:00+08:00,next_calendar_day_08_cn,False,True,akshare:sina:index_us_stock_sina,10,2026-09-08T02:49:21+00:00
NDX,2024-12-05,21425.2227,21488.5195,21517.4883,21411.5293,1048282294.0,2024-12-06T08:00:00+08:00,next_calendar_day_08_cn,False,True,akshare:sina:index_us_stock_sina,10,2026-09-08T02:49:21+00:00
NDX,2024-12-06,21622.2539,21458.582,21626.3125,21449.6152,1007045273.0,2024-12-07T08:00:00+08:00,next_calendar_day_08_cn,False,True,akshare:sina:index_us_stock_sina,10,2026-09-08T02:49:21+00:00
NDX,2024-12-09,21440.8203,21573.7598,21609.9883,21400.7676,989815476.0,2024-12-10T08:00:00+08:00,next_calendar_day_08_cn,False,True,akshare:sina:index_us_stock_sina,10,2026-09-08T02:49:21+00:00
NDX,2024-12-10,21368.1797,21492.5078,21567.0176,21313.2734,945064592.0,2024-12-11T08:00:00+08:00,next_calendar_day_08_cn,False,True,akshare:sina:index_us_stock_sina,10,2026-09-08T02:49:21+00:00
NDX,2024-12-11,21763.9844,21540.377,21784.7129,21533.8906,912652695.0,2024-12-12T08:00:00+08:00,next_calendar_day_08_cn,False,True,akshare:sina:index_us_stock_sina,10,2026-09-08T02:49:21+00:00
NDX,2024-12-12,21615.2734,21652.8516,21715.834,21596.6641,822122451.0,2024-12-13T08:00:00+08:00,next_calendar_day_08_cn,False,True,akshare:sina:index_us_stock_sina,10,2026-09-08T02:49:21+00:00
NDX,2024-12-13,21780.2539,21789.6465,21886.7402,21646.0859,1126879121.0,2024-12-14T08:00:00+08:00,next_calendar_day_08_cn,False,True,akshare:sina:index_us_stock_sina,10,2026-09-08T02:49:21+00:00
NDX,2024-12-16,22096.6562,21891.3633,22133.2168,21879.7363,1291622418.0,2024-12-17T08:00:00+08:00,next_calendar_day_08_cn,False,True,akshare:sina:index_us_stock_sina,10,2026-09-08T02:49:21+00:00
NDX,2024-12-17,22001.084,22003.6426,22062.0039,21921.2051,1217963154.0,2024-12-18T08:00:00+08:00,next_calendar_day_08_cn,False,True,akshare:sina:index_us_stock_sina,10,2026-09-08T02:49:21+00:00
NDX,2024-12-18,21209.3145,21979.5273,22038.082,21146.8281,1351734855.0,2024-12-19T08:00:00+08:00,next_calendar_day_08_cn,False,True,akshare:sina:index_us_stock_sina,10,2026-09-08T02:49:21+00:00
NDX,2024-12-19,21110.5059,21358.7871,21413.7363,21093.4551,1218879871.0,2024-12-20T08:00:00+08:00,next_calendar_day_08_cn,False,True,akshare:sina:index_us_stock_sina,10,2026-09-08T02:49:21+00:00
NDX,2024-12-20,21289.1543,20939.6426,21540.3164,20913.7207,1153218747.0,2024-12-21T08:00:00+08:00,next_calendar_day_08_cn,False,True,akshare:sina:index_us_stock_sina,10,2026-09-08T02:49:21+00:00
NDX,2024-12-23,21503.1699,21364.2617,21510.0898,21224.2676,950149755.0,2024-12-24T08:00:00+08:00,next_calendar_day_08_cn,False,True,akshare:sina:index_us_stock_sina,10,2026-09-08T02:49:21+00:00
NDX,2024-12-24,21797.6504,21564.3691,21797.6504,21558.9668,538570302.0,2024-12-25T08:00:00+08:00,next_calendar_day_08_cn,False,True,akshare:sina:index_us_stock_sina,10,2026-09-08T02:49:21+00:00
NDX,2024-12-26,21768.3125,21733.9824,21837.6953,21645.6172,630536041.0,2024-12-27T08:00:00+08:00,next_calendar_day_08_cn,False,True,akshare:sina:index_us_stock_sina,10,2026-09-08T02:49:21+00:00
NDX,2024-12-27,21473.0156,21633.0957,21642.2637,21292.1934,830125692.0,2024-12-28T08:00:00+08:00,next_calendar_day_08_cn,False,True,akshare:sina:index_us_stock_sina,10,2026-09-08T02:49:21+00:00
NDX,2024-12-30,21197.0898,21189.1035,21346.0625,21046.6309,822490635.0,2024-12-31T08:00:00+08:00,next_calendar_day_08_cn,False,True,akshare:sina:index_us_stock_sina,10,2026-09-08T02:49:21+00:00
NDX,2024-12-31,21012.1738,21256.0234,21276.1406,20979.5195,756427727.0,2025-01-01T08:00:00+08:00,next_calendar_day_08_cn,False,True,akshare:sina:index_us_stock_sina,10,2026-09-08T02:49:21+00:00
NDX,2025-01-02,20975.623,21120.0547,21236.5938,20800.5,955370132.0,2025-01-03T08:00:00+08:00,next_calendar_day_08_cn,False,True,akshare:sina:index_us_stock_sina,10,2026-09-08T02:49:21+00:00
NDX,2025-01-03,21326.1562,21096.7871,21359.6309,21075.8906,931806888.0,2025-01-04T08:00:00+08:00,next_calendar_day_08_cn,False,True,akshare:sina:index_us_stock_sina,10,2026-09-08T02:49:21+00:00
NDX,2025-01-06,21559.5,21551.1758,21703.4922,21462.5215,1218780439.0,2025-01-07T08:00:00+08:00,next_calendar_day_08_cn,False,True,akshare:sina:index_us_stock_sina,10,2026-09-08T02:49:21+00:00
NDX,2025-01-07,21173.043,21619.8867,21621.252,21101.0918,1191704554.0,2025-01-08T08:00:00+08:00,next_calendar_day_08_cn,False,True,akshare:sina:index_us_stock_sina,10,2026-09-08T02:49:21+00:00
NDX,2025-01-08,21180.9648,21156.7559,21242.6094,20992.084,1004603082.0,2025-01-09T08:00:00+08:00,next_calendar_day_08_cn,False,True,akshare:sina:index_us_stock_sina,10,2026-09-08T02:49:21+00:00
NDX,2025-01-10,20847.582,21012.291,21015.5059,20718.7832,1126343223.0,2025-01-11T08:00:00+08:00,next_calendar_day_08_cn,False,True,akshare:sina:index_us_stock_sina,10,2026-09-08T02:49:21+00:00
NDX,2025-01-13,20784.7246,20593.6484,20797.1016,20538.3262,1003670284.0,2025-01-14T08:00:00+08:00,next_calendar_day_08_cn,False,True,akshare:sina:index_us_stock_sina,10,2026-09-08T02:49:21+00:00
NDX,2025-01-14,20757.4102,20896.3613,20969.5176,20622.7168,933605368.0,2025-01-15T08:00:00+08:00,next_calendar_day_08_cn,False,True,akshare:sina:index_us_stock_sina,10,2026-09-08T02:49:21+00:00
NDX,2025-01-15,21237.8516,21067.8047,21286.0117,21024.2656,995553117.0,2025-01-16T08:00:00+08:00,next_calendar_day_08_cn,False,True,akshare:sina:index_us_stock_sina,10,2026-09-08T02:49:21+00:00
NDX,2025-01-16,21091.252,21324.9746,21330.5859,21087.8516,964189539.0,2025-01-17T08:00:00+08:00,next_calendar_day_08_cn,False,True,akshare:sina:index_us_stock_sina,10,2026-09-08T02:49:21+00:00
NDX,2025-01-17,21441.1543,21461.9023,21515.7637,21334.6309,1217760808.0,2025-01-18T08:00:00+08:00,next_calendar_day_08_cn,False,True,akshare:sina:index_us_stock_sina,10,2026-09-08T02:49:21+00:00
NDX,2025-01-21,21566.5059,21557.8184,21620.2266,21379.0605,1112081799.0,2025-01-22T08:00:00+08:00,next_calendar_day_08_cn,False,True,akshare:sina:index_us_stock_sina,10,2026-09-08T02:49:21+00:00
NDX,2025-01-22,21852.9961,21756.2324,21943.0371,21756.2324,904639120.0,2025-01-23T08:00:00+08:00,next_calendar_day_08_cn,False,True,akshare:sina:index_us_stock_sina,10,2026-09-08T02:49:21+00:00
NDX,2025-01-23,21900.9297,21737.2383,21900.9297,21722.041,773830652.0,2025-01-24T08:00:00+08:00,next_calendar_day_08_cn,False,True,akshare:sina:index_us_stock_sina,10,2026-09-08T02:49:21+00:00
NDX,2025-01-24,21774.0117,21915.4785,21945.4824,21709.0605,1036542076.0,2025-01-25T08:00:00+08:00,next_calendar_day_08_cn,False,True,akshare:sina:index_us_stock_sina,10,2026-09-08T02:49:21+00:00
NDX,2025-01-27,21127.2793,21000.166,21292.5371,20974.9004,1787359599.0,2025-01-28T08:00:00+08:00,next_calendar_day_08_cn,False,True,akshare:sina:index_us_stock_sina,10,2026-09-08T02:49:21+00:00
NDX,2025-01-28,21463.0371,21186.0801,21500.7266,21043.1289,1311730411.0,2025-01-29T08:00:00+08:00,next_calendar_day_08_cn,False,True,akshare:sina:index_us_stock_sina,10,2026-09-08T02:49:21+00:00
NDX,2025-01-29,21411.457,21473.0137,21477.877,21251.8008,1030973881.0,2025-01-30T08:00:00+08:00,next_calendar_day_08_cn,False,True,akshare:sina:index_us_stock_sina,10,2026-09-08T02:49:21+00:00
NDX,2025-01-30,21508.123,21519.8145,21623.4531,21308.6914,1331814231.0,2025-01-31T08:00:00+08:00,next_calendar_day_08_cn,False,True,akshare:sina:index_us_stock_sina,10,2026-09-08T02:49:21+00:00
NDX,2025-01-31,21478.0469,21661.5625,21846.0117,21425.7871,1194860728.0,2025-02-01T08:00:00+08:00,next_calendar_day_08_cn,False,True,akshare:sina:index_us_stock_sina,10,2026-09-08T02:49:21+00:00
NDX,2025-02-03,21297.582,21084.6387,21406.5781,21004.3516,1337063857.0,2025-02-04T08:00:00+08:00,next_calendar_day_08_cn,False,True,akshare:sina:index_us_stock_sina,10,2026-09-08T02:49:21+00:00
NDX,2025-02-04,21566.918,21319.5762,21582.4004,21308.2363,1107154886.0,2025-02-05T08:00:00+08:00,next_calendar_day_08_cn,False,True,akshare:sina:index_us_stock_sina,10,2026-09-08T02:49:21+00:00
NDX,2025-02-05,21658.1641,21453.8672,21662.9805,21408.6406,1133395640.0,2025-02-06T08:00:00+08:00,next_calendar_day_08_cn,False,True,akshare:sina:index_us_stock_sina,10,2026-09-08T02:49:21+00:00
NDX,2025-02-06,21774.0645,21674.1719,21776.082,21618.248,1135368998.0,2025-02-07T08:00:00+08:00,next_calendar_day_08_cn,False,True,akshare:sina:index_us_stock_sina,10,2026-09-08T02:49:21+00:00
NDX,2025-02-07,21491.3086,21776.2832,21869.3203,21465.4609,1089905369.0,2025-02-08T08:00:00+08:00,next_calendar_day_08_cn,False,True,akshare:sina:index_us_stock_sina,10,2026-09-08T02:49:21+00:00
NDX,2025-02-10,21756.7344,21670.0625,21793.1309,21645.168,1049338100.0,2025-02-11T08:00:00+08:00,next_calendar_day_08_cn,False,True,akshare:sina:index_us_stock_sina,10,2026-09-08T02:49:21+00:00
NDX,2025-02-11,21693.5215,21629.1074,21776.25,21625.5059,1095331126.0,2025-02-12T08:00:00+08:00,next_calendar_day_08_cn,False,True,akshare:sina:index_us_stock_sina,10,2026-09-08T02:49:21+00:00
NDX,2025-02-12,21719.2617,21475.4062,21745.6641,21454.1914,1092179940.0,2025-02-13T08:00:00+08:00,next_calendar_day_08_cn,False,True,akshare:sina:index_us_stock_sina,10,2026-09-08T02:49:21+00:00
NDX,2025-02-13,22030.7148,21786.1582,22038.1504,21758.0352,1307157661.0,2025-02-14T08:00:00+08:00,next_calendar_day_08_cn,False,True,akshare:sina:index_us_stock_sina,10,2026-09-08T02:49:21+00:00
NDX,2025-02-14,22114.6895,22038.6055,22139.4336,22010.3457,1197549033.0,2025-02-15T08:00:00+08:00,next_calendar_day_08_cn,False,True,akshare:sina:index_us_stock_sina,10,2026-09-08T02:49:21+00:00
NDX,2025-02-18,22164.6055,22176.0137,22191.3672,22029.5762,1355703078.0,2025-02-19T08:00:00+08:00,next_calendar_day_08_cn,False,True,akshare:sina:index_us_stock_sina,10,2026-09-08T02:49:21+00:00
NDX,2025-02-19,22175.5977,22121.7305,22222.6094,22045.7539,1154560454.0,2025-02-20T08:00:00+08:00,next_calendar_day_08_cn,False,True,akshare:sina:index_us_stock_sina,10,2026-09-08T02:49:21+00:00
NDX,2025-02-20,22068.0566,22132.7129,22148.4434,21878.7539,1191370797.0,2025-02-21T08:00:00+08:00,next_calendar_day_08_cn,False,True,akshare:sina:index_us_stock_sina,10,2026-09-08T02:49:21+00:00
NDX,2025-02-21,21614.0801,22110.543,22115.2051,21597.1562,1331540772.0,2025-02-22T08:00:00+08:00,next_calendar_day_08_cn,False,True,akshare:sina:index_us_stock_sina,10,2026-09-08T02:49:21+00:00
NDX,2025-02-24,21352.0801,21669.3574,21727.5801,21341.957,1135080247.0,2025-02-25T08:00:00+08:00,next_calendar_day_08_cn,False,True,akshare:sina:index_us_stock_sina,10,2026-09-08T02:49:21+00:00
NDX,2025-02-25,21087.2461,21318.7734,21326.8086,20930.5781,1268686329.0,2025-02-26T08:00:00+08:00,next_calendar_day_08_cn,False,True,akshare:sina:index_us_stock_sina,10,2026-09-08T02:49:21+00:00
NDX,2025-02-26,21132.9199,21170.5059,21350.5195,21012.6152,1247426053.0,2025-02-27T08:00:00+08:00,next_calendar_day_08_cn,False,True,akshare:sina:index_us_stock_sina,10,2026-09-08T02:49:21+00:00
NDX,2025-02-27,20550.9531,21281.3574,21323.9062,20540.6797,1360788349.0,2025-02-28T08:00:00+08:00,next_calendar_day_08_cn,False,True,akshare:sina:index_us_stock_sina,10,2026-09-08T02:49:21+00:00
NDX,2025-02-28,20884.4082,20518.6504,20900.7676,20407.4492,1297838346.0,2025-03-01T08:00:00+08:00,next_calendar_day_08_cn,False,True,akshare:sina:index_us_stock_sina,10,2026-09-08T02:49:21+00:00
NDX,2025-03-03,20425.584,20989.5762,21073.8027,20279.498,1354636173.0,2025-03-04T08:00:00+08:00,next_calendar_day_08_cn,False,True,akshare:sina:index_us_stock_sina,10,2026-09-08T02:49:21+00:00
NDX,2025-03-04,20352.5273,20281.8848,20688.4629,20034.6758,1505663354.0,2025-03-05T08:00:00+08:00,next_calendar_day_08_cn,False,True,akshare:sina:index_us_stock_sina,10,2026-09-08T02:49:21+00:00
NDX,2025-03-05,20628.4648,20363.2227,20688.7188,20182.5723,1311967513.0,2025-03-06T08:00:00+08:00,next_calendar_day_08_cn,False,True,akshare:sina:index_us_stock_sina,10,2026-09-08T02:49:21+00:00
NDX,2025-03-06,20052.6348,20231.7383,20473.4043,19968.5566,1289807860.0,2025-03-07T08:00:00+08:00,next_calendar_day_08_cn,False,True,akshare:sina:index_us_stock_sina,10,2026-09-08T02:49:21+00:00
NDX,2025-03-07,20201.373,20015.6152,20253.2168,19736.8066,1528019452.0,2025-03-08T08:00:00+08:00,next_calendar_day_08_cn,False,True,akshare:sina:index_us_stock_sina,10,2026-09-08T02:49:21+00:00
NDX,2025-03-10,19430.9531,19826.959,19867.084,19243.3086,1558205064.0,2025-03-11T08:00:00+08:00,next_calendar_day_08_cn,False,True,akshare:sina:index_us_stock_sina,10,2026-09-08T02:49:21+00:00
NDX,2025-03-11,19376.959,19405.5195,19659.4277,19180.5566,1594096977.0,2025-03-12T08:00:00+08:00,next_calendar_day_08_cn,False,True,akshare:sina:index_us_stock_sina,10,2026-09-08T02:49:21+00:00
NDX,2025-03-12,19596.0195,19663.3867,19756.0859,19375.2539,1266353235.0,2025-03-13T08:00:00+08:00,next_calendar_day_08_cn,False,True,akshare:sina:index_us_stock_sina,10,2026-09-08T02:49:21+00:00
NDX,2025-03-13,19225.4824,19534.373,19558.5605,19152.5684,1308971647.0,2025-03-14T08:00:00+08:00,next_calendar_day_08_cn,False,True,akshare:sina:index_us_stock_sina,10,2026-09-08T02:49:21+00:00
NDX,2025-03-14,19704.6348,19458.8906,19729.209,19436.041,1113839593.0,2025-03-15T08:00:00+08:00,next_calendar_day_08_cn,False,True,akshare:sina:index_us_stock_sina,10,2026-09-08T02:49:21+00:00
NDX,2025-03-17,19812.2363,19670.6875,19943.8066,19622.4707,1282723467.0,2025-03-18T08:00:00+08:00,next_calendar_day_08_cn,False,True,akshare:sina:index_us_stock_sina,10,2026-09-08T02:49:21+00:00
NDX,2025-03-18,19483.3594,19657.0977,19676.0508,19397.0742,1229917314.0,2025-03-19T08:00:00+08:00,next_calendar_day_08_cn,False,True,akshare:sina:index_us_stock_sina,10,2026-09-08T02:49:21+00:00
NDX,2025-03-19,19736.6621,19576.3203,19921.6191,19497.791,1283348713.0,2025-03-20T08:00:00+08:00,next_calendar_day_08_cn,False,True,akshare:sina:index_us_stock_sina,10,2026-09-08T02:49:21+00:00
NDX,2025-03-20,19677.6094,19558.2754,19888.8535,19549.3145,1179786829.0,2025-03-21T08:00:00+08:00,next_calendar_day_08_cn,False,True,akshare:sina:index_us_stock_sina,10,2026-09-08T02:49:21+00:00
NDX,2025-03-21,19753.9648,19466.4434,19767.9805,19409.1836,1851302521.0,2025-03-22T08:00:00+08:00,next_calendar_day_08_cn,False,True,akshare:sina:index_us_stock_sina,10,2026-09-08T02:49:21+00:00
NDX,2025-03-24,20180.4453,20041.207,20208.8418,20024.9707,1282403143.0,2025-03-25T08:00:00+08:00,next_calendar_day_08_cn,False,True,akshare:sina:index_us_stock_sina,10,2026-09-08T02:49:21+00:00
NDX,2025-03-25,20287.8262,20196.498,20292.1953,20164.0664,1037230204.0,2025-03-26T08:00:00+08:00,next_calendar_day_08_cn,False,True,akshare:sina:index_us_stock_sina,10,2026-09-08T02:49:21+00:00
NDX,2025-03-26,19916.9922,20239.0449,20270.1895,19848.4941,1241727594.0,2025-03-27T08:00:00+08:00,next_calendar_day_08_cn,False,True,akshare:sina:index_us_stock_sina,10,2026-09-08T02:49:21+00:00
NDX,2025-03-27,19798.6211,19814.6094,20003.3594,19740.2168,1154129998.0,2025-03-28T08:00:00+08:00,next_calendar_day_08_cn,False,True,akshare:sina:index_us_stock_sina,10,2026-09-08T02:49:21+00:00
NDX,2025-03-28,19281.4004,19718.457,19752.4531,19241.5391,1275297574.0,2025-03-29T08:00:00+08:00,next_calendar_day_08_cn,False,True,akshare:sina:index_us_stock_sina,10,2026-09-08T02:49:21+00:00
NDX,2025-03-31,19278.4473,18998.541,19316.0645,18799.1973,1498599890.0,2025-04-01T08:00:00+08:00,next_calendar_day_08_cn,False,True,akshare:sina:index_us_stock_sina,10,2026-09-08T02:49:21+00:00
NDX,2025-04-01,19436.4219,19192.7734,19468.625,19095.1719,1108576854.0,2025-04-02T08:00:00+08:00,next_calendar_day_08_cn,False,True,akshare:sina:index_us_stock_sina,10,2026-09-08T02:49:21+00:00
NDX,2025-04-02,19581.7773,19182.3906,19707.3379,19157.1992,1108480568.0,2025-04-03T08:00:00+08:00,next_calendar_day_08_cn,False,True,akshare:sina:index_us_stock_sina,10,2026-09-08T02:49:21+00:00
NDX,2025-04-03,18521.4746,18774.1484,18902.0703,18502.9727,1749496128.0,2025-04-04T08:00:00+08:00,next_calendar_day_08_cn,False,True,akshare:sina:index_us_stock_sina,10,2026-09-08T02:49:21+00:00
NDX,2025-04-04,17397.6953,18022.1562,18089.2461,17387.834,2194846920.0,2025-04-05T08:00:00+08:00,next_calendar_day_08_cn,False,True,akshare:sina:index_us_stock_sina,10,2026-09-08T02:49:21+00:00
NDX,2025-04-07,17430.6816,16771.7656,18191.5039,16542.1992,2350630260.0,2025-04-08T08:00:00+08:00,next_calendar_day_08_cn,False,True,akshare:sina:index_us_stock_sina,10,2026-09-08T02:49:21+00:00
NDX,2025-04-08,17090.4023,18034.4609,18207.0078,16850.1816,1871800473.0,2025-04-09T08:00:00+08:00,next_calendar_day_08_cn,False,True,akshare:sina:index_us_stock_sina,10,2026-09-08T02:49:21+00:00
NDX,2025-04-09,19145.0625,17116.5273,19234.0176,17082.3555,2952270257.0,2025-04-10T08:00:00+08:00,next_calendar_day_08_cn,False,True,akshare:sina:index_us_stock_sina,10,2026-09-08T02:49:21+00:00
NDX,2025-04-10,18343.5723,18626.1094,18710.582,17794.4961,1781128447.0,2025-04-11T08:00:00+08:00,next_calendar_day_08_cn,False,True,akshare:sina:index_us_stock_sina,10,2026-09-08T02:49:21+00:00
NDX,2025-04-11,18690.0547,18309.2871,18728.9531,18153.3242,1346655834.0,2025-04-12T08:00:00+08:00,next_calendar_day_08_cn,False,True,akshare:sina:index_us_stock_sina,10,2026-09-08T02:49:21+00:00
NDX,2025-04-14,18796.0215,19095.4902,19115.1523,18614.7539,1193080141.0,2025-04-15T08:00:00+08:00,next_calendar_day_08_cn,False,True,akshare:sina:index_us_stock_sina,10,2026-09-08T02:49:21+00:00
NDX,2025-04-15,18830.2266,18831.9766,19004.1738,18754.8691,1048884013.0,2025-04-16T08:00:00+08:00,next_calendar_day_08_cn,False,True,akshare:sina:index_us_stock_sina,10,2026-09-08T02:49:21+00:00
NDX,2025-04-16,18257.6426,18475.7559,18597.3223,17995.9551,1284899645.0,2025-04-17T08:00:00+08:00,next_calendar_day_08_cn,False,True,akshare:sina:index_us_stock_sina,10,2026-09-08T02:49:21+00:00
NDX,2025-04-17,18258.0918,18369.8984,18401.0488,18144.4551,1060124741.0,2025-04-18T08:00:00+08:00,next_calendar_day_08_cn,False,True,akshare:sina:index_us_stock_sina,10,2026-09-08T02:49:21+00:00
NDX,2025-04-21,17808.3008,18023.0078,18043.0781,17592.9199,985508660.0,2025-04-22T08:00:00+08:00,next_calendar_day_08_cn,False,True,akshare:sina:index_us_stock_sina,10,2026-09-08T02:49:21+00:00
NDX,2025-04-22,18276.4062,18033.8984,18396.3887,17993.2422,1026973455.0,2025-04-23T08:00:00+08:00,next_calendar_day_08_cn,False,True,akshare:sina:index_us_stock_sina,10,2026-09-08T02:49:21+00:00
NDX,2025-04-23,18693.2578,18870.625,19043.0078,18618.8887,1411263174.0,2025-04-24T08:00:00+08:00,next_calendar_day_08_cn,False,True,akshare:sina:index_us_stock_sina,10,2026-09-08T02:49:21+00:00
NDX,2025-04-24,19214.4004,18756.5254,19224.7969,18744.4727,1075405598.0,2025-04-25T08:00:00+08:00,next_calendar_day_08_cn,False,True,akshare:sina:index_us_stock_sina,10,2026-09-08T02:49:21+00:00
NDX,2025-04-25,19432.5586,19209.7227,19447.5605,19133.2266,1340427444.0,2025-04-26T08:00:00+08:00,next_calendar_day_08_cn,False,True,akshare:sina:index_us_stock_sina,10,2026-09-08T02:49:21+00:00
NDX,2025-04-28,19427.2891,19432.7246,19519.3281,19162.459,1161462924.0,2025-04-29T08:00:00+08:00,next_calendar_day_08_cn,False,True,akshare:sina:index_us_stock_sina,10,2026-09-08T02:49:21+00:00
NDX,2025-04-29,19544.9453,19315.9551,19582.7656,19304.8281,994716839.0,2025-04-30T08:00:00+08:00,next_calendar_day_08_cn,False,True,akshare:sina:index_us_stock_sina,10,2026-09-08T02:49:21+00:00
NDX,2025-04-30,19571.0176,19168.0918,19612.7637,19011.9805,1013956555.0,2025-05-01T08:00:00+08:00,next_calendar_day_08_cn,False,True,akshare:sina:index_us_stock_sina,10,2026-09-08T02:49:21+00:00
NDX,2025-05-01,19786.709,19866.8301,20024.4805,19763.1406,1105814317.0,2025-05-02T08:00:00+08:00,next_calendar_day_08_cn,False,True,akshare:sina:index_us_stock_sina,10,2026-09-08T02:49:21+00:00
NDX,2025-05-02,20102.6133,19986.6094,20176.5977,19936.6738,1138740373.0,2025-05-03T08:00:00+08:00,next_calendar_day_08_cn,False,True,akshare:sina:index_us_stock_sina,10,2026-09-08T02:49:21+00:00
NDX,2025-05-05,19967.9414,19928.8203,20100.6074,19899.2793,1035595436.0,2025-05-06T08:00:00+08:00,next_calendar_day_08_cn,False,True,akshare:sina:index_us_stock_sina,10,2026-09-08T02:49:21+00:00
NDX,2025-05-06,19791.3457,19709.6406,19927.2285,19659.3242,1052637431.0,2025-05-07T08:00:00+08:00,next_calendar_day_08_cn,False,True,akshare:sina:index_us_stock_sina,10,2026-09-08T02:49:21+00:00
NDX,2025-05-07,19867.9727,19804.498,19960.8574,19605.0684,1346956205.0,2025-05-08T08:00:00+08:00,next_calendar_day_08_cn,False,True,akshare:sina:index_us_stock_sina,10,2026-09-08T02:49:21+00:00
NDX,2025-05-08,20063.5645,20067.4297,20249.7559,19907.6719,1155989510.0,2025-05-09T08:00:00+08:00,next_calendar_day_08_cn,False,True,akshare:sina:index_us_stock_sina,10,2026-09-08T02:49:21+00:00
NDX,2025-05-09,20061.4492,20170.3691,20203.5781,19984.5293,1014701518.0,2025-05-10T08:00:00+08:00,next_calendar_day_08_cn,False,True,akshare:sina:index_us_stock_sina,10,2026-09-08T02:49:21+00:00
NDX,2025-05-12,20868.1484,20818.7832,20870.125,20613.2695,1473727033.0,2025-05-13T08:00:00+08:00,next_calendar_day_08_cn,False,True,akshare:sina:index_us_stock_sina,10,2026-09-08T02:49:21+00:00
NDX,2025-05-13,21197.6992,20906.9219,21259.3887,20891.1758,1302367250.0,2025-05-14T08:00:00+08:00,next_calendar_day_08_cn,False,True,akshare:sina:index_us_stock_sina,10,2026-09-08T02:49:21+00:00
NDX,2025-05-14,21319.207,21254.4688,21336.4824,21199.8535,1366239666.0,2025-05-15T08:00:00+08:00,next_calendar_day_08_cn,False,True,akshare:sina:index_us_stock_sina,10,2026-09-08T02:49:21+00:00
NDX,2025-05-15,21335.8223,21206.7344,21443.8809,21168.168,1036893906.0,2025-05-16T08:00:00+08:00,next_calendar_day_08_cn,False,True,akshare:sina:index_us_stock_sina,10,2026-09-08T02:49:21+00:00
NDX,2025-05-16,21427.9355,21375.625,21428.791,21246.4238,1123287034.0,2025-05-17T08:00:00+08:00,next_calendar_day_08_cn,False,True,akshare:sina:index_us_stock_sina,10,2026-09-08T02:49:21+00:00
NDX,2025-05-19,21447.0527,21138.127,21464.5625,21138.127,999965513.0,2025-05-20T08:00:00+08:00,next_calendar_day_08_cn,False,True,akshare:sina:index_us_stock_sina,10,2026-09-08T02:49:21+00:00
NDX,2025-05-20,21367.373,21347.627,21399.9922,21226.6621,984088406.0,2025-05-21T08:00:00+08:00,next_calendar_day_08_cn,False,True,akshare:sina:index_us_stock_sina,10,2026-09-08T02:49:21+00:00
NDX,2025-05-21,21080.3594,21217.3047,21482.9805,21002.0938,1285327562.0,2025-05-22T08:00:00+08:00,next_calendar_day_08_cn,False,True,akshare:sina:index_us_stock_sina,10,2026-09-08T02:49:21+00:00
NDX,2025-05-22,21112.4707,21097.4609,21263.1816,21046.2227,1100529862.0,2025-05-23T08:00:00+08:00,next_calendar_day_08_cn,False,True,akshare:sina:index_us_stock_sina,10,2026-09-08T02:49:21+00:00
NDX,2025-05-23,20915.6543,20806.3711,21025.584,20777.9688,1088272026.0,2025-05-24T08:00:00+08:00,next_calendar_day_08_cn,False,True,akshare:sina:index_us_stock_sina,10,2026-09-08T02:49:21+00:00
NDX,2025-05-27,21414.9902,21201.4453,21429.3203,21145.1328,1212191466.0,2025-05-28T08:00:00+08:00,next_calendar_day_08_cn,False,True,akshare:sina:index_us_stock_sina,10,2026-09-08T02:49:21+00:00
NDX,2025-05-28,21318.168,21451.6914,21508.0781,21296.5117,1063921217.0,2025-05-29T08:00:00+08:00,next_calendar_day_08_cn,False,True,akshare:sina:index_us_stock_sina,10,2026-09-08T02:49:21+00:00
NDX,2025-05-29,21363.9512,21611.5352,21611.5352,21260.7246,1236789306.0,2025-05-30T08:00:00+08:00,next_calendar_day_08_cn,False,True,akshare:sina:index_us_stock_sina,10,2026-09-08T02:49:21+00:00
NDX,2025-05-30,21340.9922,21330.8457,21386.291,21032.5566,1719877103.0,2025-05-31T08:00:00+08:00,next_calendar_day_08_cn,False,True,akshare:sina:index_us_stock_sina,10,2026-09-08T02:49:21+00:00
NDX,2025-06-02,21491.748,21270.5742,21500.3574,21199.3711,1048585586.0,2025-06-03T08:00:00+08:00,next_calendar_day_08_cn,False,True,akshare:sina:index_us_stock_sina,10,2026-09-08T02:49:21+00:00
NDX,2025-06-03,21662.582,21529.9766,21715.959,21474.5059,1169283097.0,2025-06-04T08:00:00+08:00,next_calendar_day_08_cn,False,True,akshare:sina:index_us_stock_sina,10,2026-09-08T02:49:21+00:00
NDX,2025-06-04,21721.918,21689.0195,21761.3691,21607.3262,1064840853.0,2025-06-05T08:00:00+08:00,next_calendar_day_08_cn,False,True,akshare:sina:index_us_stock_sina,10,2026-09-08T02:49:21+00:00
NDX,2025-06-05,21547.4316,21782.3398,21891.8867,21472.7656,1421513475.0,2025-06-06T08:00:00+08:00,next_calendar_day_08_cn,False,True,akshare:sina:index_us_stock_sina,10,2026-09-08T02:49:21+00:00
NDX,2025-06-06,21761.7891,21777.498,21836.5723,21696.6855,1096543702.0,2025-06-07T08:00:00+08:00,next_calendar_day_08_cn,False,True,akshare:sina:index_us_stock_sina,10,2026-09-08T02:49:21+00:00
NDX,2025-06-09,21797.8672,21779.1797,21855.1504,21729.3027,1274943972.0,2025-06-10T08:00:00+08:00,next_calendar_day_08_cn,False,True,akshare:sina:index_us_stock_sina,10,2026-09-08T02:49:21+00:00
NDX,2025-06-10,21941.9199,21819.7852,21961.4219,21727.3418,1265791639.0,2025-06-11T08:00:00+08:00,next_calendar_day_08_cn,False,True,akshare:sina:index_us_stock_sina,10,2026-09-08T02:49:21+00:00
NDX,2025-06-11,21860.8008,21994.1582,22041.832,21775.2695,1195487476.0,2025-06-12T08:00:00+08:00,next_calendar_day_08_cn,False,True,akshare:sina:index_us_stock_sina,10,2026-09-08T02:49:21+00:00
NDX,2025-06-12,21913.3203,21826.7949,21952.002,21807.002,982803443.0,2025-06-13T08:00:00+08:00,next_calendar_day_08_cn,False,True,akshare:sina:index_us_stock_sina,10,2026-09-08T02:49:21+00:00
NDX,2025-06-13,21631.0391,21675.9414,21838.4727,21591.1094,1120321008.0,2025-06-14T08:00:00+08:00,next_calendar_day_08_cn,False,True,akshare:sina:index_us_stock_sina,10,2026-09-08T02:49:21+00:00
NDX,2025-06-16,21937.5684,21783.0801,21979.7676,21783.0801,1143962911.0,2025-06-17T08:00:00+08:00,next_calendar_day_08_cn,False,True,akshare:sina:index_us_stock_sina,10,2026-09-08T01:28:07+00:00
NDX,2025-06-17,21719.0781,21858.8906,21896.416,21680.1738,1071964189.0,2025-06-18T08:00:00+08:00,next_calendar_day_08_cn,False,True,akshare:sina:index_us_stock_sina,10,2026-09-08T01:28:07+00:00
NDX,2025-06-18,21719.6895,21745.498,21862.9961,21660.5195,1128654585.0,2025-06-19T08:00:00+08:00,next_calendar_day_08_cn,False,True,akshare:sina:index_us_stock_sina,10,2026-09-08T01:28:07+00:00
NDX,2025-06-20,21626.3867,21834.4883,21902.9844,21552.8047,1858218406.0,2025-06-21T08:00:00+08:00,next_calendar_day_08_cn,False,True,akshare:sina:index_us_stock_sina,10,2026-09-08T01:28:07+00:00
NDX,2025-06-23,21856.3301,21632.7773,21871.8691,21532.3203,1251130446.0,2025-06-24T08:00:00+08:00,next_calendar_day_08_cn,False,True,akshare:sina:index_us_stock_sina,10,2026-09-08T01:28:07+00:00
NDX,2025-06-24,22190.5215,22053.3301,22220.6387,22045.6328,1299226062.0,2025-06-25T08:00:00+08:00,next_calendar_day_08_cn,False,True,akshare:sina:index_us_stock_sina,10,2026-09-08T01:28:07+00:00
NDX,2025-06-25,22237.7422,22279.6895,22329.2305,22175.0781,1183484878.0,2025-06-26T08:00:00+08:00,next_calendar_day_08_cn,False,True,akshare:sina:index_us_stock_sina,10,2026-09-08T01:28:07+00:00
NDX,2025-06-26,22447.291,22328.2402,22466.9883,22255.2734,1212650670.0,2025-06-27T08:00:00+08:00,next_calendar_day_08_cn,False,True,akshare:sina:index_us_stock_sina,10,2026-09-08T01:28:07+00:00
NDX,2025-06-27,22534.2031,22484.873,22603.2188,22382.7871,1709156137.0,2025-06-28T08:00:00+08:00,next_calendar_day_08_cn,False,True,akshare:sina:index_us_stock_sina,10,2026-09-08T01:28:07+00:00
NDX,2025-06-30,22679.0098,22632.9238,22721.502,22565.1055,1241936368.0,2025-07-01T08:00:00+08:00,next_calendar_day_08_cn,False,True,akshare:sina:index_us_stock_sina,10,2026-09-08T01:28:07+00:00
NDX,2025-07-01,22478.1348,22594.4766,22631.2578,22388.0938,1360559562.0,2025-07-02T08:00:00+08:00,next_calendar_day_08_cn,False,True,akshare:sina:index_us_stock_sina,10,2026-09-08T01:28:07+00:00
NDX,2025-07-02,22641.8867,22451.8125,22644.7188,22448.0684,1189967792.0,2025-07-03T08:00:00+08:00,next_calendar_day_08_cn,False,True,akshare:sina:index_us_stock_sina,10,2026-09-08T01:28:07+00:00
NDX,2025-07-03,22866.9707,22751.6406,22896.0098,22736.0781,757382784.0,2025-07-04T08:00:00+08:00,next_calendar_day_08_cn,False,True,akshare:sina:index_us_stock_sina,10,2026-09-08T01:28:07+00:00
NDX,2025-07-07,22685.5684,22754.377,22776.209,22587.4746,1040552011.0,2025-07-08T08:00:00+08:00,next_calendar_day_08_cn,False,True,akshare:sina:index_us_stock_sina,10,2026-09-08T01:28:07+00:00
NDX,2025-07-08,22702.25,22735.2598,22761.8027,22652.4395,1138289514.0,2025-07-09T08:00:00+08:00,next_calendar_day_08_cn,False,True,akshare:sina:index_us_stock_sina,10,2026-09-08T01:28:07+00:00
NDX,2025-07-09,22864.9062,22800.3633,22915.332,22733.6484,1060270059.0,2025-07-10T08:00:00+08:00,next_calendar_day_08_cn,False,True,akshare:sina:index_us_stock_sina,10,2026-09-08T01:28:07+00:00
NDX,2025-07-10,22829.2617,22890.4258,22907.0449,22716.4082,1041646710.0,2025-07-11T08:00:00+08:00,next_calendar_day_08_cn,False,True,akshare:sina:index_us_stock_sina,10,2026-09-08T01:28:07+00:00
NDX,2025-07-11,22780.5977,22757.9902,22837.377,22692.8047,1085865012.0,2025-07-12T08:00:00+08:00,next_calendar_day_08_cn,False,True,akshare:sina:index_us_stock_sina,10,2026-09-08T01:28:07+00:00
NDX,2025-07-14,22855.6328,22780.1914,22886.9375,22675.2793,1047237702.0,2025-07-15T08:00:00+08:00,next_calendar_day_08_cn,False,True,akshare:sina:index_us_stock_sina,10,2026-09-08T01:28:07+00:00
NDX,2025-07-15,22884.5879,23036.8652,23051.8652,22876.4668,1226222591.0,2025-07-16T08:00:00+08:00,next_calendar_day_08_cn,False,True,akshare:sina:index_us_stock_sina,10,2026-09-08T01:28:07+00:00
NDX,2025-07-16,22907.9668,22895.2969,22928.5547,22669.3691,1180915540.0,2025-07-17T08:00:00+08:00,next_calendar_day_08_cn,False,True,akshare:sina:index_us_stock_sina,10,2026-09-08T01:28:07+00:00
NDX,2025-07-17,23078.0352,22931.0156,23104.7168,22905.5098,1246706499.0,2025-07-18T08:00:00+08:00,next_calendar_day_08_cn,False,True,akshare:sina:index_us_stock_sina,10,2026-09-08T01:28:07+00:00
NDX,2025-07-18,23065.4746,23135.0879,23153.2129,23018.3574,1134835811.0,2025-07-19T08:00:00+08:00,next_calendar_day_08_cn,False,True,akshare:sina:index_us_stock_sina,10,2026-09-08T01:28:07+00:00
NDX,2025-07-21,23180.0625,23124.9668,23264.4512,23122.9336,974176175.0,2025-07-22T08:00:00+08:00,next_calendar_day_08_cn,False,True,akshare:sina:index_us_stock_sina,10,2026-09-08T01:28:07+00:00
NDX,2025-07-22,23063.5781,23182.0234,23186.3633,22953.8496,1105616187.0,2025-07-23T08:00:00+08:00,next_calendar_day_08_cn,False,True,akshare:sina:index_us_stock_sina,10,2026-09-08T01:28:07+00:00
NDX,2025-07-23,23162.4062,23100.25,23168.4941,23000.459,1132841560.0,2025-07-24T08:00:00+08:00,next_calendar_day_08_cn,False,True,akshare:sina:index_us_stock_sina,10,2026-09-08T01:28:07+00:00
NDX,2025-07-24,23219.8652,23228.7891,23268.4922,23150.2676,1267442557.0,2025-07-25T08:00:00+08:00,next_calendar_day_08_cn,False,True,akshare:sina:index_us_stock_sina,10,2026-09-08T01:28:07+00:00
NDX,2025-07-25,23272.2461,23204.6641,23326.2969,23193.9902,1243743527.0,2025-07-26T08:00:00+08:00,next_calendar_day_08_cn,False,True,akshare:sina:index_us_stock_sina,10,2026-09-08T01:28:07+00:00
NDX,2025-07-28,23356.2695,23343.1289,23386.7598,23299.8145,1105999017.0,2025-07-29T08:00:00+08:00,next_calendar_day_08_cn,False,True,akshare:sina:index_us_stock_sina,10,2026-09-08T01:28:07+00:00
NDX,2025-07-29,23308.3027,23477.8398,23510.918,23283.3965,1229040816.0,2025-07-30T08:00:00+08:00,next_calendar_day_08_cn,False,True,akshare:sina:index_us_stock_sina,10,2026-09-08T01:28:07+00:00
NDX,2025-07-30,23345.4141,23337.3262,23447.1484,23226.918,1217040054.0,2025-07-31T08:00:00+08:00,next_calendar_day_08_cn,False,True,akshare:sina:index_us_stock_sina,10,2026-09-08T01:28:07+00:00
NDX,2025-07-31,23218.123,23589.3691,23589.3691,23176.125,1531739925.0,2025-08-01T08:00:00+08:00,next_calendar_day_08_cn,False,True,akshare:sina:index_us_stock_sina,10,2026-09-08T01:28:07+00:00
NDX,2025-08-01,22763.3125,22941.0625,22972.4707,22673.875,1451411428.0,2025-08-02T08:00:00+08:00,next_calendar_day_08_cn,False,True,akshare:sina:index_us_stock_sina,10,2026-09-08T01:28:07+00:00
NDX,2025-08-04,23188.6074,22986.7715,23191.0449,22973.5977,1183403985.0,2025-08-05T08:00:00+08:00,next_calendar_day_08_cn,False,True,akshare:sina:index_us_stock_sina,10,2026-09-08T01:28:07+00:00
NDX,2025-08-05,23018.5605,23235.3145,23286.0469,23008.1367,1170105635.0,2025-08-06T08:00:00+08:00,next_calendar_day_08_cn,False,True,akshare:sina:index_us_stock_sina,10,2026-09-08T01:28:07+00:00
NDX,2025-08-06,23315.043,23070.9531,23330.4902,23042.2715,1234387424.0,2025-08-07T08:00:00+08:00,next_calendar_day_08_cn,False,True,akshare:sina:index_us_stock_sina,10,2026-09-08T01:28:07+00:00
NDX,2025-08-07,23389.5293,23483.4199,23560.7285,23225.7188,1329108137.0,2025-08-08T08:00:00+08:00,next_calendar_day_08_cn,False,True,akshare:sina:index_us_stock_sina,10,2026-09-08T01:28:07+00:00
NDX,2025-08-08,23611.2656,23458.1348,23619.2422,23437.6055,1254191265.0,2025-08-09T08:00:00+08:00,next_calendar_day_08_cn,False,True,akshare:sina:index_us_stock_sina,10,2026-09-08T01:28:07+00:00
NDX,2025-08-11,23526.6348,23629.0156,23697.9961,23484.252,1230442680.0,2025-08-12T08:00:00+08:00,next_calendar_day_08_cn,False,True,akshare:sina:index_us_stock_sina,10,2026-09-08T01:28:07+00:00
NDX,2025-08-12,23839.1973,23651.6074,23849.502,23524.2773,1176117199.0,2025-08-13T08:00:00+08:00,next_calendar_day_08_cn,False,True,akshare:sina:index_us_stock_sina,10,2026-09-08T01:28:07+00:00
NDX,2025-08-13,23849.0391,23935.0625,23969.2754,23789.1152,1213714086.0,2025-08-14T08:00:00+08:00,next_calendar_day_08_cn,False,True,akshare:sina:index_us_stock_sina,10,2026-09-08T01:28:07+00:00
NDX,2025-08-14,23832.4414,23775.0078,23908.2559,23748.9844,1174915697.0,2025-08-15T08:00:00+08:00,next_calendar_day_08_cn,False,True,akshare:sina:index_us_stock_sina,10,2026-09-08T01:28:07+00:00
NDX,2025-08-15,23712.0703,23808.9961,23813.9863,23651.207,1350655447.0,2025-08-16T08:00:00+08:00,next_calendar_day_08_cn,False,True,akshare:sina:index_us_stock_sina,10,2026-09-08T01:28:07+00:00
NDX,2025-08-18,23713.7578,23692.125,23733.498,23637.4082,1048758259.0,2025-08-19T08:00:00+08:00,next_calendar_day_08_cn,False,True,akshare:sina:index_us_stock_sina,10,2026-09-08T01:28:07+00:00
NDX,2025-08-19,23384.7695,23689.0137,23695.6445,23346.3359,1347108120.0,2025-08-20T08:00:00+08:00,next_calendar_day_08_cn,False,True,akshare:sina:index_us_stock_sina,10,2026-09-08T01:28:07+00:00
NDX,2025-08-20,23249.5703,23343.4121,23343.4121,22959.7012,1380770742.0,2025-08-21T08:00:00+08:00,next_calendar_day_08_cn,False,True,akshare:sina:index_us_stock_sina,10,2026-09-08T01:28:07+00:00
NDX,2025-08-21,23142.5801,23182.7578,23264.2695,23046.3867,906322858.0,2025-08-22T08:00:00+08:00,next_calendar_day_08_cn,False,True,akshare:sina:index_us_stock_sina,10,2026-09-08T01:28:07+00:00
NDX,2025-08-22,23498.1152,23184.9941,23575.3574,23140.043,1320628762.0,2025-08-23T08:00:00+08:00,next_calendar_day_08_cn,False,True,akshare:sina:index_us_stock_sina,10,2026-09-08T01:28:07+00:00
NDX,2025-08-25,23425.6055,23454.2773,23546.4473,23382.1934,1118107843.0,2025-08-26T08:00:00+08:00,next_calendar_day_08_cn,False,True,akshare:sina:index_us_stock_sina,10,2026-09-08T01:28:07+00:00
NDX,2025-08-26,23525.293,23420.8477,23532.5117,23369.0391,1173870514.0,2025-08-27T08:00:00+08:00,next_calendar_day_08_cn,False,True,akshare:sina:index_us_stock_sina,10,2026-09-08T01:28:07+00:00
NDX,2025-08-27,23565.8457,23499.6738,23591.0547,23434.3125,970624610.0,2025-08-28T08:00:00+08:00,next_calendar_day_08_cn,False,True,akshare:sina:index_us_stock_sina,10,2026-09-08T01:28:07+00:00
NDX,2025-08-28,23703.4512,23601.3457,23741.2324,23514.6973,1109303770.0,2025-08-29T08:00:00+08:00,next_calendar_day_08_cn,False,True,akshare:sina:index_us_stock_sina,10,2026-09-08T01:28:07+00:00
NDX,2025-08-29,23415.4199,23607.5391,23607.5391,23353.9609,1175507869.0,2025-08-30T08:00:00+08:00,next_calendar_day_08_cn,False,True,akshare:sina:index_us_stock_sina,10,2026-09-08T01:28:07+00:00
NDX,2025-09-02,23231.1074,23020.4688,23242.2812,22977.8848,1154728480.0,2025-09-03T08:00:00+08:00,next_calendar_day_08_cn,False,True,akshare:sina:index_us_stock_sina,10,2026-09-08T01:28:07+00:00
NDX,2025-09-03,23414.8398,23388.2773,23478.0078,23279.1191,1221459431.0,2025-09-04T08:00:00+08:00,next_calendar_day_08_cn,False,True,akshare:sina:index_us_stock_sina,10,2026-09-08T01:28:07+00:00
NDX,2025-09-04,23633.0117,23442.1895,23639.0371,23371.334,1081885991.0,2025-09-05T08:00:00+08:00,next_calendar_day_08_cn,False,True,akshare:sina:index_us_stock_sina,10,2026-09-08T01:28:07+00:00
NDX,2025-09-05,23652.4434,23841.9805,23860.252,23475.3262,1369439342.0,2025-09-06T08:00:00+08:00,next_calendar_day_08_cn,False,True,akshare:sina:index_us_stock_sina,10,2026-09-08T01:28:07+00:00
NDX,2025-09-08,23762.3008,23759.625,23851.8086,23725.0391,964752503.0,2025-09-09T08:00:00+08:00,next_calendar_day_08_cn,False,True,akshare:sina:index_us_stock_sina,10,2026-09-08T01:28:07+00:00
NDX,2025-09-09,23839.7969,23824.332,23852.418,23697.998,945557798.0,2025-09-10T08:00:00+08:00,next_calendar_day_08_cn,False,True,akshare:sina:index_us_stock_sina,10,2026-09-08T01:28:07+00:00
NDX,2025-09-10,23849.2695,23931.3242,23958.541,23760.0957,1295201627.0,2025-09-11T08:00:00+08:00,next_calendar_day_08_cn,False,True,akshare:sina:index_us_stock_sina,10,2026-09-08T01:28:07+00:00
NDX,2025-09-11,23992.5625,23956.5664,24016.5254,23883.0098,1380233929.0,2025-09-12T08:00:00+08:00,next_calendar_day_08_cn,False,True,akshare:sina:index_us_stock_sina,10,2026-09-08T01:28:07+00:00
NDX,2025-09-12,24092.1934,24030.7656,24137.0605,23983.6328,1316754550.0,2025-09-13T08:00:00+08:00,next_calendar_day_08_cn,False,True,akshare:sina:index_us_stock_sina,10,2026-09-08T01:28:07+00:00
NDX,2025-09-15,24293.7812,24178.6035,24297.3359,24173.1367,1226932568.0,2025-09-16T08:00:00+08:00,next_calendar_day_08_cn,False,True,akshare:sina:index_us_stock_sina,10,2026-09-08T01:28:07+00:00
NDX,2025-09-16,24274.25,24342.748,24343.3535,24244.2109,1109532695.0,2025-09-17T08:00:00+08:00,next_calendar_day_08_cn,False,True,akshare:sina:index_us_stock_sina,10,2026-09-08T01:28:07+00:00
NDX,2025-09-17,24223.6875,24286.4297,24292.0566,23999.7461,1201112663.0,2025-09-18T08:00:00+08:00,next_calendar_day_08_cn,False,True,akshare:sina:index_us_stock_sina,10,2026-09-08T01:28:07+00:00
NDX,2025-09-18,24454.8945,24421.2129,24554.5215,24347.541,1741468100.0,2025-09-19T08:00:00+08:00,next_calendar_day_08_cn,False,True,akshare:sina:index_us_stock_sina,10,2026-09-08T01:28:07+00:00
NDX,2025-09-19,24626.2461,24528.4414,24641.9258,24469.2773,1372521068.0,2025-09-20T08:00:00+08:00,next_calendar_day_08_cn,False,True,akshare:sina:index_us_stock_sina,10,2026-09-08T01:28:07+00:00
NDX,2025-09-22,24761.0742,24588.1797,24781.7305,24578.0938,1375773110.0,2025-09-23T08:00:00+08:00,next_calendar_day_08_cn,False,True,akshare:sina:index_us_stock_sina,10,2026-09-08T01:28:07+00:00
NDX,2025-09-23,24580.168,24752.7363,24764.3027,24536.502,1243302100.0,2025-09-24T08:00:00+08:00,next_calendar_day_08_cn,False,True,akshare:sina:index_us_stock_sina,10,2026-09-08T01:28:07+00:00
NDX,2025-09-24,24503.5664,24648.9727,24650.416,24388.5898,1190761821.0,2025-09-25T08:00:00+08:00,next_calendar_day_08_cn,False,True,akshare:sina:index_us_stock_sina,10,2026-09-08T01:28:07+00:00
NDX,2025-09-25,24397.3105,24321.7305,24460.6582,24186.3711,1414883370.0,2025-09-26T08:00:00+08:00,next_calendar_day_08_cn,False,True,akshare:sina:index_us_stock_sina,10,2026-09-08T01:28:07+00:00
NDX,2025-09-26,24503.8477,24410.9531,24510.3672,24297.6992,1218233603.0,2025-09-27T08:00:00+08:00,next_calendar_day_08_cn,False,True,akshare:sina:index_us_stock_sina,10,2026-09-08T01:28:07+00:00
NDX,2025-09-29,24611.3516,24629.0215,24741.7715,24560.2188,1226170476.0,2025-09-30T08:00:00+08:00,next_calendar_day_08_cn,False,True,akshare:sina:index_us_stock_sina,10,2026-09-08T01:28:07+00:00
NDX,2025-09-30,24679.9883,24597.3984,24691.2305,24505.1387,1039628331.0,2025-10-01T08:00:00+08:00,next_calendar_day_08_cn,False,True,akshare:sina:index_us_stock_sina,10,2026-09-08T01:28:07+00:00
NDX,2025-10-01,24800.8633,24539.25,24816.6738,24517.7578,1249652716.0,2025-10-02T08:00:00+08:00,next_calendar_day_08_cn,False,True,akshare:sina:index_us_stock_sina,10,2026-09-08T01:28:07+00:00
NDX,2025-10-02,24892.7637,24933.4863,24944.748,24780.1094,1179550297.0,2025-10-03T08:00:00+08:00,next_calendar_day_08_cn,False,True,akshare:sina:index_us_stock_sina,10,2026-09-08T01:28:07+00:00
NDX,2025-10-03,24785.5215,24931.4238,24958.2637,24713.582,1160364642.0,2025-10-04T08:00:00+08:00,next_calendar_day_08_cn,False,True,akshare:sina:index_us_stock_sina,10,2026-09-08T01:28:07+00:00
NDX,2025-10-06,24978.5586,24986.2598,25044.2598,24907.5977,1335777005.0,2025-10-07T08:00:00+08:00,next_calendar_day_08_cn,False,True,akshare:sina:index_us_stock_sina,10,2026-09-08T01:28:07+00:00
NDX,2025-10-07,24840.2266,25031.7832,25062.9609,24783.9512,1146091782.0,2025-10-08T08:00:00+08:00,next_calendar_day_08_cn,False,True,akshare:sina:index_us_stock_sina,10,2026-09-08T01:28:07+00:00
NDX,2025-10-08,25136.623,24887.3203,25142.1875,24882.3496,1154610675.0,2025-10-09T08:00:00+08:00,next_calendar_day_08_cn,False,True,akshare:sina:index_us_stock_sina,10,2026-09-08T01:28:07+00:00
NDX,2025-10-09,25098.1758,25124.793,25139.3516,24966.8086,1094927162.0,2025-10-10T08:00:00+08:00,next_calendar_day_08_cn,False,True,akshare:sina:index_us_stock_sina,10,2026-09-08T01:28:07+00:00
NDX,2025-10-10,24221.7461,25116.8262,25195.2773,24207.1523,1343719790.0,2025-10-11T08:00:00+08:00,next_calendar_day_08_cn,False,True,akshare:sina:index_us_stock_sina,10,2026-09-08T01:28:07+00:00
NDX,2025-10-13,24750.252,24625.7402,24779.6543,24540.418,1084547497.0,2025-10-14T08:00:00+08:00,next_calendar_day_08_cn,False,True,akshare:sina:index_us_stock_sina,10,2026-09-08T01:28:07+00:00
NDX,2025-10-14,24579.3164,24442.9258,24766.3691,24256.2812,1095353781.0,2025-10-15T08:00:00+08:00,next_calendar_day_08_cn,False,True,akshare:sina:index_us_stock_sina,10,2026-09-08T01:28:07+00:00
NDX,2025-10-15,24745.3574,24807.3398,24933.2285,24496.0742,1101597693.0,2025-10-16T08:00:00+08:00,next_calendar_day_08_cn,False,True,akshare:sina:index_us_stock_sina,10,2026-09-08T01:28:07+00:00
NDX,2025-10-16,24657.2422,24882.2168,24998.3047,24481.1738,1096254508.0,2025-10-17T08:00:00+08:00,next_calendar_day_08_cn,False,True,akshare:sina:index_us_stock_sina,10,2026-09-08T01:28:07+00:00
NDX,2025-10-17,24817.9531,24600.5449,24881.4688,24511.5898,1108600980.0,2025-10-18T08:00:00+08:00,next_calendar_day_08_cn,False,True,akshare:sina:index_us_stock_sina,10,2026-09-08T01:28:07+00:00
NDX,2025-10-20,25141.0176,24991.0996,25183.8125,24988.6719,952159592.0,2025-10-21T08:00:00+08:00,next_calendar_day_08_cn,False,True,akshare:sina:index_us_stock_sina,10,2026-09-08T01:28:07+00:00
NDX,2025-10-21,25127.1309,25139.8008,25178.2344,25043.0625,982609497.0,2025-10-22T08:00:00+08:00,next_calendar_day_08_cn,False,True,akshare:sina:index_us_stock_sina,10,2026-09-08T01:28:07+00:00
NDX,2025-10-22,24879.0059,25093.6426,25127.0625,24652.1055,1118238040.0,2025-10-23T08:00:00+08:00,next_calendar_day_08_cn,False,True,akshare:sina:index_us_stock_sina,10,2026-09-08T01:28:07+00:00
NDX,2025-10-23,25097.416,24869.5977,25126.7832,24856.3438,949148922.0,2025-10-24T08:00:00+08:00,next_calendar_day_08_cn,False,True,akshare:sina:index_us_stock_sina,10,2026-09-08T01:28:07+00:00
NDX,2025-10-24,25358.1621,25307.748,25418.6367,25288.7109,1127401601.0,2025-10-25T08:00:00+08:00,next_calendar_day_08_cn,False,True,akshare:sina:index_us_stock_sina,10,2026-09-08T01:28:07+00:00
NDX,2025-10-27,25821.5449,25701.9473,25839.0312,25656.3789,1270059161.0,2025-10-28T08:00:00+08:00,next_calendar_day_08_cn,False,True,akshare:sina:index_us_stock_sina,10,2026-09-08T01:28:07+00:00
NDX,2025-10-28,26012.1562,25932.6426,26087.4844,25864.4902,1366257553.0,2025-10-29T08:00:00+08:00,next_calendar_day_08_cn,False,True,akshare:sina:index_us_stock_sina,10,2026-09-08T01:28:07+00:00
NDX,2025-10-29,26119.8457,26147.7207,26182.1035,25907.4473,1417023110.0,2025-10-30T08:00:00+08:00,next_calendar_day_08_cn,False,True,akshare:sina:index_us_stock_sina,10,2026-09-08T01:28:07+00:00
NDX,2025-10-30,25734.8125,25953.7793,26031.6836,25732.3867,1390211730.0,2025-10-31T08:00:00+08:00,next_calendar_day_08_cn,False,True,akshare:sina:index_us_stock_sina,10,2026-09-08T01:28:07+00:00
NDX,2025-10-31,25858.127,26055.9688,26063.4863,25761.2793,1229405512.0,2025-11-01T08:00:00+08:00,next_calendar_day_08_cn,False,True,akshare:sina:index_us_stock_sina,10,2026-09-08T01:28:07+00:00
NDX,2025-11-03,25972.9434,26114.1094,26132.8672,25887.8828,1235570490.0,2025-11-04T08:00:00+08:00,next_calendar_day_08_cn,False,True,akshare:sina:index_us_stock_sina,10,2026-09-08T01:28:07+00:00
NDX,2025-11-04,25435.7031,25580.3418,25762.2344,25415.623,1353948199.0,2025-11-05T08:00:00+08:00,next_calendar_day_08_cn,False,True,akshare:sina:index_us_stock_sina,10,2026-09-08T01:28:07+00:00
NDX,2025-11-05,25620.0312,25433.2246,25750.8848,25364.9023,1237245340.0,2025-11-06T08:00:00+08:00,next_calendar_day_08_cn,False,True,akshare:sina:index_us_stock_sina,10,2026-09-08T01:28:07+00:00
NDX,2025-11-06,25130.041,25568.2383,25568.2383,25083.2363,1215542091.0,2025-11-07T08:00:00+08:00,next_calendar_day_08_cn,False,True,akshare:sina:index_us_stock_sina,10,2026-09-08T01:28:07+00:00
NDX,2025-11-07,25059.8086,24977.7344,25065.1387,24603.7812,1241981093.0,2025-11-08T08:00:00+08:00,next_calendar_day_08_cn,False,True,akshare:sina:index_us_stock_sina,10,2026-09-08T01:28:07+00:00
NDX,2025-11-10,25611.7363,25418.1719,25655.5137,25354.4375,1218934892.0,2025-11-11T08:00:00+08:00,next_calendar_day_08_cn,False,True,akshare:sina:index_us_stock_sina,10,2026-09-08T01:28:07+00:00
NDX,2025-11-11,25533.4863,25500.9277,25588.2598,25380.8574,863946455.0,2025-11-12T08:00:00+08:00,next_calendar_day_08_cn,False,True,akshare:sina:index_us_stock_sina,10,2026-09-08T01:28:07+00:00
NDX,2025-11-12,25517.3281,25662.1855,25663.1699,25389.7266,930806208.0,2025-11-13T08:00:00+08:00,next_calendar_day_08_cn,False,True,akshare:sina:index_us_stock_sina,10,2026-09-08T01:28:07+00:00
NDX,2025-11-13,24993.4629,25386.9512,25396.0137,24908.5957,1117506206.0,2025-11-14T08:00:00+08:00,next_calendar_day_08_cn,False,True,akshare:sina:index_us_stock_sina,10,2026-09-08T01:28:07+00:00
NDX,2025-11-14,25008.2422,24658.5508,25198.9336,24534.9004,1115318604.0,2025-11-15T08:00:00+08:00,next_calendar_day_08_cn,False,True,akshare:sina:index_us_stock_sina,10,2026-09-08T01:28:07+00:00
NDX,2025-11-17,24799.918,24890.1035,25166.1465,24649.3633,1209452177.0,2025-11-18T08:00:00+08:00,next_calendar_day_08_cn,False,True,akshare:sina:index_us_stock_sina,10,2026-09-08T01:28:07+00:00
NDX,2025-11-18,24503.0957,24651.7773,24735.125,24299.2949,1337551186.0,2025-11-19T08:00:00+08:00,next_calendar_day_08_cn,False,True,akshare:sina:index_us_stock_sina,10,2026-09-08T01:28:07+00:00
NDX,2025-11-19,24640.5156,24517.2715,24904.6621,24432.1934,1265282246.0,2025-11-20T08:00:00+08:00,next_calendar_day_08_cn,False,True,akshare:sina:index_us_stock_sina,10,2026-09-08T01:28:07+00:00
NDX,2025-11-20,24054.3789,25131.4883,25222.9473,24021.4375,1415062581.0,2025-11-21T08:00:00+08:00,next_calendar_day_08_cn,False,True,akshare:sina:index_us_stock_sina,10,2026-09-08T01:28:07+00:00
NDX,2025-11-21,24239.5742,24137.6641,24521.8379,23854.0312,1455295377.0,2025-11-22T08:00:00+08:00,next_calendar_day_08_cn,False,True,akshare:sina:index_us_stock_sina,10,2026-09-08T01:28:07+00:00
NDX,2025-11-24,24873.8535,24462.8691,24923.5938,24455.6504,1121836842.0,2025-11-25T08:00:00+08:00,next_calendar_day_08_cn,False,True,akshare:sina:index_us_stock_sina,10,2026-09-08T01:28:07+00:00
NDX,2025-11-25,25018.3594,24790.0684,25069.543,24542.7148,1350395809.0,2025-11-26T08:00:00+08:00,next_calendar_day_08_cn,False,True,akshare:sina:index_us_stock_sina,10,2026-09-08T01:28:07+00:00
NDX,2025-11-26,25236.9395,25168.3066,25309.1484,25077.8613,1066237561.0,2025-11-27T08:00:00+08:00,next_calendar_day_08_cn,False,True,akshare:sina:index_us_stock_sina,10,2026-09-08T01:28:07+00:00
NDX,2025-11-28,25434.8887,25310.2852,25435.7734,25280.957,668412922.0,2025-11-29T08:00:00+08:00,next_calendar_day_08_cn,False,True,akshare:sina:index_us_stock_sina,10,2026-09-08T01:28:07+00:00
NDX,2025-12-01,25342.8496,25232.7539,25443.2051,25158.6328,1075802739.0,2025-12-02T08:00:00+08:00,next_calendar_day_08_cn,False,True,akshare:sina:index_us_stock_sina,10,2026-09-08T01:28:07+00:00
NDX,2025-12-02,25555.8574,25449.8691,25622.584,25369.3555,1233557829.0,2025-12-03T08:00:00+08:00,next_calendar_day_08_cn,False,True,akshare:sina:index_us_stock_sina,10,2026-09-08T01:28:07+00:00
NDX,2025-12-03,25606.5449,25443.7051,25639.9922,25388.4375,990312749.0,2025-12-04T08:00:00+08:00,next_calendar_day_08_cn,False,True,akshare:sina:index_us_stock_sina,10,2026-09-08T01:28:07+00:00
NDX,2025-12-04,25581.6992,25658.1387,25658.2695,25450.3809,965123219.0,2025-12-05T08:00:00+08:00,next_calendar_day_08_cn,False,True,akshare:sina:index_us_stock_sina,10,2026-09-08T01:28:07+00:00
NDX,2025-12-05,25692.0508,25657.7812,25827.0781,25617.3535,1317879469.0,2025-12-06T08:00:00+08:00,next_calendar_day_08_cn,False,True,akshare:sina:index_us_stock_sina,10,2026-09-08T01:28:07+00:00
NDX,2025-12-08,25627.9512,25758.8184,25828.1582,25531.75,1132700249.0,2025-12-09T08:00:00+08:00,next_calendar_day_08_cn,False,True,akshare:sina:index_us_stock_sina,10,2026-09-08T01:28:07+00:00
NDX,2025-12-09,25668.6875,25593.666,25698.2617,25532.3379,956358977.0,2025-12-10T08:00:00+08:00,next_calendar_day_08_cn,False,True,akshare:sina:index_us_stock_sina,10,2026-09-08T01:28:07+00:00
NDX,2025-12-10,25776.4375,25631.5879,25835.0254,25504.3027,1257197397.0,2025-12-11T08:00:00+08:00,next_calendar_day_08_cn,False,True,akshare:sina:index_us_stock_sina,10,2026-09-08T01:28:07+00:00
NDX,2025-12-11,25686.6855,25598.3887,25696.291,25372.1797,934924312.0,2025-12-12T08:00:00+08:00,next_calendar_day_08_cn,False,True,akshare:sina:index_us_stock_sina,10,2026-09-08T01:28:07+00:00
NDX,2025-12-12,25196.7344,25531.5527,25605.875,25104.6797,1068772435.0,2025-12-13T08:00:00+08:00,next_calendar_day_08_cn,False,True,akshare:sina:index_us_stock_sina,10,2026-09-08T01:28:07+00:00
NDX,2025-12-15,25067.2656,25352.8691,25377.623,25022.8066,1004771051.0,2025-12-16T08:00:00+08:00,next_calendar_day_08_cn,False,True,akshare:sina:index_us_stock_sina,10,2026-09-08T01:28:07+00:00
NDX,2025-12-16,25132.9395,24991.4941,25188.7637,24922.9355,973550914.0,2025-12-17T08:00:00+08:00,next_calendar_day_08_cn,False,True,akshare:sina:index_us_stock_sina,10,2026-09-08T01:28:07+00:00
NDX,2025-12-17,24647.6055,25167.8613,25193.4102,24647.6055,1397986335.0,2025-12-18T08:00:00+08:00,next_calendar_day_08_cn,False,True,akshare:sina:index_us_stock_sina,10,2026-09-08T01:28:07+00:00
NDX,2025-12-18,25019.3672,25031.4941,25164.1777,24921.4512,1306992506.0,2025-12-19T08:00:00+08:00,next_calendar_day_08_cn,False,True,akshare:sina:index_us_stock_sina,10,2026-09-08T01:28:07+00:00
NDX,2025-12-19,25346.1777,25147.2949,25354.8203,25134.2559,1245692009.0,2025-12-20T08:00:00+08:00,next_calendar_day_08_cn,False,True,akshare:sina:index_us_stock_sina,10,2026-09-08T01:28:07+00:00
NDX,2025-12-22,25461.7012,25527.6836,25554.0293,25401.5918,963075207.0,2025-12-23T08:00:00+08:00,next_calendar_day_08_cn,False,True,akshare:sina:index_us_stock_sina,10,2026-09-08T01:28:07+00:00
NDX,2025-12-23,25587.8301,25441.4238,25590.0332,25403.2617,854053387.0,2025-12-24T08:00:00+08:00,next_calendar_day_08_cn,False,True,akshare:sina:index_us_stock_sina,10,2026-09-08T01:28:07+00:00
NDX,2025-12-24,25656.1465,25582.3398,25665.2773,25556.8516,406570122.0,2025-12-25T08:00:00+08:00,next_calendar_day_08_cn,False,True,akshare:sina:index_us_stock_sina,10,2026-09-08T01:28:07+00:00
NDX,2025-12-26,25644.3906,25692.6836,25716.7129,25620.3164,599802506.0,2025-12-27T08:00:00+08:00,next_calendar_day_08_cn,False,True,akshare:sina:index_us_stock_sina,10,2026-09-08T01:28:07+00:00
NDX,2025-12-29,25525.5605,25462.2539,25598.1406,25440.9727,725037397.0,2025-12-30T08:00:00+08:00,next_calendar_day_08_cn,False,True,akshare:sina:index_us_stock_sina,10,2026-09-08T01:28:07+00:00
NDX,2025-12-30,25462.5605,25509.877,25577.5801,25456.9238,677177023.0,2025-12-31T08:00:00+08:00,next_calendar_day_08_cn,False,True,akshare:sina:index_us_stock_sina,10,2026-09-08T01:28:07+00:00
NDX,2025-12-31,25249.8457,25464.707,25483.7676,25244.8574,671825961.0,2026-01-01T08:00:00+08:00,next_calendar_day_08_cn,False,True,akshare:sina:index_us_stock_sina,10,2026-09-08T01:28:07+00:00
NDX,2026-01-02,25206.168,25524.2656,25597.6504,25086.3633,1122532189.0,2026-01-03T08:00:00+08:00,next_calendar_day_08_cn,False,True,akshare:sina:index_us_stock_sina,10,2026-09-08T01:28:07+00:00
NDX,2026-01-05,25401.3203,25471.791,25520.5156,25354.6602,1240525789.0,2026-01-06T08:00:00+08:00,next_calendar_day_08_cn,False,True,akshare:sina:index_us_stock_sina,10,2026-09-08T01:28:07+00:00
NDX,2026-01-06,25639.7051,25462.0586,25655.1211,25428.0762,1035877837.0,2026-01-07T08:00:00+08:00,next_calendar_day_08_cn,False,True,akshare:sina:index_us_stock_sina,10,2026-09-08T01:28:07+00:00
NDX,2026-01-07,25653.8965,25617.7988,25813.1719,25592.4004,1239583721.0,2026-01-08T08:00:00+08:00,next_calendar_day_08_cn,False,True,akshare:sina:index_us_stock_sina,10,2026-09-08T01:28:07+00:00
NDX,2026-01-08,25507.1016,25615.3457,25622.3145,25400.1641,1123964463.0,2026-01-09T08:00:00+08:00,next_calendar_day_08_cn,False,True,akshare:sina:index_us_stock_sina,10,2026-09-08T01:28:07+00:00
NDX,2026-01-09,25766.2578,25518.8223,25811.4551,25455.9727,1158296873.0,2026-01-10T08:00:00+08:00,next_calendar_day_08_cn,False,True,akshare:sina:index_us_stock_sina,10,2026-09-08T01:28:07+00:00
NDX,2026-01-12,25787.6641,25616.8125,25850.8555,25602.5645,1091234492.0,2026-01-13T08:00:00+08:00,next_calendar_day_08_cn,False,True,akshare:sina:index_us_stock_sina,10,2026-09-08T01:28:07+00:00
NDX,2026-01-13,25741.9531,25779.2812,25873.1777,25642.1055,1223860426.0,2026-01-14T08:00:00+08:00,next_calendar_day_08_cn,False,True,akshare:sina:index_us_stock_sina,10,2026-09-08T01:28:07+00:00
NDX,2026-01-14,25465.9434,25575.5664,25624.1914,25266.2031,1239754634.0,2026-01-15T08:00:00+08:00,next_calendar_day_08_cn,False,True,akshare:sina:index_us_stock_sina,10,2026-09-08T01:28:07+00:00
NDX,2026-01-15,25547.0742,25767.2969,25781.0312,25520.1973,1185406169.0,2026-01-16T08:00:00+08:00,next_calendar_day_08_cn,False,True,akshare:sina:index_us_stock_sina,10,2026-09-08T01:28:07+00:00
NDX,2026-01-16,25529.2637,25710.5996,25735.4844,25444.2773,1461604954.0,2026-01-17T08:00:00+08:00,next_calendar_day_08_cn,False,True,akshare:sina:index_us_stock_sina,10,2026-09-08T01:28:07+00:00
NDX,2026-01-20,24987.5664,25155.0312,25279.7773,24954.1797,1551930021.0,2026-01-21T08:00:00+08:00,next_calendar_day_08_cn,False,True,akshare:sina:index_us_stock_sina,10,2026-09-08T01:28:07+00:00
NDX,2026-01-21,25326.582,25048.5508,25498.8086,24993.9805,1417806862.0,2026-01-22T08:00:00+08:00,next_calendar_day_08_cn,False,True,akshare:sina:index_us_stock_sina,10,2026-09-08T01:28:07+00:00
NDX,2026-01-22,25518.3516,25548.3789,25576.5176,25399.4961,1220277797.0,2026-01-23T08:00:00+08:00,next_calendar_day_08_cn,False,True,akshare:sina:index_us_stock_sina,10,2026-09-08T01:28:07+00:00
NDX,2026-01-23,25605.4668,25501.9121,25709.7422,25435.0215,1331081499.0,2026-01-24T08:00:00+08:00,next_calendar_day_08_cn,False,True,akshare:sina:index_us_stock_sina,10,2026-09-08T01:28:07+00:00
NDX,2026-01-26,25713.209,25631.0098,25797.0996,25578.7637,1109968925.0,2026-01-27T08:00:00+08:00,next_calendar_day_08_cn,False,True,akshare:sina:index_us_stock_sina,10,2026-09-08T01:28:07+00:00
NDX,2026-01-27,25939.7441,25852.0449,25982.5938,25791.748,1087031385.0,2026-01-28T08:00:00+08:00,next_calendar_day_08_cn,False,True,akshare:sina:index_us_stock_sina,10,2026-09-08T01:28:07+00:00
NDX,2026-01-28,26022.791,26121.7441,26165.082,25974.6602,1214030678.0,2026-01-29T08:00:00+08:00,next_calendar_day_08_cn,False,True,akshare:sina:index_us_stock_sina,10,2026-09-08T01:28:07+00:00
NDX,2026-01-29,25884.2949,26030.0801,26046.3359,25418.5449,1495511806.0,2026-01-30T08:00:00+08:00,next_calendar_day_08_cn,False,True,akshare:sina:index_us_stock_sina,10,2026-09-08T01:28:07+00:00
NDX,2026-01-30,25552.3867,25740.1914,25823.2949,25456.1758,1138367673.0,2026-01-31T08:00:00+08:00,next_calendar_day_08_cn,False,True,akshare:sina:index_us_stock_sina,10,2026-09-08T01:28:07+00:00
NDX,2026-02-02,25738.6133,25491.6445,25833.1211,25478.498,1262118887.0,2026-02-03T08:00:00+08:00,next_calendar_day_08_cn,False,True,akshare:sina:index_us_stock_sina,10,2026-09-08T01:28:07+00:00
NDX,2026-02-03,25338.6211,25811.0488,25840.0449,25112.4629,1504286110.0,2026-02-04T08:00:00+08:00,next_calendar_day_08_cn,False,True,akshare:sina:index_us_stock_sina,10,2026-09-08T01:28:07+00:00
NDX,2026-02-04,24891.2383,25240.3828,25275.2559,24681.2734,1598674271.0,2026-02-05T08:00:00+08:00,next_calendar_day_08_cn,False,True,akshare:sina:index_us_stock_sina,10,2026-09-08T01:28:07+00:00
NDX,2026-02-05,24548.6895,24614.8594,24854.5605,24455.3965,1543221263.0,2026-02-06T08:00:00+08:00,next_calendar_day_08_cn,False,True,akshare:sina:index_us_stock_sina,10,2026-09-08T01:28:07+00:00
NDX,2026-02-06,25075.7715,24655.25,25131.3379,24622.332,1674165038.0,2026-02-07T08:00:00+08:00,next_calendar_day_08_cn,False,True,akshare:sina:index_us_stock_sina,10,2026-09-08T01:28:07+00:00
NDX,2026-02-09,25268.1406,24953.6836,25337.543,24876.2793,1371095256.0,2026-02-10T08:00:00+08:00,next_calendar_day_08_cn,False,True,akshare:sina:index_us_stock_sina,10,2026-09-08T01:28:07+00:00
NDX,2026-02-10,25127.6387,25314.2266,25363.125,25113.4258,1087572276.0,2026-02-11T08:00:00+08:00,next_calendar_day_08_cn,False,True,akshare:sina:index_us_stock_sina,10,2026-09-08T01:28:07+00:00
NDX,2026-02-11,25201.2598,25335.9102,25382.8379,24980.291,1405474566.0,2026-02-12T08:00:00+08:00,next_calendar_day_08_cn,False,True,akshare:sina:index_us_stock_sina,10,2026-09-08T01:28:07+00:00
NDX,2026-02-12,24687.6113,25261.334,25310.5605,24643.7324,1396086330.0,2026-02-13T08:00:00+08:00,next_calendar_day_08_cn,False,True,akshare:sina:index_us_stock_sina,10,2026-09-08T01:28:07+00:00
NDX,2026-02-13,24732.7324,24662.9492,24921.4727,24514.9609,1256113037.0,2026-02-14T08:00:00+08:00,next_calendar_day_08_cn,False,True,akshare:sina:index_us_stock_sina,10,2026-09-08T01:28:07+00:00
NDX,2026-02-17,24701.5957,24567.5449,24818.3027,24387.4688,1212586341.0,2026-02-18T08:00:00+08:00,next_calendar_day_08_cn,False,True,akshare:sina:index_us_stock_sina,10,2026-09-08T01:28:07+00:00
NDX,2026-02-18,24898.8672,24744.875,25057.2051,24696.8301,1122878944.0,2026-02-19T08:00:00+08:00,next_calendar_day_08_cn,False,True,akshare:sina:index_us_stock_sina,10,2026-09-08T01:28:07+00:00
NDX,2026-02-19,24797.3398,24771.6523,24890.1172,24690.8691,1004247677.0,2026-02-20T08:00:00+08:00,next_calendar_day_08_cn,False,True,akshare:sina:index_us_stock_sina,10,2026-09-08T01:28:07+00:00
NDX,2026-02-20,25012.6191,24637.3203,25077.5586,24633.5957,1307562972.0,2026-02-21T08:00:00+08:00,next_calendar_day_08_cn,False,True,akshare:sina:index_us_stock_sina,10,2026-09-08T01:28:07+00:00
NDX,2026-02-23,24708.9414,24935.5137,24984.8203,24618.2266,1229632005.0,2026-02-24T08:00:00+08:00,next_calendar_day_08_cn,False,True,akshare:sina:index_us_stock_sina,10,2026-09-08T01:28:07+00:00
NDX,2026-02-24,24977.0449,24763.8398,25022.9199,24643.6895,1265425783.0,2026-02-25T08:00:00+08:00,next_calendar_day_08_cn,False,True,akshare:sina:index_us_stock_sina,10,2026-09-08T01:28:07+00:00
NDX,2026-02-25,25329.0352,25137.7246,25343.9707,25137.623,1081634791.0,2026-02-26T08:00:00+08:00,next_calendar_day_08_cn,False,True,akshare:sina:index_us_stock_sina,10,2026-09-08T01:28:07+00:00
NDX,2026-02-26,25034.3711,25278.248,25288.2285,24820.5547,1409663048.0,2026-02-27T08:00:00+08:00,next_calendar_day_08_cn,False,True,akshare:sina:index_us_stock_sina,10,2026-09-08T01:28:07+00:00
NDX,2026-02-27,24960.0352,24808.0,24987.959,24747.252,1613121572.0,2026-02-28T08:00:00+08:00,next_calendar_day_08_cn,False,True,akshare:sina:index_us_stock_sina,10,2026-09-08T01:28:07+00:00
NDX,2026-03-02,24992.6016,24599.4121,25059.1719,24575.5391,1237572666.0,2026-03-03T08:00:00+08:00,next_calendar_day_08_cn,False,True,akshare:sina:index_us_stock_sina,10,2026-09-08T01:28:07+00:00
NDX,2026-03-03,24720.084,24497.375,24810.252,24315.8359,1144691726.0,2026-03-04T08:00:00+08:00,next_calendar_day_08_cn,False,True,akshare:sina:index_us_stock_sina,10,2026-09-08T01:28:07+00:00
NDX,2026-03-04,25093.6777,24850.9434,25179.3633,24795.5312,1062324581.0,2026-03-05T08:00:00+08:00,next_calendar_day_08_cn,False,True,akshare:sina:index_us_stock_sina,10,2026-09-08T01:28:07+00:00
NDX,2026-03-05,25020.4141,24992.7324,25174.3066,24744.5586,1135515463.0,2026-03-06T08:00:00+08:00,next_calendar_day_08_cn,False,True,akshare:sina:index_us_stock_sina,10,2026-09-08T01:28:07+00:00
NDX,2026-03-06,24643.0156,24663.7422,24886.7031,24579.8594,1094199196.0,2026-03-07T08:00:00+08:00,next_calendar_day_08_cn,False,True,akshare:sina:index_us_stock_sina,10,2026-09-08T01:28:07+00:00
NDX,2026-03-09,24967.248,24429.6738,25019.1562,24289.2246,1292076521.0,2026-03-10T08:00:00+08:00,next_calendar_day_08_cn,False,True,akshare:sina:index_us_stock_sina,10,2026-09-08T01:28:07+00:00
NDX,2026-03-10,24956.4707,25002.6074,25189.1738,24871.4375,1105562352.0,2026-03-11T08:00:00+08:00,next_calendar_day_08_cn,False,True,akshare:sina:index_us_stock_sina,10,2026-09-08T01:28:07+00:00
NDX,2026-03-11,24965.0059,25053.2422,25152.1152,24856.5977,982894635.0,2026-03-12T08:00:00+08:00,next_calendar_day_08_cn,False,True,akshare:sina:index_us_stock_sina,10,2026-09-08T01:28:07+00:00
NDX,2026-03-12,24533.582,24771.3164,24809.2656,24522.2402,1132824051.0,2026-03-13T08:00:00+08:00,next_calendar_day_08_cn,False,True,akshare:sina:index_us_stock_sina,10,2026-09-08T01:28:07+00:00
NDX,2026-03-13,24380.7344,24660.1934,24786.6543,24336.5254,923057765.0,2026-03-14T08:00:00+08:00,next_calendar_day_08_cn,False,True,akshare:sina:index_us_stock_sina,10,2026-09-08T01:28:07+00:00
NDX,2026-03-16,24655.3418,24646.1797,24794.2949,24606.457,1128873827.0,2026-03-17T08:00:00+08:00,next_calendar_day_08_cn,False,True,akshare:sina:index_us_stock_sina,10,2026-09-08T01:28:07+00:00
NDX,2026-03-17,24780.418,24760.2734,24884.6836,24721.5605,1021300854.0,2026-03-18T08:00:00+08:00,next_calendar_day_08_cn,False,True,akshare:sina:index_us_stock_sina,10,2026-09-08T01:28:07+00:00
NDX,2026-03-18,24425.0938,24727.0664,24763.5762,24417.3789,899166871.0,2026-03-19T08:00:00+08:00,next_calendar_day_08_cn,False,True,akshare:sina:index_us_stock_sina,10,2026-09-08T01:28:07+00:00
NDX,2026-03-19,24355.2754,24119.373,24462.1543,24100.877,990048578.0,2026-03-20T08:00:00+08:00,next_calendar_day_08_cn,False,True,akshare:sina:index_us_stock_sina,10,2026-09-08T01:28:07+00:00
NDX,2026-03-20,23898.1543,24257.5625,24267.334,23759.9668,1137567166.0,2026-03-21T08:00:00+08:00,next_calendar_day_08_cn,False,True,akshare:sina:index_us_stock_sina,10,2026-09-08T01:28:07+00:00
NDX,2026-03-23,24188.5898,24270.7734,24465.1562,24097.6758,1175608914.0,2026-03-24T08:00:00+08:00,next_calendar_day_08_cn,False,True,akshare:sina:index_us_stock_sina,10,2026-09-08T01:28:07+00:00
NDX,2026-03-24,24002.4473,24042.2324,24170.834,23927.6934,1090758580.0,2026-03-25T08:00:00+08:00,next_calendar_day_08_cn,False,True,akshare:sina:index_us_stock_sina,10,2026-09-08T01:28:07+00:00
NDX,2026-03-25,24162.9766,24236.4043,24314.252,24081.3809,1136844100.0,2026-03-26T08:00:00+08:00,next_calendar_day_08_cn,False,True,akshare:sina:index_us_stock_sina,10,2026-09-08T01:28:07+00:00
NDX,2026-03-26,23586.9941,23913.1914,24029.5137,23574.7168,1040864567.0,2026-03-27T08:00:00+08:00,next_calendar_day_08_cn,False,True,akshare:sina:index_us_stock_sina,10,2026-09-08T01:28:07+00:00
NDX,2026-03-27,23132.7715,23463.7461,23472.8906,23088.9941,1220895109.0,2026-03-28T08:00:00+08:00,next_calendar_day_08_cn,False,True,akshare:sina:index_us_stock_sina,10,2026-09-08T01:28:07+00:00
NDX,2026-03-30,22953.377,23307.7461,23356.752,22841.418,1034436562.0,2026-03-31T08:00:00+08:00,next_calendar_day_08_cn,False,True,akshare:sina:index_us_stock_sina,10,2026-09-08T01:28:07+00:00
NDX,2026-03-31,23740.1895,23208.0,23789.6016,23198.6426,1440165465.0,2026-04-01T08:00:00+08:00,next_calendar_day_08_cn,False,True,akshare:sina:index_us_stock_sina,10,2026-09-08T01:28:07+00:00
NDX,2026-04-01,24019.9883,23883.293,24162.6816,23871.6113,1238355352.0,2026-04-02T08:00:00+08:00,next_calendar_day_08_cn,False,True,akshare:sina:index_us_stock_sina,10,2026-09-08T01:28:07+00:00
NDX,2026-04-02,24045.5332,23621.7324,24076.3496,23512.5938,1022962989.0,2026-04-03T08:00:00+08:00,next_calendar_day_08_cn,False,True,akshare:sina:index_us_stock_sina,10,2026-09-08T01:28:07+00:00
NDX,2026-04-06,24192.166,24143.0176,24265.1367,24039.0312,881364572.0,2026-04-07T08:00:00+08:00,next_calendar_day_08_cn,False,True,akshare:sina:index_us_stock_sina,10,2026-09-08T01:28:07+00:00
NDX,2026-04-07,24202.3711,24109.5684,24209.2773,23779.8535,1021047980.0,2026-04-08T08:00:00+08:00,next_calendar_day_08_cn,False,True,akshare:sina:index_us_stock_sina,10,2026-09-08T01:28:07+00:00
NDX,2026-04-08,24903.166,25045.3594,25045.3594,24756.9277,1325061725.0,2026-04-09T08:00:00+08:00,next_calendar_day_08_cn,False,True,akshare:sina:index_us_stock_sina,10,2026-09-08T01:28:07+00:00
NDX,2026-04-09,25082.0859,24918.2773,25097.4512,24788.918,1197499575.0,2026-04-10T08:00:00+08:00,next_calendar_day_08_cn,False,True,akshare:sina:index_us_stock_sina,10,2026-09-08T01:28:07+00:00
NDX,2026-04-10,25116.3379,25165.0586,25226.0605,25057.6504,1175497365.0,2026-04-11T08:00:00+08:00,next_calendar_day_08_cn,False,True,akshare:sina:index_us_stock_sina,10,2026-09-08T01:28:07+00:00
NDX,2026-04-13,25383.7168,25069.0723,25387.6855,24999.1953,905623721.0,2026-04-14T08:00:00+08:00,next_calendar_day_08_cn,False,True,akshare:sina:index_us_stock_sina,10,2026-09-08T01:28:07+00:00
NDX,2026-04-14,25841.9961,25514.5547,25841.9961,25514.5547,1192256067.0,2026-04-15T08:00:00+08:00,next_calendar_day_08_cn,False,True,akshare:sina:index_us_stock_sina,10,2026-09-08T01:28:07+00:00
NDX,2026-04-15,26204.5801,25859.1895,26214.5684,25828.7637,1015896856.0,2026-04-16T08:00:00+08:00,next_calendar_day_08_cn,False,True,akshare:sina:index_us_stock_sina,10,2026-09-08T01:28:07+00:00
NDX,2026-04-16,26333.0,26256.8789,26400.5215,26113.6523,965171308.0,2026-04-17T08:00:00+08:00,next_calendar_day_08_cn,False,True,akshare:sina:index_us_stock_sina,10,2026-09-08T01:28:07+00:00
NDX,2026-04-17,26672.4336,26551.1582,26719.5566,26481.2441,1201473476.0,2026-04-18T08:00:00+08:00,next_calendar_day_08_cn,False,True,akshare:sina:index_us_stock_sina,10,2026-09-08T01:28:07+00:00
NDX,2026-04-20,26590.3438,26662.3184,26670.1152,26412.5176,1050335716.0,2026-04-21T08:00:00+08:00,next_calendar_day_08_cn,False,True,akshare:sina:index_us_stock_sina,10,2026-09-08T01:28:07+00:00
NDX,2026-04-21,26479.4707,26658.8535,26730.6367,26405.2969,1103806703.0,2026-04-22T08:00:00+08:00,next_calendar_day_08_cn,False,True,akshare:sina:index_us_stock_sina,10,2026-09-08T01:28:07+00:00
NDX,2026-04-22,26937.2754,26715.9238,26942.1328,26662.875,1066880122.0,2026-04-23T08:00:00+08:00,next_calendar_day_08_cn,False,True,akshare:sina:index_us_stock_sina,10,2026-09-08T01:28:07+00:00
NDX,2026-04-23,26782.625,26844.6133,27007.8711,26540.3242,1251975754.0,2026-04-24T08:00:00+08:00,next_calendar_day_08_cn,False,True,akshare:sina:index_us_stock_sina,10,2026-09-08T01:28:07+00:00
NDX,2026-04-24,27303.666,27082.416,27314.2148,26986.3906,1520908906.0,2026-04-25T08:00:00+08:00,next_calendar_day_08_cn,False,True,akshare:sina:index_us_stock_sina,10,2026-09-08T01:28:07+00:00
NDX,2026-04-27,27305.6777,27278.2754,27315.2324,27158.875,1272315321.0,2026-04-28T08:00:00+08:00,next_calendar_day_08_cn,False,True,akshare:sina:index_us_stock_sina,10,2026-09-08T01:28:07+00:00
NDX,2026-04-28,27029.0117,26988.7695,27115.7656,26877.5918,1180150013.0,2026-04-29T08:00:00+08:00,next_calendar_day_08_cn,False,True,akshare:sina:index_us_stock_sina,10,2026-09-08T01:28:07+00:00
NDX,2026-04-29,27186.9844,27069.3633,27199.7246,26995.3809,1275339472.0,2026-04-30T08:00:00+08:00,next_calendar_day_08_cn,False,True,akshare:sina:index_us_stock_sina,10,2026-09-08T01:28:07+00:00
NDX,2026-04-30,27452.1191,27328.9863,27488.0312,27029.4102,1553042600.0,2026-05-01T08:00:00+08:00,next_calendar_day_08_cn,False,True,akshare:sina:index_us_stock_sina,10,2026-09-08T01:28:07+00:00
NDX,2026-05-01,27710.3574,27508.5723,27787.123,27501.4316,1192908644.0,2026-05-02T08:00:00+08:00,next_calendar_day_08_cn,False,True,akshare:sina:index_us_stock_sina,10,2026-09-08T01:28:07+00:00
NDX,2026-05-04,27651.8184,27731.3418,27822.3711,27504.0918,1098766752.0,2026-05-05T08:00:00+08:00,next_calendar_day_08_cn,False,True,akshare:sina:index_us_stock_sina,10,2026-09-08T01:28:07+00:00
NDX,2026-05-05,28015.0605,27895.0547,28065.6328,27844.2324,1325745470.0,2026-05-06T08:00:00+08:00,next_calendar_day_08_cn,False,True,akshare:sina:index_us_stock_sina,10,2026-09-08T01:28:07+00:00
NDX,2026-05-06,28599.1719,28234.0215,28608.6758,28208.2324,1424607697.0,2026-05-07T08:00:00+08:00,next_calendar_day_08_cn,False,True,akshare:sina:index_us_stock_sina,10,2026-09-08T01:28:07+00:00
NDX,2026-05-07,28563.9473,28612.5371,28825.5195,28440.0488,1338683579.0,2026-05-08T08:00:00+08:00,next_calendar_day_08_cn,False,True,akshare:sina:index_us_stock_sina,10,2026-09-08T01:28:07+00:00
NDX,2026-05-08,29234.9941,28768.1191,29234.9941,28751.2148,1143242202.0,2026-05-09T08:00:00+08:00,next_calendar_day_08_cn,False,True,akshare:sina:index_us_stock_sina,10,2026-09-08T01:28:07+00:00
NDX,2026-05-11,29320.6562,29185.8281,29372.4316,29143.1973,1388359072.0,2026-05-12T08:00:00+08:00,next_calendar_day_08_cn,False,True,akshare:sina:index_us_stock_sina,10,2026-09-08T01:28:07+00:00
NDX,2026-05-12,29064.7988,29067.3574,29188.0684,28628.6406,1328007861.0,2026-05-13T08:00:00+08:00,next_calendar_day_08_cn,False,True,akshare:sina:index_us_stock_sina,10,2026-09-08T01:28:07+00:00
NDX,2026-05-13,29366.9434,29159.9473,29452.2559,28968.5547,1062788395.0,2026-05-14T08:00:00+08:00,next_calendar_day_08_cn,False,True,akshare:sina:index_us_stock_sina,10,2026-09-08T01:28:07+00:00
NDX,2026-05-14,29580.2988,29372.6523,29678.8926,29350.0996,1020929655.0,2026-05-15T08:00:00+08:00,next_calendar_day_08_cn,False,True,akshare:sina:index_us_stock_sina,10,2026-09-08T01:28:07+00:00
NDX,2026-05-15,29125.1992,29191.3613,29387.4414,28991.4238,1302548324.0,2026-05-16T08:00:00+08:00,next_calendar_day_08_cn,False,True,akshare:sina:index_us_stock_sina,10,2026-09-08T01:28:07+00:00
NDX,2026-05-18,28994.3691,29246.1973,29250.1445,28717.5684,1025998228.0,2026-05-19T08:00:00+08:00,next_calendar_day_08_cn,False,True,akshare:sina:index_us_stock_sina,10,2026-09-08T01:28:07+00:00
NDX,2026-05-19,28818.8438,28795.0176,29031.918,28567.1621,1017671209.0,2026-05-20T08:00:00+08:00,next_calendar_day_08_cn,False,True,akshare:sina:index_us_stock_sina,10,2026-09-08T01:28:07+00:00
NDX,2026-05-20,29297.6973,29006.5703,29301.2793,28919.4414,1208557022.0,2026-05-21T08:00:00+08:00,next_calendar_day_08_cn,False,True,akshare:sina:index_us_stock_sina,10,2026-09-08T01:28:07+00:00
NDX,2026-05-21,29357.2715,29150.1309,29463.4941,29040.0391,1022860600.0,2026-05-22T08:00:00+08:00,next_calendar_day_08_cn,False,True,akshare:sina:index_us_stock_sina,10,2026-09-08T01:28:07+00:00
NDX,2026-05-22,29481.6426,29476.2891,29663.8906,29423.6328,931855895.0,2026-05-23T08:00:00+08:00,next_calendar_day_08_cn,False,True,akshare:sina:index_us_stock_sina,10,2026-09-08T01:28:07+00:00
NDX,2026-05-26,30001.3184,29854.582,30044.4902,29753.0859,1269780184.0,2026-05-27T08:00:00+08:00,next_calendar_day_08_cn,False,True,akshare:sina:index_us_stock_sina,10,2026-09-08T01:28:07+00:00
NDX,2026-05-27,29973.5723,30081.2773,30099.7949,29808.8867,1249542992.0,2026-05-28T08:00:00+08:00,next_calendar_day_08_cn,False,True,akshare:sina:index_us_stock_sina,10,2026-09-08T01:28:07+00:00
NDX,2026-05-28,30223.8887,30030.625,30263.1914,29848.7559,1203901073.0,2026-05-29T08:00:00+08:00,next_calendar_day_08_cn,False,True,akshare:sina:index_us_stock_sina,10,2026-09-08T01:28:07+00:00
NDX,2026-05-29,30333.1797,30333.8633,30470.0332,30210.0059,1824561066.0,2026-05-30T08:00:00+08:00,next_calendar_day_08_cn,False,True,akshare:sina:index_us_stock_sina,10,2026-09-08T01:28:07+00:00
NDX,2026-06-01,30513.8613,30295.2461,30633.5469,30241.1953,1406948268.0,2026-06-02T08:00:00+08:00,next_calendar_day_08_cn,False,True,akshare:sina:index_us_stock_sina,10,2026-09-08T01:28:07+00:00
NDX,2026-06-02,30660.6016,30471.6133,30670.1094,30372.957,1380871003.0,2026-06-03T08:00:00+08:00,next_calendar_day_08_cn,False,True,akshare:sina:index_us_stock_sina,10,2026-09-08T01:28:07+00:00
NDX,2026-06-03,30571.2363,30730.1055,30762.1992,30441.8047,1211512822.0,2026-06-04T08:00:00+08:00,next_calendar_day_08_cn,False,True,akshare:sina:index_us_stock_sina,10,2026-09-08T01:28:07+00:00
NDX,2026-06-04,30407.8105,30174.5879,30541.4316,30092.2344,1333729449.0,2026-06-05T08:00:00+08:00,next_calendar_day_08_cn,False,True,akshare:sina:index_us_stock_sina,10,2026-09-08T01:28:07+00:00
NDX,2026-06-05,28957.5996,29992.3691,30051.0801,28929.8848,1687829379.0,2026-06-06T08:00:00+08:00,next_calendar_day_08_cn,False,True,akshare:sina:index_us_stock_sina,10,2026-09-08T01:28:07+00:00
NDX,2026-06-08,29414.2578,29482.1934,29697.8984,29294.0195,1061960441.0,2026-06-09T08:00:00+08:00,next_calendar_day_08_cn,False,True,akshare:sina:index_us_stock_sina,10,2026-09-08T01:28:07+00:00
NDX,2026-06-09,29084.5,29647.3457,29805.2988,28196.9023,1473374984.0,2026-06-10T08:00:00+08:00,next_calendar_day_08_cn,False,True,akshare:sina:index_us_stock_sina,10,2026-09-08T01:28:07+00:00
NDX,2026-06-10,28508.0273,28893.8242,29212.3828,28462.916,1218900389.0,2026-06-11T08:00:00+08:00,next_calendar_day_08_cn,False,True,akshare:sina:index_us_stock_sina,10,2026-09-08T01:28:07+00:00
NDX,2026-06-11,29446.1758,28731.1582,29506.6738,28548.498,1394977173.0,2026-06-12T08:00:00+08:00,next_calendar_day_08_cn,False,True,akshare:sina:index_us_stock_sina,10,2026-09-08T01:28:07+00:00
NDX,2026-06-12,29635.9473,29380.6758,29733.8867,29220.832,1186487203.0,2026-06-13T08:00:00+08:00,next_calendar_day_08_cn,False,True,akshare:sina:index_us_stock_sina,10,2026-09-08T01:28:07+00:00
NDX,2026-06-15,30543.918,30289.9668,30587.1582,30285.6309,1311956880.0,2026-06-16T08:00:00+08:00,next_calendar_day_08_cn,False,True,akshare:sina:index_us_stock_sina,10,2026-09-08T01:28:07+00:00
NDX,2026-06-16,29968.1289,30455.4863,30560.0762,29962.873,1241721722.0,2026-06-17T08:00:00+08:00,next_calendar_day_08_cn,False,True,akshare:sina:index_us_stock_sina,10,2026-09-08T01:28:07+00:00
NDX,2026-06-17,29670.9473,30160.7422,30208.9434,29604.9336,1261957291.0,2026-06-18T08:00:00+08:00,next_calendar_day_08_cn,False,True,akshare:sina:index_us_stock_sina,10,2026-09-08T01:28:07+00:00
NDX,2026-06-18,30406.1934,30261.6035,30463.7734,30089.3496,1338555201.0,2026-06-19T08:00:00+08:00,next_calendar_day_08_cn,False,True,akshare:sina:index_us_stock_sina,10,2026-09-08T01:28:07+00:00
NDX,2026-06-22,30347.082,30529.9902,30642.5703,30194.25,1478007058.0,2026-06-23T08:00:00+08:00,next_calendar_day_08_cn,False,True,akshare:sina:index_us_stock_sina,10,2026-09-08T01:28:07+00:00
NDX,2026-06-23,29347.2734,29369.248,29748.7207,29276.9785,1454533892.0,2026-06-24T08:00:00+08:00,next_calendar_day_08_cn,False,True,akshare:sina:index_us_stock_sina,10,2026-09-08T01:28:07+00:00
NDX,2026-06-24,29220.0566,29328.3984,29592.8965,28963.1016,1126317901.0,2026-06-25T08:00:00+08:00,next_calendar_day_08_cn,False,True,akshare:sina:index_us_stock_sina,10,2026-09-08T01:28:07+00:00
NDX,2026-06-25,29440.3223,29843.8926,29843.8926,29000.5547,1271338204.0,2026-06-26T08:00:00+08:00,next_calendar_day_08_cn,False,True,akshare:sina:index_us_stock_sina,10,2026-09-08T01:28:07+00:00
NDX,2026-06-26,29118.2383,29040.1211,29413.8027,28890.7363,1298109461.0,2026-06-27T08:00:00+08:00,next_calendar_day_08_cn,False,True,akshare:sina:index_us_stock_sina,10,2026-09-08T01:28:07+00:00
NDX,2026-06-29,29774.752,29310.2578,29792.6328,28991.5234,1573972542.0,2026-06-30T08:00:00+08:00,next_calendar_day_08_cn,False,True,akshare:sina:index_us_stock_sina,10,2026-09-08T01:28:07+00:00
NDX,2026-06-30,30276.3477,29792.9277,30328.793,29767.7559,1100588190.0,2026-07-01T08:00:00+08:00,next_calendar_day_08_cn,False,True,akshare:sina:index_us_stock_sina,10,2026-09-08T01:28:07+00:00
NDX,2026-07-01,29809.1328,29914.2812,30084.7812,29787.4082,1500228830.0,2026-07-02T08:00:00+08:00,next_calendar_day_08_cn,False,True,akshare:sina:index_us_stock_sina,10,2026-09-08T01:28:07+00:00
NDX,2026-07-02,29329.2129,29778.6953,30044.498,29087.3262,1248997244.0,2026-07-03T08:00:00+08:00,next_calendar_day_08_cn,False,True,akshare:sina:index_us_stock_sina,10,2026-09-08T01:28:07+00:00
NDX,2026-07-06,29697.873,29575.5664,29847.7441,29553.6152,1217376640.0,2026-07-07T08:00:00+08:00,next_calendar_day_08_cn,False,True,akshare:sina:index_us_stock_sina,10,2026-09-08T01:28:07+00:00
NDX,2026-07-07,29173.0176,29362.2012,29426.4492,28974.4707,1325078795.0,2026-07-08T08:00:00+08:00,next_calendar_day_08_cn,False,True,akshare:sina:index_us_stock_sina,10,2026-09-08T01:28:07+00:00
NDX,2026-07-08,29252.5625,29030.3301,29280.5781,28814.5703,986767057.0,2026-07-09T08:00:00+08:00,next_calendar_day_08_cn,False,True,akshare:sina:index_us_stock_sina,10,2026-09-08T01:28:07+00:00
NDX,2026-07-09,29727.0977,29486.6133,29773.7441,29398.4727,996197542.0,2026-07-10T08:00:00+08:00,next_calendar_day_08_cn,False,True,akshare:sina:index_us_stock_sina,10,2026-09-08T01:28:07+00:00
NDX,2026-07-10,29825.1094,29618.3418,29856.9414,29484.4902,1013408816.0,2026-07-11T08:00:00+08:00,next_calendar_day_08_cn,False,True,akshare:sina:index_us_stock_sina,10,2026-09-08T01:28:07+00:00
NDX,2026-07-13,29264.1035,29471.0156,29540.9961,29189.2051,1178989982.0,2026-07-14T08:00:00+08:00,next_calendar_day_08_cn,False,True,akshare:sina:index_us_stock_sina,10,2026-09-08T01:28:07+00:00
NDX,2026-07-14,29586.2871,29561.3535,29693.7734,29368.8711,1104503118.0,2026-07-15T08:00:00+08:00,next_calendar_day_08_cn,False,True,akshare:sina:index_us_stock_sina,10,2026-09-08T01:28:07+00:00
NDX,2026-07-15,29502.5957,29759.8047,29771.8867,29192.8887,1122160524.0,2026-07-16T08:00:00+08:00,next_calendar_day_08_cn,False,True,akshare:sina:index_us_stock_sina,10,2026-09-08T01:28:07+00:00
NDX,2026-07-16,29025.7695,29318.3008,29333.0645,28881.2285,1129109148.0,2026-07-17T08:00:00+08:00,next_calendar_day_08_cn,False,True,akshare:sina:index_us_stock_sina,10,2026-09-08T01:28:07+00:00
NDX,2026-07-17,28592.6582,28457.3301,28867.4004,28231.3203,1592446402.0,2026-07-18T08:00:00+08:00,next_calendar_day_08_cn,False,True,akshare:sina:index_us_stock_sina,10,2026-09-08T01:28:07+00:00
NDX,2026-07-20,28604.2344,28871.1621,29017.2344,28590.3945,1140153619.0,2026-07-21T08:00:00+08:00,next_calendar_day_08_cn,False,True,akshare:sina:index_us_stock_sina,10,2026-09-08T01:28:07+00:00
NDX,2026-07-21,29155.1797,29059.4434,29192.291,28891.0723,1191656282.0,2026-07-22T08:00:00+08:00,next_calendar_day_08_cn,False,True,akshare:sina:index_us_stock_sina,10,2026-09-08T01:28:07+00:00
NDX,2026-07-22,28998.0996,28949.8086,29176.9141,28934.5156,932931609.0,2026-07-23T08:00:00+08:00,next_calendar_day_08_cn,False,True,akshare:sina:index_us_stock_sina,10,2026-09-08T01:28:07+00:00
NDX,2026-07-23,28454.8086,28545.9805,28726.6172,28274.5195,1368627720.0,2026-07-24T08:00:00+08:00,next_calendar_day_08_cn,False,True,akshare:sina:index_us_stock_sina,10,2026-09-08T01:28:07+00:00
NDX,2026-07-24,28128.3418,28362.1543,28471.4824,28053.0762,1280763789.0,2026-07-25T08:00:00+08:00,next_calendar_day_08_cn,False,True,akshare:sina:index_us_stock_sina,10,2026-09-08T01:28:07+00:00
NDX,2026-07-27,28039.2109,28412.3066,28460.1992,27786.5449,1326533188.0,2026-07-28T08:00:00+08:00,next_calendar_day_08_cn,False,True,akshare:sina:index_us_stock_sina,10,2026-09-08T01:28:07+00:00
NDX,2026-07-28,27763.1348,27810.3945,27926.5332,27452.9473,1295338728.0,2026-07-29T08:00:00+08:00,next_calendar_day_08_cn,False,True,akshare:sina:index_us_stock_sina,10,2026-09-08T01:28:07+00:00
NDX,2026-07-29,27192.3066,27780.4551,27954.9141,27176.0273,1262764003.0,2026-07-30T08:00:00+08:00,next_calendar_day_08_cn,False,True,akshare:sina:index_us_stock_sina,10,2026-09-08T01:28:07+00:00
NDX,2026-07-30,28106.3457,27755.459,28168.416,27686.3652,1674431243.0,2026-07-31T08:00:00+08:00,next_calendar_day_08_cn,False,True,akshare:sina:index_us_stock_sina,10,2026-09-08T01:28:07+00:00
NDX,2026-07-31,28274.1953,28446.9863,28606.7754,27954.2441,1304657926.0,2026-08-01T08:00:00+08:00,next_calendar_day_08_cn,False,True,akshare:sina:index_us_stock_sina,10,2026-09-08T01:28:07+00:00
NDX,2026-08-03,28776.8027,28278.5879,28842.3574,28196.877,1421798899.0,2026-08-04T08:00:00+08:00,next_calendar_day_08_cn,False,True,akshare:sina:index_us_stock_sina,10,2026-09-08T01:28:07+00:00
NDX,2026-08-04,29733.1602,29109.2578,29831.4023,29109.2578,1346190007.0,2026-08-05T08:00:00+08:00,next_calendar_day_08_cn,False,True,akshare:sina:index_us_stock_sina,10,2026-09-08T01:28:07+00:00
NDX,2026-08-05,29487.791,29863.2676,29946.9355,29468.3301,1256821945.0,2026-08-06T08:00:00+08:00,next_calendar_day_08_cn,False,True,akshare:sina:index_us_stock_sina,10,2026-09-08T01:28:07+00:00
NDX,2026-08-06,29373.334,29224.375,29569.7559,29123.3828,1184437179.0,2026-08-07T08:00:00+08:00,next_calendar_day_08_cn,False,True,akshare:sina:index_us_stock_sina,10,2026-09-08T01:28:07+00:00
NDX,2026-08-07,29722.3027,29596.4531,29747.1543,29452.709,1266375836.0,2026-08-08T08:00:00+08:00,next_calendar_day_08_cn,False,True,akshare:sina:index_us_stock_sina,10,2026-09-08T01:28:07+00:00
NDX,2026-08-10,29621.8047,29709.4863,29784.207,29606.4746,1213959147.0,2026-08-11T08:00:00+08:00,next_calendar_day_08_cn,False,True,akshare:sina:index_us_stock_sina,10,2026-09-08T01:28:07+00:00
NDX,2026-08-11,29525.4785,29694.6973,29705.7988,29427.6094,962716068.0,2026-08-12T08:00:00+08:00,next_calendar_day_08_cn,False,True,akshare:sina:index_us_stock_sina,10,2026-09-08T01:28:07+00:00
NDX,2026-08-12,29742.6035,29875.1797,29881.502,29715.8828,1144332762.0,2026-08-13T08:00:00+08:00,next_calendar_day_08_cn,False,True,akshare:sina:index_us_stock_sina,10,2026-09-08T01:28:07+00:00
NDX,2026-08-13,30084.502,29784.0625,30168.0488,29757.6172,1256568034.0,2026-08-14T08:00:00+08:00,next_calendar_day_08_cn,False,True,akshare:sina:index_us_stock_sina,10,2026-09-08T01:28:07+00:00
NDX,2026-08-14,30046.1406,30167.125,30179.8223,29934.6582,902564318.0,2026-08-15T08:00:00+08:00,next_calendar_day_08_cn,False,True,akshare:sina:index_us_stock_sina,10,2026-09-08T01:28:07+00:00
NDX,2026-08-17,29995.3809,30150.7754,30195.7188,29971.9238,1120485892.0,2026-08-18T08:00:00+08:00,next_calendar_day_08_cn,False,True,akshare:sina:index_us_stock_sina,10,2026-09-08T01:28:07+00:00
NDX,2026-08-18,29490.957,29594.8887,29677.2871,29425.084,995206014.0,2026-08-19T08:00:00+08:00,next_calendar_day_08_cn,False,True,akshare:sina:index_us_stock_sina,10,2026-09-08T01:28:07+00:00
NDX,2026-08-19,29426.0234,29580.8516,29652.2949,29288.7539,1250634790.0,2026-08-20T08:00:00+08:00,next_calendar_day_08_cn,False,True,akshare:sina:index_us_stock_sina,10,2026-09-08T01:28:07+00:00
NDX,2026-08-20,29213.1641,29295.1484,29378.8047,29118.0664,947719335.0,2026-08-21T08:00:00+08:00,next_calendar_day_08_cn,False,True,akshare:sina:index_us_stock_sina,10,2026-09-08T01:28:07+00:00
NDX,2026-08-21,29308.8594,29359.5977,29405.123,29142.4414,1118471094.0,2026-08-22T08:00:00+08:00,next_calendar_day_08_cn,False,True,akshare:sina:index_us_stock_sina,10,2026-09-08T01:28:07+00:00
NDX,2026-08-24,29023.1816,29094.7188,29151.9746,28875.9648,1068221417.0,2026-08-25T08:00:00+08:00,next_calendar_day_08_cn,False,True,akshare:sina:index_us_stock_sina,10,2026-09-08T01:28:07+00:00
NDX,2026-08-25,29209.2285,29231.1797,29338.7734,29077.7188,947557271.0,2026-08-26T08:00:00+08:00,next_calendar_day_08_cn,False,True,akshare:sina:index_us_stock_sina,10,2026-09-08T01:28:07+00:00
NDX,2026-08-26,29224.5215,29130.7695,29296.7676,29096.8418,918576876.0,2026-08-27T08:00:00+08:00,next_calendar_day_08_cn,False,True,akshare:sina:index_us_stock_sina,10,2026-09-08T01:28:07+00:00
NDX,2026-08-27,29641.5605,29480.9883,29643.5312,29366.4238,1278550112.0,2026-08-28T08:00:00+08:00,next_calendar_day_08_cn,False,True,akshare:sina:index_us_stock_sina,10,2026-09-08T01:28:07+00:00
NDX,2026-08-28,29433.4277,29545.9004,29752.7812,29383.918,1172835051.0,2026-08-29T08:00:00+08:00,next_calendar_day_08_cn,False,True,akshare:sina:index_us_stock_sina,10,2026-09-08T01:28:07+00:00
NDX,2026-08-31,29456.9727,29404.293,29483.9004,29304.4922,796966317.0,2026-09-01T08:00:00+08:00,next_calendar_day_08_cn,False,True,akshare:sina:index_us_stock_sina,10,2026-09-08T01:28:07+00:00
NDX,2026-09-01,29077.2207,29056.5781,29267.4219,28953.2559,827059929.0,2026-09-02T08:00:00+08:00,next_calendar_day_08_cn,False,True,akshare:sina:index_us_stock_sina,10,2026-09-08T01:28:07+00:00
NDX,2026-09-02,29143.3301,29015.9961,29165.623,28971.8984,994734743.0,2026-09-03T08:00:00+08:00,next_calendar_day_08_cn,False,True,akshare:sina:index_us_stock_sina,10,2026-09-08T01:28:07+00:00
NDX,2026-09-03,29482.3203,29234.418,29538.7598,29160.9629,1007876587.0,2026-09-04T08:00:00+08:00,next_calendar_day_08_cn,False,True,akshare:sina:index_us_stock_sina,10,2026-09-08T01:28:07+00:00
NDX,2026-09-04,29544.1543,29539.5664,29655.2227,29440.1465,939711504.0,2026-09-05T08:00:00+08:00,next_calendar_day_08_cn,False,True,akshare:sina:index_us_stock_sina,10,2026-09-08T01:28:07+00:00
USDCNH,2023-09-04,7.2758,7.2703,7.2788,7.2552,,2023-09-05T08:00:00+08:00,next_calendar_day_08_cn,False,True,akshare:eastmoney:forex_hist_em,10,2026-09-08T02:49:23+00:00
USDCNH,2023-09-05,7.3044,7.2756,7.3117,7.2748,,2023-09-06T08:00:00+08:00,next_calendar_day_08_cn,False,True,akshare:eastmoney:forex_hist_em,10,2026-09-08T02:49:23+00:00
USDCNH,2023-09-06,7.3206,7.3041,7.3272,7.3017,,2023-09-07T08:00:00+08:00,next_calendar_day_08_cn,False,True,akshare:eastmoney:forex_hist_em,10,2026-09-08T02:49:23+00:00
USDCNH,2023-09-07,7.341,7.3203,7.3452,7.3191,,2023-09-08T08:00:00+08:00,next_calendar_day_08_cn,False,True,akshare:eastmoney:forex_hist_em,10,2026-09-08T02:49:23+00:00
USDCNH,2023-09-08,7.3649,7.3415,7.3682,7.3348,,2023-09-09T08:00:00+08:00,next_calendar_day_08_cn,False,True,akshare:eastmoney:forex_hist_em,10,2026-09-08T02:49:23+00:00
USDCNH,2023-09-11,7.3024,7.3587,7.3642,7.292,,2023-09-12T08:00:00+08:00,next_calendar_day_08_cn,False,True,akshare:eastmoney:forex_hist_em,10,2026-09-08T02:49:23+00:00
USDCNH,2023-09-12,7.3008,7.3032,7.3142,7.2933,,2023-09-13T08:00:00+08:00,next_calendar_day_08_cn,False,True,akshare:eastmoney:forex_hist_em,10,2026-09-08T02:49:23+00:00
USDCNH,2023-09-13,7.2722,7.3013,7.3059,7.2693,,2023-09-14T08:00:00+08:00,next_calendar_day_08_cn,False,True,akshare:eastmoney:forex_hist_em,10,2026-09-08T02:49:23+00:00
USDCNH,2023-09-14,7.2901,7.2718,7.297,7.2612,,2023-09-15T08:00:00+08:00,next_calendar_day_08_cn,False,True,akshare:eastmoney:forex_hist_em,10,2026-09-08T02:49:23+00:00
USDCNH,2023-09-15,7.2809,7.2894,7.2949,7.26,,2023-09-16T08:00:00+08:00,next_calendar_day_08_cn,False,True,akshare:eastmoney:forex_hist_em,10,2026-09-08T02:49:23+00:00
USDCNH,2023-09-18,7.2904,7.2763,7.2986,7.272,,2023-09-19T08:00:00+08:00,next_calendar_day_08_cn,False,True,akshare:eastmoney:forex_hist_em,10,2026-09-08T02:49:23+00:00
USDCNH,2023-09-19,7.304,7.2916,7.3073,7.289,,2023-09-20T08:00:00+08:00,next_calendar_day_08_cn,False,True,akshare:eastmoney:forex_hist_em,10,2026-09-08T02:49:23+00:00
USDCNH,2023-09-20,7.3073,7.3033,7.3156,7.2885,,2023-09-21T08:00:00+08:00,next_calendar_day_08_cn,False,True,akshare:eastmoney:forex_hist_em,10,2026-09-08T02:49:23+00:00
USDCNH,2023-09-21,7.3141,7.3071,7.3214,7.3036,,2023-09-22T08:00:00+08:00,next_calendar_day_08_cn,False,True,akshare:eastmoney:forex_hist_em,10,2026-09-08T02:49:23+00:00
USDCNH,2023-09-22,7.299,7.3145,7.3166,7.2951,,2023-09-23T08:00:00+08:00,next_calendar_day_08_cn,False,True,akshare:eastmoney:forex_hist_em,10,2026-09-08T02:49:23+00:00
USDCNH,2023-09-25,7.3166,7.2991,7.318,7.2946,,2023-09-26T08:00:00+08:00,next_calendar_day_08_cn,False,True,akshare:eastmoney:forex_hist_em,10,2026-09-08T02:49:23+00:00
USDCNH,2023-09-26,7.3102,7.3161,7.3169,7.306,,2023-09-27T08:00:00+08:00,next_calendar_day_08_cn,False,True,akshare:eastmoney:forex_hist_em,10,2026-09-08T02:49:23+00:00
USDCNH,2023-09-27,7.3233,7.3101,7.3265,7.3012,,2023-09-28T08:00:00+08:00,next_calendar_day_08_cn,False,True,akshare:eastmoney:forex_hist_em,10,2026-09-08T02:49:23+00:00
USDCNH,2023-09-28,7.2953,7.3234,7.3262,7.2912,,2023-09-29T08:00:00+08:00,next_calendar_day_08_cn,False,True,akshare:eastmoney:forex_hist_em,10,2026-09-08T02:49:23+00:00
USDCNH,2023-09-29,7.2955,7.2953,7.2985,7.2812,,2023-09-30T08:00:00+08:00,next_calendar_day_08_cn,False,True,akshare:eastmoney:forex_hist_em,10,2026-09-08T02:49:23+00:00
USDCNH,2023-10-02,7.3226,7.2988,7.3228,7.2967,,2023-10-03T08:00:00+08:00,next_calendar_day_08_cn,False,True,akshare:eastmoney:forex_hist_em,10,2026-09-08T02:49:23+00:00
USDCNH,2023-10-03,7.3183,7.3226,7.3313,7.3125,,2023-10-04T08:00:00+08:00,next_calendar_day_08_cn,False,True,akshare:eastmoney:forex_hist_em,10,2026-09-08T02:49:23+00:00
USDCNH,2023-10-04,7.3184,7.3206,7.3295,7.3101,,2023-10-05T08:00:00+08:00,next_calendar_day_08_cn,False,True,akshare:eastmoney:forex_hist_em,10,2026-09-08T02:49:23+00:00
USDCNH,2023-10-05,7.3062,7.3172,7.324,7.3034,,2023-10-06T08:00:00+08:00,next_calendar_day_08_cn,False,True,akshare:eastmoney:forex_hist_em,10,2026-09-08T02:49:23+00:00
USDCNH,2023-10-06,7.3094,7.3061,7.3217,7.2986,,2023-10-07T08:00:00+08:00,next_calendar_day_08_cn,False,True,akshare:eastmoney:forex_hist_em,10,2026-09-08T02:49:23+00:00
USDCNH,2023-10-09,7.2917,7.3078,7.3193,7.2843,,2023-10-10T08:00:00+08:00,next_calendar_day_08_cn,False,True,akshare:eastmoney:forex_hist_em,10,2026-09-08T02:49:23+00:00
USDCNH,2023-10-10,7.2861,7.2914,7.3013,7.2707,,2023-10-11T08:00:00+08:00,next_calendar_day_08_cn,False,True,akshare:eastmoney:forex_hist_em,10,2026-09-08T02:49:23+00:00
USDCNH,2023-10-11,7.3012,7.2883,7.3047,7.2819,,2023-10-12T08:00:00+08:00,next_calendar_day_08_cn,False,True,akshare:eastmoney:forex_hist_em,10,2026-09-08T02:49:23+00:00
USDCNH,2023-10-12,7.3098,7.3013,7.313,7.2902,,2023-10-13T08:00:00+08:00,next_calendar_day_08_cn,False,True,akshare:eastmoney:forex_hist_em,10,2026-09-08T02:49:23+00:00
USDCNH,2023-10-13,7.313,7.3094,7.314,7.3019,,2023-10-14T08:00:00+08:00,next_calendar_day_08_cn,False,True,akshare:eastmoney:forex_hist_em,10,2026-09-08T02:49:23+00:00
USDCNH,2023-10-16,7.3087,7.3111,7.3194,7.3064,,2023-10-17T08:00:00+08:00,next_calendar_day_08_cn,False,True,akshare:eastmoney:forex_hist_em,10,2026-09-08T02:49:23+00:00
USDCNH,2023-10-17,7.3257,7.3088,7.3298,7.3085,,2023-10-18T08:00:00+08:00,next_calendar_day_08_cn,False,True,akshare:eastmoney:forex_hist_em,10,2026-09-08T02:49:23+00:00
USDCNH,2023-10-18,7.3277,7.3261,7.3301,7.305,,2023-10-19T08:00:00+08:00,next_calendar_day_08_cn,False,True,akshare:eastmoney:forex_hist_em,10,2026-09-08T02:49:23+00:00
USDCNH,2023-10-19,7.3365,7.3273,7.3466,7.322,,2023-10-20T08:00:00+08:00,next_calendar_day_08_cn,False,True,akshare:eastmoney:forex_hist_em,10,2026-09-08T02:49:23+00:00
USDCNH,2023-10-20,7.3283,7.3365,7.3392,7.3213,,2023-10-21T08:00:00+08:00,next_calendar_day_08_cn,False,True,akshare:eastmoney:forex_hist_em,10,2026-09-08T02:49:23+00:00
USDCNH,2023-10-23,7.31,7.3259,7.3332,7.3092,,2023-10-24T08:00:00+08:00,next_calendar_day_08_cn,False,True,akshare:eastmoney:forex_hist_em,10,2026-09-08T02:49:23+00:00
USDCNH,2023-10-24,7.3134,7.3104,7.3241,7.302,,2023-10-25T08:00:00+08:00,next_calendar_day_08_cn,False,True,akshare:eastmoney:forex_hist_em,10,2026-09-08T02:49:23+00:00
USDCNH,2023-10-25,7.3303,7.3137,7.331,7.3075,,2023-10-26T08:00:00+08:00,next_calendar_day_08_cn,False,True,akshare:eastmoney:forex_hist_em,10,2026-09-08T02:49:23+00:00
USDCNH,2023-10-26,7.3241,7.3289,7.3333,7.3231,,2023-10-27T08:00:00+08:00,next_calendar_day_08_cn,False,True,akshare:eastmoney:forex_hist_em,10,2026-09-08T02:49:23+00:00
USDCNH,2023-10-27,7.3335,7.3247,7.3351,7.3164,,2023-10-28T08:00:00+08:00,next_calendar_day_08_cn,False,True,akshare:eastmoney:forex_hist_em,10,2026-09-08T02:49:23+00:00
USDCNH,2023-10-30,7.325,7.3302,7.3345,7.3232,,2023-10-31T08:00:00+08:00,next_calendar_day_08_cn,False,True,akshare:eastmoney:forex_hist_em,10,2026-09-08T02:49:23+00:00
USDCNH,2023-10-31,7.3424,7.3253,7.344,7.3217,,2023-11-01T08:00:00+08:00,next_calendar_day_08_cn,False,True,akshare:eastmoney:forex_hist_em,10,2026-09-08T02:49:23+00:00
USDCNH,2023-11-01,7.3352,7.3418,7.3423,7.329,,2023-11-02T08:00:00+08:00,next_calendar_day_08_cn,False,True,akshare:eastmoney:forex_hist_em,10,2026-09-08T02:49:23+00:00
USDCNH,2023-11-02,7.3282,7.3362,7.3374,7.3221,,2023-11-03T08:00:00+08:00,next_calendar_day_08_cn,False,True,akshare:eastmoney:forex_hist_em,10,2026-09-08T02:49:23+00:00
USDCNH,2023-11-03,7.2878,7.3276,7.3307,7.2862,,2023-11-04T08:00:00+08:00,next_calendar_day_08_cn,False,True,akshare:eastmoney:forex_hist_em,10,2026-09-08T02:49:23+00:00
USDCNH,2023-11-06,7.2842,7.2903,7.2925,7.2703,,2023-11-07T08:00:00+08:00,next_calendar_day_08_cn,False,True,akshare:eastmoney:forex_hist_em,10,2026-09-08T02:49:23+00:00
USDCNH,2023-11-07,7.2784,7.2822,7.2946,7.2759,,2023-11-08T08:00:00+08:00,next_calendar_day_08_cn,False,True,akshare:eastmoney:forex_hist_em,10,2026-09-08T02:49:23+00:00
USDCNH,2023-11-08,7.2871,7.2799,7.2888,7.267,,2023-11-09T08:00:00+08:00,next_calendar_day_08_cn,False,True,akshare:eastmoney:forex_hist_em,10,2026-09-08T02:49:23+00:00
USDCNH,2023-11-09,7.2984,7.287,7.3022,7.2809,,2023-11-10T08:00:00+08:00,next_calendar_day_08_cn,False,True,akshare:eastmoney:forex_hist_em,10,2026-09-08T02:49:23+00:00
USDCNH,2023-11-10,7.307,7.2986,7.3076,7.297,,2023-11-11T08:00:00+08:00,next_calendar_day_08_cn,False,True,akshare:eastmoney:forex_hist_em,10,2026-09-08T02:49:23+00:00
USDCNH,2023-11-13,7.2926,7.3048,7.3107,7.29,,2023-11-14T08:00:00+08:00,next_calendar_day_08_cn,False,True,akshare:eastmoney:forex_hist_em,10,2026-09-08T02:49:23+00:00
USDCNH,2023-11-14,7.2505,7.2929,7.3056,7.2491,,2023-11-15T08:00:00+08:00,next_calendar_day_08_cn,False,True,akshare:eastmoney:forex_hist_em,10,2026-09-08T02:49:23+00:00
USDCNH,2023-11-15,7.258,7.2515,7.2666,7.2385,,2023-11-16T08:00:00+08:00,next_calendar_day_08_cn,False,True,akshare:eastmoney:forex_hist_em,10,2026-09-08T02:49:23+00:00
USDCNH,2023-11-16,7.247,7.2583,7.2688,7.2429,,2023-11-17T08:00:00+08:00,next_calendar_day_08_cn,False,True,akshare:eastmoney:forex_hist_em,10,2026-09-08T02:49:23+00:00
USDCNH,2023-11-17,7.2172,7.247,7.2549,7.21,,2023-11-18T08:00:00+08:00,next_calendar_day_08_cn,False,True,akshare:eastmoney:forex_hist_em,10,2026-09-08T02:49:23+00:00
USDCNH,2023-11-20,7.1643,7.2206,7.2245,7.1632,,2023-11-21T08:00:00+08:00,next_calendar_day_08_cn,False,True,akshare:eastmoney:forex_hist_em,10,2026-09-08T02:49:23+00:00
USDCNH,2023-11-21,7.1433,7.1662,7.1678,7.1287,,2023-11-22T08:00:00+08:00,next_calendar_day_08_cn,False,True,akshare:eastmoney:forex_hist_em,10,2026-09-08T02:49:23+00:00
USDCNH,2023-11-22,7.1651,7.142,7.1756,7.133,,2023-11-23T08:00:00+08:00,next_calendar_day_08_cn,False,True,akshare:eastmoney:forex_hist_em,10,2026-09-08T02:49:23+00:00
USDCNH,2023-11-23,7.15,7.1647,7.1678,7.138,,2023-11-24T08:00:00+08:00,next_calendar_day_08_cn,False,True,akshare:eastmoney:forex_hist_em,10,2026-09-08T02:49:23+00:00
USDCNH,2023-11-24,7.1492,7.152,7.1608,7.1435,,2023-11-25T08:00:00+08:00,next_calendar_day_08_cn,False,True,akshare:eastmoney:forex_hist_em,10,2026-09-08T02:49:23+00:00
USDCNH,2023-11-27,7.1594,7.1504,7.1668,7.1445,,2023-11-28T08:00:00+08:00,next_calendar_day_08_cn,False,True,akshare:eastmoney:forex_hist_em,10,2026-09-08T02:49:23+00:00
USDCNH,2023-11-28,7.133,7.1602,7.1653,7.1315,,2023-11-29T08:00:00+08:00,next_calendar_day_08_cn,False,True,akshare:eastmoney:forex_hist_em,10,2026-09-08T02:49:23+00:00
USDCNH,2023-11-29,7.1433,7.133,7.146,7.1135,,2023-11-30T08:00:00+08:00,next_calendar_day_08_cn,False,True,akshare:eastmoney:forex_hist_em,10,2026-09-08T02:49:23+00:00
USDCNH,2023-11-30,7.1449,7.1432,7.157,7.1231,,2023-12-01T08:00:00+08:00,next_calendar_day_08_cn,False,True,akshare:eastmoney:forex_hist_em,10,2026-09-08T02:49:23+00:00
USDCNH,2023-12-01,7.1239,7.1464,7.1558,7.1238,,2023-12-02T08:00:00+08:00,next_calendar_day_08_cn,False,True,akshare:eastmoney:forex_hist_em,10,2026-09-08T02:49:23+00:00
USDCNH,2023-12-04,7.1487,7.1254,7.1552,7.1248,,2023-12-05T08:00:00+08:00,next_calendar_day_08_cn,False,True,akshare:eastmoney:forex_hist_em,10,2026-09-08T02:49:23+00:00
USDCNH,2023-12-05,7.1732,7.1494,7.1759,7.1449,,2023-12-06T08:00:00+08:00,next_calendar_day_08_cn,False,True,akshare:eastmoney:forex_hist_em,10,2026-09-08T02:49:23+00:00
USDCNH,2023-12-06,7.1742,7.173,7.1765,7.162,,2023-12-07T08:00:00+08:00,next_calendar_day_08_cn,False,True,akshare:eastmoney:forex_hist_em,10,2026-09-08T02:49:23+00:00
USDCNH,2023-12-07,7.1644,7.174,7.1743,7.1528,,2023-12-08T08:00:00+08:00,next_calendar_day_08_cn,False,True,akshare:eastmoney:forex_hist_em,10,2026-09-08T02:49:23+00:00
USDCNH,2023-12-08,7.1853,7.164,7.1897,7.1538,,2023-12-09T08:00:00+08:00,next_calendar_day_08_cn,False,True,akshare:eastmoney:forex_hist_em,10,2026-09-08T02:49:23+00:00
USDCNH,2023-12-11,7.1938,7.182,7.1993,7.1809,,2023-12-12T08:00:00+08:00,next_calendar_day_08_cn,False,True,akshare:eastmoney:forex_hist_em,10,2026-09-08T02:49:23+00:00
USDCNH,2023-12-12,7.1938,7.1942,7.1968,7.1772,,2023-12-13T08:00:00+08:00,next_calendar_day_08_cn,False,True,akshare:eastmoney:forex_hist_em,10,2026-09-08T02:49:23+00:00
USDCNH,2023-12-13,7.1361,7.1926,7.1999,7.1354,,2023-12-14T08:00:00+08:00,next_calendar_day_08_cn,False,True,akshare:eastmoney:forex_hist_em,10,2026-09-08T02:49:23+00:00
USDCNH,2023-12-14,7.125,7.1378,7.1475,7.1108,,2023-12-15T08:00:00+08:00,next_calendar_day_08_cn,False,True,akshare:eastmoney:forex_hist_em,10,2026-09-08T02:49:23+00:00
USDCNH,2023-12-15,7.1338,7.1245,7.1369,7.0982,,2023-12-16T08:00:00+08:00,next_calendar_day_08_cn,False,True,akshare:eastmoney:forex_hist_em,10,2026-09-08T02:49:23+00:00
USDCNH,2023-12-18,7.1433,7.1315,7.1473,7.1273,,2023-12-19T08:00:00+08:00,next_calendar_day_08_cn,False,True,akshare:eastmoney:forex_hist_em,10,2026-09-08T02:49:23+00:00
USDCNH,2023-12-19,7.1233,7.1438,7.1523,7.1192,,2023-12-20T08:00:00+08:00,next_calendar_day_08_cn,False,True,akshare:eastmoney:forex_hist_em,10,2026-09-08T02:49:23+00:00
USDCNH,2023-12-20,7.1509,7.1235,7.1542,7.1229,,2023-12-21T08:00:00+08:00,next_calendar_day_08_cn,False,True,akshare:eastmoney:forex_hist_em,10,2026-09-08T02:49:23+00:00
USDCNH,2023-12-21,7.1416,7.1509,7.1601,7.1355,,2023-12-22T08:00:00+08:00,next_calendar_day_08_cn,False,True,akshare:eastmoney:forex_hist_em,10,2026-09-08T02:49:23+00:00
USDCNH,2023-12-25,7.1461,7.1566,7.1566,7.116,,2023-12-26T08:00:00+08:00,next_calendar_day_08_cn,False,True,akshare:eastmoney:forex_hist_em,10,2026-09-08T02:49:23+00:00
USDCNH,2023-12-26,7.1413,7.143,7.153,7.139,,2023-12-27T08:00:00+08:00,next_calendar_day_08_cn,False,True,akshare:eastmoney:forex_hist_em,10,2026-09-08T02:49:23+00:00
USDCNH,2023-12-27,7.1513,7.1419,7.1606,7.1411,,2023-12-28T08:00:00+08:00,next_calendar_day_08_cn,False,True,akshare:eastmoney:forex_hist_em,10,2026-09-08T02:49:23+00:00
USDCNH,2023-12-28,7.1195,7.1504,7.1504,7.1005,,2023-12-29T08:00:00+08:00,next_calendar_day_08_cn,False,True,akshare:eastmoney:forex_hist_em,10,2026-09-08T02:49:23+00:00
USDCNH,2023-12-29,7.1264,7.1189,7.1301,7.0876,,2023-12-30T08:00:00+08:00,next_calendar_day_08_cn,False,True,akshare:eastmoney:forex_hist_em,10,2026-09-08T02:49:23+00:00
USDCNH,2024-01-01,7.1266,7.1254,7.2065,7.1027,,2024-01-02T08:00:00+08:00,next_calendar_day_08_cn,False,True,akshare:eastmoney:forex_hist_em,10,2026-09-08T02:49:23+00:00
USDCNH,2024-01-02,7.151,7.1255,7.1543,7.1104,,2024-01-03T08:00:00+08:00,next_calendar_day_08_cn,False,True,akshare:eastmoney:forex_hist_em,10,2026-09-08T02:49:23+00:00
USDCNH,2024-01-03,7.1644,7.1515,7.1726,7.143,,2024-01-04T08:00:00+08:00,next_calendar_day_08_cn,False,True,akshare:eastmoney:forex_hist_em,10,2026-09-08T02:49:23+00:00
USDCNH,2024-01-04,7.1772,7.1657,7.1783,7.1526,,2024-01-05T08:00:00+08:00,next_calendar_day_08_cn,False,True,akshare:eastmoney:forex_hist_em,10,2026-09-08T02:49:23+00:00
USDCNH,2024-01-05,7.1659,7.1762,7.18,7.1414,,2024-01-06T08:00:00+08:00,next_calendar_day_08_cn,False,True,akshare:eastmoney:forex_hist_em,10,2026-09-08T02:49:23+00:00
USDCNH,2024-01-08,7.1623,7.1655,7.1748,7.1544,,2024-01-09T08:00:00+08:00,next_calendar_day_08_cn,False,True,akshare:eastmoney:forex_hist_em,10,2026-09-08T02:49:23+00:00
USDCNH,2024-01-09,7.1838,7.1623,7.1881,7.1604,,2024-01-10T08:00:00+08:00,next_calendar_day_08_cn,False,True,akshare:eastmoney:forex_hist_em,10,2026-09-08T02:49:23+00:00
USDCNH,2024-01-10,7.1835,7.1855,7.1895,7.1777,,2024-01-11T08:00:00+08:00,next_calendar_day_08_cn,False,True,akshare:eastmoney:forex_hist_em,10,2026-09-08T02:49:23+00:00
USDCNH,2024-01-11,7.1751,7.1836,7.1876,7.1618,,2024-01-12T08:00:00+08:00,next_calendar_day_08_cn,False,True,akshare:eastmoney:forex_hist_em,10,2026-09-08T02:49:23+00:00
USDCNH,2024-01-12,7.1907,7.1752,7.1928,7.1658,,2024-01-13T08:00:00+08:00,next_calendar_day_08_cn,False,True,akshare:eastmoney:forex_hist_em,10,2026-09-08T02:49:23+00:00
USDCNH,2024-01-16,7.219,7.1843,7.2232,7.183,,2024-01-17T08:00:00+08:00,next_calendar_day_08_cn,False,True,akshare:eastmoney:forex_hist_em,10,2026-09-08T02:49:23+00:00
USDCNH,2024-01-17,7.2215,7.2189,7.2321,7.2073,,2024-01-18T08:00:00+08:00,next_calendar_day_08_cn,False,True,akshare:eastmoney:forex_hist_em,10,2026-09-08T02:49:23+00:00
USDCNH,2024-01-18,7.2162,7.2236,7.2257,7.2082,,2024-01-19T08:00:00+08:00,next_calendar_day_08_cn,False,True,akshare:eastmoney:forex_hist_em,10,2026-09-08T02:49:23+00:00
USDCNH,2024-01-19,7.2035,7.2167,7.2174,7.1965,,2024-01-20T08:00:00+08:00,next_calendar_day_08_cn,False,True,akshare:eastmoney:forex_hist_em,10,2026-09-08T02:49:23+00:00
USDCNH,2024-01-22,7.1939,7.2083,7.209,7.1912,,2024-01-23T08:00:00+08:00,next_calendar_day_08_cn,False,True,akshare:eastmoney:forex_hist_em,10,2026-09-08T02:49:23+00:00
USDCNH,2024-01-23,7.1666,7.1937,7.1998,7.164,,2024-01-24T08:00:00+08:00,next_calendar_day_08_cn,False,True,akshare:eastmoney:forex_hist_em,10,2026-09-08T02:49:23+00:00
USDCNH,2024-01-24,7.162,7.1671,7.179,7.1416,,2024-01-25T08:00:00+08:00,next_calendar_day_08_cn,False,True,akshare:eastmoney:forex_hist_em,10,2026-09-08T02:49:23+00:00
USDCNH,2024-01-25,7.1792,7.1624,7.1886,7.1565,,2024-01-26T08:00:00+08:00,next_calendar_day_08_cn,False,True,akshare:eastmoney:forex_hist_em,10,2026-09-08T02:49:23+00:00
USDCNH,2024-01-26,7.1852,7.1795,7.1927,7.1777,,2024-01-27T08:00:00+08:00,next_calendar_day_08_cn,False,True,akshare:eastmoney:forex_hist_em,10,2026-09-08T02:49:23+00:00
USDCNH,2024-01-29,7.1877,7.1863,7.1969,7.1855,,2024-01-30T08:00:00+08:00,next_calendar_day_08_cn,False,True,akshare:eastmoney:forex_hist_em,10,2026-09-08T02:49:23+00:00
USDCNH,2024-01-30,7.188,7.1876,7.1924,7.1813,,2024-01-31T08:00:00+08:00,next_calendar_day_08_cn,False,True,akshare:eastmoney:forex_hist_em,10,2026-09-08T02:49:23+00:00
USDCNH,2024-01-31,7.1848,7.188,7.1918,7.1728,,2024-02-01T08:00:00+08:00,next_calendar_day_08_cn,False,True,akshare:eastmoney:forex_hist_em,10,2026-09-08T02:49:23+00:00
USDCNH,2024-02-01,7.1877,7.186,7.1974,7.1824,,2024-02-02T08:00:00+08:00,next_calendar_day_08_cn,False,True,akshare:eastmoney:forex_hist_em,10,2026-09-08T02:49:23+00:00
USDCNH,2024-02-02,7.2159,7.1876,7.2167,7.1856,,2024-02-03T08:00:00+08:00,next_calendar_day_08_cn,False,True,akshare:eastmoney:forex_hist_em,10,2026-09-08T02:49:23+00:00
USDCNH,2024-02-05,7.22,7.2155,7.2246,7.2085,,2024-02-06T08:00:00+08:00,next_calendar_day_08_cn,False,True,akshare:eastmoney:forex_hist_em,10,2026-09-08T02:49:23+00:00
USDCNH,2024-02-06,7.201,7.2199,7.22,7.1943,,2024-02-07T08:00:00+08:00,next_calendar_day_08_cn,False,True,akshare:eastmoney:forex_hist_em,10,2026-09-08T02:49:23+00:00
USDCNH,2024-02-07,7.2133,7.2012,7.2148,7.189,,2024-02-08T08:00:00+08:00,next_calendar_day_08_cn,False,True,akshare:eastmoney:forex_hist_em,10,2026-09-08T02:49:23+00:00
USDCNH,2024-02-08,7.2158,7.211,7.2199,7.2026,,2024-02-09T08:00:00+08:00,next_calendar_day_08_cn,False,True,akshare:eastmoney:forex_hist_em,10,2026-09-08T02:49:23+00:00
USDCNH,2024-02-09,7.2184,7.2154,7.2199,7.2077,,2024-02-10T08:00:00+08:00,next_calendar_day_08_cn,False,True,akshare:eastmoney:forex_hist_em,10,2026-09-08T02:49:23+00:00
USDCNH,2024-02-12,7.2151,7.2185,7.2255,7.2128,,2024-02-13T08:00:00+08:00,next_calendar_day_08_cn,False,True,akshare:eastmoney:forex_hist_em,10,2026-09-08T02:49:23+00:00
USDCNH,2024-02-13,7.2312,7.215,7.2333,7.2125,,2024-02-14T08:00:00+08:00,next_calendar_day_08_cn,False,True,akshare:eastmoney:forex_hist_em,10,2026-09-08T02:49:23+00:00
USDCNH,2024-02-14,7.2228,7.2313,7.2334,7.2212,,2024-02-15T08:00:00+08:00,next_calendar_day_08_cn,False,True,akshare:eastmoney:forex_hist_em,10,2026-09-08T02:49:23+00:00
USDCNH,2024-02-15,7.2175,7.2237,7.2277,7.2137,,2024-02-16T08:00:00+08:00,next_calendar_day_08_cn,False,True,akshare:eastmoney:forex_hist_em,10,2026-09-08T02:49:23+00:00
USDCNH,2024-02-16,7.2125,7.2177,7.2235,7.2111,,2024-02-17T08:00:00+08:00,next_calendar_day_08_cn,False,True,akshare:eastmoney:forex_hist_em,10,2026-09-08T02:49:23+00:00
USDCNH,2024-02-19,7.2112,7.2132,7.2163,7.2038,,2024-02-20T08:00:00+08:00,next_calendar_day_08_cn,False,True,akshare:eastmoney:forex_hist_em,10,2026-09-08T02:49:23+00:00
USDCNH,2024-02-20,7.2018,7.2116,7.2181,7.1962,,2024-02-21T08:00:00+08:00,next_calendar_day_08_cn,False,True,akshare:eastmoney:forex_hist_em,10,2026-09-08T02:49:23+00:00
USDCNH,2024-02-21,7.1995,7.2018,7.2069,7.1812,,2024-02-22T08:00:00+08:00,next_calendar_day_08_cn,False,True,akshare:eastmoney:forex_hist_em,10,2026-09-08T02:49:23+00:00
USDCNH,2024-02-22,7.2017,7.1995,7.205,7.1917,,2024-02-23T08:00:00+08:00,next_calendar_day_08_cn,False,True,akshare:eastmoney:forex_hist_em,10,2026-09-08T02:49:23+00:00
USDCNH,2024-02-23,7.2058,7.2019,7.2143,7.1989,,2024-02-24T08:00:00+08:00,next_calendar_day_08_cn,False,True,akshare:eastmoney:forex_hist_em,10,2026-09-08T02:49:23+00:00
USDCNH,2024-02-26,7.2111,7.2055,7.213,7.2026,,2024-02-27T08:00:00+08:00,next_calendar_day_08_cn,False,True,akshare:eastmoney:forex_hist_em,10,2026-09-08T02:49:23+00:00
USDCNH,2024-02-27,7.2137,7.2108,7.2148,7.2074,,2024-02-28T08:00:00+08:00,next_calendar_day_08_cn,False,True,akshare:eastmoney:forex_hist_em,10,2026-09-08T02:49:23+00:00
USDCNH,2024-02-28,7.2137,7.2136,7.2202,7.2118,,2024-02-29T08:00:00+08:00,next_calendar_day_08_cn,False,True,akshare:eastmoney:forex_hist_em,10,2026-09-08T02:49:23+00:00
USDCNH,2024-02-29,7.2089,7.2137,7.2141,7.2036,,2024-03-01T08:00:00+08:00,next_calendar_day_08_cn,False,True,akshare:eastmoney:forex_hist_em,10,2026-09-08T02:49:23+00:00
USDCNH,2024-03-01,7.2107,7.2079,7.2153,7.2069,,2024-03-02T08:00:00+08:00,next_calendar_day_08_cn,False,True,akshare:eastmoney:forex_hist_em,10,2026-09-08T02:49:23+00:00
USDCNH,2024-03-04,7.2101,7.2099,7.2127,7.207,,2024-03-05T08:00:00+08:00,next_calendar_day_08_cn,False,True,akshare:eastmoney:forex_hist_em,10,2026-09-08T02:49:23+00:00
USDCNH,2024-03-05,7.2118,7.2101,7.2137,7.2061,,2024-03-06T08:00:00+08:00,next_calendar_day_08_cn,False,True,akshare:eastmoney:forex_hist_em,10,2026-09-08T02:49:23+00:00
USDCNH,2024-03-06,7.2103,7.2121,7.2176,7.2066,,2024-03-07T08:00:00+08:00,next_calendar_day_08_cn,False,True,akshare:eastmoney:forex_hist_em,10,2026-09-08T02:49:23+00:00
USDCNH,2024-03-07,7.2002,7.2103,7.2129,7.2,,2024-03-08T08:00:00+08:00,next_calendar_day_08_cn,False,True,akshare:eastmoney:forex_hist_em,10,2026-09-08T02:49:23+00:00
USDCNH,2024-03-08,7.2012,7.2009,7.2037,7.1852,,2024-03-09T08:00:00+08:00,next_calendar_day_08_cn,False,True,akshare:eastmoney:forex_hist_em,10,2026-09-08T02:49:23+00:00
USDCNH,2024-03-11,7.1801,7.201,7.2012,7.1795,,2024-03-12T08:00:00+08:00,next_calendar_day_08_cn,False,True,akshare:eastmoney:forex_hist_em,10,2026-09-08T02:49:23+00:00
USDCNH,2024-03-12,7.1865,7.1801,7.1915,7.1721,,2024-03-13T08:00:00+08:00,next_calendar_day_08_cn,False,True,akshare:eastmoney:forex_hist_em,10,2026-09-08T02:49:23+00:00
USDCNH,2024-03-13,7.1938,7.1875,7.2023,7.1849,,2024-03-14T08:00:00+08:00,next_calendar_day_08_cn,False,True,akshare:eastmoney:forex_hist_em,10,2026-09-08T02:49:23+00:00
USDCNH,2024-03-14,7.2026,7.1939,7.2039,7.1917,,2024-03-15T08:00:00+08:00,next_calendar_day_08_cn,False,True,akshare:eastmoney:forex_hist_em,10,2026-09-08T02:49:23+00:00
USDCNH,2024-03-15,7.2067,7.2023,7.2068,7.2002,,2024-03-16T08:00:00+08:00,next_calendar_day_08_cn,False,True,akshare:eastmoney:forex_hist_em,10,2026-09-08T02:49:23+00:00
USDCNH,2024-03-18,7.2062,7.2045,7.2086,7.2021,,2024-03-19T08:00:00+08:00,next_calendar_day_08_cn,False,True,akshare:eastmoney:forex_hist_em,10,2026-09-08T02:49:23+00:00
USDCNH,2024-03-19,7.2115,7.2066,7.214,7.2048,,2024-03-20T08:00:00+08:00,next_calendar_day_08_cn,False,True,akshare:eastmoney:forex_hist_em,10,2026-09-08T02:49:23+00:00
USDCNH,2024-03-20,7.2106,7.2119,7.2187,7.2079,,2024-03-21T08:00:00+08:00,next_calendar_day_08_cn,False,True,akshare:eastmoney:forex_hist_em,10,2026-09-08T02:49:23+00:00
USDCNH,2024-03-21,7.2221,7.2115,7.2238,7.2034,,2024-03-22T08:00:00+08:00,next_calendar_day_08_cn,False,True,akshare:eastmoney:forex_hist_em,10,2026-09-08T02:49:23+00:00
USDCNH,2024-03-22,7.2759,7.2218,7.2795,7.2177,,2024-03-23T08:00:00+08:00,next_calendar_day_08_cn,False,True,akshare:eastmoney:forex_hist_em,10,2026-09-08T02:49:23+00:00
USDCNH,2024-03-25,7.253,7.2745,7.2819,7.2327,,2024-03-26T08:00:00+08:00,next_calendar_day_08_cn,False,True,akshare:eastmoney:forex_hist_em,10,2026-09-08T02:49:23+00:00
USDCNH,2024-03-26,7.2486,7.253,7.2542,7.2395,,2024-03-27T08:00:00+08:00,next_calendar_day_08_cn,False,True,akshare:eastmoney:forex_hist_em,10,2026-09-08T02:49:23+00:00
USDCNH,2024-03-27,7.2539,7.2486,7.2605,7.2464,,2024-03-28T08:00:00+08:00,next_calendar_day_08_cn,False,True,akshare:eastmoney:forex_hist_em,10,2026-09-08T02:49:23+00:00
USDCNH,2024-03-28,7.2625,7.254,7.2671,7.2444,,2024-03-29T08:00:00+08:00,next_calendar_day_08_cn,False,True,akshare:eastmoney:forex_hist_em,10,2026-09-08T02:49:23+00:00
USDCNH,2024-03-29,7.2577,7.2622,7.2644,7.2473,,2024-03-30T08:00:00+08:00,next_calendar_day_08_cn,False,True,akshare:eastmoney:forex_hist_em,10,2026-09-08T02:49:23+00:00
USDCNH,2024-04-01,7.2597,7.2567,7.2624,7.2481,,2024-04-02T08:00:00+08:00,next_calendar_day_08_cn,False,True,akshare:eastmoney:forex_hist_em,10,2026-09-08T02:49:23+00:00
USDCNH,2024-04-02,7.2545,7.26,7.2661,7.2522,,2024-04-03T08:00:00+08:00,next_calendar_day_08_cn,False,True,akshare:eastmoney:forex_hist_em,10,2026-09-08T02:49:23+00:00
USDCNH,2024-04-03,7.2489,7.2551,7.2632,7.2481,,2024-04-04T08:00:00+08:00,next_calendar_day_08_cn,False,True,akshare:eastmoney:forex_hist_em,10,2026-09-08T02:49:23+00:00
USDCNH,2024-04-04,7.2504,7.2488,7.2528,7.2418,,2024-04-05T08:00:00+08:00,next_calendar_day_08_cn,False,True,akshare:eastmoney:forex_hist_em,10,2026-09-08T02:49:23+00:00
USDCNH,2024-04-05,7.2478,7.2493,7.2547,7.24,,2024-04-06T08:00:00+08:00,next_calendar_day_08_cn,False,True,akshare:eastmoney:forex_hist_em,10,2026-09-08T02:49:23+00:00
USDCNH,2024-04-08,7.2423,7.2485,7.2549,7.2403,,2024-04-09T08:00:00+08:00,next_calendar_day_08_cn,False,True,akshare:eastmoney:forex_hist_em,10,2026-09-08T02:49:23+00:00
USDCNH,2024-04-09,7.2386,7.2427,7.2478,7.2359,,2024-04-10T08:00:00+08:00,next_calendar_day_08_cn,False,True,akshare:eastmoney:forex_hist_em,10,2026-09-08T02:49:23+00:00
USDCNH,2024-04-10,7.2617,7.2382,7.2642,7.2364,,2024-04-11T08:00:00+08:00,next_calendar_day_08_cn,False,True,akshare:eastmoney:forex_hist_em,10,2026-09-08T02:49:23+00:00
USDCNH,2024-04-11,7.2557,7.2619,7.264,7.2494,,2024-04-12T08:00:00+08:00,next_calendar_day_08_cn,False,True,akshare:eastmoney:forex_hist_em,10,2026-09-08T02:49:23+00:00
USDCNH,2024-04-12,7.267,7.2554,7.269,7.2537,,2024-04-13T08:00:00+08:00,next_calendar_day_08_cn,False,True,akshare:eastmoney:forex_hist_em,10,2026-09-08T02:49:23+00:00
USDCNH,2024-04-15,7.2592,7.2672,7.2673,7.2549,,2024-04-16T08:00:00+08:00,next_calendar_day_08_cn,False,True,akshare:eastmoney:forex_hist_em,10,2026-09-08T02:49:23+00:00
USDCNH,2024-04-16,7.2628,7.2593,7.2821,7.259,,2024-04-17T08:00:00+08:00,next_calendar_day_08_cn,False,True,akshare:eastmoney:forex_hist_em,10,2026-09-08T02:49:23+00:00
USDCNH,2024-04-17,7.2443,7.2641,7.2683,7.2424,,2024-04-18T08:00:00+08:00,next_calendar_day_08_cn,False,True,akshare:eastmoney:forex_hist_em,10,2026-09-08T02:49:23+00:00
USDCNH,2024-04-18,7.2507,7.2442,7.2538,7.2422,,2024-04-19T08:00:00+08:00,next_calendar_day_08_cn,False,True,akshare:eastmoney:forex_hist_em,10,2026-09-08T02:49:23+00:00
USDCNH,2024-04-19,7.2516,7.2492,7.2622,7.2455,,2024-04-20T08:00:00+08:00,next_calendar_day_08_cn,False,True,akshare:eastmoney:forex_hist_em,10,2026-09-08T02:49:23+00:00
USDCNH,2024-04-22,7.2514,7.2507,7.2554,7.2481,,2024-04-23T08:00:00+08:00,next_calendar_day_08_cn,False,True,akshare:eastmoney:forex_hist_em,10,2026-09-08T02:49:23+00:00
USDCNH,2024-04-23,7.2605,7.251,7.2666,7.2501,,2024-04-24T08:00:00+08:00,next_calendar_day_08_cn,False,True,akshare:eastmoney:forex_hist_em,10,2026-09-08T02:49:23+00:00
USDCNH,2024-04-24,7.2728,7.2607,7.2737,7.2554,,2024-04-25T08:00:00+08:00,next_calendar_day_08_cn,False,True,akshare:eastmoney:forex_hist_em,10,2026-09-08T02:49:23+00:00
USDCNH,2024-04-25,7.2555,7.2728,7.2739,7.2538,,2024-04-26T08:00:00+08:00,next_calendar_day_08_cn,False,True,akshare:eastmoney:forex_hist_em,10,2026-09-08T02:49:23+00:00
USDCNH,2024-04-26,7.2681,7.2553,7.27,7.252,,2024-04-27T08:00:00+08:00,next_calendar_day_08_cn,False,True,akshare:eastmoney:forex_hist_em,10,2026-09-08T02:49:23+00:00
USDCNH,2024-04-29,7.244,7.2676,7.2694,7.2349,,2024-04-30T08:00:00+08:00,next_calendar_day_08_cn,False,True,akshare:eastmoney:forex_hist_em,10,2026-09-08T02:49:23+00:00
USDCNH,2024-04-30,7.2549,7.243,7.2572,7.2417,,2024-05-01T08:00:00+08:00,next_calendar_day_08_cn,False,True,akshare:eastmoney:forex_hist_em,10,2026-09-08T02:49:23+00:00
USDCNH,2024-05-01,7.234,7.2549,7.255,7.2322,,2024-05-02T08:00:00+08:00,next_calendar_day_08_cn,False,True,akshare:eastmoney:forex_hist_em,10,2026-09-08T02:49:23+00:00
USDCNH,2024-05-02,7.2066,7.2343,7.246,7.1958,,2024-05-03T08:00:00+08:00,next_calendar_day_08_cn,False,True,akshare:eastmoney:forex_hist_em,10,2026-09-08T02:49:23+00:00
USDCNH,2024-05-03,7.1938,7.2052,7.2078,7.1657,,2024-05-04T08:00:00+08:00,next_calendar_day_08_cn,False,True,akshare:eastmoney:forex_hist_em,10,2026-09-08T02:49:23+00:00
USDCNH,2024-05-06,7.2144,7.1936,7.2233,7.1933,,2024-05-07T08:00:00+08:00,next_calendar_day_08_cn,False,True,akshare:eastmoney:forex_hist_em,10,2026-09-08T02:49:23+00:00
USDCNH,2024-05-07,7.225,7.2145,7.2269,7.2129,,2024-05-08T08:00:00+08:00,next_calendar_day_08_cn,False,True,akshare:eastmoney:forex_hist_em,10,2026-09-08T02:49:23+00:00
USDCNH,2024-05-08,7.2296,7.2252,7.2339,7.2245,,2024-05-09T08:00:00+08:00,next_calendar_day_08_cn,False,True,akshare:eastmoney:forex_hist_em,10,2026-09-08T02:49:23+00:00
USDCNH,2024-05-09,7.2223,7.2296,7.2345,7.2201,,2024-05-10T08:00:00+08:00,next_calendar_day_08_cn,False,True,akshare:eastmoney:forex_hist_em,10,2026-09-08T02:49:23+00:00
USDCNH,2024-05-10,7.2342,7.2219,7.2346,7.2201,,2024-05-11T08:00:00+08:00,next_calendar_day_08_cn,False,True,akshare:eastmoney:forex_hist_em,10,2026-09-08T02:49:23+00:00
USDCNH,2024-05-13,7.2398,7.2339,7.2435,7.225,,2024-05-14T08:00:00+08:00,next_calendar_day_08_cn,False,True,akshare:eastmoney:forex_hist_em,10,2026-09-08T02:49:23+00:00
USDCNH,2024-05-14,7.2402,7.2396,7.2466,7.2355,,2024-05-15T08:00:00+08:00,next_calendar_day_08_cn,False,True,akshare:eastmoney:forex_hist_em,10,2026-09-08T02:49:23+00:00
USDCNH,2024-05-15,7.2183,7.2398,7.2423,7.2061,,2024-05-16T08:00:00+08:00,next_calendar_day_08_cn,False,True,akshare:eastmoney:forex_hist_em,10,2026-09-08T02:49:23+00:00
USDCNH,2024-05-16,7.2226,7.2181,7.2272,7.2041,,2024-05-17T08:00:00+08:00,next_calendar_day_08_cn,False,True,akshare:eastmoney:forex_hist_em,10,2026-09-08T02:49:23+00:00
USDCNH,2024-05-17,7.2333,7.2235,7.2365,7.2201,,2024-05-18T08:00:00+08:00,next_calendar_day_08_cn,False,True,akshare:eastmoney:forex_hist_em,10,2026-09-08T02:49:23+00:00
USDCNH,2024-05-20,7.2471,7.2334,7.2472,7.2317,,2024-05-21T08:00:00+08:00,next_calendar_day_08_cn,False,True,akshare:eastmoney:forex_hist_em,10,2026-09-08T02:49:23+00:00
USDCNH,2024-05-21,7.2478,7.247,7.2495,7.2417,,2024-05-22T08:00:00+08:00,next_calendar_day_08_cn,False,True,akshare:eastmoney:forex_hist_em,10,2026-09-08T02:49:23+00:00
USDCNH,2024-05-22,7.2551,7.2472,7.2556,7.2446,,2024-05-23T08:00:00+08:00,next_calendar_day_08_cn,False,True,akshare:eastmoney:forex_hist_em,10,2026-09-08T02:49:23+00:00
USDCNH,2024-05-23,7.2579,7.2546,7.2596,7.2496,,2024-05-24T08:00:00+08:00,next_calendar_day_08_cn,False,True,akshare:eastmoney:forex_hist_em,10,2026-09-08T02:49:23+00:00
USDCNH,2024-05-24,7.2623,7.258,7.2632,7.2547,,2024-05-25T08:00:00+08:00,next_calendar_day_08_cn,False,True,akshare:eastmoney:forex_hist_em,10,2026-09-08T02:49:23+00:00
USDCNH,2024-05-27,7.2593,7.2617,7.2621,7.2542,,2024-05-28T08:00:00+08:00,next_calendar_day_08_cn,False,True,akshare:eastmoney:forex_hist_em,10,2026-09-08T02:49:23+00:00
USDCNH,2024-05-28,7.264,7.2585,7.2645,7.2573,,2024-05-29T08:00:00+08:00,next_calendar_day_08_cn,False,True,akshare:eastmoney:forex_hist_em,10,2026-09-08T02:49:23+00:00
USDCNH,2024-05-29,7.2735,7.2633,7.2758,7.2629,,2024-05-30T08:00:00+08:00,next_calendar_day_08_cn,False,True,akshare:eastmoney:forex_hist_em,10,2026-09-08T02:49:23+00:00
USDCNH,2024-05-30,7.2528,7.2733,7.2735,7.248,,2024-05-31T08:00:00+08:00,next_calendar_day_08_cn,False,True,akshare:eastmoney:forex_hist_em,10,2026-09-08T02:49:23+00:00
USDCNH,2024-05-31,7.2629,7.2537,7.2682,7.2479,,2024-06-01T08:00:00+08:00,next_calendar_day_08_cn,False,True,akshare:eastmoney:forex_hist_em,10,2026-09-08T02:49:23+00:00
USDCNH,2024-06-03,7.2519,7.2633,7.2644,7.251,,2024-06-04T08:00:00+08:00,next_calendar_day_08_cn,False,True,akshare:eastmoney:forex_hist_em,10,2026-09-08T02:49:23+00:00
USDCNH,2024-06-04,7.247,7.2519,7.2588,7.2411,,2024-06-05T08:00:00+08:00,next_calendar_day_08_cn,False,True,akshare:eastmoney:forex_hist_em,10,2026-09-08T02:49:23+00:00
USDCNH,2024-06-05,7.2594,7.2472,7.2607,7.2454,,2024-06-06T08:00:00+08:00,next_calendar_day_08_cn,False,True,akshare:eastmoney:forex_hist_em,10,2026-09-08T02:49:23+00:00
USDCNH,2024-06-06,7.2594,7.2603,7.2645,7.2529,,2024-06-07T08:00:00+08:00,next_calendar_day_08_cn,False,True,akshare:eastmoney:forex_hist_em,10,2026-09-08T02:49:23+00:00
USDCNH,2024-06-07,7.2632,7.2593,7.2653,7.2476,,2024-06-08T08:00:00+08:00,next_calendar_day_08_cn,False,True,akshare:eastmoney:forex_hist_em,10,2026-09-08T02:49:23+00:00
USDCNH,2024-06-10,7.2656,7.2643,7.2727,7.2636,,2024-06-11T08:00:00+08:00,next_calendar_day_08_cn,False,True,akshare:eastmoney:forex_hist_em,10,2026-09-08T02:49:23+00:00
USDCNH,2024-06-11,7.2715,7.2657,7.2746,7.2625,,2024-06-12T08:00:00+08:00,next_calendar_day_08_cn,False,True,akshare:eastmoney:forex_hist_em,10,2026-09-08T02:49:23+00:00
USDCNH,2024-06-12,7.263,7.2718,7.2739,7.2501,,2024-06-13T08:00:00+08:00,next_calendar_day_08_cn,False,True,akshare:eastmoney:forex_hist_em,10,2026-09-08T02:49:23+00:00
USDCNH,2024-06-13,7.2704,7.2629,7.2706,7.2598,,2024-06-14T08:00:00+08:00,next_calendar_day_08_cn,False,True,akshare:eastmoney:forex_hist_em,10,2026-09-08T02:49:23+00:00
USDCNH,2024-06-14,7.2706,7.27,7.2751,7.2682,,2024-06-15T08:00:00+08:00,next_calendar_day_08_cn,False,True,akshare:eastmoney:forex_hist_em,10,2026-09-08T02:49:23+00:00
USDCNH,2024-06-17,7.2697,7.2592,7.273,7.2592,,2024-06-18T08:00:00+08:00,next_calendar_day_08_cn,False,True,akshare:eastmoney:forex_hist_em,10,2026-09-08T02:49:23+00:00
USDCNH,2024-06-18,7.2711,7.2701,7.2772,7.2693,,2024-06-19T08:00:00+08:00,next_calendar_day_08_cn,False,True,akshare:eastmoney:forex_hist_em,10,2026-09-08T02:49:23+00:00
USDCNH,2024-06-19,7.2816,7.2712,7.2817,7.2698,,2024-06-20T08:00:00+08:00,next_calendar_day_08_cn,False,True,akshare:eastmoney:forex_hist_em,10,2026-09-08T02:49:23+00:00
USDCNH,2024-06-20,7.2911,7.2814,7.2919,7.2788,,2024-06-21T08:00:00+08:00,next_calendar_day_08_cn,False,True,akshare:eastmoney:forex_hist_em,10,2026-09-08T02:49:23+00:00
USDCNH,2024-06-21,7.2904,7.2911,7.2926,7.2839,,2024-06-22T08:00:00+08:00,next_calendar_day_08_cn,False,True,akshare:eastmoney:forex_hist_em,10,2026-09-08T02:49:23+00:00
USDCNH,2024-06-24,7.2829,7.29,7.2948,7.277,,2024-06-25T08:00:00+08:00,next_calendar_day_08_cn,False,True,akshare:eastmoney:forex_hist_em,10,2026-09-08T02:49:23+00:00
USDCNH,2024-06-25,7.2894,7.2834,7.2907,7.2763,,2024-06-26T08:00:00+08:00,next_calendar_day_08_cn,False,True,akshare:eastmoney:forex_hist_em,10,2026-09-08T02:49:23+00:00
USDCNH,2024-06-26,7.3008,7.2892,7.3073,7.2877,,2024-06-27T08:00:00+08:00,next_calendar_day_08_cn,False,True,akshare:eastmoney:forex_hist_em,10,2026-09-08T02:49:23+00:00
USDCNH,2024-06-27,7.3038,7.3004,7.3038,7.2946,,2024-06-28T08:00:00+08:00,next_calendar_day_08_cn,False,True,akshare:eastmoney:forex_hist_em,10,2026-09-08T02:49:23+00:00
USDCNH,2024-06-28,7.3001,7.3033,7.3062,7.2903,,2024-06-29T08:00:00+08:00,next_calendar_day_08_cn,False,True,akshare:eastmoney:forex_hist_em,10,2026-09-08T02:49:23+00:00
USDCNH,2024-07-01,7.3054,7.2968,7.306,7.2945,,2024-07-02T08:00:00+08:00,next_calendar_day_08_cn,False,True,akshare:eastmoney:forex_hist_em,10,2026-09-08T02:49:23+00:00
USDCNH,2024-07-02,7.307,7.3052,7.3093,7.3028,,2024-07-03T08:00:00+08:00,next_calendar_day_08_cn,False,True,akshare:eastmoney:forex_hist_em,10,2026-09-08T02:49:23+00:00
USDCNH,2024-07-03,7.3028,7.3072,7.3114,7.2919,,2024-07-04T08:00:00+08:00,next_calendar_day_08_cn,False,True,akshare:eastmoney:forex_hist_em,10,2026-09-08T02:49:23+00:00
USDCNH,2024-07-04,7.2933,7.3029,7.305,7.2917,,2024-07-05T08:00:00+08:00,next_calendar_day_08_cn,False,True,akshare:eastmoney:forex_hist_em,10,2026-09-08T02:49:23+00:00
USDCNH,2024-07-05,7.2901,7.2942,7.2956,7.2794,,2024-07-06T08:00:00+08:00,next_calendar_day_08_cn,False,True,akshare:eastmoney:forex_hist_em,10,2026-09-08T02:49:23+00:00
USDCNH,2024-07-08,7.2858,7.2912,7.2926,7.2844,,2024-07-09T08:00:00+08:00,next_calendar_day_08_cn,False,True,akshare:eastmoney:forex_hist_em,10,2026-09-08T02:49:23+00:00
USDCNH,2024-07-09,7.2887,7.2859,7.2933,7.2851,,2024-07-10T08:00:00+08:00,next_calendar_day_08_cn,False,True,akshare:eastmoney:forex_hist_em,10,2026-09-08T02:49:23+00:00
USDCNH,2024-07-10,7.2924,7.2884,7.2935,7.2878,,2024-07-11T08:00:00+08:00,next_calendar_day_08_cn,False,True,akshare:eastmoney:forex_hist_em,10,2026-09-08T02:49:23+00:00
USDCNH,2024-07-11,7.268,7.2914,7.2919,7.2582,,2024-07-12T08:00:00+08:00,next_calendar_day_08_cn,False,True,akshare:eastmoney:forex_hist_em,10,2026-09-08T02:49:23+00:00
USDCNH,2024-07-12,7.2728,7.2681,7.2786,7.2619,,2024-07-13T08:00:00+08:00,next_calendar_day_08_cn,False,True,akshare:eastmoney:forex_hist_em,10,2026-09-08T02:49:23+00:00
USDCNH,2024-07-15,7.2752,7.2775,7.2861,7.2687,,2024-07-16T08:00:00+08:00,next_calendar_day_08_cn,False,True,akshare:eastmoney:forex_hist_em,10,2026-09-08T02:49:23+00:00
USDCNH,2024-07-16,7.2896,7.2743,7.2924,7.273,,2024-07-17T08:00:00+08:00,next_calendar_day_08_cn,False,True,akshare:eastmoney:forex_hist_em,10,2026-09-08T02:49:23+00:00
USDCNH,2024-07-17,7.272,7.2895,7.2919,7.2608,,2024-07-18T08:00:00+08:00,next_calendar_day_08_cn,False,True,akshare:eastmoney:forex_hist_em,10,2026-09-08T02:49:23+00:00
USDCNH,2024-07-18,7.2773,7.2722,7.2788,7.2611,,2024-07-19T08:00:00+08:00,next_calendar_day_08_cn,False,True,akshare:eastmoney:forex_hist_em,10,2026-09-08T02:49:23+00:00
USDCNH,2024-07-19,7.2852,7.2773,7.2878,7.2765,,2024-07-20T08:00:00+08:00,next_calendar_day_08_cn,False,True,akshare:eastmoney:forex_hist_em,10,2026-09-08T02:49:23+00:00
USDCNH,2024-07-22,7.2957,7.2857,7.2971,7.2781,,2024-07-23T08:00:00+08:00,next_calendar_day_08_cn,False,True,akshare:eastmoney:forex_hist_em,10,2026-09-08T02:49:23+00:00
USDCNH,2024-07-23,7.2888,7.296,7.2973,7.2858,,2024-07-24T08:00:00+08:00,next_calendar_day_08_cn,False,True,akshare:eastmoney:forex_hist_em,10,2026-09-08T02:49:23+00:00
USDCNH,2024-07-24,7.2655,7.2885,7.2916,7.2619,,2024-07-25T08:00:00+08:00,next_calendar_day_08_cn,False,True,akshare:eastmoney:forex_hist_em,10,2026-09-08T02:49:23+00:00
USDCNH,2024-07-25,7.2398,7.2676,7.2718,7.2037,,2024-07-26T08:00:00+08:00,next_calendar_day_08_cn,False,True,akshare:eastmoney:forex_hist_em,10,2026-09-08T02:49:23+00:00
USDCNH,2024-07-26,7.2638,7.2402,7.266,7.2336,,2024-07-27T08:00:00+08:00,next_calendar_day_08_cn,False,True,akshare:eastmoney:forex_hist_em,10,2026-09-08T02:49:23+00:00
USDCNH,2024-07-29,7.2713,7.2625,7.2739,7.2587,,2024-07-30T08:00:00+08:00,next_calendar_day_08_cn,False,True,akshare:eastmoney:forex_hist_em,10,2026-09-08T02:49:23+00:00
USDCNH,2024-07-30,7.2433,7.2718,7.276,7.2357,,2024-07-31T08:00:00+08:00,next_calendar_day_08_cn,False,True,akshare:eastmoney:forex_hist_em,10,2026-09-08T02:49:23+00:00
USDCNH,2024-07-31,7.2276,7.2432,7.252,7.2135,,2024-08-01T08:00:00+08:00,next_calendar_day_08_cn,False,True,akshare:eastmoney:forex_hist_em,10,2026-09-08T02:49:23+00:00
USDCNH,2024-08-01,7.2502,7.2275,7.2583,7.2101,,2024-08-02T08:00:00+08:00,next_calendar_day_08_cn,False,True,akshare:eastmoney:forex_hist_em,10,2026-09-08T02:49:23+00:00
USDCNH,2024-08-02,7.1651,7.248,7.2512,7.1442,,2024-08-03T08:00:00+08:00,next_calendar_day_08_cn,False,True,akshare:eastmoney:forex_hist_em,10,2026-09-08T02:49:23+00:00
USDCNH,2024-08-05,7.1395,7.1617,7.1642,7.0846,,2024-08-06T08:00:00+08:00,next_calendar_day_08_cn,False,True,akshare:eastmoney:forex_hist_em,10,2026-09-08T02:49:23+00:00
USDCNH,2024-08-06,7.1592,7.1446,7.165,7.1339,,2024-08-07T08:00:00+08:00,next_calendar_day_08_cn,False,True,akshare:eastmoney:forex_hist_em,10,2026-09-08T02:49:23+00:00
USDCNH,2024-08-07,7.1734,7.159,7.1938,7.1575,,2024-08-08T08:00:00+08:00,next_calendar_day_08_cn,False,True,akshare:eastmoney:forex_hist_em,10,2026-09-08T02:49:23+00:00
USDCNH,2024-08-08,7.1849,7.1731,7.185,7.1547,,2024-08-09T08:00:00+08:00,next_calendar_day_08_cn,False,True,akshare:eastmoney:forex_hist_em,10,2026-09-08T02:49:23+00:00
USDCNH,2024-08-09,7.177,7.1835,7.1898,7.1636,,2024-08-10T08:00:00+08:00,next_calendar_day_08_cn,False,True,akshare:eastmoney:forex_hist_em,10,2026-09-08T02:49:23+00:00
USDCNH,2024-08-12,7.1784,7.1704,7.1854,7.1696,,2024-08-13T08:00:00+08:00,next_calendar_day_08_cn,False,True,akshare:eastmoney:forex_hist_em,10,2026-09-08T02:49:23+00:00
USDCNH,2024-08-13,7.148,7.1785,7.183,7.1455,,2024-08-14T08:00:00+08:00,next_calendar_day_08_cn,False,True,akshare:eastmoney:forex_hist_em,10,2026-09-08T02:49:23+00:00
USDCNH,2024-08-14,7.1465,7.1488,7.1534,7.1317,,2024-08-15T08:00:00+08:00,next_calendar_day_08_cn,False,True,akshare:eastmoney:forex_hist_em,10,2026-09-08T02:49:23+00:00
USDCNH,2024-08-15,7.181,7.1475,7.1846,7.1454,,2024-08-16T08:00:00+08:00,next_calendar_day_08_cn,False,True,akshare:eastmoney:forex_hist_em,10,2026-09-08T02:49:23+00:00
USDCNH,2024-08-16,7.1642,7.1809,7.1838,7.1606,,2024-08-17T08:00:00+08:00,next_calendar_day_08_cn,False,True,akshare:eastmoney:forex_hist_em,10,2026-09-08T02:49:23+00:00
USDCNH,2024-08-19,7.1333,7.162,7.1645,7.1288,,2024-08-20T08:00:00+08:00,next_calendar_day_08_cn,False,True,akshare:eastmoney:forex_hist_em,10,2026-09-08T02:49:23+00:00
USDCNH,2024-08-20,7.1165,7.1328,7.1469,7.1157,,2024-08-21T08:00:00+08:00,next_calendar_day_08_cn,False,True,akshare:eastmoney:forex_hist_em,10,2026-09-08T02:49:23+00:00
USDCNH,2024-08-21,7.133,7.1192,7.139,7.1128,,2024-08-22T08:00:00+08:00,next_calendar_day_08_cn,False,True,akshare:eastmoney:forex_hist_em,10,2026-09-08T02:49:23+00:00
USDCNH,2024-08-22,7.1468,7.1363,7.1493,7.1261,,2024-08-23T08:00:00+08:00,next_calendar_day_08_cn,False,True,akshare:eastmoney:forex_hist_em,10,2026-09-08T02:49:23+00:00
USDCNH,2024-08-23,7.117,7.1469,7.1479,7.1131,,2024-08-24T08:00:00+08:00,next_calendar_day_08_cn,False,True,akshare:eastmoney:forex_hist_em,10,2026-09-08T02:49:23+00:00
USDCNH,2024-08-26,7.1231,7.1164,7.1252,7.107,,2024-08-27T08:00:00+08:00,next_calendar_day_08_cn,False,True,akshare:eastmoney:forex_hist_em,10,2026-09-08T02:49:23+00:00
USDCNH,2024-08-27,7.1207,7.1227,7.1338,7.1192,,2024-08-28T08:00:00+08:00,next_calendar_day_08_cn,False,True,akshare:eastmoney:forex_hist_em,10,2026-09-08T02:49:23+00:00
USDCNH,2024-08-28,7.1325,7.122,7.1408,7.1189,,2024-08-29T08:00:00+08:00,next_calendar_day_08_cn,False,True,akshare:eastmoney:forex_hist_em,10,2026-09-08T02:49:23+00:00
USDCNH,2024-08-29,7.0948,7.1313,7.1322,7.0849,,2024-08-30T08:00:00+08:00,next_calendar_day_08_cn,False,True,akshare:eastmoney:forex_hist_em,10,2026-09-08T02:49:23+00:00
USDCNH,2024-08-30,7.0905,7.0944,7.0976,7.0713,,2024-08-31T08:00:00+08:00,next_calendar_day_08_cn,False,True,akshare:eastmoney:forex_hist_em,10,2026-09-08T02:49:23+00:00
USDCNH,2024-09-02,7.1165,7.0888,7.1189,7.0882,,2024-09-03T08:00:00+08:00,next_calendar_day_08_cn,False,True,akshare:eastmoney:forex_hist_em,10,2026-09-08T02:49:23+00:00
USDCNH,2024-09-03,7.1205,7.1156,7.1307,7.1123,,2024-09-04T08:00:00+08:00,next_calendar_day_08_cn,False,True,akshare:eastmoney:forex_hist_em,10,2026-09-08T02:49:23+00:00
USDCNH,2024-09-04,7.1129,7.1211,7.1238,7.1061,,2024-09-05T08:00:00+08:00,next_calendar_day_08_cn,False,True,akshare:eastmoney:forex_hist_em,10,2026-09-08T02:49:23+00:00
USDCNH,2024-09-05,7.0895,7.1151,7.1156,7.0872,,2024-09-06T08:00:00+08:00,next_calendar_day_08_cn,False,True,akshare:eastmoney:forex_hist_em,10,2026-09-08T02:49:23+00:00
USDCNH,2024-09-06,7.0934,7.0904,7.1006,7.0742,,2024-09-07T08:00:00+08:00,next_calendar_day_08_cn,False,True,akshare:eastmoney:forex_hist_em,10,2026-09-08T02:49:23+00:00
USDCNH,2024-09-09,7.1202,7.095,7.1255,7.0927,,2024-09-10T08:00:00+08:00,next_calendar_day_08_cn,False,True,akshare:eastmoney:forex_hist_em,10,2026-09-08T02:49:23+00:00
USDCNH,2024-09-10,7.1355,7.1205,7.1356,7.1174,,2024-09-11T08:00:00+08:00,next_calendar_day_08_cn,False,True,akshare:eastmoney:forex_hist_em,10,2026-09-08T02:49:23+00:00
USDCNH,2024-09-11,7.13,7.1356,7.1366,7.1081,,2024-09-12T08:00:00+08:00,next_calendar_day_08_cn,False,True,akshare:eastmoney:forex_hist_em,10,2026-09-08T02:49:23+00:00
USDCNH,2024-09-12,7.119,7.129,7.133,7.1074,,2024-09-13T08:00:00+08:00,next_calendar_day_08_cn,False,True,akshare:eastmoney:forex_hist_em,10,2026-09-08T02:49:23+00:00
USDCNH,2024-09-13,7.0995,7.1186,7.121,7.091,,2024-09-14T08:00:00+08:00,next_calendar_day_08_cn,False,True,akshare:eastmoney:forex_hist_em,10,2026-09-08T02:49:23+00:00
USDCNH,2024-09-16,7.097,7.1004,7.1047,7.0881,,2024-09-17T08:00:00+08:00,next_calendar_day_08_cn,False,True,akshare:eastmoney:forex_hist_em,10,2026-09-08T02:49:23+00:00
USDCNH,2024-09-17,7.1115,7.0964,7.1116,7.0928,,2024-09-18T08:00:00+08:00,next_calendar_day_08_cn,False,True,akshare:eastmoney:forex_hist_em,10,2026-09-08T02:49:23+00:00
USDCNH,2024-09-18,7.0948,7.1108,7.1117,7.0701,,2024-09-19T08:00:00+08:00,next_calendar_day_08_cn,False,True,akshare:eastmoney:forex_hist_em,10,2026-09-08T02:49:23+00:00
USDCNH,2024-09-19,7.0708,7.0954,7.1136,7.0603,,2024-09-20T08:00:00+08:00,next_calendar_day_08_cn,False,True,akshare:eastmoney:forex_hist_em,10,2026-09-08T02:49:23+00:00
USDCNH,2024-09-20,7.0413,7.071,7.0737,7.0399,,2024-09-21T08:00:00+08:00,next_calendar_day_08_cn,False,True,akshare:eastmoney:forex_hist_em,10,2026-09-08T02:49:23+00:00
USDCNH,2024-09-23,7.0606,7.0462,7.065,7.04,,2024-09-24T08:00:00+08:00,next_calendar_day_08_cn,False,True,akshare:eastmoney:forex_hist_em,10,2026-09-08T02:49:23+00:00
USDCNH,2024-09-24,7.0105,7.0604,7.0689,7.01,,2024-09-25T08:00:00+08:00,next_calendar_day_08_cn,False,True,akshare:eastmoney:forex_hist_em,10,2026-09-08T02:49:23+00:00
USDCNH,2024-09-25,7.0325,7.0099,7.0357,6.9963,,2024-09-26T08:00:00+08:00,next_calendar_day_08_cn,False,True,akshare:eastmoney:forex_hist_em,10,2026-09-08T02:49:23+00:00
USDCNH,2024-09-26,6.9724,7.0333,7.0354,6.9714,,2024-09-27T08:00:00+08:00,next_calendar_day_08_cn,False,True,akshare:eastmoney:forex_hist_em,10,2026-09-08T02:49:23+00:00
USDCNH,2024-09-27,6.983,6.9717,7.0041,6.9651,,2024-09-28T08:00:00+08:00,next_calendar_day_08_cn,False,True,akshare:eastmoney:forex_hist_em,10,2026-09-08T02:49:23+00:00
USDCNH,2024-09-30,7.0067,6.9791,7.014,6.9735,,2024-10-01T08:00:00+08:00,next_calendar_day_08_cn,False,True,akshare:eastmoney:forex_hist_em,10,2026-09-08T02:49:23+00:00
USDCNH,2024-10-01,7.0305,7.0084,7.0354,7.0012,,2024-10-02T08:00:00+08:00,next_calendar_day_08_cn,False,True,akshare:eastmoney:forex_hist_em,10,2026-09-08T02:49:23+00:00
USDCNH,2024-10-02,7.0369,7.0304,7.0389,7.0062,,2024-10-03T08:00:00+08:00,next_calendar_day_08_cn,False,True,akshare:eastmoney:forex_hist_em,10,2026-09-08T02:49:23+00:00
USDCNH,2024-10-03,7.0512,7.0368,7.055,7.0357,,2024-10-04T08:00:00+08:00,next_calendar_day_08_cn,False,True,akshare:eastmoney:forex_hist_em,10,2026-09-08T02:49:23+00:00
USDCNH,2024-10-04,7.1023,7.0517,7.1035,7.0472,,2024-10-05T08:00:00+08:00,next_calendar_day_08_cn,False,True,akshare:eastmoney:forex_hist_em,10,2026-09-08T02:49:23+00:00
USDCNH,2024-10-07,7.0716,7.0987,7.1013,7.0581,,2024-10-08T08:00:00+08:00,next_calendar_day_08_cn,False,True,akshare:eastmoney:forex_hist_em,10,2026-09-08T02:49:23+00:00
USDCNH,2024-10-08,7.0736,7.0704,7.0843,7.0467,,2024-10-09T08:00:00+08:00,next_calendar_day_08_cn,False,True,akshare:eastmoney:forex_hist_em,10,2026-09-08T02:49:23+00:00
USDCNH,2024-10-09,7.0937,7.0722,7.0984,7.0539,,2024-10-10T08:00:00+08:00,next_calendar_day_08_cn,False,True,akshare:eastmoney:forex_hist_em,10,2026-09-08T02:49:23+00:00
USDCNH,2024-10-10,7.083,7.0925,7.0952,7.0688,,2024-10-11T08:00:00+08:00,next_calendar_day_08_cn,False,True,akshare:eastmoney:forex_hist_em,10,2026-09-08T02:49:23+00:00
USDCNH,2024-10-11,7.0703,7.0846,7.0885,7.0666,,2024-10-12T08:00:00+08:00,next_calendar_day_08_cn,False,True,akshare:eastmoney:forex_hist_em,10,2026-09-08T02:49:23+00:00
USDCNH,2024-10-14,7.0954,7.0786,7.1001,7.0777,,2024-10-15T08:00:00+08:00,next_calendar_day_08_cn,False,True,akshare:eastmoney:forex_hist_em,10,2026-09-08T02:49:23+00:00
USDCNH,2024-10-15,7.1363,7.0956,7.1432,7.091,,2024-10-16T08:00:00+08:00,next_calendar_day_08_cn,False,True,akshare:eastmoney:forex_hist_em,10,2026-09-08T02:49:23+00:00
USDCNH,2024-10-16,7.1368,7.1371,7.1418,7.1212,,2024-10-17T08:00:00+08:00,next_calendar_day_08_cn,False,True,akshare:eastmoney:forex_hist_em,10,2026-09-08T02:49:23+00:00
USDCNH,2024-10-17,7.1371,7.136,7.147,7.1261,,2024-10-18T08:00:00+08:00,next_calendar_day_08_cn,False,True,akshare:eastmoney:forex_hist_em,10,2026-09-08T02:49:23+00:00
USDCNH,2024-10-18,7.1181,7.1371,7.1391,7.1099,,2024-10-19T08:00:00+08:00,next_calendar_day_08_cn,False,True,akshare:eastmoney:forex_hist_em,10,2026-09-08T02:49:23+00:00
USDCNH,2024-10-21,7.1368,7.1175,7.138,7.1082,,2024-10-22T08:00:00+08:00,next_calendar_day_08_cn,False,True,akshare:eastmoney:forex_hist_em,10,2026-09-08T02:49:23+00:00
USDCNH,2024-10-22,7.1352,7.136,7.139,7.1299,,2024-10-23T08:00:00+08:00,next_calendar_day_08_cn,False,True,akshare:eastmoney:forex_hist_em,10,2026-09-08T02:49:23+00:00
USDCNH,2024-10-23,7.1357,7.1347,7.1467,7.1335,,2024-10-24T08:00:00+08:00,next_calendar_day_08_cn,False,True,akshare:eastmoney:forex_hist_em,10,2026-09-08T02:49:23+00:00
USDCNH,2024-10-24,7.1245,7.1357,7.1378,7.1164,,2024-10-25T08:00:00+08:00,next_calendar_day_08_cn,False,True,akshare:eastmoney:forex_hist_em,10,2026-09-08T02:49:23+00:00
USDCNH,2024-10-25,7.1356,7.1243,7.1377,7.1234,,2024-10-26T08:00:00+08:00,next_calendar_day_08_cn,False,True,akshare:eastmoney:forex_hist_em,10,2026-09-08T02:49:23+00:00
USDCNH,2024-10-28,7.1448,7.1326,7.1497,7.1326,,2024-10-29T08:00:00+08:00,next_calendar_day_08_cn,False,True,akshare:eastmoney:forex_hist_em,10,2026-09-08T02:49:23+00:00
USDCNH,2024-10-29,7.143,7.1446,7.164,7.1378,,2024-10-30T08:00:00+08:00,next_calendar_day_08_cn,False,True,akshare:eastmoney:forex_hist_em,10,2026-09-08T02:49:23+00:00
USDCNH,2024-10-30,7.1254,7.1429,7.1523,7.1237,,2024-10-31T08:00:00+08:00,next_calendar_day_08_cn,False,True,akshare:eastmoney:forex_hist_em,10,2026-09-08T02:49:23+00:00
USDCNH,2024-10-31,7.1212,7.1254,7.1344,7.1201,,2024-11-01T08:00:00+08:00,next_calendar_day_08_cn,False,True,akshare:eastmoney:forex_hist_em,10,2026-09-08T02:49:23+00:00
USDCNH,2024-11-01,7.1394,7.1214,7.1401,7.1152,,2024-11-02T08:00:00+08:00,next_calendar_day_08_cn,False,True,akshare:eastmoney:forex_hist_em,10,2026-09-08T02:49:23+00:00
USDCNH,2024-11-04,7.1106,7.1112,7.1182,7.0869,,2024-11-05T08:00:00+08:00,next_calendar_day_08_cn,False,True,akshare:eastmoney:forex_hist_em,10,2026-09-08T02:49:23+00:00
USDCNH,2024-11-05,7.1018,7.1111,7.1169,7.101,,2024-11-06T08:00:00+08:00,next_calendar_day_08_cn,False,True,akshare:eastmoney:forex_hist_em,10,2026-09-08T02:49:23+00:00
USDCNH,2024-11-06,7.2044,7.1013,7.2095,7.0908,,2024-11-07T08:00:00+08:00,next_calendar_day_08_cn,False,True,akshare:eastmoney:forex_hist_em,10,2026-09-08T02:49:23+00:00
USDCNH,2024-11-07,7.1493,7.2035,7.2126,7.1419,,2024-11-08T08:00:00+08:00,next_calendar_day_08_cn,False,True,akshare:eastmoney:forex_hist_em,10,2026-09-08T02:49:23+00:00
USDCNH,2024-11-08,7.2011,7.1482,7.2091,7.146,,2024-11-09T08:00:00+08:00,next_calendar_day_08_cn,False,True,akshare:eastmoney:forex_hist_em,10,2026-09-08T02:49:23+00:00
USDCNH,2024-11-11,7.2276,7.1995,7.2333,7.1865,,2024-11-12T08:00:00+08:00,next_calendar_day_08_cn,False,True,akshare:eastmoney:forex_hist_em,10,2026-09-08T02:49:23+00:00
USDCNH,2024-11-12,7.2431,7.2288,7.2555,7.2234,,2024-11-13T08:00:00+08:00,next_calendar_day_08_cn,False,True,akshare:eastmoney:forex_hist_em,10,2026-09-08T02:49:23+00:00
USDCNH,2024-11-13,7.243,7.2432,7.2489,7.2139,,2024-11-14T08:00:00+08:00,next_calendar_day_08_cn,False,True,akshare:eastmoney:forex_hist_em,10,2026-09-08T02:49:23+00:00
USDCNH,2024-11-14,7.2525,7.2441,7.2664,7.2367,,2024-11-15T08:00:00+08:00,next_calendar_day_08_cn,False,True,akshare:eastmoney:forex_hist_em,10,2026-09-08T02:49:23+00:00
USDCNH,2024-11-15,7.2389,7.253,7.2578,7.2308,,2024-11-16T08:00:00+08:00,next_calendar_day_08_cn,False,True,akshare:eastmoney:forex_hist_em,10,2026-09-08T02:49:23+00:00
USDCNH,2024-11-18,7.2273,7.2394,7.2533,7.2256,,2024-11-19T08:00:00+08:00,next_calendar_day_08_cn,False,True,akshare:eastmoney:forex_hist_em,10,2026-09-08T02:49:23+00:00
USDCNH,2024-11-19,7.2338,7.2294,7.2481,7.2256,,2024-11-20T08:00:00+08:00,next_calendar_day_08_cn,False,True,akshare:eastmoney:forex_hist_em,10,2026-09-08T02:49:23+00:00
USDCNH,2024-11-20,7.2501,7.2356,7.2558,7.2322,,2024-11-21T08:00:00+08:00,next_calendar_day_08_cn,False,True,akshare:eastmoney:forex_hist_em,10,2026-09-08T02:49:23+00:00
USDCNH,2024-11-21,7.2555,7.251,7.2594,7.2406,,2024-11-22T08:00:00+08:00,next_calendar_day_08_cn,False,True,akshare:eastmoney:forex_hist_em,10,2026-09-08T02:49:23+00:00
USDCNH,2024-11-22,7.2596,7.2548,7.2672,7.2506,,2024-11-23T08:00:00+08:00,next_calendar_day_08_cn,False,True,akshare:eastmoney:forex_hist_em,10,2026-09-08T02:49:23+00:00
USDCNH,2024-11-25,7.2465,7.2428,7.2579,7.2361,,2024-11-26T08:00:00+08:00,next_calendar_day_08_cn,False,True,akshare:eastmoney:forex_hist_em,10,2026-09-08T02:49:23+00:00
USDCNH,2024-11-26,7.2584,7.2469,7.2722,7.2443,,2024-11-27T08:00:00+08:00,next_calendar_day_08_cn,False,True,akshare:eastmoney:forex_hist_em,10,2026-09-08T02:49:23+00:00
USDCNH,2024-11-27,7.2454,7.2585,7.2695,7.2424,,2024-11-28T08:00:00+08:00,next_calendar_day_08_cn,False,True,akshare:eastmoney:forex_hist_em,10,2026-09-08T02:49:23+00:00
USDCNH,2024-11-28,7.25,7.2454,7.2596,7.2417,,2024-11-29T08:00:00+08:00,next_calendar_day_08_cn,False,True,akshare:eastmoney:forex_hist_em,10,2026-09-08T02:49:23+00:00
USDCNH,2024-11-29,7.2496,7.2507,7.2549,7.229,,2024-11-30T08:00:00+08:00,next_calendar_day_08_cn,False,True,akshare:eastmoney:forex_hist_em,10,2026-09-08T02:49:23+00:00
USDCNH,2024-12-02,7.2863,7.257,7.2957,7.2524,,2024-12-03T08:00:00+08:00,next_calendar_day_08_cn,False,True,akshare:eastmoney:forex_hist_em,10,2026-09-08T02:49:23+00:00
USDCNH,2024-12-03,7.2999,7.2868,7.314,7.2835,,2024-12-04T08:00:00+08:00,next_calendar_day_08_cn,False,True,akshare:eastmoney:forex_hist_em,10,2026-09-08T02:49:23+00:00
USDCNH,2024-12-04,7.2777,7.2997,7.3063,7.2674,,2024-12-05T08:00:00+08:00,next_calendar_day_08_cn,False,True,akshare:eastmoney:forex_hist_em,10,2026-09-08T02:49:23+00:00
USDCNH,2024-12-05,7.2635,7.277,7.2857,7.263,,2024-12-06T08:00:00+08:00,next_calendar_day_08_cn,False,True,akshare:eastmoney:forex_hist_em,10,2026-09-08T02:49:23+00:00
USDCNH,2024-12-06,7.2834,7.2636,7.287,7.2566,,2024-12-07T08:00:00+08:00,next_calendar_day_08_cn,False,True,akshare:eastmoney:forex_hist_em,10,2026-09-08T02:49:23+00:00
USDCNH,2024-12-09,7.2678,7.2819,7.2927,7.2572,,2024-12-10T08:00:00+08:00,next_calendar_day_08_cn,False,True,akshare:eastmoney:forex_hist_em,10,2026-09-08T02:49:23+00:00
USDCNH,2024-12-10,7.2579,7.2676,7.2709,7.2424,,2024-12-11T08:00:00+08:00,next_calendar_day_08_cn,False,True,akshare:eastmoney:forex_hist_em,10,2026-09-08T02:49:23+00:00
USDCNH,2024-12-11,7.2799,7.257,7.2912,7.2431,,2024-12-12T08:00:00+08:00,next_calendar_day_08_cn,False,True,akshare:eastmoney:forex_hist_em,10,2026-09-08T02:49:23+00:00
USDCNH,2024-12-12,7.2757,7.2786,7.283,7.2562,,2024-12-13T08:00:00+08:00,next_calendar_day_08_cn,False,True,akshare:eastmoney:forex_hist_em,10,2026-09-08T02:49:23+00:00
USDCNH,2024-12-13,7.2796,7.2756,7.2925,7.2746,,2024-12-14T08:00:00+08:00,next_calendar_day_08_cn,False,True,akshare:eastmoney:forex_hist_em,10,2026-09-08T02:49:23+00:00
USDCNH,2024-12-16,7.2927,7.282,7.295,7.2763,,2024-12-17T08:00:00+08:00,next_calendar_day_08_cn,False,True,akshare:eastmoney:forex_hist_em,10,2026-09-08T02:49:23+00:00
USDCNH,2024-12-17,7.2881,7.293,7.2959,7.2852,,2024-12-18T08:00:00+08:00,next_calendar_day_08_cn,False,True,akshare:eastmoney:forex_hist_em,10,2026-09-08T02:49:23+00:00
USDCNH,2024-12-18,7.3244,7.2879,7.3255,7.2843,,2024-12-19T08:00:00+08:00,next_calendar_day_08_cn,False,True,akshare:eastmoney:forex_hist_em,10,2026-09-08T02:49:23+00:00
USDCNH,2024-12-19,7.31,7.324,7.3264,7.3054,,2024-12-20T08:00:00+08:00,next_calendar_day_08_cn,False,True,akshare:eastmoney:forex_hist_em,10,2026-09-08T02:49:23+00:00
USDCNH,2024-12-20,7.2927,7.3092,7.314,7.2909,,2024-12-21T08:00:00+08:00,next_calendar_day_08_cn,False,True,akshare:eastmoney:forex_hist_em,10,2026-09-08T02:49:23+00:00
USDCNH,2024-12-23,7.3077,7.2919,7.3135,7.2851,,2024-12-24T08:00:00+08:00,next_calendar_day_08_cn,False,True,akshare:eastmoney:forex_hist_em,10,2026-09-08T02:49:23+00:00
USDCNH,2024-12-24,7.307,7.3071,7.3096,7.2976,,2024-12-25T08:00:00+08:00,next_calendar_day_08_cn,False,True,akshare:eastmoney:forex_hist_em,10,2026-09-08T02:49:23+00:00
USDCNH,2024-12-25,7.303,7.3124,7.3174,7.2979,,2024-12-26T08:00:00+08:00,next_calendar_day_08_cn,False,True,akshare:eastmoney:forex_hist_em,10,2026-09-08T02:49:23+00:00
USDCNH,2024-12-26,7.3028,7.3012,7.3114,7.3004,,2024-12-27T08:00:00+08:00,next_calendar_day_08_cn,False,True,akshare:eastmoney:forex_hist_em,10,2026-09-08T02:49:23+00:00
USDCNH,2024-12-27,7.3004,7.3029,7.3097,7.2953,,2024-12-28T08:00:00+08:00,next_calendar_day_08_cn,False,True,akshare:eastmoney:forex_hist_em,10,2026-09-08T02:49:23+00:00
USDCNH,2024-12-30,7.3145,7.2995,7.3195,7.2978,,2024-12-31T08:00:00+08:00,next_calendar_day_08_cn,False,True,akshare:eastmoney:forex_hist_em,10,2026-09-08T02:49:23+00:00
USDCNH,2024-12-31,7.3368,7.3148,7.369,7.3053,,2025-01-01T08:00:00+08:00,next_calendar_day_08_cn,False,True,akshare:eastmoney:forex_hist_em,10,2026-09-08T02:49:23+00:00
USDCNH,2025-01-01,7.335,7.3355,7.3357,7.3344,,2025-01-02T08:00:00+08:00,next_calendar_day_08_cn,False,True,akshare:eastmoney:forex_hist_em,10,2026-09-08T02:49:23+00:00
USDCNH,2025-01-02,7.3402,7.335,7.3446,7.3161,,2025-01-03T08:00:00+08:00,next_calendar_day_08_cn,False,True,akshare:eastmoney:forex_hist_em,10,2026-09-08T02:49:23+00:00
USDCNH,2025-01-03,7.3578,7.3399,7.3622,7.3247,,2025-01-04T08:00:00+08:00,next_calendar_day_08_cn,False,True,akshare:eastmoney:forex_hist_em,10,2026-09-08T02:49:23+00:00
USDCNH,2025-01-06,7.3459,7.3535,7.3647,7.3132,,2025-01-07T08:00:00+08:00,next_calendar_day_08_cn,False,True,akshare:eastmoney:forex_hist_em,10,2026-09-08T02:49:23+00:00
USDCNH,2025-01-07,7.3408,7.3465,7.3502,7.3309,,2025-01-08T08:00:00+08:00,next_calendar_day_08_cn,False,True,akshare:eastmoney:forex_hist_em,10,2026-09-08T02:49:23+00:00
USDCNH,2025-01-08,7.3534,7.3404,7.3615,7.3397,,2025-01-09T08:00:00+08:00,next_calendar_day_08_cn,False,True,akshare:eastmoney:forex_hist_em,10,2026-09-08T02:49:23+00:00
USDCNH,2025-01-09,7.356,7.3524,7.3589,7.3437,,2025-01-10T08:00:00+08:00,next_calendar_day_08_cn,False,True,akshare:eastmoney:forex_hist_em,10,2026-09-08T02:49:23+00:00
USDCNH,2025-01-10,7.3627,7.356,7.3645,7.3421,,2025-01-11T08:00:00+08:00,next_calendar_day_08_cn,False,True,akshare:eastmoney:forex_hist_em,10,2026-09-08T02:49:23+00:00
USDCNH,2025-01-13,7.3473,7.3619,7.3632,7.3472,,2025-01-14T08:00:00+08:00,next_calendar_day_08_cn,False,True,akshare:eastmoney:forex_hist_em,10,2026-09-08T02:49:23+00:00
USDCNH,2025-01-14,7.3445,7.3465,7.3524,7.3342,,2025-01-15T08:00:00+08:00,next_calendar_day_08_cn,False,True,akshare:eastmoney:forex_hist_em,10,2026-09-08T02:49:23+00:00
USDCNH,2025-01-15,7.3489,7.3425,7.3514,7.3359,,2025-01-16T08:00:00+08:00,next_calendar_day_08_cn,False,True,akshare:eastmoney:forex_hist_em,10,2026-09-08T02:49:23+00:00
USDCNH,2025-01-16,7.3464,7.347,7.3519,7.3427,,2025-01-17T08:00:00+08:00,next_calendar_day_08_cn,False,True,akshare:eastmoney:forex_hist_em,10,2026-09-08T02:49:23+00:00
USDCNH,2025-01-17,7.3427,7.3458,7.3575,7.3334,,2025-01-18T08:00:00+08:00,next_calendar_day_08_cn,False,True,akshare:eastmoney:forex_hist_em,10,2026-09-08T02:49:23+00:00
USDCNH,2025-01-20,7.2625,7.3365,7.3386,7.2602,,2025-01-21T08:00:00+08:00,next_calendar_day_08_cn,False,True,akshare:eastmoney:forex_hist_em,10,2026-09-08T02:49:23+00:00
USDCNH,2025-01-21,7.2677,7.2613,7.2964,7.2525,,2025-01-22T08:00:00+08:00,next_calendar_day_08_cn,False,True,akshare:eastmoney:forex_hist_em,10,2026-09-08T02:49:23+00:00
USDCNH,2025-01-22,7.283,7.2677,7.2898,7.2644,,2025-01-23T08:00:00+08:00,next_calendar_day_08_cn,False,True,akshare:eastmoney:forex_hist_em,10,2026-09-08T02:49:23+00:00
USDCNH,2025-01-23,7.2876,7.2817,7.297,7.2724,,2025-01-24T08:00:00+08:00,next_calendar_day_08_cn,False,True,akshare:eastmoney:forex_hist_em,10,2026-09-08T02:49:23+00:00
USDCNH,2025-01-24,7.244,7.2853,7.2881,7.2356,,2025-01-25T08:00:00+08:00,next_calendar_day_08_cn,False,True,akshare:eastmoney:forex_hist_em,10,2026-09-08T02:49:23+00:00
USDCNH,2025-01-27,7.2515,7.2433,7.2767,7.2391,,2025-01-28T08:00:00+08:00,next_calendar_day_08_cn,False,True,akshare:eastmoney:forex_hist_em,10,2026-09-08T02:49:23+00:00
USDCNH,2025-01-28,7.2723,7.2532,7.2858,7.2497,,2025-01-29T08:00:00+08:00,next_calendar_day_08_cn,False,True,akshare:eastmoney:forex_hist_em,10,2026-09-08T02:49:23+00:00
USDCNH,2025-01-29,7.2635,7.2729,7.2803,7.2565,,2025-01-30T08:00:00+08:00,next_calendar_day_08_cn,False,True,akshare:eastmoney:forex_hist_em,10,2026-09-08T02:49:23+00:00
USDCNH,2025-01-30,7.293,7.266,7.2939,7.259,,2025-01-31T08:00:00+08:00,next_calendar_day_08_cn,False,True,akshare:eastmoney:forex_hist_em,10,2026-09-08T02:49:23+00:00
USDCNH,2025-01-31,7.3205,7.293,7.3295,7.2759,,2025-02-01T08:00:00+08:00,next_calendar_day_08_cn,False,True,akshare:eastmoney:forex_hist_em,10,2026-09-08T02:49:23+00:00
USDCNH,2025-02-03,7.3117,7.3574,7.3676,7.3014,,2025-02-04T08:00:00+08:00,next_calendar_day_08_cn,False,True,akshare:eastmoney:forex_hist_em,10,2026-09-08T02:49:23+00:00
USDCNH,2025-02-04,7.2866,7.3118,7.3361,7.2746,,2025-02-05T08:00:00+08:00,next_calendar_day_08_cn,False,True,akshare:eastmoney:forex_hist_em,10,2026-09-08T02:49:23+00:00
USDCNH,2025-02-05,7.2828,7.2863,7.295,7.2697,,2025-02-06T08:00:00+08:00,next_calendar_day_08_cn,False,True,akshare:eastmoney:forex_hist_em,10,2026-09-08T02:49:23+00:00
USDCNH,2025-02-06,7.2887,7.2811,7.2997,7.2757,,2025-02-07T08:00:00+08:00,next_calendar_day_08_cn,False,True,akshare:eastmoney:forex_hist_em,10,2026-09-08T02:49:23+00:00
USDCNH,2025-02-07,7.3041,7.2888,7.3109,7.2841,,2025-02-08T08:00:00+08:00,next_calendar_day_08_cn,False,True,akshare:eastmoney:forex_hist_em,10,2026-09-08T02:49:23+00:00
USDCNH,2025-02-10,7.3099,7.3143,7.3175,7.3045,,2025-02-11T08:00:00+08:00,next_calendar_day_08_cn,False,True,akshare:eastmoney:forex_hist_em,10,2026-09-08T02:49:23+00:00
USDCNH,2025-02-11,7.3101,7.3104,7.3155,7.3057,,2025-02-12T08:00:00+08:00,next_calendar_day_08_cn,False,True,akshare:eastmoney:forex_hist_em,10,2026-09-08T02:49:23+00:00
USDCNH,2025-02-12,7.3109,7.31,7.3243,7.304,,2025-02-13T08:00:00+08:00,next_calendar_day_08_cn,False,True,akshare:eastmoney:forex_hist_em,10,2026-09-08T02:49:23+00:00
USDCNH,2025-02-13,7.2698,7.3101,7.3133,7.268,,2025-02-14T08:00:00+08:00,next_calendar_day_08_cn,False,True,akshare:eastmoney:forex_hist_em,10,2026-09-08T02:49:23+00:00
USDCNH,2025-02-14,7.26,7.2702,7.2911,7.2509,,2025-02-15T08:00:00+08:00,next_calendar_day_08_cn,False,True,akshare:eastmoney:forex_hist_em,10,2026-09-08T02:49:23+00:00
USDCNH,2025-02-17,7.2654,7.2593,7.2678,7.2426,,2025-02-18T08:00:00+08:00,next_calendar_day_08_cn,False,True,akshare:eastmoney:forex_hist_em,10,2026-09-08T02:49:23+00:00
USDCNH,2025-02-18,7.2757,7.2658,7.2863,7.263,,2025-02-19T08:00:00+08:00,next_calendar_day_08_cn,False,True,akshare:eastmoney:forex_hist_em,10,2026-09-08T02:49:23+00:00
USDCNH,2025-02-19,7.2838,7.2761,7.2932,7.2726,,2025-02-20T08:00:00+08:00,next_calendar_day_08_cn,False,True,akshare:eastmoney:forex_hist_em,10,2026-09-08T02:49:23+00:00
USDCNH,2025-02-20,7.2369,7.2841,7.2856,7.2315,,2025-02-21T08:00:00+08:00,next_calendar_day_08_cn,False,True,akshare:eastmoney:forex_hist_em,10,2026-09-08T02:49:23+00:00
USDCNH,2025-02-21,7.2547,7.2352,7.2599,7.2335,,2025-02-22T08:00:00+08:00,next_calendar_day_08_cn,False,True,akshare:eastmoney:forex_hist_em,10,2026-09-08T02:49:23+00:00
USDCNH,2025-02-24,7.2545,7.2484,7.2549,7.2261,,2025-02-25T08:00:00+08:00,next_calendar_day_08_cn,False,True,akshare:eastmoney:forex_hist_em,10,2026-09-08T02:49:23+00:00
USDCNH,2025-02-25,7.2542,7.2529,7.2704,7.2478,,2025-02-26T08:00:00+08:00,next_calendar_day_08_cn,False,True,akshare:eastmoney:forex_hist_em,10,2026-09-08T02:49:23+00:00
USDCNH,2025-02-26,7.266,7.2545,7.2679,7.248,,2025-02-27T08:00:00+08:00,next_calendar_day_08_cn,False,True,akshare:eastmoney:forex_hist_em,10,2026-09-08T02:49:23+00:00
USDCNH,2025-02-27,7.3013,7.2651,7.3025,7.2623,,2025-02-28T08:00:00+08:00,next_calendar_day_08_cn,False,True,akshare:eastmoney:forex_hist_em,10,2026-09-08T02:49:23+00:00
USDCNH,2025-02-28,7.2954,7.3007,7.3019,7.2844,,2025-03-01T08:00:00+08:00,next_calendar_day_08_cn,False,True,akshare:eastmoney:forex_hist_em,10,2026-09-08T02:49:23+00:00
USDCNH,2025-03-03,7.3027,7.2915,7.3069,7.2848,,2025-03-04T08:00:00+08:00,next_calendar_day_08_cn,False,True,akshare:eastmoney:forex_hist_em,10,2026-09-08T02:49:23+00:00
USDCNH,2025-03-04,7.2543,7.3028,7.3069,7.2488,,2025-03-05T08:00:00+08:00,next_calendar_day_08_cn,False,True,akshare:eastmoney:forex_hist_em,10,2026-09-08T02:49:23+00:00
USDCNH,2025-03-05,7.2362,7.2532,7.2769,7.2343,,2025-03-06T08:00:00+08:00,next_calendar_day_08_cn,False,True,akshare:eastmoney:forex_hist_em,10,2026-09-08T02:49:23+00:00
USDCNH,2025-03-06,7.2438,7.2363,7.2534,7.2354,,2025-03-07T08:00:00+08:00,next_calendar_day_08_cn,False,True,akshare:eastmoney:forex_hist_em,10,2026-09-08T02:49:23+00:00
USDCNH,2025-03-07,7.2442,7.2441,7.2535,7.228,,2025-03-08T08:00:00+08:00,next_calendar_day_08_cn,False,True,akshare:eastmoney:forex_hist_em,10,2026-09-08T02:49:23+00:00
USDCNH,2025-03-10,7.2635,7.2452,7.2695,7.2361,,2025-03-11T08:00:00+08:00,next_calendar_day_08_cn,False,True,akshare:eastmoney:forex_hist_em,10,2026-09-08T02:49:23+00:00
USDCNH,2025-03-11,7.2267,7.2632,7.2638,7.2252,,2025-03-12T08:00:00+08:00,next_calendar_day_08_cn,False,True,akshare:eastmoney:forex_hist_em,10,2026-09-08T02:49:23+00:00
USDCNH,2025-03-12,7.2407,7.2274,7.2494,7.2163,,2025-03-13T08:00:00+08:00,next_calendar_day_08_cn,False,True,akshare:eastmoney:forex_hist_em,10,2026-09-08T02:49:23+00:00
USDCNH,2025-03-13,7.2491,7.2415,7.2534,7.2305,,2025-03-14T08:00:00+08:00,next_calendar_day_08_cn,False,True,akshare:eastmoney:forex_hist_em,10,2026-09-08T02:49:23+00:00
USDCNH,2025-03-14,7.2356,7.2493,7.2543,7.2311,,2025-03-15T08:00:00+08:00,next_calendar_day_08_cn,False,True,akshare:eastmoney:forex_hist_em,10,2026-09-08T02:49:23+00:00
USDCNH,2025-03-17,7.2264,7.2365,7.2446,7.225,,2025-03-18T08:00:00+08:00,next_calendar_day_08_cn,False,True,akshare:eastmoney:forex_hist_em,10,2026-09-08T02:49:23+00:00
USDCNH,2025-03-18,7.2275,7.2276,7.2372,7.2215,,2025-03-19T08:00:00+08:00,next_calendar_day_08_cn,False,True,akshare:eastmoney:forex_hist_em,10,2026-09-08T02:49:23+00:00
USDCNH,2025-03-19,7.2297,7.2276,7.2413,7.2272,,2025-03-20T08:00:00+08:00,next_calendar_day_08_cn,False,True,akshare:eastmoney:forex_hist_em,10,2026-09-08T02:49:23+00:00
USDCNH,2025-03-20,7.2524,7.2306,7.255,7.2265,,2025-03-21T08:00:00+08:00,next_calendar_day_08_cn,False,True,akshare:eastmoney:forex_hist_em,10,2026-09-08T02:49:23+00:00
USDCNH,2025-03-21,7.2584,7.2523,7.2601,7.2466,,2025-03-22T08:00:00+08:00,next_calendar_day_08_cn,False,True,akshare:eastmoney:forex_hist_em,10,2026-09-08T02:49:23+00:00
USDCNH,2025-03-24,7.2636,7.2575,7.2678,7.2476,,2025-03-25T08:00:00+08:00,next_calendar_day_08_cn,False,True,akshare:eastmoney:forex_hist_em,10,2026-09-08T02:49:23+00:00
USDCNH,2025-03-25,7.2658,7.2641,7.2714,7.261,,2025-03-26T08:00:00+08:00,next_calendar_day_08_cn,False,True,akshare:eastmoney:forex_hist_em,10,2026-09-08T02:49:23+00:00
USDCNH,2025-03-26,7.2793,7.2658,7.2822,7.2648,,2025-03-27T08:00:00+08:00,next_calendar_day_08_cn,False,True,akshare:eastmoney:forex_hist_em,10,2026-09-08T02:49:23+00:00
USDCNH,2025-03-27,7.2679,7.278,7.2815,7.2657,,2025-03-28T08:00:00+08:00,next_calendar_day_08_cn,False,True,akshare:eastmoney:forex_hist_em,10,2026-09-08T02:49:23+00:00
USDCNH,2025-03-28,7.2685,7.2682,7.2767,7.2662,,2025-03-29T08:00:00+08:00,next_calendar_day_08_cn,False,True,akshare:eastmoney:forex_hist_em,10,2026-09-08T02:49:23+00:00
USDCNH,2025-03-31,7.2658,7.2708,7.2736,7.2534,,2025-04-01T08:00:00+08:00,next_calendar_day_08_cn,False,True,akshare:eastmoney:forex_hist_em,10,2026-09-08T02:49:23+00:00
USDCNH,2025-04-01,7.2813,7.266,7.2839,7.2634,,2025-04-02T08:00:00+08:00,next_calendar_day_08_cn,False,True,akshare:eastmoney:forex_hist_em,10,2026-09-08T02:49:23+00:00
USDCNH,2025-04-02,7.2956,7.2812,7.2963,7.2679,,2025-04-03T08:00:00+08:00,next_calendar_day_08_cn,False,True,akshare:eastmoney:forex_hist_em,10,2026-09-08T02:49:23+00:00
USDCNH,2025-04-03,7.2803,7.2966,7.3478,7.275,,2025-04-04T08:00:00+08:00,next_calendar_day_08_cn,False,True,akshare:eastmoney:forex_hist_em,10,2026-09-08T02:49:23+00:00
USDCNH,2025-04-04,7.2961,7.2802,7.2999,7.2397,,2025-04-05T08:00:00+08:00,next_calendar_day_08_cn,False,True,akshare:eastmoney:forex_hist_em,10,2026-09-08T02:49:23+00:00
USDCNH,2025-04-07,7.3452,7.3032,7.3494,7.2932,,2025-04-08T08:00:00+08:00,next_calendar_day_08_cn,False,True,akshare:eastmoney:forex_hist_em,10,2026-09-08T02:49:23+00:00
USDCNH,2025-04-08,7.4271,7.3452,7.4287,7.3373,,2025-04-09T08:00:00+08:00,next_calendar_day_08_cn,False,True,akshare:eastmoney:forex_hist_em,10,2026-09-08T02:49:23+00:00
USDCNH,2025-04-09,7.3475,7.4261,7.4276,7.3437,,2025-04-10T08:00:00+08:00,next_calendar_day_08_cn,False,True,akshare:eastmoney:forex_hist_em,10,2026-09-08T02:49:23+00:00
USDCNH,2025-04-10,7.3114,7.3467,7.3716,7.3009,,2025-04-11T08:00:00+08:00,next_calendar_day_08_cn,False,True,akshare:eastmoney:forex_hist_em,10,2026-09-08T02:49:23+00:00
USDCNH,2025-04-11,7.2811,7.3107,7.3357,7.2791,,2025-04-12T08:00:00+08:00,next_calendar_day_08_cn,False,True,akshare:eastmoney:forex_hist_em,10,2026-09-08T02:49:23+00:00
USDCNH,2025-04-14,7.312,7.279,7.3248,7.279,,2025-04-15T08:00:00+08:00,next_calendar_day_08_cn,False,True,akshare:eastmoney:forex_hist_em,10,2026-09-08T02:49:23+00:00
USDCNH,2025-04-15,7.3293,7.3121,7.3302,7.3074,,2025-04-16T08:00:00+08:00,next_calendar_day_08_cn,False,True,akshare:eastmoney:forex_hist_em,10,2026-09-08T02:49:23+00:00
USDCNH,2025-04-16,7.299,7.329,7.3347,7.2955,,2025-04-17T08:00:00+08:00,next_calendar_day_08_cn,False,True,akshare:eastmoney:forex_hist_em,10,2026-09-08T02:49:23+00:00
USDCNH,2025-04-17,7.3023,7.2989,7.3162,7.2954,,2025-04-18T08:00:00+08:00,next_calendar_day_08_cn,False,True,akshare:eastmoney:forex_hist_em,10,2026-09-08T02:49:23+00:00
USDCNH,2025-04-18,7.3039,7.3012,7.3099,7.2916,,2025-04-19T08:00:00+08:00,next_calendar_day_08_cn,False,True,akshare:eastmoney:forex_hist_em,10,2026-09-08T02:49:23+00:00
USDCNH,2025-04-21,7.2941,7.3014,7.3015,7.2833,,2025-04-22T08:00:00+08:00,next_calendar_day_08_cn,False,True,akshare:eastmoney:forex_hist_em,10,2026-09-08T02:49:23+00:00
USDCNH,2025-04-22,7.3113,7.2936,7.3206,7.2919,,2025-04-23T08:00:00+08:00,next_calendar_day_08_cn,False,True,akshare:eastmoney:forex_hist_em,10,2026-09-08T02:49:23+00:00
USDCNH,2025-04-23,7.2874,7.3114,7.3158,7.2774,,2025-04-24T08:00:00+08:00,next_calendar_day_08_cn,False,True,akshare:eastmoney:forex_hist_em,10,2026-09-08T02:49:23+00:00
USDCNH,2025-04-24,7.2877,7.2852,7.3036,7.2852,,2025-04-25T08:00:00+08:00,next_calendar_day_08_cn,False,True,akshare:eastmoney:forex_hist_em,10,2026-09-08T02:49:23+00:00
USDCNH,2025-04-25,7.289,7.2888,7.2985,7.2819,,2025-04-26T08:00:00+08:00,next_calendar_day_08_cn,False,True,akshare:eastmoney:forex_hist_em,10,2026-09-08T02:49:23+00:00
USDCNH,2025-04-28,7.2848,7.2889,7.3025,7.2828,,2025-04-29T08:00:00+08:00,next_calendar_day_08_cn,False,True,akshare:eastmoney:forex_hist_em,10,2026-09-08T02:49:23+00:00
USDCNH,2025-04-29,7.2688,7.285,7.2887,7.2568,,2025-04-30T08:00:00+08:00,next_calendar_day_08_cn,False,True,akshare:eastmoney:forex_hist_em,10,2026-09-08T02:49:23+00:00
USDCNH,2025-04-30,7.2691,7.269,7.276,7.2599,,2025-05-01T08:00:00+08:00,next_calendar_day_08_cn,False,True,akshare:eastmoney:forex_hist_em,10,2026-09-08T02:49:23+00:00
USDCNH,2025-05-01,7.2778,7.2691,7.2868,7.2689,,2025-05-02T08:00:00+08:00,next_calendar_day_08_cn,False,True,akshare:eastmoney:forex_hist_em,10,2026-09-08T02:49:23+00:00
USDCNH,2025-05-02,7.2116,7.2779,7.279,7.2091,,2025-05-03T08:00:00+08:00,next_calendar_day_08_cn,False,True,akshare:eastmoney:forex_hist_em,10,2026-09-08T02:49:23+00:00
USDCNH,2025-05-05,7.201,7.2154,7.217,7.1846,,2025-05-06T08:00:00+08:00,next_calendar_day_08_cn,False,True,akshare:eastmoney:forex_hist_em,10,2026-09-08T02:49:23+00:00
USDCNH,2025-05-06,7.2103,7.2013,7.2352,7.2004,,2025-05-07T08:00:00+08:00,next_calendar_day_08_cn,False,True,akshare:eastmoney:forex_hist_em,10,2026-09-08T02:49:23+00:00
USDCNH,2025-05-07,7.2282,7.2104,7.2297,7.1892,,2025-05-08T08:00:00+08:00,next_calendar_day_08_cn,False,True,akshare:eastmoney:forex_hist_em,10,2026-09-08T02:49:23+00:00
USDCNH,2025-05-08,7.2436,7.2285,7.2466,7.2183,,2025-05-09T08:00:00+08:00,next_calendar_day_08_cn,False,True,akshare:eastmoney:forex_hist_em,10,2026-09-08T02:49:23+00:00
USDCNH,2025-05-09,7.2402,7.2434,7.2524,7.2342,,2025-05-10T08:00:00+08:00,next_calendar_day_08_cn,False,True,akshare:eastmoney:forex_hist_em,10,2026-09-08T02:49:23+00:00
USDCNH,2025-05-12,7.1995,7.2241,7.2298,7.1922,,2025-05-13T08:00:00+08:00,next_calendar_day_08_cn,False,True,akshare:eastmoney:forex_hist_em,10,2026-09-08T02:49:23+00:00
USDCNH,2025-05-13,7.1965,7.2002,7.2041,7.1792,,2025-05-14T08:00:00+08:00,next_calendar_day_08_cn,False,True,akshare:eastmoney:forex_hist_em,10,2026-09-08T02:49:23+00:00
USDCNH,2025-05-14,7.2112,7.1989,7.2158,7.1918,,2025-05-15T08:00:00+08:00,next_calendar_day_08_cn,False,True,akshare:eastmoney:forex_hist_em,10,2026-09-08T02:49:23+00:00
USDCNH,2025-05-15,7.2052,7.211,7.2154,7.2031,,2025-05-16T08:00:00+08:00,next_calendar_day_08_cn,False,True,akshare:eastmoney:forex_hist_em,10,2026-09-08T02:49:23+00:00
USDCNH,2025-05-16,7.2102,7.2052,7.2135,7.1954,,2025-05-17T08:00:00+08:00,next_calendar_day_08_cn,False,True,akshare:eastmoney:forex_hist_em,10,2026-09-08T02:49:23+00:00
USDCNH,2025-05-19,7.2145,7.2112,7.2179,7.2046,,2025-05-20T08:00:00+08:00,next_calendar_day_08_cn,False,True,akshare:eastmoney:forex_hist_em,10,2026-09-08T02:49:23+00:00
USDCNH,2025-05-20,7.2145,7.2145,7.226,7.2128,,2025-05-21T08:00:00+08:00,next_calendar_day_08_cn,False,True,akshare:eastmoney:forex_hist_em,10,2026-09-08T02:49:23+00:00
USDCNH,2025-05-21,7.2038,7.2146,7.2196,7.1991,,2025-05-22T08:00:00+08:00,next_calendar_day_08_cn,False,True,akshare:eastmoney:forex_hist_em,10,2026-09-08T02:49:23+00:00
USDCNH,2025-05-22,7.2049,7.2039,7.2078,7.1941,,2025-05-23T08:00:00+08:00,next_calendar_day_08_cn,False,True,akshare:eastmoney:forex_hist_em,10,2026-09-08T02:49:23+00:00
USDCNH,2025-05-23,7.1724,7.2049,7.2052,7.1714,,2025-05-24T08:00:00+08:00,next_calendar_day_08_cn,False,True,akshare:eastmoney:forex_hist_em,10,2026-09-08T02:49:23+00:00
USDCNH,2025-05-26,7.1764,7.1742,7.1827,7.1616,,2025-05-27T08:00:00+08:00,next_calendar_day_08_cn,False,True,akshare:eastmoney:forex_hist_em,10,2026-09-08T02:49:23+00:00
USDCNH,2025-05-27,7.1917,7.1766,7.1938,7.1714,,2025-05-28T08:00:00+08:00,next_calendar_day_08_cn,False,True,akshare:eastmoney:forex_hist_em,10,2026-09-08T02:49:23+00:00
USDCNH,2025-05-28,7.193,7.1899,7.1989,7.1861,,2025-05-29T08:00:00+08:00,next_calendar_day_08_cn,False,True,akshare:eastmoney:forex_hist_em,10,2026-09-08T02:49:23+00:00
USDCNH,2025-05-29,7.1893,7.1927,7.2084,7.1828,,2025-05-30T08:00:00+08:00,next_calendar_day_08_cn,False,True,akshare:eastmoney:forex_hist_em,10,2026-09-08T02:49:23+00:00
USDCNH,2025-05-30,7.2062,7.1893,7.2096,7.1815,,2025-05-31T08:00:00+08:00,next_calendar_day_08_cn,False,True,akshare:eastmoney:forex_hist_em,10,2026-09-08T02:49:23+00:00
USDCNH,2025-06-02,7.2098,7.2048,7.2235,7.1832,,2025-06-03T08:00:00+08:00,next_calendar_day_08_cn,False,True,akshare:eastmoney:forex_hist_em,10,2026-09-08T02:49:23+00:00
USDCNH,2025-06-03,7.1916,7.2096,7.2096,7.1859,,2025-06-04T08:00:00+08:00,next_calendar_day_08_cn,False,True,akshare:eastmoney:forex_hist_em,10,2026-09-08T02:49:23+00:00
USDCNH,2025-06-04,7.1713,7.1915,7.1954,7.1699,,2025-06-05T08:00:00+08:00,next_calendar_day_08_cn,False,True,akshare:eastmoney:forex_hist_em,10,2026-09-08T02:49:23+00:00
USDCNH,2025-06-05,7.1754,7.1715,7.1819,7.1646,,2025-06-06T08:00:00+08:00,next_calendar_day_08_cn,False,True,akshare:eastmoney:forex_hist_em,10,2026-09-08T02:49:23+00:00
USDCNH,2025-06-06,7.189,7.1754,7.1936,7.1719,,2025-06-07T08:00:00+08:00,next_calendar_day_08_cn,False,True,akshare:eastmoney:forex_hist_em,10,2026-09-08T02:49:23+00:00
USDCNH,2025-06-09,7.1831,7.1911,7.1911,7.1794,,2025-06-10T08:00:00+08:00,next_calendar_day_08_cn,False,True,akshare:eastmoney:forex_hist_em,10,2026-09-08T02:49:23+00:00
USDCNH,2025-06-10,7.1891,7.1834,7.1937,7.178,,2025-06-11T08:00:00+08:00,next_calendar_day_08_cn,False,True,akshare:eastmoney:forex_hist_em,10,2026-09-08T02:49:23+00:00
USDCNH,2025-06-11,7.1985,7.1886,7.2001,7.183,,2025-06-12T08:00:00+08:00,next_calendar_day_08_cn,False,True,akshare:eastmoney:forex_hist_em,10,2026-09-08T02:49:23+00:00
USDCNH,2025-06-12,7.1732,7.1976,7.1985,7.1697,,2025-06-13T08:00:00+08:00,next_calendar_day_08_cn,False,True,akshare:eastmoney:forex_hist_em,10,2026-09-08T02:49:23+00:00
USDCNH,2025-06-13,7.1889,7.1723,7.1899,7.1708,,2025-06-14T08:00:00+08:00,next_calendar_day_08_cn,False,True,akshare:eastmoney:forex_hist_em,10,2026-09-08T02:49:23+00:00
USDCNH,2025-06-16,7.1836,7.1875,7.1904,7.1781,,2025-06-17T08:00:00+08:00,next_calendar_day_08_cn,False,True,akshare:eastmoney:forex_hist_em,10,2026-09-08T02:49:23+00:00
USDCNH,2025-06-17,7.1918,7.1823,7.1945,7.1788,,2025-06-18T08:00:00+08:00,next_calendar_day_08_cn,False,True,akshare:eastmoney:forex_hist_em,10,2026-09-08T02:49:23+00:00
USDCNH,2025-06-18,7.1948,7.1901,7.1958,7.1855,,2025-06-19T08:00:00+08:00,next_calendar_day_08_cn,False,True,akshare:eastmoney:forex_hist_em,10,2026-09-08T02:49:23+00:00
USDCNH,2025-06-19,7.1862,7.194,7.1976,7.1854,,2025-06-20T08:00:00+08:00,next_calendar_day_08_cn,False,True,akshare:eastmoney:forex_hist_em,10,2026-09-08T02:49:23+00:00
USDCNH,2025-06-20,7.1754,7.1858,7.1876,7.1744,,2025-06-21T08:00:00+08:00,next_calendar_day_08_cn,False,True,akshare:eastmoney:forex_hist_em,10,2026-09-08T02:49:23+00:00
USDCNH,2025-06-23,7.1754,7.1889,7.1926,7.175,,2025-06-24T08:00:00+08:00,next_calendar_day_08_cn,False,True,akshare:eastmoney:forex_hist_em,10,2026-09-08T02:49:23+00:00
USDCNH,2025-06-24,7.1642,7.1765,7.1787,7.1617,,2025-06-25T08:00:00+08:00,next_calendar_day_08_cn,False,True,akshare:eastmoney:forex_hist_em,10,2026-09-08T02:49:23+00:00
USDCNH,2025-06-25,7.1718,7.1642,7.1794,7.1606,,2025-06-26T08:00:00+08:00,next_calendar_day_08_cn,False,True,akshare:eastmoney:forex_hist_em,10,2026-09-08T02:49:23+00:00
USDCNH,2025-06-26,7.1626,7.1724,7.1739,7.1528,,2025-06-27T08:00:00+08:00,next_calendar_day_08_cn,False,True,akshare:eastmoney:forex_hist_em,10,2026-09-08T02:49:23+00:00
USDCNH,2025-06-27,7.1726,7.1624,7.175,7.1574,,2025-06-28T08:00:00+08:00,next_calendar_day_08_cn,False,True,akshare:eastmoney:forex_hist_em,10,2026-09-08T02:49:23+00:00
USDCNH,2025-06-30,7.1572,7.169,7.1709,7.1568,,2025-07-01T08:00:00+08:00,next_calendar_day_08_cn,False,True,akshare:eastmoney:forex_hist_em,10,2026-09-08T02:49:23+00:00
USDCNH,2025-07-01,7.1608,7.1576,7.1648,7.1502,,2025-07-02T08:00:00+08:00,next_calendar_day_08_cn,False,True,akshare:eastmoney:forex_hist_em,10,2026-09-08T02:49:23+00:00
USDCNH,2025-07-02,7.1615,7.1605,7.1698,7.1603,,2025-07-03T08:00:00+08:00,next_calendar_day_08_cn,False,True,akshare:eastmoney:forex_hist_em,10,2026-09-08T02:49:23+00:00
USDCNH,2025-07-03,7.1703,7.1624,7.1738,7.157,,2025-07-04T08:00:00+08:00,next_calendar_day_08_cn,False,True,akshare:eastmoney:forex_hist_em,10,2026-09-08T02:49:23+00:00
USDCNH,2025-07-04,7.165,7.1698,7.1707,7.1606,,2025-07-05T08:00:00+08:00,next_calendar_day_08_cn,False,True,akshare:eastmoney:forex_hist_em,10,2026-09-08T02:49:23+00:00
USDCNH,2025-07-07,7.1794,7.1648,7.1805,7.157,,2025-07-08T08:00:00+08:00,next_calendar_day_08_cn,False,True,akshare:eastmoney:forex_hist_em,10,2026-09-08T02:49:23+00:00
USDCNH,2025-07-08,7.1809,7.1794,7.1853,7.1697,,2025-07-09T08:00:00+08:00,next_calendar_day_08_cn,False,True,akshare:eastmoney:forex_hist_em,10,2026-09-08T02:49:23+00:00
USDCNH,2025-07-09,7.184,7.1811,7.1883,7.1799,,2025-07-10T08:00:00+08:00,next_calendar_day_08_cn,False,True,akshare:eastmoney:forex_hist_em,10,2026-09-08T02:49:23+00:00
USDCNH,2025-07-10,7.1782,7.1837,7.1837,7.176,,2025-07-11T08:00:00+08:00,next_calendar_day_08_cn,False,True,akshare:eastmoney:forex_hist_em,10,2026-09-08T02:49:23+00:00
USDCNH,2025-07-11,7.1737,7.1781,7.1832,7.1659,,2025-07-12T08:00:00+08:00,next_calendar_day_08_cn,False,True,akshare:eastmoney:forex_hist_em,10,2026-09-08T02:49:23+00:00
USDCNH,2025-07-14,7.1723,7.1724,7.176,7.1672,,2025-07-15T08:00:00+08:00,next_calendar_day_08_cn,False,True,akshare:eastmoney:forex_hist_em,10,2026-09-08T02:49:23+00:00
USDCNH,2025-07-15,7.1832,7.1724,7.1871,7.1689,,2025-07-16T08:00:00+08:00,next_calendar_day_08_cn,False,True,akshare:eastmoney:forex_hist_em,10,2026-09-08T02:49:23+00:00
USDCNH,2025-07-16,7.1804,7.1831,7.1909,7.1693,,2025-07-17T08:00:00+08:00,next_calendar_day_08_cn,False,True,akshare:eastmoney:forex_hist_em,10,2026-09-08T02:49:23+00:00
USDCNH,2025-07-17,7.1847,7.1806,7.1897,7.1781,,2025-07-18T08:00:00+08:00,next_calendar_day_08_cn,False,True,akshare:eastmoney:forex_hist_em,10,2026-09-08T02:49:23+00:00
USDCNH,2025-07-18,7.1811,7.1847,7.1862,7.1752,,2025-07-19T08:00:00+08:00,next_calendar_day_08_cn,False,True,akshare:eastmoney:forex_hist_em,10,2026-09-08T02:49:23+00:00
USDCNH,2025-07-21,7.1709,7.1799,7.1836,7.1694,,2025-07-22T08:00:00+08:00,next_calendar_day_08_cn,False,True,akshare:eastmoney:forex_hist_em,10,2026-09-08T02:49:23+00:00
USDCNH,2025-07-22,7.1693,7.1709,7.1797,7.1686,,2025-07-23T08:00:00+08:00,next_calendar_day_08_cn,False,True,akshare:eastmoney:forex_hist_em,10,2026-09-08T02:49:23+00:00
USDCNH,2025-07-23,7.1519,7.1709,7.1726,7.1511,,2025-07-24T08:00:00+08:00,next_calendar_day_08_cn,False,True,akshare:eastmoney:forex_hist_em,10,2026-09-08T02:49:23+00:00
USDCNH,2025-07-24,7.1539,7.1519,7.1565,7.1443,,2025-07-25T08:00:00+08:00,next_calendar_day_08_cn,False,True,akshare:eastmoney:forex_hist_em,10,2026-09-08T02:49:23+00:00
USDCNH,2025-07-25,7.1677,7.1532,7.1706,7.1511,,2025-07-26T08:00:00+08:00,next_calendar_day_08_cn,False,True,akshare:eastmoney:forex_hist_em,10,2026-09-08T02:49:23+00:00
USDCNH,2025-07-28,7.182,7.1633,7.1829,7.1633,,2025-07-29T08:00:00+08:00,next_calendar_day_08_cn,False,True,akshare:eastmoney:forex_hist_em,10,2026-09-08T02:49:23+00:00
USDCNH,2025-07-29,7.1808,7.182,7.1848,7.1773,,2025-07-30T08:00:00+08:00,next_calendar_day_08_cn,False,True,akshare:eastmoney:forex_hist_em,10,2026-09-08T02:49:23+00:00
USDCNH,2025-07-30,7.2123,7.1811,7.2144,7.1753,,2025-07-31T08:00:00+08:00,next_calendar_day_08_cn,False,True,akshare:eastmoney:forex_hist_em,10,2026-09-08T02:49:23+00:00
USDCNH,2025-07-31,7.2096,7.2122,7.2127,7.1958,,2025-08-01T08:00:00+08:00,next_calendar_day_08_cn,False,True,akshare:eastmoney:forex_hist_em,10,2026-09-08T02:49:23+00:00
USDCNH,2025-08-01,7.1925,7.2095,7.2239,7.1886,,2025-08-02T08:00:00+08:00,next_calendar_day_08_cn,False,True,akshare:eastmoney:forex_hist_em,10,2026-09-08T02:49:23+00:00
USDCNH,2025-08-04,7.1834,7.1933,7.1957,7.1766,,2025-08-05T08:00:00+08:00,next_calendar_day_08_cn,False,True,akshare:eastmoney:forex_hist_em,10,2026-09-08T02:49:23+00:00
USDCNH,2025-08-05,7.1889,7.1835,7.1953,7.1775,,2025-08-06T08:00:00+08:00,next_calendar_day_08_cn,False,True,akshare:eastmoney:forex_hist_em,10,2026-09-08T02:49:23+00:00
USDCNH,2025-08-06,7.1848,7.1889,7.1953,7.1836,,2025-08-07T08:00:00+08:00,next_calendar_day_08_cn,False,True,akshare:eastmoney:forex_hist_em,10,2026-09-08T02:49:23+00:00
USDCNH,2025-08-07,7.1806,7.185,7.1865,7.1785,,2025-08-08T08:00:00+08:00,next_calendar_day_08_cn,False,True,akshare:eastmoney:forex_hist_em,10,2026-09-08T02:49:23+00:00
USDCNH,2025-08-08,7.1891,7.181,7.1915,7.1784,,2025-08-09T08:00:00+08:00,next_calendar_day_08_cn,False,True,akshare:eastmoney:forex_hist_em,10,2026-09-08T02:49:23+00:00
USDCNH,2025-08-11,7.1964,7.1886,7.1983,7.1827,,2025-08-12T08:00:00+08:00,next_calendar_day_08_cn,False,True,akshare:eastmoney:forex_hist_em,10,2026-09-08T02:49:23+00:00
USDCNH,2025-08-12,7.1856,7.1964,7.198,7.1812,,2025-08-13T08:00:00+08:00,next_calendar_day_08_cn,False,True,akshare:eastmoney:forex_hist_em,10,2026-09-08T02:49:23+00:00
USDCNH,2025-08-13,7.1815,7.1853,7.1883,7.1756,,2025-08-14T08:00:00+08:00,next_calendar_day_08_cn,False,True,akshare:eastmoney:forex_hist_em,10,2026-09-08T02:49:23+00:00
USDCNH,2025-08-14,7.1823,7.1808,7.1829,7.1689,,2025-08-15T08:00:00+08:00,next_calendar_day_08_cn,False,True,akshare:eastmoney:forex_hist_em,10,2026-09-08T02:49:23+00:00
USDCNH,2025-08-15,7.1888,7.1822,7.1894,7.1789,,2025-08-16T08:00:00+08:00,next_calendar_day_08_cn,False,True,akshare:eastmoney:forex_hist_em,10,2026-09-08T02:49:23+00:00
USDCNH,2025-08-18,7.1878,7.1854,7.1892,7.179,,2025-08-19T08:00:00+08:00,next_calendar_day_08_cn,False,True,akshare:eastmoney:forex_hist_em,10,2026-09-08T02:49:23+00:00
USDCNH,2025-08-19,7.1882,7.1877,7.1918,7.1823,,2025-08-20T08:00:00+08:00,next_calendar_day_08_cn,False,True,akshare:eastmoney:forex_hist_em,10,2026-09-08T02:49:23+00:00
USDCNH,2025-08-20,7.1819,7.188,7.1931,7.1783,,2025-08-21T08:00:00+08:00,next_calendar_day_08_cn,False,True,akshare:eastmoney:forex_hist_em,10,2026-09-08T02:49:23+00:00
USDCNH,2025-08-21,7.1831,7.182,7.1865,7.1718,,2025-08-22T08:00:00+08:00,next_calendar_day_08_cn,False,True,akshare:eastmoney:forex_hist_em,10,2026-09-08T02:49:23+00:00
USDCNH,2025-08-22,7.171,7.1829,7.1897,7.1667,,2025-08-23T08:00:00+08:00,next_calendar_day_08_cn,False,True,akshare:eastmoney:forex_hist_em,10,2026-09-08T02:49:23+00:00
USDCNH,2025-08-25,7.1584,7.1712,7.1742,7.1492,,2025-08-26T08:00:00+08:00,next_calendar_day_08_cn,False,True,akshare:eastmoney:forex_hist_em,10,2026-09-08T02:49:23+00:00
USDCNH,2025-08-26,7.1534,7.1584,7.1649,7.1474,,2025-08-27T08:00:00+08:00,next_calendar_day_08_cn,False,True,akshare:eastmoney:forex_hist_em,10,2026-09-08T02:49:23+00:00
USDCNH,2025-08-27,7.1523,7.1545,7.1656,7.1459,,2025-08-28T08:00:00+08:00,next_calendar_day_08_cn,False,True,akshare:eastmoney:forex_hist_em,10,2026-09-08T02:49:23+00:00
USDCNH,2025-08-28,7.1203,7.1531,7.1536,7.1184,,2025-08-29T08:00:00+08:00,next_calendar_day_08_cn,False,True,akshare:eastmoney:forex_hist_em,10,2026-09-08T02:49:23+00:00
USDCNH,2025-08-29,7.1223,7.1202,7.132,7.116,,2025-08-30T08:00:00+08:00,next_calendar_day_08_cn,False,True,akshare:eastmoney:forex_hist_em,10,2026-09-08T02:49:23+00:00
USDCNH,2025-09-01,7.1352,7.1215,7.1365,7.1185,,2025-09-02T08:00:00+08:00,next_calendar_day_08_cn,False,True,akshare:eastmoney:forex_hist_em,10,2026-09-08T02:49:23+00:00
USDCNH,2025-09-02,7.1385,7.1346,7.149,7.1324,,2025-09-03T08:00:00+08:00,next_calendar_day_08_cn,False,True,akshare:eastmoney:forex_hist_em,10,2026-09-08T02:49:23+00:00
USDCNH,2025-09-03,7.1395,7.1386,7.1489,7.1354,,2025-09-04T08:00:00+08:00,next_calendar_day_08_cn,False,True,akshare:eastmoney:forex_hist_em,10,2026-09-08T02:49:23+00:00
USDCNH,2025-09-04,7.1367,7.1402,7.145,7.1364,,2025-09-05T08:00:00+08:00,next_calendar_day_08_cn,False,True,akshare:eastmoney:forex_hist_em,10,2026-09-08T02:49:23+00:00
USDCNH,2025-09-05,7.1262,7.1381,7.1397,7.1219,,2025-09-06T08:00:00+08:00,next_calendar_day_08_cn,False,True,akshare:eastmoney:forex_hist_em,10,2026-09-08T02:49:23+00:00
USDCNH,2025-09-08,7.1226,7.128,7.1335,7.1213,,2025-09-09T08:00:00+08:00,next_calendar_day_08_cn,False,True,akshare:eastmoney:forex_hist_em,10,2026-09-08T02:49:23+00:00
USDCNH,2025-09-09,7.124,7.1221,7.1247,7.1134,,2025-09-10T08:00:00+08:00,next_calendar_day_08_cn,False,True,akshare:eastmoney:forex_hist_em,10,2026-09-08T02:49:23+00:00
USDCNH,2025-09-10,7.1201,7.1241,7.1287,7.1137,,2025-09-11T08:00:00+08:00,next_calendar_day_08_cn,False,True,akshare:eastmoney:forex_hist_em,10,2026-09-08T02:49:23+00:00
USDCNH,2025-09-11,7.1129,7.1201,7.1259,7.1122,,2025-09-12T08:00:00+08:00,next_calendar_day_08_cn,False,True,akshare:eastmoney:forex_hist_em,10,2026-09-08T02:49:23+00:00
USDCNH,2025-09-12,7.1247,7.1129,7.1297,7.1125,,2025-09-13T08:00:00+08:00,next_calendar_day_08_cn,False,True,akshare:eastmoney:forex_hist_em,10,2026-09-08T02:49:23+00:00
USDCNH,2025-09-15,7.1189,7.125,7.1271,7.1169,,2025-09-16T08:00:00+08:00,next_calendar_day_08_cn,False,True,akshare:eastmoney:forex_hist_em,10,2026-09-08T02:49:23+00:00
USDCNH,2025-09-16,7.1041,7.119,7.1198,7.1036,,2025-09-17T08:00:00+08:00,next_calendar_day_08_cn,False,True,akshare:eastmoney:forex_hist_em,10,2026-09-08T02:49:23+00:00
USDCNH,2025-09-17,7.1022,7.1047,7.1078,7.0855,,2025-09-18T08:00:00+08:00,next_calendar_day_08_cn,False,True,akshare:eastmoney:forex_hist_em,10,2026-09-08T02:49:23+00:00
USDCNH,2025-09-18,7.1088,7.1022,7.1137,7.095,,2025-09-19T08:00:00+08:00,next_calendar_day_08_cn,False,True,akshare:eastmoney:forex_hist_em,10,2026-09-08T02:49:23+00:00
USDCNH,2025-09-19,7.1194,7.109,7.1202,7.1061,,2025-09-20T08:00:00+08:00,next_calendar_day_08_cn,False,True,akshare:eastmoney:forex_hist_em,10,2026-09-08T02:49:23+00:00
USDCNH,2025-09-22,7.1155,7.1132,7.1194,7.1123,,2025-09-23T08:00:00+08:00,next_calendar_day_08_cn,False,True,akshare:eastmoney:forex_hist_em,10,2026-09-08T02:49:23+00:00
USDCNH,2025-09-23,7.1137,7.1154,7.1188,7.1115,,2025-09-24T08:00:00+08:00,next_calendar_day_08_cn,False,True,akshare:eastmoney:forex_hist_em,10,2026-09-08T02:49:23+00:00
USDCNH,2025-09-24,7.1379,7.1135,7.1403,7.1123,,2025-09-25T08:00:00+08:00,next_calendar_day_08_cn,False,True,akshare:eastmoney:forex_hist_em,10,2026-09-08T02:49:23+00:00
USDCNH,2025-09-25,7.1452,7.1379,7.1483,7.1281,,2025-09-26T08:00:00+08:00,next_calendar_day_08_cn,False,True,akshare:eastmoney:forex_hist_em,10,2026-09-08T02:49:23+00:00
USDCNH,2025-09-26,7.1427,7.1452,7.1473,7.1401,,2025-09-27T08:00:00+08:00,next_calendar_day_08_cn,False,True,akshare:eastmoney:forex_hist_em,10,2026-09-08T02:49:23+00:00
USDCNH,2025-09-29,7.1294,7.1431,7.1432,7.119,,2025-09-30T08:00:00+08:00,next_calendar_day_08_cn,False,True,akshare:eastmoney:forex_hist_em,10,2026-09-08T02:49:23+00:00
USDCNH,2025-09-30,7.1288,7.1292,7.133,7.1246,,2025-10-01T08:00:00+08:00,next_calendar_day_08_cn,False,True,akshare:eastmoney:forex_hist_em,10,2026-09-08T02:49:23+00:00
USDCNH,2025-10-01,7.128,7.1287,7.1395,7.1224,,2025-10-02T08:00:00+08:00,next_calendar_day_08_cn,False,True,akshare:eastmoney:forex_hist_em,10,2026-09-08T02:49:23+00:00
USDCNH,2025-10-02,7.1328,7.1281,7.137,7.1241,,2025-10-03T08:00:00+08:00,next_calendar_day_08_cn,False,True,akshare:eastmoney:forex_hist_em,10,2026-09-08T02:49:23+00:00
USDCNH,2025-10-03,7.136,7.1324,7.1392,7.131,,2025-10-04T08:00:00+08:00,next_calendar_day_08_cn,False,True,akshare:eastmoney:forex_hist_em,10,2026-09-08T02:49:23+00:00
USDCNH,2025-10-06,7.1423,7.138,7.1501,7.1355,,2025-10-07T08:00:00+08:00,next_calendar_day_08_cn,False,True,akshare:eastmoney:forex_hist_em,10,2026-09-08T02:49:23+00:00
USDCNH,2025-10-07,7.1459,7.1428,7.1489,7.1362,,2025-10-08T08:00:00+08:00,next_calendar_day_08_cn,False,True,akshare:eastmoney:forex_hist_em,10,2026-09-08T02:49:23+00:00
USDCNH,2025-10-08,7.1503,7.1459,7.1533,7.1444,,2025-10-09T08:00:00+08:00,next_calendar_day_08_cn,False,True,akshare:eastmoney:forex_hist_em,10,2026-09-08T02:49:23+00:00
USDCNH,2025-10-09,7.1379,7.1501,7.1505,7.1248,,2025-10-10T08:00:00+08:00,next_calendar_day_08_cn,False,True,akshare:eastmoney:forex_hist_em,10,2026-09-08T02:49:23+00:00
USDCNH,2025-10-10,7.1476,7.1381,7.1496,7.1239,,2025-10-11T08:00:00+08:00,next_calendar_day_08_cn,False,True,akshare:eastmoney:forex_hist_em,10,2026-09-08T02:49:23+00:00
USDCNH,2025-10-13,7.1382,7.142,7.1455,7.1318,,2025-10-14T08:00:00+08:00,next_calendar_day_08_cn,False,True,akshare:eastmoney:forex_hist_em,10,2026-09-08T02:49:23+00:00
USDCNH,2025-10-14,7.14,7.1382,7.1494,7.1355,,2025-10-15T08:00:00+08:00,next_calendar_day_08_cn,False,True,akshare:eastmoney:forex_hist_em,10,2026-09-08T02:49:23+00:00
USDCNH,2025-10-15,7.1298,7.1408,7.1433,7.1247,,2025-10-16T08:00:00+08:00,next_calendar_day_08_cn,False,True,akshare:eastmoney:forex_hist_em,10,2026-09-08T02:49:23+00:00
USDCNH,2025-10-16,7.1246,7.1299,7.1314,7.1215,,2025-10-17T08:00:00+08:00,next_calendar_day_08_cn,False,True,akshare:eastmoney:forex_hist_em,10,2026-09-08T02:49:23+00:00
USDCNH,2025-10-17,7.1272,7.1247,7.1324,7.1168,,2025-10-18T08:00:00+08:00,next_calendar_day_08_cn,False,True,akshare:eastmoney:forex_hist_em,10,2026-09-08T02:49:23+00:00
USDCNH,2025-10-20,7.1243,7.1272,7.1289,7.1217,,2025-10-21T08:00:00+08:00,next_calendar_day_08_cn,False,True,akshare:eastmoney:forex_hist_em,10,2026-09-08T02:49:23+00:00
USDCNH,2025-10-21,7.1269,7.1242,7.127,7.1162,,2025-10-22T08:00:00+08:00,next_calendar_day_08_cn,False,True,akshare:eastmoney:forex_hist_em,10,2026-09-08T02:49:23+00:00
USDCNH,2025-10-22,7.1257,7.1269,7.1299,7.1239,,2025-10-23T08:00:00+08:00,next_calendar_day_08_cn,False,True,akshare:eastmoney:forex_hist_em,10,2026-09-08T02:49:23+00:00
USDCNH,2025-10-23,7.1246,7.126,7.1289,7.123,,2025-10-24T08:00:00+08:00,next_calendar_day_08_cn,False,True,akshare:eastmoney:forex_hist_em,10,2026-09-08T02:49:23+00:00
USDCNH,2025-10-24,7.126,7.1254,7.1292,7.1209,,2025-10-25T08:00:00+08:00,next_calendar_day_08_cn,False,True,akshare:eastmoney:forex_hist_em,10,2026-09-08T02:49:23+00:00
USDCNH,2025-10-27,7.1093,7.1179,7.1191,7.1028,,2025-10-28T08:00:00+08:00,next_calendar_day_08_cn,False,True,akshare:eastmoney:forex_hist_em,10,2026-09-08T02:49:23+00:00
USDCNH,2025-10-28,7.0957,7.1091,7.1094,7.0916,,2025-10-29T08:00:00+08:00,next_calendar_day_08_cn,False,True,akshare:eastmoney:forex_hist_em,10,2026-09-08T02:49:23+00:00
USDCNH,2025-10-29,7.0968,7.095,7.1009,7.0886,,2025-10-30T08:00:00+08:00,next_calendar_day_08_cn,False,True,akshare:eastmoney:forex_hist_em,10,2026-09-08T02:49:23+00:00
USDCNH,2025-10-30,7.1106,7.0972,7.1178,7.0918,,2025-10-31T08:00:00+08:00,next_calendar_day_08_cn,False,True,akshare:eastmoney:forex_hist_em,10,2026-09-08T02:49:23+00:00
USDCNH,2025-10-31,7.1232,7.1109,7.1258,7.1082,,2025-11-01T08:00:00+08:00,next_calendar_day_08_cn,False,True,akshare:eastmoney:forex_hist_em,10,2026-09-08T02:49:23+00:00
USDCNH,2025-11-03,7.1257,7.1227,7.1314,7.1144,,2025-11-04T08:00:00+08:00,next_calendar_day_08_cn,False,True,akshare:eastmoney:forex_hist_em,10,2026-09-08T02:49:23+00:00
USDCNH,2025-11-04,7.1353,7.1259,7.136,7.1242,,2025-11-05T08:00:00+08:00,next_calendar_day_08_cn,False,True,akshare:eastmoney:forex_hist_em,10,2026-09-08T02:49:23+00:00
USDCNH,2025-11-05,7.1313,7.1348,7.1382,7.1287,,2025-11-06T08:00:00+08:00,next_calendar_day_08_cn,False,True,akshare:eastmoney:forex_hist_em,10,2026-09-08T02:49:23+00:00
USDCNH,2025-11-06,7.1209,7.1313,7.1313,7.1204,,2025-11-07T08:00:00+08:00,next_calendar_day_08_cn,False,True,akshare:eastmoney:forex_hist_em,10,2026-09-08T02:49:23+00:00
USDCNH,2025-11-07,7.1252,7.1227,7.1274,7.121,,2025-11-08T08:00:00+08:00,next_calendar_day_08_cn,False,True,akshare:eastmoney:forex_hist_em,10,2026-09-08T02:49:23+00:00
USDCNH,2025-11-10,7.1215,7.1253,7.1271,7.1186,,2025-11-11T08:00:00+08:00,next_calendar_day_08_cn,False,True,akshare:eastmoney:forex_hist_em,10,2026-09-08T02:49:23+00:00
USDCNH,2025-11-11,7.1224,7.122,7.1266,7.1174,,2025-11-12T08:00:00+08:00,next_calendar_day_08_cn,False,True,akshare:eastmoney:forex_hist_em,10,2026-09-08T02:49:23+00:00
USDCNH,2025-11-12,7.1124,7.1224,7.123,7.1109,,2025-11-13T08:00:00+08:00,next_calendar_day_08_cn,False,True,akshare:eastmoney:forex_hist_em,10,2026-09-08T02:49:23+00:00
USDCNH,2025-11-13,7.0968,7.1126,7.1151,7.0917,,2025-11-14T08:00:00+08:00,next_calendar_day_08_cn,False,True,akshare:eastmoney:forex_hist_em,10,2026-09-08T02:49:23+00:00
USDCNH,2025-11-14,7.1002,7.0969,7.1023,7.0912,,2025-11-15T08:00:00+08:00,next_calendar_day_08_cn,False,True,akshare:eastmoney:forex_hist_em,10,2026-09-08T02:49:23+00:00
USDCNH,2025-11-17,7.1079,7.1031,7.1113,7.0941,,2025-11-18T08:00:00+08:00,next_calendar_day_08_cn,False,True,akshare:eastmoney:forex_hist_em,10,2026-09-08T02:49:23+00:00
USDCNH,2025-11-18,7.1107,7.108,7.117,7.1071,,2025-11-19T08:00:00+08:00,next_calendar_day_08_cn,False,True,akshare:eastmoney:forex_hist_em,10,2026-09-08T02:49:23+00:00
USDCNH,2025-11-19,7.1185,7.1112,7.1205,7.109,,2025-11-20T08:00:00+08:00,next_calendar_day_08_cn,False,True,akshare:eastmoney:forex_hist_em,10,2026-09-08T02:49:23+00:00
USDCNH,2025-11-20,7.118,7.1178,7.1206,7.1123,,2025-11-21T08:00:00+08:00,next_calendar_day_08_cn,False,True,akshare:eastmoney:forex_hist_em,10,2026-09-08T02:49:23+00:00
USDCNH,2025-11-21,7.1054,7.1176,7.1181,7.1037,,2025-11-22T08:00:00+08:00,next_calendar_day_08_cn,False,True,akshare:eastmoney:forex_hist_em,10,2026-09-08T02:49:23+00:00
USDCNH,2025-11-24,7.1068,7.1078,7.111,7.1029,,2025-11-25T08:00:00+08:00,next_calendar_day_08_cn,False,True,akshare:eastmoney:forex_hist_em,10,2026-09-08T02:49:23+00:00
USDCNH,2025-11-25,7.0829,7.1064,7.1068,7.0796,,2025-11-26T08:00:00+08:00,next_calendar_day_08_cn,False,True,akshare:eastmoney:forex_hist_em,10,2026-09-08T02:49:23+00:00
USDCNH,2025-11-26,7.069,7.0825,7.0859,7.0671,,2025-11-27T08:00:00+08:00,next_calendar_day_08_cn,False,True,akshare:eastmoney:forex_hist_em,10,2026-09-08T02:49:23+00:00
USDCNH,2025-11-27,7.0739,7.069,7.0818,7.0651,,2025-11-28T08:00:00+08:00,next_calendar_day_08_cn,False,True,akshare:eastmoney:forex_hist_em,10,2026-09-08T02:49:23+00:00
USDCNH,2025-11-28,7.0716,7.074,7.0796,7.0248,,2025-11-29T08:00:00+08:00,next_calendar_day_08_cn,False,True,akshare:eastmoney:forex_hist_em,10,2026-09-08T02:49:23+00:00
USDCNH,2025-12-01,7.072,7.0714,7.0733,7.0645,,2025-12-02T08:00:00+08:00,next_calendar_day_08_cn,False,True,akshare:eastmoney:forex_hist_em,10,2026-09-08T02:49:23+00:00
USDCNH,2025-12-02,7.0668,7.072,7.0767,7.0654,,2025-12-03T08:00:00+08:00,next_calendar_day_08_cn,False,True,akshare:eastmoney:forex_hist_em,10,2026-09-08T02:49:23+00:00
USDCNH,2025-12-03,7.0587,7.0668,7.0677,7.0541,,2025-12-04T08:00:00+08:00,next_calendar_day_08_cn,False,True,akshare:eastmoney:forex_hist_em,10,2026-09-08T02:49:23+00:00
USDCNH,2025-12-04,7.0712,7.0586,7.0714,7.0561,,2025-12-05T08:00:00+08:00,next_calendar_day_08_cn,False,True,akshare:eastmoney:forex_hist_em,10,2026-09-08T02:49:23+00:00
USDCNH,2025-12-05,7.069,7.0714,7.072,7.0631,,2025-12-06T08:00:00+08:00,next_calendar_day_08_cn,False,True,akshare:eastmoney:forex_hist_em,10,2026-09-08T02:49:23+00:00
USDCNH,2025-12-08,7.072,7.0704,7.0728,7.0647,,2025-12-09T08:00:00+08:00,next_calendar_day_08_cn,False,True,akshare:eastmoney:forex_hist_em,10,2026-09-08T02:49:23+00:00
USDCNH,2025-12-09,7.0602,7.0719,7.0721,7.0601,,2025-12-10T08:00:00+08:00,next_calendar_day_08_cn,False,True,akshare:eastmoney:forex_hist_em,10,2026-09-08T02:49:23+00:00
USDCNH,2025-12-10,7.0608,7.0606,7.0707,7.0578,,2025-12-11T08:00:00+08:00,next_calendar_day_08_cn,False,True,akshare:eastmoney:forex_hist_em,10,2026-09-08T02:49:23+00:00
USDCNH,2025-12-11,7.051,7.0622,7.0637,7.0481,,2025-12-12T08:00:00+08:00,next_calendar_day_08_cn,False,True,akshare:eastmoney:forex_hist_em,10,2026-09-08T02:49:23+00:00
USDCNH,2025-12-12,7.0535,7.0512,7.0567,7.0498,,2025-12-13T08:00:00+08:00,next_calendar_day_08_cn,False,True,akshare:eastmoney:forex_hist_em,10,2026-09-08T02:49:23+00:00
USDCNH,2025-12-15,7.0434,7.0552,7.0556,7.0394,,2025-12-16T08:00:00+08:00,next_calendar_day_08_cn,False,True,akshare:eastmoney:forex_hist_em,10,2026-09-08T02:49:23+00:00
USDCNH,2025-12-16,7.0362,7.0434,7.044,7.0315,,2025-12-17T08:00:00+08:00,next_calendar_day_08_cn,False,True,akshare:eastmoney:forex_hist_em,10,2026-09-08T02:49:23+00:00
USDCNH,2025-12-17,7.04,7.0362,7.043,7.0323,,2025-12-18T08:00:00+08:00,next_calendar_day_08_cn,False,True,akshare:eastmoney:forex_hist_em,10,2026-09-08T02:49:23+00:00
USDCNH,2025-12-18,7.0335,7.04,7.0403,7.031,,2025-12-19T08:00:00+08:00,next_calendar_day_08_cn,False,True,akshare:eastmoney:forex_hist_em,10,2026-09-08T02:49:23+00:00
USDCNH,2025-12-19,7.0336,7.0331,7.0377,7.0325,,2025-12-20T08:00:00+08:00,next_calendar_day_08_cn,False,True,akshare:eastmoney:forex_hist_em,10,2026-09-08T02:49:23+00:00
USDCNH,2025-12-22,7.0311,7.0351,7.0369,7.03,,2025-12-23T08:00:00+08:00,next_calendar_day_08_cn,False,True,akshare:eastmoney:forex_hist_em,10,2026-09-08T02:49:23+00:00
USDCNH,2025-12-23,7.0193,7.0311,7.0327,7.0143,,2025-12-24T08:00:00+08:00,next_calendar_day_08_cn,False,True,akshare:eastmoney:forex_hist_em,10,2026-09-08T02:49:23+00:00
USDCNH,2025-12-24,7.0076,7.0193,7.0194,7.0014,,2025-12-25T08:00:00+08:00,next_calendar_day_08_cn,False,True,akshare:eastmoney:forex_hist_em,10,2026-09-08T02:49:23+00:00
USDCNH,2025-12-25,7.0008,7.0072,7.0108,6.9941,,2025-12-26T08:00:00+08:00,next_calendar_day_08_cn,False,True,akshare:eastmoney:forex_hist_em,10,2026-09-08T02:49:23+00:00
USDCNH,2025-12-26,7.004,7.0007,7.0086,6.9977,,2025-12-27T08:00:00+08:00,next_calendar_day_08_cn,False,True,akshare:eastmoney:forex_hist_em,10,2026-09-08T02:49:23+00:00
USDCNH,2025-12-29,6.9978,7.0041,7.0151,6.9938,,2025-12-30T08:00:00+08:00,next_calendar_day_08_cn,False,True,akshare:eastmoney:forex_hist_em,10,2026-09-08T02:49:23+00:00
USDCNH,2025-12-30,6.9923,6.9977,7.0025,6.981,,2025-12-31T08:00:00+08:00,next_calendar_day_08_cn,False,True,akshare:eastmoney:forex_hist_em,10,2026-09-08T02:49:23+00:00
USDCNH,2025-12-31,6.9742,6.9922,6.9944,6.9733,,2026-01-01T08:00:00+08:00,next_calendar_day_08_cn,False,True,akshare:eastmoney:forex_hist_em,10,2026-09-08T02:49:23+00:00
USDCNH,2026-01-01,6.9799,6.9762,6.9804,6.9741,,2026-01-02T08:00:00+08:00,next_calendar_day_08_cn,False,True,akshare:eastmoney:forex_hist_em,10,2026-09-08T02:49:23+00:00
USDCNH,2026-01-02,6.9697,6.9811,6.9811,6.9664,,2026-01-03T08:00:00+08:00,next_calendar_day_08_cn,False,True,akshare:eastmoney:forex_hist_em,10,2026-09-08T02:49:23+00:00
USDCNH,2026-01-05,6.9829,6.9697,6.9918,6.9691,,2026-01-06T08:00:00+08:00,next_calendar_day_08_cn,False,True,akshare:eastmoney:forex_hist_em,10,2026-09-08T02:49:23+00:00
USDCNH,2026-01-06,6.9806,6.9829,6.985,6.9738,,2026-01-07T08:00:00+08:00,next_calendar_day_08_cn,False,True,akshare:eastmoney:forex_hist_em,10,2026-09-08T02:49:23+00:00
USDCNH,2026-01-07,6.9935,6.9806,6.9935,6.9787,,2026-01-08T08:00:00+08:00,next_calendar_day_08_cn,False,True,akshare:eastmoney:forex_hist_em,10,2026-09-08T02:49:23+00:00
USDCNH,2026-01-08,6.9822,6.9924,6.9955,6.9787,,2026-01-09T08:00:00+08:00,next_calendar_day_08_cn,False,True,akshare:eastmoney:forex_hist_em,10,2026-09-08T02:49:23+00:00
USDCNH,2026-01-09,6.976,6.9823,6.9842,6.9719,,2026-01-10T08:00:00+08:00,next_calendar_day_08_cn,False,True,akshare:eastmoney:forex_hist_em,10,2026-09-08T02:49:23+00:00
USDCNH,2026-01-12,6.9692,6.9754,6.9775,6.9629,,2026-01-13T08:00:00+08:00,next_calendar_day_08_cn,False,True,akshare:eastmoney:forex_hist_em,10,2026-09-08T02:49:23+00:00
USDCNH,2026-01-13,6.9736,6.9693,6.9765,6.9668,,2026-01-14T08:00:00+08:00,next_calendar_day_08_cn,False,True,akshare:eastmoney:forex_hist_em,10,2026-09-08T02:49:23+00:00
USDCNH,2026-01-14,6.9714,6.9733,6.9783,6.9675,,2026-01-15T08:00:00+08:00,next_calendar_day_08_cn,False,True,akshare:eastmoney:forex_hist_em,10,2026-09-08T02:49:23+00:00
USDCNH,2026-01-15,6.9631,6.9712,6.974,6.9615,,2026-01-16T08:00:00+08:00,next_calendar_day_08_cn,False,True,akshare:eastmoney:forex_hist_em,10,2026-09-08T02:49:23+00:00
USDCNH,2026-01-16,6.9674,6.9631,6.9702,6.9611,,2026-01-17T08:00:00+08:00,next_calendar_day_08_cn,False,True,akshare:eastmoney:forex_hist_em,10,2026-09-08T02:49:23+00:00
USDCNH,2026-01-19,6.9568,6.9665,6.9677,6.9547,,2026-01-20T08:00:00+08:00,next_calendar_day_08_cn,False,True,akshare:eastmoney:forex_hist_em,10,2026-09-08T02:49:23+00:00
USDCNH,2026-01-20,6.9562,6.9564,6.9578,6.9501,,2026-01-21T08:00:00+08:00,next_calendar_day_08_cn,False,True,akshare:eastmoney:forex_hist_em,10,2026-09-08T02:49:23+00:00
USDCNH,2026-01-21,6.9598,6.9557,6.9639,6.9537,,2026-01-22T08:00:00+08:00,next_calendar_day_08_cn,False,True,akshare:eastmoney:forex_hist_em,10,2026-09-08T02:49:23+00:00
USDCNH,2026-01-22,6.9639,6.9597,6.9786,6.9563,,2026-01-23T08:00:00+08:00,next_calendar_day_08_cn,False,True,akshare:eastmoney:forex_hist_em,10,2026-09-08T02:49:23+00:00
USDCNH,2026-01-23,6.9489,6.964,6.9667,6.9482,,2026-01-24T08:00:00+08:00,next_calendar_day_08_cn,False,True,akshare:eastmoney:forex_hist_em,10,2026-09-08T02:49:23+00:00
USDCNH,2026-01-26,6.9492,6.9446,6.9565,6.9446,,2026-01-27T08:00:00+08:00,next_calendar_day_08_cn,False,True,akshare:eastmoney:forex_hist_em,10,2026-09-08T02:49:23+00:00
USDCNH,2026-01-27,6.9333,6.9489,6.9564,6.9313,,2026-01-28T08:00:00+08:00,next_calendar_day_08_cn,False,True,akshare:eastmoney:forex_hist_em,10,2026-09-08T02:49:23+00:00
USDCNH,2026-01-28,6.9437,6.9342,6.9491,6.9318,,2026-01-29T08:00:00+08:00,next_calendar_day_08_cn,False,True,akshare:eastmoney:forex_hist_em,10,2026-09-08T02:49:23+00:00
USDCNH,2026-01-29,6.9448,6.9437,6.9542,6.9382,,2026-01-30T08:00:00+08:00,next_calendar_day_08_cn,False,True,akshare:eastmoney:forex_hist_em,10,2026-09-08T02:49:23+00:00
USDCNH,2026-01-30,6.9591,6.9449,6.9611,6.9438,,2026-01-31T08:00:00+08:00,next_calendar_day_08_cn,False,True,akshare:eastmoney:forex_hist_em,10,2026-09-08T02:49:23+00:00
USDCNH,2026-02-02,6.9415,6.9587,6.9629,6.938,,2026-02-03T08:00:00+08:00,next_calendar_day_08_cn,False,True,akshare:eastmoney:forex_hist_em,10,2026-09-08T02:49:23+00:00
USDCNH,2026-02-03,6.9346,6.9422,6.9436,6.931,,2026-02-04T08:00:00+08:00,next_calendar_day_08_cn,False,True,akshare:eastmoney:forex_hist_em,10,2026-09-08T02:49:23+00:00
USDCNH,2026-02-04,6.9411,6.9351,6.9433,6.9291,,2026-02-05T08:00:00+08:00,next_calendar_day_08_cn,False,True,akshare:eastmoney:forex_hist_em,10,2026-09-08T02:49:23+00:00
USDCNH,2026-02-05,6.9408,6.9411,6.9472,6.9338,,2026-02-06T08:00:00+08:00,next_calendar_day_08_cn,False,True,akshare:eastmoney:forex_hist_em,10,2026-09-08T02:49:23+00:00
USDCNH,2026-02-06,6.9299,6.9418,6.9418,6.9297,,2026-02-07T08:00:00+08:00,next_calendar_day_08_cn,False,True,akshare:eastmoney:forex_hist_em,10,2026-09-08T02:49:23+00:00
USDCNH,2026-02-09,6.9152,6.9297,6.9339,6.9148,,2026-02-10T08:00:00+08:00,next_calendar_day_08_cn,False,True,akshare:eastmoney:forex_hist_em,10,2026-09-08T02:49:23+00:00
USDCNH,2026-02-10,6.9132,6.9152,6.9186,6.905,,2026-02-11T08:00:00+08:00,next_calendar_day_08_cn,False,True,akshare:eastmoney:forex_hist_em,10,2026-09-08T02:49:23+00:00
USDCNH,2026-02-11,6.9087,6.913,6.9192,6.9059,,2026-02-12T08:00:00+08:00,next_calendar_day_08_cn,False,True,akshare:eastmoney:forex_hist_em,10,2026-09-08T02:49:23+00:00
USDCNH,2026-02-12,6.899,6.9087,6.9087,6.8912,,2026-02-13T08:00:00+08:00,next_calendar_day_08_cn,False,True,akshare:eastmoney:forex_hist_em,10,2026-09-08T02:49:23+00:00
USDCNH,2026-02-13,6.9009,6.8985,6.9108,6.897,,2026-02-14T08:00:00+08:00,next_calendar_day_08_cn,False,True,akshare:eastmoney:forex_hist_em,10,2026-09-08T02:49:23+00:00
USDCNH,2026-02-16,6.8834,6.9041,6.9057,6.881,,2026-02-17T08:00:00+08:00,next_calendar_day_08_cn,False,True,akshare:eastmoney:forex_hist_em,10,2026-09-08T02:49:23+00:00
USDCNH,2026-02-17,6.8851,6.8842,6.8938,6.8814,,2026-02-18T08:00:00+08:00,next_calendar_day_08_cn,False,True,akshare:eastmoney:forex_hist_em,10,2026-09-08T02:49:23+00:00
USDCNH,2026-02-18,6.8911,6.8855,6.894,6.8826,,2026-02-19T08:00:00+08:00,next_calendar_day_08_cn,False,True,akshare:eastmoney:forex_hist_em,10,2026-09-08T02:49:23+00:00
USDCNH,2026-02-19,6.8996,6.8913,6.9054,6.8901,,2026-02-20T08:00:00+08:00,next_calendar_day_08_cn,False,True,akshare:eastmoney:forex_hist_em,10,2026-09-08T02:49:23+00:00
USDCNH,2026-02-20,6.8978,6.9002,6.9052,6.8962,,2026-02-21T08:00:00+08:00,next_calendar_day_08_cn,False,True,akshare:eastmoney:forex_hist_em,10,2026-09-08T02:49:23+00:00
USDCNH,2026-02-23,6.8894,6.8995,6.901,6.8823,,2026-02-24T08:00:00+08:00,next_calendar_day_08_cn,False,True,akshare:eastmoney:forex_hist_em,10,2026-09-08T02:49:23+00:00
USDCNH,2026-02-24,6.8799,6.8882,6.8961,6.8727,,2026-02-25T08:00:00+08:00,next_calendar_day_08_cn,False,True,akshare:eastmoney:forex_hist_em,10,2026-09-08T02:49:23+00:00
USDCNH,2026-02-25,6.8546,6.8798,6.8821,6.8511,,2026-02-26T08:00:00+08:00,next_calendar_day_08_cn,False,True,akshare:eastmoney:forex_hist_em,10,2026-09-08T02:49:23+00:00
USDCNH,2026-02-26,6.8443,6.8544,6.8566,6.8267,,2026-02-27T08:00:00+08:00,next_calendar_day_08_cn,False,True,akshare:eastmoney:forex_hist_em,10,2026-09-08T02:49:23+00:00
USDCNH,2026-02-27,6.861,6.8444,6.8697,6.8394,,2026-02-28T08:00:00+08:00,next_calendar_day_08_cn,False,True,akshare:eastmoney:forex_hist_em,10,2026-09-08T02:49:23+00:00
USDCNH,2026-03-02,6.901,6.8846,6.9132,6.8621,,2026-03-03T08:00:00+08:00,next_calendar_day_08_cn,False,True,akshare:eastmoney:forex_hist_em,10,2026-09-08T02:49:23+00:00
USDCNH,2026-03-03,6.9178,6.9002,6.943,6.8752,,2026-03-04T08:00:00+08:00,next_calendar_day_08_cn,False,True,akshare:eastmoney:forex_hist_em,10,2026-09-08T02:49:23+00:00
USDCNH,2026-03-04,6.8947,6.9182,6.935,6.8888,,2026-03-05T08:00:00+08:00,next_calendar_day_08_cn,False,True,akshare:eastmoney:forex_hist_em,10,2026-09-08T02:49:23+00:00
USDCNH,2026-03-05,6.9184,6.8945,6.9284,6.878,,2026-03-06T08:00:00+08:00,next_calendar_day_08_cn,False,True,akshare:eastmoney:forex_hist_em,10,2026-09-08T02:49:23+00:00
USDCNH,2026-03-06,6.9073,6.918,6.9198,6.8887,,2026-03-07T08:00:00+08:00,next_calendar_day_08_cn,False,True,akshare:eastmoney:forex_hist_em,10,2026-09-08T02:49:23+00:00
USDCNH,2026-03-09,6.8882,6.9169,6.9339,6.8855,,2026-03-10T08:00:00+08:00,next_calendar_day_08_cn,False,True,akshare:eastmoney:forex_hist_em,10,2026-09-08T02:49:23+00:00
USDCNH,2026-03-10,6.8809,6.8881,6.8967,6.8606,,2026-03-11T08:00:00+08:00,next_calendar_day_08_cn,False,True,akshare:eastmoney:forex_hist_em,10,2026-09-08T02:49:23+00:00
USDCNH,2026-03-11,6.8766,6.8794,6.8816,6.8602,,2026-03-12T08:00:00+08:00,next_calendar_day_08_cn,False,True,akshare:eastmoney:forex_hist_em,10,2026-09-08T02:49:23+00:00
USDCNH,2026-03-12,6.8823,6.8765,6.8854,6.8646,,2026-03-13T08:00:00+08:00,next_calendar_day_08_cn,False,True,akshare:eastmoney:forex_hist_em,10,2026-09-08T02:49:23+00:00
USDCNH,2026-03-13,6.9073,6.8818,6.9086,6.8779,,2026-03-14T08:00:00+08:00,next_calendar_day_08_cn,False,True,akshare:eastmoney:forex_hist_em,10,2026-09-08T02:49:23+00:00
USDCNH,2026-03-16,6.8894,6.9028,6.9083,6.886,,2026-03-17T08:00:00+08:00,next_calendar_day_08_cn,False,True,akshare:eastmoney:forex_hist_em,10,2026-09-08T02:49:23+00:00
USDCNH,2026-03-17,6.8831,6.8891,6.8943,6.8799,,2026-03-18T08:00:00+08:00,next_calendar_day_08_cn,False,True,akshare:eastmoney:forex_hist_em,10,2026-09-08T02:49:23+00:00
USDCNH,2026-03-18,6.9018,6.8827,6.9041,6.8721,,2026-03-19T08:00:00+08:00,next_calendar_day_08_cn,False,True,akshare:eastmoney:forex_hist_em,10,2026-09-08T02:49:23+00:00
USDCNH,2026-03-19,6.8817,6.9008,6.9075,6.8742,,2026-03-20T08:00:00+08:00,next_calendar_day_08_cn,False,True,akshare:eastmoney:forex_hist_em,10,2026-09-08T02:49:23+00:00
USDCNH,2026-03-20,6.9059,6.8788,6.9092,6.8771,,2026-03-21T08:00:00+08:00,next_calendar_day_08_cn,False,True,akshare:eastmoney:forex_hist_em,10,2026-09-08T02:49:23+00:00
USDCNH,2026-03-23,6.886,6.9045,6.9186,6.8779,,2026-03-24T08:00:00+08:00,next_calendar_day_08_cn,False,True,akshare:eastmoney:forex_hist_em,10,2026-09-08T02:49:23+00:00
USDCNH,2026-03-24,6.893,6.8848,6.905,6.8836,,2026-03-25T08:00:00+08:00,next_calendar_day_08_cn,False,True,akshare:eastmoney:forex_hist_em,10,2026-09-08T02:49:23+00:00
USDCNH,2026-03-25,6.9043,6.895,6.909,6.8839,,2026-03-26T08:00:00+08:00,next_calendar_day_08_cn,False,True,akshare:eastmoney:forex_hist_em,10,2026-09-08T02:49:23+00:00
USDCNH,2026-03-26,6.9202,6.903,6.9229,6.9018,,2026-03-27T08:00:00+08:00,next_calendar_day_08_cn,False,True,akshare:eastmoney:forex_hist_em,10,2026-09-08T02:49:23+00:00
USDCNH,2026-03-27,6.9203,6.9195,6.9235,6.9139,,2026-03-28T08:00:00+08:00,next_calendar_day_08_cn,False,True,akshare:eastmoney:forex_hist_em,10,2026-09-08T02:49:23+00:00
USDCNH,2026-03-30,6.9166,6.9203,6.9269,6.9091,,2026-03-31T08:00:00+08:00,next_calendar_day_08_cn,False,True,akshare:eastmoney:forex_hist_em,10,2026-09-08T02:49:23+00:00
USDCNH,2026-03-31,6.888,6.9166,6.9216,6.8866,,2026-04-01T08:00:00+08:00,next_calendar_day_08_cn,False,True,akshare:eastmoney:forex_hist_em,10,2026-09-08T02:49:23+00:00
USDCNH,2026-04-01,6.8788,6.8894,6.8899,6.871,,2026-04-02T08:00:00+08:00,next_calendar_day_08_cn,False,True,akshare:eastmoney:forex_hist_em,10,2026-09-08T02:49:23+00:00
USDCNH,2026-04-02,6.8898,6.8774,6.9041,6.8729,,2026-04-03T08:00:00+08:00,next_calendar_day_08_cn,False,True,akshare:eastmoney:forex_hist_em,10,2026-09-08T02:49:23+00:00
USDCNH,2026-04-03,6.8863,6.89,6.8905,6.8787,,2026-04-04T08:00:00+08:00,next_calendar_day_08_cn,False,True,akshare:eastmoney:forex_hist_em,10,2026-09-08T02:49:23+00:00
USDCNH,2026-04-06,6.8757,6.8873,6.8913,6.8723,,2026-04-07T08:00:00+08:00,next_calendar_day_08_cn,False,True,akshare:eastmoney:forex_hist_em,10,2026-09-08T02:49:23+00:00
USDCNH,2026-04-07,6.8558,6.8756,6.8837,6.8538,,2026-04-08T08:00:00+08:00,next_calendar_day_08_cn,False,True,akshare:eastmoney:forex_hist_em,10,2026-09-08T02:49:23+00:00
USDCNH,2026-04-08,6.8334,6.8558,6.8558,6.8203,,2026-04-09T08:00:00+08:00,next_calendar_day_08_cn,False,True,akshare:eastmoney:forex_hist_em,10,2026-09-08T02:49:23+00:00
USDCNH,2026-04-09,6.8282,6.8332,6.8417,6.8245,,2026-04-10T08:00:00+08:00,next_calendar_day_08_cn,False,True,akshare:eastmoney:forex_hist_em,10,2026-09-08T02:49:23+00:00
USDCNH,2026-04-10,6.8253,6.8282,6.8344,6.8214,,2026-04-11T08:00:00+08:00,next_calendar_day_08_cn,False,True,akshare:eastmoney:forex_hist_em,10,2026-09-08T02:49:23+00:00
USDCNH,2026-04-13,6.8182,6.8386,6.8434,6.8167,,2026-04-14T08:00:00+08:00,next_calendar_day_08_cn,False,True,akshare:eastmoney:forex_hist_em,10,2026-09-08T02:49:23+00:00
USDCNH,2026-04-14,6.8108,6.82,6.8203,6.806,,2026-04-15T08:00:00+08:00,next_calendar_day_08_cn,False,True,akshare:eastmoney:forex_hist_em,10,2026-09-08T02:49:23+00:00
USDCNH,2026-04-15,6.8184,6.8106,6.8225,6.8085,,2026-04-16T08:00:00+08:00,next_calendar_day_08_cn,False,True,akshare:eastmoney:forex_hist_em,10,2026-09-08T02:49:23+00:00
USDCNH,2026-04-16,6.8228,6.8182,6.8268,6.813,,2026-04-17T08:00:00+08:00,next_calendar_day_08_cn,False,True,akshare:eastmoney:forex_hist_em,10,2026-09-08T02:49:23+00:00
USDCNH,2026-04-17,6.8165,6.8229,6.8297,6.8106,,2026-04-18T08:00:00+08:00,next_calendar_day_08_cn,False,True,akshare:eastmoney:forex_hist_em,10,2026-09-08T02:49:23+00:00
USDCNH,2026-04-20,6.8159,6.8252,6.8283,6.8139,,2026-04-21T08:00:00+08:00,next_calendar_day_08_cn,False,True,akshare:eastmoney:forex_hist_em,10,2026-09-08T02:49:23+00:00
USDCNH,2026-04-21,6.8283,6.816,6.8333,6.8117,,2026-04-22T08:00:00+08:00,next_calendar_day_08_cn,False,True,akshare:eastmoney:forex_hist_em,10,2026-09-08T02:49:23+00:00
USDCNH,2026-04-22,6.8319,6.8283,6.8331,6.8217,,2026-04-23T08:00:00+08:00,next_calendar_day_08_cn,False,True,akshare:eastmoney:forex_hist_em,10,2026-09-08T02:49:23+00:00
USDCNH,2026-04-23,6.8359,6.8319,6.8394,6.8263,,2026-04-24T08:00:00+08:00,next_calendar_day_08_cn,False,True,akshare:eastmoney:forex_hist_em,10,2026-09-08T02:49:23+00:00
USDCNH,2026-04-24,6.8344,6.8352,6.8402,6.8311,,2026-04-25T08:00:00+08:00,next_calendar_day_08_cn,False,True,akshare:eastmoney:forex_hist_em,10,2026-09-08T02:49:23+00:00
USDCNH,2026-04-27,6.8263,6.8379,6.8386,6.8193,,2026-04-28T08:00:00+08:00,next_calendar_day_08_cn,False,True,akshare:eastmoney:forex_hist_em,10,2026-09-08T02:49:23+00:00
USDCNH,2026-04-28,6.8402,6.826,6.8426,6.8242,,2026-04-29T08:00:00+08:00,next_calendar_day_08_cn,False,True,akshare:eastmoney:forex_hist_em,10,2026-09-08T02:49:23+00:00
USDCNH,2026-04-29,6.8482,6.8401,6.8492,6.8313,,2026-04-30T08:00:00+08:00,next_calendar_day_08_cn,False,True,akshare:eastmoney:forex_hist_em,10,2026-09-08T02:49:23+00:00
USDCNH,2026-04-30,6.8318,6.847,6.8479,6.828,,2026-05-01T08:00:00+08:00,next_calendar_day_08_cn,False,True,akshare:eastmoney:forex_hist_em,10,2026-09-08T02:49:23+00:00
USDCNH,2026-05-01,6.8309,6.8319,6.836,6.8233,,2026-05-02T08:00:00+08:00,next_calendar_day_08_cn,False,True,akshare:eastmoney:forex_hist_em,10,2026-09-08T02:49:23+00:00
USDCNH,2026-05-04,6.8311,6.8298,6.8348,6.8157,,2026-05-05T08:00:00+08:00,next_calendar_day_08_cn,False,True,akshare:eastmoney:forex_hist_em,10,2026-09-08T02:49:23+00:00
USDCNH,2026-05-05,6.8278,6.8312,6.8361,6.8262,,2026-05-06T08:00:00+08:00,next_calendar_day_08_cn,False,True,akshare:eastmoney:forex_hist_em,10,2026-09-08T02:49:23+00:00
USDCNH,2026-05-06,6.8135,6.8275,6.8283,6.8063,,2026-05-07T08:00:00+08:00,next_calendar_day_08_cn,False,True,akshare:eastmoney:forex_hist_em,10,2026-09-08T02:49:23+00:00
USDCNH,2026-05-07,6.809,6.8136,6.8137,6.7958,,2026-05-08T08:00:00+08:00,next_calendar_day_08_cn,False,True,akshare:eastmoney:forex_hist_em,10,2026-09-08T02:49:23+00:00
USDCNH,2026-05-08,6.7963,6.8088,6.8097,6.7955,,2026-05-09T08:00:00+08:00,next_calendar_day_08_cn,False,True,akshare:eastmoney:forex_hist_em,10,2026-09-08T02:49:23+00:00
USDCNH,2026-05-11,6.7919,6.8003,6.8005,6.79,,2026-05-12T08:00:00+08:00,next_calendar_day_08_cn,False,True,akshare:eastmoney:forex_hist_em,10,2026-09-08T02:49:23+00:00
USDCNH,2026-05-12,6.7911,6.7923,6.7976,6.79,,2026-05-13T08:00:00+08:00,next_calendar_day_08_cn,False,True,akshare:eastmoney:forex_hist_em,10,2026-09-08T02:49:23+00:00
USDCNH,2026-05-13,6.7874,6.7909,6.793,6.786,,2026-05-14T08:00:00+08:00,next_calendar_day_08_cn,False,True,akshare:eastmoney:forex_hist_em,10,2026-09-08T02:49:23+00:00
USDCNH,2026-05-14,6.7877,6.7873,6.7885,6.7818,,2026-05-15T08:00:00+08:00,next_calendar_day_08_cn,False,True,akshare:eastmoney:forex_hist_em,10,2026-09-08T02:49:23+00:00
USDCNH,2026-05-15,6.8142,6.7872,6.8164,6.7861,,2026-05-16T08:00:00+08:00,next_calendar_day_08_cn,False,True,akshare:eastmoney:forex_hist_em,10,2026-09-08T02:49:23+00:00
USDCNH,2026-05-18,6.7991,6.8132,6.8215,6.7973,,2026-05-19T08:00:00+08:00,next_calendar_day_08_cn,False,True,akshare:eastmoney:forex_hist_em,10,2026-09-08T02:49:23+00:00
USDCNH,2026-05-19,6.8171,6.7991,6.82,6.7965,,2026-05-20T08:00:00+08:00,next_calendar_day_08_cn,False,True,akshare:eastmoney:forex_hist_em,10,2026-09-08T02:49:23+00:00
USDCNH,2026-05-20,6.802,6.8168,6.8191,6.7982,,2026-05-21T08:00:00+08:00,next_calendar_day_08_cn,False,True,akshare:eastmoney:forex_hist_em,10,2026-09-08T02:49:23+00:00
USDCNH,2026-05-21,6.8,6.8016,6.8082,6.7966,,2026-05-22T08:00:00+08:00,next_calendar_day_08_cn,False,True,akshare:eastmoney:forex_hist_em,10,2026-09-08T02:49:23+00:00
USDCNH,2026-05-22,6.7977,6.8,6.8034,6.7924,,2026-05-23T08:00:00+08:00,next_calendar_day_08_cn,False,True,akshare:eastmoney:forex_hist_em,10,2026-09-08T02:49:23+00:00
USDCNH,2026-05-25,6.7847,6.7893,6.7925,6.7803,,2026-05-26T08:00:00+08:00,next_calendar_day_08_cn,False,True,akshare:eastmoney:forex_hist_em,10,2026-09-08T02:49:23+00:00
USDCNH,2026-05-26,6.785,6.7843,6.7896,6.7822,,2026-05-27T08:00:00+08:00,next_calendar_day_08_cn,False,True,akshare:eastmoney:forex_hist_em,10,2026-09-08T02:49:23+00:00
USDCNH,2026-05-27,6.7787,6.7851,6.7864,6.7757,,2026-05-28T08:00:00+08:00,next_calendar_day_08_cn,False,True,akshare:eastmoney:forex_hist_em,10,2026-09-08T02:49:23+00:00
USDCNH,2026-05-28,6.7735,6.7788,6.7882,6.7702,,2026-05-29T08:00:00+08:00,next_calendar_day_08_cn,False,True,akshare:eastmoney:forex_hist_em,10,2026-09-08T02:49:23+00:00
USDCNH,2026-05-29,6.7641,6.7731,6.775,6.7605,,2026-05-30T08:00:00+08:00,next_calendar_day_08_cn,False,True,akshare:eastmoney:forex_hist_em,10,2026-09-08T02:49:23+00:00
USDCNH,2026-06-01,6.7649,6.7618,6.7708,6.7617,,2026-06-02T08:00:00+08:00,next_calendar_day_08_cn,False,True,akshare:eastmoney:forex_hist_em,10,2026-09-08T02:49:23+00:00
USDCNH,2026-06-02,6.7628,6.765,6.7657,6.7581,,2026-06-03T08:00:00+08:00,next_calendar_day_08_cn,False,True,akshare:eastmoney:forex_hist_em,10,2026-09-08T02:49:23+00:00
USDCNH,2026-06-03,6.7802,6.7623,6.7816,6.7604,,2026-06-04T08:00:00+08:00,next_calendar_day_08_cn,False,True,akshare:eastmoney:forex_hist_em,10,2026-09-08T02:49:23+00:00
USDCNH,2026-06-04,6.7768,6.7798,6.7804,6.7696,,2026-06-05T08:00:00+08:00,next_calendar_day_08_cn,False,True,akshare:eastmoney:forex_hist_em,10,2026-09-08T02:49:23+00:00
USDCNH,2026-06-05,6.791,6.7768,6.7924,6.7648,,2026-06-06T08:00:00+08:00,next_calendar_day_08_cn,False,True,akshare:eastmoney:forex_hist_em,10,2026-09-08T02:49:23+00:00
USDCNH,2026-06-08,6.7848,6.7914,6.7922,6.7805,,2026-06-09T08:00:00+08:00,next_calendar_day_08_cn,False,True,akshare:eastmoney:forex_hist_em,10,2026-09-08T02:49:23+00:00
USDCNH,2026-06-09,6.7784,6.7846,6.7859,6.7687,,2026-06-10T08:00:00+08:00,next_calendar_day_08_cn,False,True,akshare:eastmoney:forex_hist_em,10,2026-09-08T02:49:23+00:00
USDCNH,2026-06-10,6.7825,6.7785,6.7837,6.7746,,2026-06-11T08:00:00+08:00,next_calendar_day_08_cn,False,True,akshare:eastmoney:forex_hist_em,10,2026-09-08T02:49:23+00:00
USDCNH,2026-06-11,6.7633,6.7826,6.7847,6.762,,2026-06-12T08:00:00+08:00,next_calendar_day_08_cn,False,True,akshare:eastmoney:forex_hist_em,10,2026-09-08T02:49:23+00:00
USDCNH,2026-06-12,6.7632,6.7638,6.7689,6.7594,,2026-06-13T08:00:00+08:00,next_calendar_day_08_cn,False,True,akshare:eastmoney:forex_hist_em,10,2026-09-08T02:49:23+00:00
USDCNH,2026-06-15,6.7597,6.7622,6.7623,6.7556,,2026-06-16T08:00:00+08:00,next_calendar_day_08_cn,False,True,akshare:eastmoney:forex_hist_em,10,2026-09-08T02:49:23+00:00
USDCNH,2026-06-16,6.7571,6.7592,6.7634,6.7551,,2026-06-17T08:00:00+08:00,next_calendar_day_08_cn,False,True,akshare:eastmoney:forex_hist_em,10,2026-09-08T02:49:23+00:00
USDCNH,2026-06-17,6.776,6.7568,6.7815,6.7539,,2026-06-18T08:00:00+08:00,next_calendar_day_08_cn,False,True,akshare:eastmoney:forex_hist_em,10,2026-09-08T02:49:23+00:00
USDCNH,2026-06-18,6.7784,6.7762,6.7809,6.7624,,2026-06-19T08:00:00+08:00,next_calendar_day_08_cn,False,True,akshare:eastmoney:forex_hist_em,10,2026-09-08T02:49:23+00:00
USDCNH,2026-06-19,6.7837,6.7781,6.798,6.7759,,2026-06-20T08:00:00+08:00,next_calendar_day_08_cn,False,True,akshare:eastmoney:forex_hist_em,10,2026-09-08T02:49:23+00:00
USDCNH,2026-06-22,6.7782,6.7844,6.788,6.773,,2026-06-23T08:00:00+08:00,next_calendar_day_08_cn,False,True,akshare:eastmoney:forex_hist_em,10,2026-09-08T02:49:23+00:00
USDCNH,2026-06-23,6.7949,6.7792,6.7978,6.7755,,2026-06-24T08:00:00+08:00,next_calendar_day_08_cn,False,True,akshare:eastmoney:forex_hist_em,10,2026-09-08T02:49:23+00:00
USDCNH,2026-06-24,6.8132,6.7952,6.8192,6.7911,,2026-06-25T08:00:00+08:00,next_calendar_day_08_cn,False,True,akshare:eastmoney:forex_hist_em,10,2026-09-08T02:49:23+00:00
USDCNH,2026-06-25,6.8015,6.8132,6.8163,6.7976,,2026-06-26T08:00:00+08:00,next_calendar_day_08_cn,False,True,akshare:eastmoney:forex_hist_em,10,2026-09-08T02:49:23+00:00
USDCNH,2026-06-26,6.8045,6.8011,6.8094,6.7983,,2026-06-27T08:00:00+08:00,next_calendar_day_08_cn,False,True,akshare:eastmoney:forex_hist_em,10,2026-09-08T02:49:23+00:00
USDCNH,2026-06-29,6.8009,6.8012,6.8074,6.7933,,2026-06-30T08:00:00+08:00,next_calendar_day_08_cn,False,True,akshare:eastmoney:forex_hist_em,10,2026-09-08T02:49:23+00:00
USDCNH,2026-06-30,6.7913,6.8005,6.8026,6.7866,,2026-07-01T08:00:00+08:00,next_calendar_day_08_cn,False,True,akshare:eastmoney:forex_hist_em,10,2026-09-08T02:49:23+00:00
USDCNH,2026-07-01,6.7948,6.7908,6.8025,6.7895,,2026-07-02T08:00:00+08:00,next_calendar_day_08_cn,False,True,akshare:eastmoney:forex_hist_em,10,2026-09-08T02:49:23+00:00
USDCNH,2026-07-02,6.7882,6.7946,6.7972,6.7837,,2026-07-03T08:00:00+08:00,next_calendar_day_08_cn,False,True,akshare:eastmoney:forex_hist_em,10,2026-09-08T02:49:23+00:00
USDCNH,2026-07-03,6.7846,6.7882,6.7901,6.7812,,2026-07-04T08:00:00+08:00,next_calendar_day_08_cn,False,True,akshare:eastmoney:forex_hist_em,10,2026-09-08T02:49:23+00:00
USDCNH,2026-07-06,6.7945,6.7841,6.7998,6.7832,,2026-07-07T08:00:00+08:00,next_calendar_day_08_cn,False,True,akshare:eastmoney:forex_hist_em,10,2026-09-08T02:49:23+00:00
USDCNH,2026-07-07,6.8035,6.7949,6.805,6.7893,,2026-07-08T08:00:00+08:00,next_calendar_day_08_cn,False,True,akshare:eastmoney:forex_hist_em,10,2026-09-08T02:49:23+00:00
USDCNH,2026-07-08,6.8063,6.8024,6.8102,6.7983,,2026-07-09T08:00:00+08:00,next_calendar_day_08_cn,False,True,akshare:eastmoney:forex_hist_em,10,2026-09-08T02:49:23+00:00
USDCNH,2026-07-09,6.7964,6.8059,6.8068,6.7933,,2026-07-10T08:00:00+08:00,next_calendar_day_08_cn,False,True,akshare:eastmoney:forex_hist_em,10,2026-09-08T02:49:23+00:00
USDCNH,2026-07-10,6.7815,6.796,6.7971,6.7764,,2026-07-11T08:00:00+08:00,next_calendar_day_08_cn,False,True,akshare:eastmoney:forex_hist_em,10,2026-09-08T02:49:23+00:00
USDCNH,2026-07-13,6.7857,6.7808,6.7896,6.7781,,2026-07-14T08:00:00+08:00,next_calendar_day_08_cn,False,True,akshare:eastmoney:forex_hist_em,10,2026-09-08T02:49:23+00:00
USDCNH,2026-07-14,6.7741,6.7854,6.7879,6.7692,,2026-07-15T08:00:00+08:00,next_calendar_day_08_cn,False,True,akshare:eastmoney:forex_hist_em,10,2026-09-08T02:49:23+00:00
USDCNH,2026-07-15,6.7683,6.7734,6.7781,6.7652,,2026-07-16T08:00:00+08:00,next_calendar_day_08_cn,False,True,akshare:eastmoney:forex_hist_em,10,2026-09-08T02:49:23+00:00
USDCNH,2026-07-16,6.7733,6.7686,6.7755,6.7651,,2026-07-17T08:00:00+08:00,next_calendar_day_08_cn,False,True,akshare:eastmoney:forex_hist_em,10,2026-09-08T02:49:23+00:00
USDCNH,2026-07-17,6.7774,6.7733,6.7814,6.7721,,2026-07-18T08:00:00+08:00,next_calendar_day_08_cn,False,True,akshare:eastmoney:forex_hist_em,10,2026-09-08T02:49:23+00:00
USDCNH,2026-07-20,6.7692,6.7771,6.7787,6.7662,,2026-07-21T08:00:00+08:00,next_calendar_day_08_cn,False,True,akshare:eastmoney:forex_hist_em,10,2026-09-08T02:49:23+00:00
USDCNH,2026-07-21,6.7689,6.7691,6.7698,6.7636,,2026-07-22T08:00:00+08:00,next_calendar_day_08_cn,False,True,akshare:eastmoney:forex_hist_em,10,2026-09-08T02:49:23+00:00
USDCNH,2026-07-22,6.7749,6.7686,6.7761,6.7678,,2026-07-23T08:00:00+08:00,next_calendar_day_08_cn,False,True,akshare:eastmoney:forex_hist_em,10,2026-09-08T02:49:23+00:00
USDCNH,2026-07-23,6.7778,6.7749,6.7786,6.7676,,2026-07-24T08:00:00+08:00,next_calendar_day_08_cn,False,True,akshare:eastmoney:forex_hist_em,10,2026-09-08T02:49:23+00:00
USDCNH,2026-07-24,6.7717,6.7778,6.7789,6.7699,,2026-07-25T08:00:00+08:00,next_calendar_day_08_cn,False,True,akshare:eastmoney:forex_hist_em,10,2026-09-08T02:49:23+00:00
USDCNH,2026-07-27,6.7653,6.771,6.771,6.763,,2026-07-28T08:00:00+08:00,next_calendar_day_08_cn,False,True,akshare:eastmoney:forex_hist_em,10,2026-09-08T02:49:23+00:00
USDCNH,2026-07-28,6.7712,6.7654,6.7736,6.7642,,2026-07-29T08:00:00+08:00,next_calendar_day_08_cn,False,True,akshare:eastmoney:forex_hist_em,10,2026-09-08T02:49:23+00:00
USDCNH,2026-07-29,6.7609,6.771,6.7744,6.7602,,2026-07-30T08:00:00+08:00,next_calendar_day_08_cn,False,True,akshare:eastmoney:forex_hist_em,10,2026-09-08T02:49:23+00:00
USDCNH,2026-07-30,6.7478,6.7607,6.7625,6.7442,,2026-07-31T08:00:00+08:00,next_calendar_day_08_cn,False,True,akshare:eastmoney:forex_hist_em,10,2026-09-08T02:49:23+00:00
USDCNH,2026-07-31,6.753,6.7479,6.7551,6.7423,,2026-08-01T08:00:00+08:00,next_calendar_day_08_cn,False,True,akshare:eastmoney:forex_hist_em,10,2026-09-08T02:49:23+00:00
USDCNH,2026-08-03,6.7582,6.75,6.7593,6.746,,2026-08-04T08:00:00+08:00,next_calendar_day_08_cn,False,True,akshare:eastmoney:forex_hist_em,10,2026-09-08T02:49:23+00:00
USDCNH,2026-08-04,6.748,6.7581,6.7598,6.7458,,2026-08-05T08:00:00+08:00,next_calendar_day_08_cn,False,True,akshare:eastmoney:forex_hist_em,10,2026-09-08T02:49:23+00:00
USDCNH,2026-08-05,6.7482,6.7481,6.7501,6.745,,2026-08-06T08:00:00+08:00,next_calendar_day_08_cn,False,True,akshare:eastmoney:forex_hist_em,10,2026-09-08T02:49:23+00:00
USDCNH,2026-08-06,6.7484,6.7481,6.7518,6.7455,,2026-08-07T08:00:00+08:00,next_calendar_day_08_cn,False,True,akshare:eastmoney:forex_hist_em,10,2026-09-08T02:49:23+00:00
USDCNH,2026-08-07,6.7435,6.7484,6.7499,6.7401,,2026-08-08T08:00:00+08:00,next_calendar_day_08_cn,False,True,akshare:eastmoney:forex_hist_em,10,2026-09-08T02:49:23+00:00
USDCNH,2026-08-10,6.7465,6.7431,6.748,6.7419,,2026-08-11T08:00:00+08:00,next_calendar_day_08_cn,False,True,akshare:eastmoney:forex_hist_em,10,2026-09-08T02:49:23+00:00
USDCNH,2026-08-11,6.7464,6.7461,6.7489,6.7444,,2026-08-12T08:00:00+08:00,next_calendar_day_08_cn,False,True,akshare:eastmoney:forex_hist_em,10,2026-09-08T02:49:23+00:00
USDCNH,2026-08-12,6.7461,6.7465,6.7489,6.742,,2026-08-13T08:00:00+08:00,next_calendar_day_08_cn,False,True,akshare:eastmoney:forex_hist_em,10,2026-09-08T02:49:23+00:00
USDCNH,2026-08-13,6.7446,6.746,6.7479,6.7424,,2026-08-14T08:00:00+08:00,next_calendar_day_08_cn,False,True,akshare:eastmoney:forex_hist_em,10,2026-09-08T02:49:23+00:00
USDCNH,2026-08-14,6.7444,6.7448,6.7459,6.7401,,2026-08-15T08:00:00+08:00,next_calendar_day_08_cn,False,True,akshare:eastmoney:forex_hist_em,10,2026-09-08T02:49:23+00:00
USDCNH,2026-08-17,6.7434,6.7428,6.7439,6.7377,,2026-08-18T08:00:00+08:00,next_calendar_day_08_cn,False,True,akshare:eastmoney:forex_hist_em,10,2026-09-08T02:49:23+00:00
USDCNH,2026-08-18,6.7469,6.7429,6.7478,6.7419,,2026-08-19T08:00:00+08:00,next_calendar_day_08_cn,False,True,akshare:eastmoney:forex_hist_em,10,2026-09-08T02:49:23+00:00
USDCNH,2026-08-19,6.7311,6.7467,6.7486,6.7281,,2026-08-20T08:00:00+08:00,next_calendar_day_08_cn,False,True,akshare:eastmoney:forex_hist_em,10,2026-09-08T02:49:23+00:00
USDCNH,2026-08-20,6.7254,6.7306,6.7321,6.7202,,2026-08-21T08:00:00+08:00,next_calendar_day_08_cn,False,True,akshare:eastmoney:forex_hist_em,10,2026-09-08T02:49:23+00:00
USDCNH,2026-08-21,6.7214,6.7252,6.7255,6.7179,,2026-08-22T08:00:00+08:00,next_calendar_day_08_cn,False,True,akshare:eastmoney:forex_hist_em,10,2026-09-08T02:49:23+00:00
USDCNH,2026-08-24,6.7218,6.7206,6.7255,6.718,,2026-08-25T08:00:00+08:00,next_calendar_day_08_cn,False,True,akshare:eastmoney:forex_hist_em,10,2026-09-08T02:49:23+00:00
USDCNH,2026-08-25,6.7171,6.7222,6.7262,6.7163,,2026-08-26T08:00:00+08:00,next_calendar_day_08_cn,False,True,akshare:eastmoney:forex_hist_em,10,2026-09-08T02:49:23+00:00
USDCNH,2026-08-26,6.7225,6.7173,6.724,6.715,,2026-08-27T08:00:00+08:00,next_calendar_day_08_cn,False,True,akshare:eastmoney:forex_hist_em,10,2026-09-08T02:49:23+00:00
USDCNH,2026-08-27,6.7194,6.7223,6.7229,6.718,,2026-08-28T08:00:00+08:00,next_calendar_day_08_cn,False,True,akshare:eastmoney:forex_hist_em,10,2026-09-08T02:49:23+00:00
USDCNH,2026-08-28,6.7316,6.7194,6.7328,6.7176,,2026-08-29T08:00:00+08:00,next_calendar_day_08_cn,False,True,akshare:eastmoney:forex_hist_em,10,2026-09-08T02:49:23+00:00
USDCNH,2026-08-31,6.718,6.7313,6.7322,6.7175,,2026-09-01T08:00:00+08:00,next_calendar_day_08_cn,False,True,akshare:eastmoney:forex_hist_em,10,2026-09-08T02:49:23+00:00
USDCNH,2026-09-01,6.7223,6.7178,6.7251,6.7169,,2026-09-02T08:00:00+08:00,next_calendar_day_08_cn,False,True,akshare:eastmoney:forex_hist_em,10,2026-09-08T02:49:23+00:00
USDCNH,2026-09-02,6.7179,6.7221,6.7267,6.7162,,2026-09-03T08:00:00+08:00,next_calendar_day_08_cn,False,True,akshare:eastmoney:forex_hist_em,10,2026-09-08T02:49:23+00:00
USDCNH,2026-09-03,6.7178,6.718,6.7207,6.7165,,2026-09-04T08:00:00+08:00,next_calendar_day_08_cn,False,True,akshare:eastmoney:forex_hist_em,10,2026-09-08T02:49:23+00:00
USDCNH,2026-09-04,6.7079,6.7177,6.7186,6.7052,,2026-09-05T08:00:00+08:00,next_calendar_day_08_cn,False,True,akshare:eastmoney:forex_hist_em,10,2026-09-08T02:49:23+00:00
USDCNH,2026-09-07,6.7093,6.7072,6.7124,6.7059,,2026-09-08T08:00:00+08:00,next_calendar_day_08_cn,False,True,akshare:eastmoney:forex_hist_em,10,2026-09-08T02:49:23+00:00
USDCNH,2026-09-08,6.7096,6.7094,6.7102,6.7073,,2026-09-09T08:00:00+08:00,next_calendar_day_08_cn,False,True,akshare:eastmoney:forex_hist_em,10,2026-09-08T02:49:23+00:00
USDCNY,2025-06-16,7.1789,,,,,2025-06-17T08:00:00+08:00,next_calendar_day_08_cn,False,True,akshare:safe:currency_boc_safe,20,2026-09-08T01:44:36+00:00
USDCNY,2025-06-17,7.174600000000001,,,,,2025-06-18T08:00:00+08:00,next_calendar_day_08_cn,False,True,akshare:safe:currency_boc_safe,20,2026-09-08T01:44:36+00:00
USDCNY,2025-06-18,7.1761,,,,,2025-06-19T08:00:00+08:00,next_calendar_day_08_cn,False,True,akshare:safe:currency_boc_safe,20,2026-09-08T01:44:36+00:00
USDCNY,2025-06-19,7.172899999999999,,,,,2025-06-20T08:00:00+08:00,next_calendar_day_08_cn,False,True,akshare:safe:currency_boc_safe,20,2026-09-08T01:44:36+00:00
USDCNY,2025-06-20,7.1695,,,,,2025-06-21T08:00:00+08:00,next_calendar_day_08_cn,False,True,akshare:safe:currency_boc_safe,20,2026-09-08T01:44:36+00:00
USDCNY,2025-06-23,7.171,,,,,2025-06-24T08:00:00+08:00,next_calendar_day_08_cn,False,True,akshare:safe:currency_boc_safe,20,2026-09-08T01:44:36+00:00
USDCNY,2025-06-24,7.1656,,,,,2025-06-25T08:00:00+08:00,next_calendar_day_08_cn,False,True,akshare:safe:currency_boc_safe,20,2026-09-08T01:44:36+00:00
USDCNY,2025-06-25,7.166799999999999,,,,,2025-06-26T08:00:00+08:00,next_calendar_day_08_cn,False,True,akshare:safe:currency_boc_safe,20,2026-09-08T01:44:36+00:00
USDCNY,2025-06-26,7.162000000000001,,,,,2025-06-27T08:00:00+08:00,next_calendar_day_08_cn,False,True,akshare:safe:currency_boc_safe,20,2026-09-08T01:44:36+00:00
USDCNY,2025-06-27,7.1627,,,,,2025-06-28T08:00:00+08:00,next_calendar_day_08_cn,False,True,akshare:safe:currency_boc_safe,20,2026-09-08T01:44:36+00:00
USDCNY,2025-06-30,7.1586,,,,,2025-07-01T08:00:00+08:00,next_calendar_day_08_cn,False,True,akshare:safe:currency_boc_safe,20,2026-09-08T01:44:36+00:00
USDCNY,2025-07-01,7.1534,,,,,2025-07-02T08:00:00+08:00,next_calendar_day_08_cn,False,True,akshare:safe:currency_boc_safe,20,2026-09-08T01:44:36+00:00
USDCNY,2025-07-02,7.1546,,,,,2025-07-03T08:00:00+08:00,next_calendar_day_08_cn,False,True,akshare:safe:currency_boc_safe,20,2026-09-08T01:44:36+00:00
USDCNY,2025-07-03,7.1523,,,,,2025-07-04T08:00:00+08:00,next_calendar_day_08_cn,False,True,akshare:safe:currency_boc_safe,20,2026-09-08T01:44:36+00:00
USDCNY,2025-07-04,7.1535,,,,,2025-07-05T08:00:00+08:00,next_calendar_day_08_cn,False,True,akshare:safe:currency_boc_safe,20,2026-09-08T01:44:36+00:00
USDCNY,2025-07-07,7.1506,,,,,2025-07-08T08:00:00+08:00,next_calendar_day_08_cn,False,True,akshare:safe:currency_boc_safe,20,2026-09-08T01:44:36+00:00
USDCNY,2025-07-08,7.1534,,,,,2025-07-09T08:00:00+08:00,next_calendar_day_08_cn,False,True,akshare:safe:currency_boc_safe,20,2026-09-08T01:44:36+00:00
USDCNY,2025-07-09,7.1541,,,,,2025-07-10T08:00:00+08:00,next_calendar_day_08_cn,False,True,akshare:safe:currency_boc_safe,20,2026-09-08T01:44:36+00:00
USDCNY,2025-07-10,7.151,,,,,2025-07-11T08:00:00+08:00,next_calendar_day_08_cn,False,True,akshare:safe:currency_boc_safe,20,2026-09-08T01:44:36+00:00
USDCNY,2025-07-11,7.1475,,,,,2025-07-12T08:00:00+08:00,next_calendar_day_08_cn,False,True,akshare:safe:currency_boc_safe,20,2026-09-08T01:44:36+00:00
USDCNY,2025-07-14,7.1491,,,,,2025-07-15T08:00:00+08:00,next_calendar_day_08_cn,False,True,akshare:safe:currency_boc_safe,20,2026-09-08T01:44:36+00:00
USDCNY,2025-07-15,7.1498,,,,,2025-07-16T08:00:00+08:00,next_calendar_day_08_cn,False,True,akshare:safe:currency_boc_safe,20,2026-09-08T01:44:36+00:00
USDCNY,2025-07-16,7.1526,,,,,2025-07-17T08:00:00+08:00,next_calendar_day_08_cn,False,True,akshare:safe:currency_boc_safe,20,2026-09-08T01:44:36+00:00
USDCNY,2025-07-17,7.146100000000001,,,,,2025-07-18T08:00:00+08:00,next_calendar_day_08_cn,False,True,akshare:safe:currency_boc_safe,20,2026-09-08T01:44:36+00:00
USDCNY,2025-07-18,7.1498,,,,,2025-07-19T08:00:00+08:00,next_calendar_day_08_cn,False,True,akshare:safe:currency_boc_safe,20,2026-09-08T01:44:36+00:00
USDCNY,2025-07-21,7.152200000000001,,,,,2025-07-22T08:00:00+08:00,next_calendar_day_08_cn,False,True,akshare:safe:currency_boc_safe,20,2026-09-08T01:44:36+00:00
USDCNY,2025-07-22,7.146,,,,,2025-07-23T08:00:00+08:00,next_calendar_day_08_cn,False,True,akshare:safe:currency_boc_safe,20,2026-09-08T01:44:36+00:00
USDCNY,2025-07-23,7.1414,,,,,2025-07-24T08:00:00+08:00,next_calendar_day_08_cn,False,True,akshare:safe:currency_boc_safe,20,2026-09-08T01:44:36+00:00
USDCNY,2025-07-24,7.1385000000000005,,,,,2025-07-25T08:00:00+08:00,next_calendar_day_08_cn,False,True,akshare:safe:currency_boc_safe,20,2026-09-08T01:44:36+00:00
USDCNY,2025-07-25,7.141900000000001,,,,,2025-07-26T08:00:00+08:00,next_calendar_day_08_cn,False,True,akshare:safe:currency_boc_safe,20,2026-09-08T01:44:36+00:00
USDCNY,2025-07-28,7.146699999999999,,,,,2025-07-29T08:00:00+08:00,next_calendar_day_08_cn,False,True,akshare:safe:currency_boc_safe,20,2026-09-08T01:44:36+00:00
USDCNY,2025-07-29,7.1511000000000005,,,,,2025-07-30T08:00:00+08:00,next_calendar_day_08_cn,False,True,akshare:safe:currency_boc_safe,20,2026-09-08T01:44:36+00:00
USDCNY,2025-07-30,7.1441,,,,,2025-07-31T08:00:00+08:00,next_calendar_day_08_cn,False,True,akshare:safe:currency_boc_safe,20,2026-09-08T01:44:36+00:00
USDCNY,2025-07-31,7.149400000000001,,,,,2025-08-01T08:00:00+08:00,next_calendar_day_08_cn,False,True,akshare:safe:currency_boc_safe,20,2026-09-08T01:44:36+00:00
USDCNY,2025-08-01,7.1496,,,,,2025-08-02T08:00:00+08:00,next_calendar_day_08_cn,False,True,akshare:safe:currency_boc_safe,20,2026-09-08T01:44:36+00:00
USDCNY,2025-08-04,7.139500000000001,,,,,2025-08-05T08:00:00+08:00,next_calendar_day_08_cn,False,True,akshare:safe:currency_boc_safe,20,2026-09-08T01:44:36+00:00
USDCNY,2025-08-05,7.1366,,,,,2025-08-06T08:00:00+08:00,next_calendar_day_08_cn,False,True,akshare:safe:currency_boc_safe,20,2026-09-08T01:44:36+00:00
USDCNY,2025-08-06,7.1409,,,,,2025-08-07T08:00:00+08:00,next_calendar_day_08_cn,False,True,akshare:safe:currency_boc_safe,20,2026-09-08T01:44:36+00:00
USDCNY,2025-08-07,7.1345,,,,,2025-08-08T08:00:00+08:00,next_calendar_day_08_cn,False,True,akshare:safe:currency_boc_safe,20,2026-09-08T01:44:36+00:00
USDCNY,2025-08-08,7.1382,,,,,2025-08-09T08:00:00+08:00,next_calendar_day_08_cn,False,True,akshare:safe:currency_boc_safe,20,2026-09-08T01:44:36+00:00
USDCNY,2025-08-11,7.140499999999999,,,,,2025-08-12T08:00:00+08:00,next_calendar_day_08_cn,False,True,akshare:safe:currency_boc_safe,20,2026-09-08T01:44:36+00:00
USDCNY,2025-08-12,7.1418,,,,,2025-08-13T08:00:00+08:00,next_calendar_day_08_cn,False,True,akshare:safe:currency_boc_safe,20,2026-09-08T01:44:36+00:00
USDCNY,2025-08-13,7.135,,,,,2025-08-14T08:00:00+08:00,next_calendar_day_08_cn,False,True,akshare:safe:currency_boc_safe,20,2026-09-08T01:44:36+00:00
USDCNY,2025-08-14,7.1337,,,,,2025-08-15T08:00:00+08:00,next_calendar_day_08_cn,False,True,akshare:safe:currency_boc_safe,20,2026-09-08T01:44:36+00:00
USDCNY,2025-08-15,7.1371,,,,,2025-08-16T08:00:00+08:00,next_calendar_day_08_cn,False,True,akshare:safe:currency_boc_safe,20,2026-09-08T01:44:36+00:00
USDCNY,2025-08-18,7.1322,,,,,2025-08-19T08:00:00+08:00,next_calendar_day_08_cn,False,True,akshare:safe:currency_boc_safe,20,2026-09-08T01:44:36+00:00
USDCNY,2025-08-19,7.1359,,,,,2025-08-20T08:00:00+08:00,next_calendar_day_08_cn,False,True,akshare:safe:currency_boc_safe,20,2026-09-08T01:44:36+00:00
USDCNY,2025-08-20,7.138400000000001,,,,,2025-08-21T08:00:00+08:00,next_calendar_day_08_cn,False,True,akshare:safe:currency_boc_safe,20,2026-09-08T01:44:36+00:00
USDCNY,2025-08-21,7.1287,,,,,2025-08-22T08:00:00+08:00,next_calendar_day_08_cn,False,True,akshare:safe:currency_boc_safe,20,2026-09-08T01:44:36+00:00
USDCNY,2025-08-22,7.1321,,,,,2025-08-23T08:00:00+08:00,next_calendar_day_08_cn,False,True,akshare:safe:currency_boc_safe,20,2026-09-08T01:44:36+00:00
USDCNY,2025-08-25,7.1161,,,,,2025-08-26T08:00:00+08:00,next_calendar_day_08_cn,False,True,akshare:safe:currency_boc_safe,20,2026-09-08T01:44:36+00:00
USDCNY,2025-08-26,7.1188,,,,,2025-08-27T08:00:00+08:00,next_calendar_day_08_cn,False,True,akshare:safe:currency_boc_safe,20,2026-09-08T01:44:36+00:00
USDCNY,2025-08-27,7.1108,,,,,2025-08-28T08:00:00+08:00,next_calendar_day_08_cn,False,True,akshare:safe:currency_boc_safe,20,2026-09-08T01:44:36+00:00
USDCNY,2025-08-28,7.1063,,,,,2025-08-29T08:00:00+08:00,next_calendar_day_08_cn,False,True,akshare:safe:currency_boc_safe,20,2026-09-08T01:44:36+00:00
USDCNY,2025-08-29,7.103,,,,,2025-08-30T08:00:00+08:00,next_calendar_day_08_cn,False,True,akshare:safe:currency_boc_safe,20,2026-09-08T01:44:36+00:00
USDCNY,2025-09-01,7.107200000000001,,,,,2025-09-02T08:00:00+08:00,next_calendar_day_08_cn,False,True,akshare:safe:currency_boc_safe,20,2026-09-08T01:44:36+00:00
USDCNY,2025-09-02,7.1089,,,,,2025-09-03T08:00:00+08:00,next_calendar_day_08_cn,False,True,akshare:safe:currency_boc_safe,20,2026-09-08T01:44:36+00:00
USDCNY,2025-09-03,7.1108,,,,,2025-09-04T08:00:00+08:00,next_calendar_day_08_cn,False,True,akshare:safe:currency_boc_safe,20,2026-09-08T01:44:36+00:00
USDCNY,2025-09-04,7.1052,,,,,2025-09-05T08:00:00+08:00,next_calendar_day_08_cn,False,True,akshare:safe:currency_boc_safe,20,2026-09-08T01:44:36+00:00
USDCNY,2025-09-05,7.1064,,,,,2025-09-06T08:00:00+08:00,next_calendar_day_08_cn,False,True,akshare:safe:currency_boc_safe,20,2026-09-08T01:44:36+00:00
USDCNY,2025-09-08,7.1029,,,,,2025-09-09T08:00:00+08:00,next_calendar_day_08_cn,False,True,akshare:safe:currency_boc_safe,20,2026-09-08T01:44:36+00:00
USDCNY,2025-09-09,7.1008,,,,,2025-09-10T08:00:00+08:00,next_calendar_day_08_cn,False,True,akshare:safe:currency_boc_safe,20,2026-09-08T01:44:36+00:00
USDCNY,2025-09-10,7.1062,,,,,2025-09-11T08:00:00+08:00,next_calendar_day_08_cn,False,True,akshare:safe:currency_boc_safe,20,2026-09-08T01:44:36+00:00
USDCNY,2025-09-11,7.103400000000001,,,,,2025-09-12T08:00:00+08:00,next_calendar_day_08_cn,False,True,akshare:safe:currency_boc_safe,20,2026-09-08T01:44:36+00:00
USDCNY,2025-09-12,7.1019000000000005,,,,,2025-09-13T08:00:00+08:00,next_calendar_day_08_cn,False,True,akshare:safe:currency_boc_safe,20,2026-09-08T01:44:36+00:00
USDCNY,2025-09-15,7.105599999999999,,,,,2025-09-16T08:00:00+08:00,next_calendar_day_08_cn,False,True,akshare:safe:currency_boc_safe,20,2026-09-08T01:44:36+00:00
USDCNY,2025-09-16,7.1027,,,,,2025-09-17T08:00:00+08:00,next_calendar_day_08_cn,False,True,akshare:safe:currency_boc_safe,20,2026-09-08T01:44:36+00:00
USDCNY,2025-09-17,7.1013,,,,,2025-09-18T08:00:00+08:00,next_calendar_day_08_cn,False,True,akshare:safe:currency_boc_safe,20,2026-09-08T01:44:36+00:00
USDCNY,2025-09-18,7.1085,,,,,2025-09-19T08:00:00+08:00,next_calendar_day_08_cn,False,True,akshare:safe:currency_boc_safe,20,2026-09-08T01:44:36+00:00
USDCNY,2025-09-19,7.1128,,,,,2025-09-20T08:00:00+08:00,next_calendar_day_08_cn,False,True,akshare:safe:currency_boc_safe,20,2026-09-08T01:44:36+00:00
USDCNY,2025-09-22,7.1106,,,,,2025-09-23T08:00:00+08:00,next_calendar_day_08_cn,False,True,akshare:safe:currency_boc_safe,20,2026-09-08T01:44:36+00:00
USDCNY,2025-09-23,7.105700000000001,,,,,2025-09-24T08:00:00+08:00,next_calendar_day_08_cn,False,True,akshare:safe:currency_boc_safe,20,2026-09-08T01:44:36+00:00
USDCNY,2025-09-24,7.1077,,,,,2025-09-25T08:00:00+08:00,next_calendar_day_08_cn,False,True,akshare:safe:currency_boc_safe,20,2026-09-08T01:44:36+00:00
USDCNY,2025-09-25,7.1118,,,,,2025-09-26T08:00:00+08:00,next_calendar_day_08_cn,False,True,akshare:safe:currency_boc_safe,20,2026-09-08T01:44:36+00:00
USDCNY,2025-09-26,7.1152,,,,,2025-09-27T08:00:00+08:00,next_calendar_day_08_cn,False,True,akshare:safe:currency_boc_safe,20,2026-09-08T01:44:36+00:00
USDCNY,2025-09-29,7.1089,,,,,2025-09-30T08:00:00+08:00,next_calendar_day_08_cn,False,True,akshare:safe:currency_boc_safe,20,2026-09-08T01:44:36+00:00
USDCNY,2025-09-30,7.105499999999999,,,,,2025-10-01T08:00:00+08:00,next_calendar_day_08_cn,False,True,akshare:safe:currency_boc_safe,20,2026-09-08T01:44:36+00:00
USDCNY,2025-10-09,7.1102,,,,,2025-10-10T08:00:00+08:00,next_calendar_day_08_cn,False,True,akshare:safe:currency_boc_safe,20,2026-09-08T01:44:36+00:00
USDCNY,2025-10-10,7.1048,,,,,2025-10-11T08:00:00+08:00,next_calendar_day_08_cn,False,True,akshare:safe:currency_boc_safe,20,2026-09-08T01:44:36+00:00
USDCNY,2025-10-13,7.100700000000001,,,,,2025-10-14T08:00:00+08:00,next_calendar_day_08_cn,False,True,akshare:safe:currency_boc_safe,20,2026-09-08T01:44:36+00:00
USDCNY,2025-10-14,7.1021,,,,,2025-10-15T08:00:00+08:00,next_calendar_day_08_cn,False,True,akshare:safe:currency_boc_safe,20,2026-09-08T01:44:36+00:00
USDCNY,2025-10-15,7.099500000000001,,,,,2025-10-16T08:00:00+08:00,next_calendar_day_08_cn,False,True,akshare:safe:currency_boc_safe,20,2026-09-08T01:44:36+00:00
USDCNY,2025-10-16,7.096799999999999,,,,,2025-10-17T08:00:00+08:00,next_calendar_day_08_cn,False,True,akshare:safe:currency_boc_safe,20,2026-09-08T01:44:36+00:00
USDCNY,2025-10-17,7.0949,,,,,2025-10-18T08:00:00+08:00,next_calendar_day_08_cn,False,True,akshare:safe:currency_boc_safe,20,2026-09-08T01:44:36+00:00
USDCNY,2025-10-20,7.097300000000001,,,,,2025-10-21T08:00:00+08:00,next_calendar_day_08_cn,False,True,akshare:safe:currency_boc_safe,20,2026-09-08T01:44:36+00:00
USDCNY,2025-10-21,7.093,,,,,2025-10-22T08:00:00+08:00,next_calendar_day_08_cn,False,True,akshare:safe:currency_boc_safe,20,2026-09-08T01:44:36+00:00
USDCNY,2025-10-22,7.0954,,,,,2025-10-23T08:00:00+08:00,next_calendar_day_08_cn,False,True,akshare:safe:currency_boc_safe,20,2026-09-08T01:44:36+00:00
USDCNY,2025-10-23,7.091799999999999,,,,,2025-10-24T08:00:00+08:00,next_calendar_day_08_cn,False,True,akshare:safe:currency_boc_safe,20,2026-09-08T01:44:36+00:00
USDCNY,2025-10-24,7.0928,,,,,2025-10-25T08:00:00+08:00,next_calendar_day_08_cn,False,True,akshare:safe:currency_boc_safe,20,2026-09-08T01:44:36+00:00
USDCNY,2025-10-27,7.0881,,,,,2025-10-28T08:00:00+08:00,next_calendar_day_08_cn,False,True,akshare:safe:currency_boc_safe,20,2026-09-08T01:44:36+00:00
USDCNY,2025-10-28,7.0856,,,,,2025-10-29T08:00:00+08:00,next_calendar_day_08_cn,False,True,akshare:safe:currency_boc_safe,20,2026-09-08T01:44:36+00:00
USDCNY,2025-10-29,7.0843,,,,,2025-10-30T08:00:00+08:00,next_calendar_day_08_cn,False,True,akshare:safe:currency_boc_safe,20,2026-09-08T01:44:36+00:00
USDCNY,2025-10-30,7.0864,,,,,2025-10-31T08:00:00+08:00,next_calendar_day_08_cn,False,True,akshare:safe:currency_boc_safe,20,2026-09-08T01:44:36+00:00
USDCNY,2025-10-31,7.087999999999999,,,,,2025-11-01T08:00:00+08:00,next_calendar_day_08_cn,False,True,akshare:safe:currency_boc_safe,20,2026-09-08T01:44:36+00:00
USDCNY,2025-11-03,7.0867,,,,,2025-11-04T08:00:00+08:00,next_calendar_day_08_cn,False,True,akshare:safe:currency_boc_safe,20,2026-09-08T01:44:36+00:00
USDCNY,2025-11-04,7.0885,,,,,2025-11-05T08:00:00+08:00,next_calendar_day_08_cn,False,True,akshare:safe:currency_boc_safe,20,2026-09-08T01:44:36+00:00
USDCNY,2025-11-05,7.0901,,,,,2025-11-06T08:00:00+08:00,next_calendar_day_08_cn,False,True,akshare:safe:currency_boc_safe,20,2026-09-08T01:44:36+00:00
USDCNY,2025-11-06,7.0865,,,,,2025-11-07T08:00:00+08:00,next_calendar_day_08_cn,False,True,akshare:safe:currency_boc_safe,20,2026-09-08T01:44:36+00:00
USDCNY,2025-11-07,7.083600000000001,,,,,2025-11-08T08:00:00+08:00,next_calendar_day_08_cn,False,True,akshare:safe:currency_boc_safe,20,2026-09-08T01:44:36+00:00
USDCNY,2025-11-10,7.0856,,,,,2025-11-11T08:00:00+08:00,next_calendar_day_08_cn,False,True,akshare:safe:currency_boc_safe,20,2026-09-08T01:44:36+00:00
USDCNY,2025-11-11,7.0866,,,,,2025-11-12T08:00:00+08:00,next_calendar_day_08_cn,False,True,akshare:safe:currency_boc_safe,20,2026-09-08T01:44:36+00:00
USDCNY,2025-11-12,7.0833,,,,,2025-11-13T08:00:00+08:00,next_calendar_day_08_cn,False,True,akshare:safe:currency_boc_safe,20,2026-09-08T01:44:36+00:00
USDCNY,2025-11-13,7.0865,,,,,2025-11-14T08:00:00+08:00,next_calendar_day_08_cn,False,True,akshare:safe:currency_boc_safe,20,2026-09-08T01:44:36+00:00
USDCNY,2025-11-14,7.0825,,,,,2025-11-15T08:00:00+08:00,next_calendar_day_08_cn,False,True,akshare:safe:currency_boc_safe,20,2026-09-08T01:44:36+00:00
USDCNY,2025-11-17,7.0816,,,,,2025-11-18T08:00:00+08:00,next_calendar_day_08_cn,False,True,akshare:safe:currency_boc_safe,20,2026-09-08T01:44:36+00:00
USDCNY,2025-11-18,7.0856,,,,,2025-11-19T08:00:00+08:00,next_calendar_day_08_cn,False,True,akshare:safe:currency_boc_safe,20,2026-09-08T01:44:36+00:00
USDCNY,2025-11-19,7.0872,,,,,2025-11-20T08:00:00+08:00,next_calendar_day_08_cn,False,True,akshare:safe:currency_boc_safe,20,2026-09-08T01:44:36+00:00
USDCNY,2025-11-20,7.0905,,,,,2025-11-21T08:00:00+08:00,next_calendar_day_08_cn,False,True,akshare:safe:currency_boc_safe,20,2026-09-08T01:44:36+00:00
USDCNY,2025-11-21,7.0875,,,,,2025-11-22T08:00:00+08:00,next_calendar_day_08_cn,False,True,akshare:safe:currency_boc_safe,20,2026-09-08T01:44:36+00:00
USDCNY,2025-11-24,7.084700000000001,,,,,2025-11-25T08:00:00+08:00,next_calendar_day_08_cn,False,True,akshare:safe:currency_boc_safe,20,2026-09-08T01:44:36+00:00
USDCNY,2025-11-25,7.0826,,,,,2025-11-26T08:00:00+08:00,next_calendar_day_08_cn,False,True,akshare:safe:currency_boc_safe,20,2026-09-08T01:44:36+00:00
USDCNY,2025-11-26,7.0796,,,,,2025-11-27T08:00:00+08:00,next_calendar_day_08_cn,False,True,akshare:safe:currency_boc_safe,20,2026-09-08T01:44:36+00:00
USDCNY,2025-11-27,7.0779,,,,,2025-11-28T08:00:00+08:00,next_calendar_day_08_cn,False,True,akshare:safe:currency_boc_safe,20,2026-09-08T01:44:36+00:00
USDCNY,2025-11-28,7.0789,,,,,2025-11-29T08:00:00+08:00,next_calendar_day_08_cn,False,True,akshare:safe:currency_boc_safe,20,2026-09-08T01:44:36+00:00
USDCNY,2025-12-01,7.075900000000001,,,,,2025-12-02T08:00:00+08:00,next_calendar_day_08_cn,False,True,akshare:safe:currency_boc_safe,20,2026-09-08T01:44:36+00:00
USDCNY,2025-12-02,7.079400000000001,,,,,2025-12-03T08:00:00+08:00,next_calendar_day_08_cn,False,True,akshare:safe:currency_boc_safe,20,2026-09-08T01:44:36+00:00
USDCNY,2025-12-03,7.075399999999999,,,,,2025-12-04T08:00:00+08:00,next_calendar_day_08_cn,False,True,akshare:safe:currency_boc_safe,20,2026-09-08T01:44:36+00:00
USDCNY,2025-12-04,7.073300000000001,,,,,2025-12-05T08:00:00+08:00,next_calendar_day_08_cn,False,True,akshare:safe:currency_boc_safe,20,2026-09-08T01:44:36+00:00
USDCNY,2025-12-05,7.0749,,,,,2025-12-06T08:00:00+08:00,next_calendar_day_08_cn,False,True,akshare:safe:currency_boc_safe,20,2026-09-08T01:44:36+00:00
USDCNY,2025-12-08,7.0764,,,,,2025-12-09T08:00:00+08:00,next_calendar_day_08_cn,False,True,akshare:safe:currency_boc_safe,20,2026-09-08T01:44:36+00:00
USDCNY,2025-12-09,7.0773,,,,,2025-12-10T08:00:00+08:00,next_calendar_day_08_cn,False,True,akshare:safe:currency_boc_safe,20,2026-09-08T01:44:36+00:00
USDCNY,2025-12-10,7.0753,,,,,2025-12-11T08:00:00+08:00,next_calendar_day_08_cn,False,True,akshare:safe:currency_boc_safe,20,2026-09-08T01:44:36+00:00
USDCNY,2025-12-11,7.0686,,,,,2025-12-12T08:00:00+08:00,next_calendar_day_08_cn,False,True,akshare:safe:currency_boc_safe,20,2026-09-08T01:44:36+00:00
USDCNY,2025-12-12,7.0638,,,,,2025-12-13T08:00:00+08:00,next_calendar_day_08_cn,False,True,akshare:safe:currency_boc_safe,20,2026-09-08T01:44:36+00:00
USDCNY,2025-12-15,7.0656,,,,,2025-12-16T08:00:00+08:00,next_calendar_day_08_cn,False,True,akshare:safe:currency_boc_safe,20,2026-09-08T01:44:36+00:00
USDCNY,2025-12-16,7.0602,,,,,2025-12-17T08:00:00+08:00,next_calendar_day_08_cn,False,True,akshare:safe:currency_boc_safe,20,2026-09-08T01:44:36+00:00
USDCNY,2025-12-17,7.057300000000001,,,,,2025-12-18T08:00:00+08:00,next_calendar_day_08_cn,False,True,akshare:safe:currency_boc_safe,20,2026-09-08T01:44:36+00:00
USDCNY,2025-12-18,7.0583,,,,,2025-12-19T08:00:00+08:00,next_calendar_day_08_cn,False,True,akshare:safe:currency_boc_safe,20,2026-09-08T01:44:36+00:00
USDCNY,2025-12-19,7.055,,,,,2025-12-20T08:00:00+08:00,next_calendar_day_08_cn,False,True,akshare:safe:currency_boc_safe,20,2026-09-08T01:44:36+00:00
USDCNY,2025-12-22,7.0572,,,,,2025-12-23T08:00:00+08:00,next_calendar_day_08_cn,False,True,akshare:safe:currency_boc_safe,20,2026-09-08T01:44:36+00:00
USDCNY,2025-12-23,7.0523,,,,,2025-12-24T08:00:00+08:00,next_calendar_day_08_cn,False,True,akshare:safe:currency_boc_safe,20,2026-09-08T01:44:36+00:00
USDCNY,2025-12-24,7.0471,,,,,2025-12-25T08:00:00+08:00,next_calendar_day_08_cn,False,True,akshare:safe:currency_boc_safe,20,2026-09-08T01:44:36+00:00
USDCNY,2025-12-25,7.039199999999999,,,,,2025-12-26T08:00:00+08:00,next_calendar_day_08_cn,False,True,akshare:safe:currency_boc_safe,20,2026-09-08T01:44:36+00:00
USDCNY,2025-12-26,7.0358,,,,,2025-12-27T08:00:00+08:00,next_calendar_day_08_cn,False,True,akshare:safe:currency_boc_safe,20,2026-09-08T01:44:36+00:00
USDCNY,2025-12-29,7.033099999999999,,,,,2025-12-30T08:00:00+08:00,next_calendar_day_08_cn,False,True,akshare:safe:currency_boc_safe,20,2026-09-08T01:44:36+00:00
USDCNY,2025-12-30,7.034800000000001,,,,,2025-12-31T08:00:00+08:00,next_calendar_day_08_cn,False,True,akshare:safe:currency_boc_safe,20,2026-09-08T01:44:36+00:00
USDCNY,2025-12-31,7.0288,,,,,2026-01-01T08:00:00+08:00,next_calendar_day_08_cn,False,True,akshare:safe:currency_boc_safe,20,2026-09-08T01:44:36+00:00
USDCNY,2026-01-05,7.023,,,,,2026-01-06T08:00:00+08:00,next_calendar_day_08_cn,False,True,akshare:safe:currency_boc_safe,20,2026-09-08T01:44:36+00:00
USDCNY,2026-01-06,7.0173000000000005,,,,,2026-01-07T08:00:00+08:00,next_calendar_day_08_cn,False,True,akshare:safe:currency_boc_safe,20,2026-09-08T01:44:36+00:00
USDCNY,2026-01-07,7.0187,,,,,2026-01-08T08:00:00+08:00,next_calendar_day_08_cn,False,True,akshare:safe:currency_boc_safe,20,2026-09-08T01:44:36+00:00
USDCNY,2026-01-08,7.0197,,,,,2026-01-09T08:00:00+08:00,next_calendar_day_08_cn,False,True,akshare:safe:currency_boc_safe,20,2026-09-08T01:44:36+00:00
USDCNY,2026-01-09,7.0128,,,,,2026-01-10T08:00:00+08:00,next_calendar_day_08_cn,False,True,akshare:safe:currency_boc_safe,20,2026-09-08T01:44:36+00:00
USDCNY,2026-01-12,7.010800000000001,,,,,2026-01-13T08:00:00+08:00,next_calendar_day_08_cn,False,True,akshare:safe:currency_boc_safe,20,2026-09-08T01:44:36+00:00
USDCNY,2026-01-13,7.0103,,,,,2026-01-14T08:00:00+08:00,next_calendar_day_08_cn,False,True,akshare:safe:currency_boc_safe,20,2026-09-08T01:44:36+00:00
USDCNY,2026-01-14,7.0120000000000005,,,,,2026-01-15T08:00:00+08:00,next_calendar_day_08_cn,False,True,akshare:safe:currency_boc_safe,20,2026-09-08T01:44:36+00:00
USDCNY,2026-01-15,7.0064,,,,,2026-01-16T08:00:00+08:00,next_calendar_day_08_cn,False,True,akshare:safe:currency_boc_safe,20,2026-09-08T01:44:36+00:00
USDCNY,2026-01-16,7.0078,,,,,2026-01-17T08:00:00+08:00,next_calendar_day_08_cn,False,True,akshare:safe:currency_boc_safe,20,2026-09-08T01:44:36+00:00
USDCNY,2026-01-19,7.0051,,,,,2026-01-20T08:00:00+08:00,next_calendar_day_08_cn,False,True,akshare:safe:currency_boc_safe,20,2026-09-08T01:44:36+00:00
USDCNY,2026-01-20,7.0006,,,,,2026-01-21T08:00:00+08:00,next_calendar_day_08_cn,False,True,akshare:safe:currency_boc_safe,20,2026-09-08T01:44:36+00:00
USDCNY,2026-01-21,7.0014,,,,,2026-01-22T08:00:00+08:00,next_calendar_day_08_cn,False,True,akshare:safe:currency_boc_safe,20,2026-09-08T01:44:36+00:00
USDCNY,2026-01-22,7.001900000000001,,,,,2026-01-23T08:00:00+08:00,next_calendar_day_08_cn,False,True,akshare:safe:currency_boc_safe,20,2026-09-08T01:44:36+00:00
USDCNY,2026-01-23,6.9929,,,,,2026-01-24T08:00:00+08:00,next_calendar_day_08_cn,False,True,akshare:safe:currency_boc_safe,20,2026-09-08T01:44:36+00:00
USDCNY,2026-01-26,6.984299999999999,,,,,2026-01-27T08:00:00+08:00,next_calendar_day_08_cn,False,True,akshare:safe:currency_boc_safe,20,2026-09-08T01:44:36+00:00
USDCNY,2026-01-27,6.9858,,,,,2026-01-28T08:00:00+08:00,next_calendar_day_08_cn,False,True,akshare:safe:currency_boc_safe,20,2026-09-08T01:44:36+00:00
USDCNY,2026-01-28,6.975499999999999,,,,,2026-01-29T08:00:00+08:00,next_calendar_day_08_cn,False,True,akshare:safe:currency_boc_safe,20,2026-09-08T01:44:36+00:00
USDCNY,2026-01-29,6.9771,,,,,2026-01-30T08:00:00+08:00,next_calendar_day_08_cn,False,True,akshare:safe:currency_boc_safe,20,2026-09-08T01:44:36+00:00
USDCNY,2026-01-30,6.9678,,,,,2026-01-31T08:00:00+08:00,next_calendar_day_08_cn,False,True,akshare:safe:currency_boc_safe,20,2026-09-08T01:44:36+00:00
USDCNY,2026-02-02,6.9695,,,,,2026-02-03T08:00:00+08:00,next_calendar_day_08_cn,False,True,akshare:safe:currency_boc_safe,20,2026-09-08T01:44:36+00:00
USDCNY,2026-02-03,6.960800000000001,,,,,2026-02-04T08:00:00+08:00,next_calendar_day_08_cn,False,True,akshare:safe:currency_boc_safe,20,2026-09-08T01:44:36+00:00
USDCNY,2026-02-04,6.9533000000000005,,,,,2026-02-05T08:00:00+08:00,next_calendar_day_08_cn,False,True,akshare:safe:currency_boc_safe,20,2026-09-08T01:44:36+00:00
USDCNY,2026-02-05,6.957000000000001,,,,,2026-02-06T08:00:00+08:00,next_calendar_day_08_cn,False,True,akshare:safe:currency_boc_safe,20,2026-09-08T01:44:36+00:00
USDCNY,2026-02-06,6.959,,,,,2026-02-07T08:00:00+08:00,next_calendar_day_08_cn,False,True,akshare:safe:currency_boc_safe,20,2026-09-08T01:44:36+00:00
USDCNY,2026-02-09,6.9523,,,,,2026-02-10T08:00:00+08:00,next_calendar_day_08_cn,False,True,akshare:safe:currency_boc_safe,20,2026-09-08T01:44:36+00:00
USDCNY,2026-02-10,6.9458,,,,,2026-02-11T08:00:00+08:00,next_calendar_day_08_cn,False,True,akshare:safe:currency_boc_safe,20,2026-09-08T01:44:36+00:00
USDCNY,2026-02-11,6.9438,,,,,2026-02-12T08:00:00+08:00,next_calendar_day_08_cn,False,True,akshare:safe:currency_boc_safe,20,2026-09-08T01:44:36+00:00
USDCNY,2026-02-12,6.9457,,,,,2026-02-13T08:00:00+08:00,next_calendar_day_08_cn,False,True,akshare:safe:currency_boc_safe,20,2026-09-08T01:44:36+00:00
USDCNY,2026-02-13,6.9398,,,,,2026-02-14T08:00:00+08:00,next_calendar_day_08_cn,False,True,akshare:safe:currency_boc_safe,20,2026-09-08T01:44:36+00:00
USDCNY,2026-02-24,6.9414,,,,,2026-02-25T08:00:00+08:00,next_calendar_day_08_cn,False,True,akshare:safe:currency_boc_safe,20,2026-09-08T01:44:36+00:00
USDCNY,2026-02-25,6.9321,,,,,2026-02-26T08:00:00+08:00,next_calendar_day_08_cn,False,True,akshare:safe:currency_boc_safe,20,2026-09-08T01:44:36+00:00
USDCNY,2026-02-26,6.9228,,,,,2026-02-27T08:00:00+08:00,next_calendar_day_08_cn,False,True,akshare:safe:currency_boc_safe,20,2026-09-08T01:44:36+00:00
USDCNY,2026-02-27,6.9228,,,,,2026-02-28T08:00:00+08:00,next_calendar_day_08_cn,False,True,akshare:safe:currency_boc_safe,20,2026-09-08T01:44:36+00:00
USDCNY,2026-03-02,6.9236,,,,,2026-03-03T08:00:00+08:00,next_calendar_day_08_cn,False,True,akshare:safe:currency_boc_safe,20,2026-09-08T01:44:36+00:00
USDCNY,2026-03-03,6.9088,,,,,2026-03-04T08:00:00+08:00,next_calendar_day_08_cn,False,True,akshare:safe:currency_boc_safe,20,2026-09-08T01:44:36+00:00
USDCNY,2026-03-04,6.9124,,,,,2026-03-05T08:00:00+08:00,next_calendar_day_08_cn,False,True,akshare:safe:currency_boc_safe,20,2026-09-08T01:44:36+00:00
USDCNY,2026-03-05,6.9007000000000005,,,,,2026-03-06T08:00:00+08:00,next_calendar_day_08_cn,False,True,akshare:safe:currency_boc_safe,20,2026-09-08T01:44:36+00:00
USDCNY,2026-03-06,6.9025,,,,,2026-03-07T08:00:00+08:00,next_calendar_day_08_cn,False,True,akshare:safe:currency_boc_safe,20,2026-09-08T01:44:36+00:00
USDCNY,2026-03-09,6.915800000000001,,,,,2026-03-10T08:00:00+08:00,next_calendar_day_08_cn,False,True,akshare:safe:currency_boc_safe,20,2026-09-08T01:44:36+00:00
USDCNY,2026-03-10,6.8982,,,,,2026-03-11T08:00:00+08:00,next_calendar_day_08_cn,False,True,akshare:safe:currency_boc_safe,20,2026-09-08T01:44:36+00:00
USDCNY,2026-03-11,6.891699999999999,,,,,2026-03-12T08:00:00+08:00,next_calendar_day_08_cn,False,True,akshare:safe:currency_boc_safe,20,2026-09-08T01:44:36+00:00
USDCNY,2026-03-12,6.8959,,,,,2026-03-13T08:00:00+08:00,next_calendar_day_08_cn,False,True,akshare:safe:currency_boc_safe,20,2026-09-08T01:44:36+00:00
USDCNY,2026-03-13,6.9007000000000005,,,,,2026-03-14T08:00:00+08:00,next_calendar_day_08_cn,False,True,akshare:safe:currency_boc_safe,20,2026-09-08T01:44:36+00:00
USDCNY,2026-03-16,6.9057,,,,,2026-03-17T08:00:00+08:00,next_calendar_day_08_cn,False,True,akshare:safe:currency_boc_safe,20,2026-09-08T01:44:36+00:00
USDCNY,2026-03-17,6.896100000000001,,,,,2026-03-18T08:00:00+08:00,next_calendar_day_08_cn,False,True,akshare:safe:currency_boc_safe,20,2026-09-08T01:44:36+00:00
USDCNY,2026-03-18,6.8909,,,,,2026-03-19T08:00:00+08:00,next_calendar_day_08_cn,False,True,akshare:safe:currency_boc_safe,20,2026-09-08T01:44:36+00:00
USDCNY,2026-03-19,6.8975,,,,,2026-03-20T08:00:00+08:00,next_calendar_day_08_cn,False,True,akshare:safe:currency_boc_safe,20,2026-09-08T01:44:36+00:00
USDCNY,2026-03-20,6.8898,,,,,2026-03-21T08:00:00+08:00,next_calendar_day_08_cn,False,True,akshare:safe:currency_boc_safe,20,2026-09-08T01:44:36+00:00
USDCNY,2026-03-23,6.9041,,,,,2026-03-24T08:00:00+08:00,next_calendar_day_08_cn,False,True,akshare:safe:currency_boc_safe,20,2026-09-08T01:44:36+00:00
USDCNY,2026-03-24,6.894299999999999,,,,,2026-03-25T08:00:00+08:00,next_calendar_day_08_cn,False,True,akshare:safe:currency_boc_safe,20,2026-09-08T01:44:36+00:00
USDCNY,2026-03-25,6.8911,,,,,2026-03-26T08:00:00+08:00,next_calendar_day_08_cn,False,True,akshare:safe:currency_boc_safe,20,2026-09-08T01:44:36+00:00
USDCNY,2026-03-26,6.9056,,,,,2026-03-27T08:00:00+08:00,next_calendar_day_08_cn,False,True,akshare:safe:currency_boc_safe,20,2026-09-08T01:44:36+00:00
USDCNY,2026-03-27,6.9141,,,,,2026-03-28T08:00:00+08:00,next_calendar_day_08_cn,False,True,akshare:safe:currency_boc_safe,20,2026-09-08T01:44:36+00:00
USDCNY,2026-03-30,6.9223,,,,,2026-03-31T08:00:00+08:00,next_calendar_day_08_cn,False,True,akshare:safe:currency_boc_safe,20,2026-09-08T01:44:36+00:00
USDCNY,2026-03-31,6.9194,,,,,2026-04-01T08:00:00+08:00,next_calendar_day_08_cn,False,True,akshare:safe:currency_boc_safe,20,2026-09-08T01:44:36+00:00
USDCNY,2026-04-01,6.9025,,,,,2026-04-02T08:00:00+08:00,next_calendar_day_08_cn,False,True,akshare:safe:currency_boc_safe,20,2026-09-08T01:44:36+00:00
USDCNY,2026-04-02,6.888,,,,,2026-04-03T08:00:00+08:00,next_calendar_day_08_cn,False,True,akshare:safe:currency_boc_safe,20,2026-09-08T01:44:36+00:00
USDCNY,2026-04-03,6.8929,,,,,2026-04-04T08:00:00+08:00,next_calendar_day_08_cn,False,True,akshare:safe:currency_boc_safe,20,2026-09-08T01:44:36+00:00
USDCNY,2026-04-07,6.8854,,,,,2026-04-08T08:00:00+08:00,next_calendar_day_08_cn,False,True,akshare:safe:currency_boc_safe,20,2026-09-08T01:44:36+00:00
USDCNY,2026-04-08,6.867999999999999,,,,,2026-04-09T08:00:00+08:00,next_calendar_day_08_cn,False,True,akshare:safe:currency_boc_safe,20,2026-09-08T01:44:36+00:00
USDCNY,2026-04-09,6.8649,,,,,2026-04-10T08:00:00+08:00,next_calendar_day_08_cn,False,True,akshare:safe:currency_boc_safe,20,2026-09-08T01:44:36+00:00
USDCNY,2026-04-10,6.865399999999999,,,,,2026-04-11T08:00:00+08:00,next_calendar_day_08_cn,False,True,akshare:safe:currency_boc_safe,20,2026-09-08T01:44:36+00:00
USDCNY,2026-04-13,6.8657,,,,,2026-04-14T08:00:00+08:00,next_calendar_day_08_cn,False,True,akshare:safe:currency_boc_safe,20,2026-09-08T01:44:36+00:00
USDCNY,2026-04-14,6.859299999999999,,,,,2026-04-15T08:00:00+08:00,next_calendar_day_08_cn,False,True,akshare:safe:currency_boc_safe,20,2026-09-08T01:44:36+00:00
USDCNY,2026-04-15,6.8582,,,,,2026-04-16T08:00:00+08:00,next_calendar_day_08_cn,False,True,akshare:safe:currency_boc_safe,20,2026-09-08T01:44:36+00:00
USDCNY,2026-04-16,6.861599999999999,,,,,2026-04-17T08:00:00+08:00,next_calendar_day_08_cn,False,True,akshare:safe:currency_boc_safe,20,2026-09-08T01:44:36+00:00
USDCNY,2026-04-17,6.8622000000000005,,,,,2026-04-18T08:00:00+08:00,next_calendar_day_08_cn,False,True,akshare:safe:currency_boc_safe,20,2026-09-08T01:44:36+00:00
USDCNY,2026-04-20,6.8648,,,,,2026-04-21T08:00:00+08:00,next_calendar_day_08_cn,False,True,akshare:safe:currency_boc_safe,20,2026-09-08T01:44:36+00:00
USDCNY,2026-04-21,6.859400000000001,,,,,2026-04-22T08:00:00+08:00,next_calendar_day_08_cn,False,True,akshare:safe:currency_boc_safe,20,2026-09-08T01:44:36+00:00
USDCNY,2026-04-22,6.8635,,,,,2026-04-23T08:00:00+08:00,next_calendar_day_08_cn,False,True,akshare:safe:currency_boc_safe,20,2026-09-08T01:44:36+00:00
USDCNY,2026-04-23,6.865,,,,,2026-04-24T08:00:00+08:00,next_calendar_day_08_cn,False,True,akshare:safe:currency_boc_safe,20,2026-09-08T01:44:36+00:00
USDCNY,2026-04-24,6.8674,,,,,2026-04-25T08:00:00+08:00,next_calendar_day_08_cn,False,True,akshare:safe:currency_boc_safe,20,2026-09-08T01:44:36+00:00
USDCNY,2026-04-27,6.8579,,,,,2026-04-28T08:00:00+08:00,next_calendar_day_08_cn,False,True,akshare:safe:currency_boc_safe,20,2026-09-08T01:44:36+00:00
USDCNY,2026-04-28,6.8589,,,,,2026-04-29T08:00:00+08:00,next_calendar_day_08_cn,False,True,akshare:safe:currency_boc_safe,20,2026-09-08T01:44:36+00:00
USDCNY,2026-04-29,6.8608,,,,,2026-04-30T08:00:00+08:00,next_calendar_day_08_cn,False,True,akshare:safe:currency_boc_safe,20,2026-09-08T01:44:36+00:00
USDCNY,2026-04-30,6.8628,,,,,2026-05-01T08:00:00+08:00,next_calendar_day_08_cn,False,True,akshare:safe:currency_boc_safe,20,2026-09-08T01:44:36+00:00
USDCNY,2026-05-06,6.8562,,,,,2026-05-07T08:00:00+08:00,next_calendar_day_08_cn,False,True,akshare:safe:currency_boc_safe,20,2026-09-08T01:44:36+00:00
USDCNY,2026-05-07,6.8487,,,,,2026-05-08T08:00:00+08:00,next_calendar_day_08_cn,False,True,akshare:safe:currency_boc_safe,20,2026-09-08T01:44:36+00:00
USDCNY,2026-05-08,6.8502,,,,,2026-05-09T08:00:00+08:00,next_calendar_day_08_cn,False,True,akshare:safe:currency_boc_safe,20,2026-09-08T01:44:36+00:00
USDCNY,2026-05-11,6.846699999999999,,,,,2026-05-12T08:00:00+08:00,next_calendar_day_08_cn,False,True,akshare:safe:currency_boc_safe,20,2026-09-08T01:44:36+00:00
USDCNY,2026-05-12,6.8426,,,,,2026-05-13T08:00:00+08:00,next_calendar_day_08_cn,False,True,akshare:safe:currency_boc_safe,20,2026-09-08T01:44:36+00:00
USDCNY,2026-05-13,6.8431,,,,,2026-05-14T08:00:00+08:00,next_calendar_day_08_cn,False,True,akshare:safe:currency_boc_safe,20,2026-09-08T01:44:36+00:00
USDCNY,2026-05-14,6.8401,,,,,2026-05-15T08:00:00+08:00,next_calendar_day_08_cn,False,True,akshare:safe:currency_boc_safe,20,2026-09-08T01:44:36+00:00
USDCNY,2026-05-15,6.8415,,,,,2026-05-16T08:00:00+08:00,next_calendar_day_08_cn,False,True,akshare:safe:currency_boc_safe,20,2026-09-08T01:44:36+00:00
USDCNY,2026-05-18,6.843500000000001,,,,,2026-05-19T08:00:00+08:00,next_calendar_day_08_cn,False,True,akshare:safe:currency_boc_safe,20,2026-09-08T01:44:36+00:00
USDCNY,2026-05-19,6.8375,,,,,2026-05-20T08:00:00+08:00,next_calendar_day_08_cn,False,True,akshare:safe:currency_boc_safe,20,2026-09-08T01:44:36+00:00
USDCNY,2026-05-20,6.839700000000001,,,,,2026-05-21T08:00:00+08:00,next_calendar_day_08_cn,False,True,akshare:safe:currency_boc_safe,20,2026-09-08T01:44:36+00:00
USDCNY,2026-05-21,6.8349,,,,,2026-05-22T08:00:00+08:00,next_calendar_day_08_cn,False,True,akshare:safe:currency_boc_safe,20,2026-09-08T01:44:36+00:00
USDCNY,2026-05-22,6.8373,,,,,2026-05-23T08:00:00+08:00,next_calendar_day_08_cn,False,True,akshare:safe:currency_boc_safe,20,2026-09-08T01:44:36+00:00
USDCNY,2026-05-25,6.831799999999999,,,,,2026-05-26T08:00:00+08:00,next_calendar_day_08_cn,False,True,akshare:safe:currency_boc_safe,20,2026-09-08T01:44:36+00:00
USDCNY,2026-05-26,6.8288,,,,,2026-05-27T08:00:00+08:00,next_calendar_day_08_cn,False,True,akshare:safe:currency_boc_safe,20,2026-09-08T01:44:36+00:00
USDCNY,2026-05-27,6.8291,,,,,2026-05-28T08:00:00+08:00,next_calendar_day_08_cn,False,True,akshare:safe:currency_boc_safe,20,2026-09-08T01:44:36+00:00
USDCNY,2026-05-28,6.824,,,,,2026-05-29T08:00:00+08:00,next_calendar_day_08_cn,False,True,akshare:safe:currency_boc_safe,20,2026-09-08T01:44:36+00:00
USDCNY,2026-05-29,6.8176,,,,,2026-05-30T08:00:00+08:00,next_calendar_day_08_cn,False,True,akshare:safe:currency_boc_safe,20,2026-09-08T01:44:36+00:00
USDCNY,2026-06-01,6.8167,,,,,2026-06-02T08:00:00+08:00,next_calendar_day_08_cn,False,True,akshare:safe:currency_boc_safe,20,2026-09-08T01:44:36+00:00
USDCNY,2026-06-02,6.8187,,,,,2026-06-03T08:00:00+08:00,next_calendar_day_08_cn,False,True,akshare:safe:currency_boc_safe,20,2026-09-08T01:44:36+00:00
USDCNY,2026-06-03,6.8184000000000005,,,,,2026-06-04T08:00:00+08:00,next_calendar_day_08_cn,False,True,akshare:safe:currency_boc_safe,20,2026-09-08T01:44:36+00:00
USDCNY,2026-06-04,6.8203,,,,,2026-06-05T08:00:00+08:00,next_calendar_day_08_cn,False,True,akshare:safe:currency_boc_safe,20,2026-09-08T01:44:36+00:00
USDCNY,2026-06-05,6.8157000000000005,,,,,2026-06-06T08:00:00+08:00,next_calendar_day_08_cn,False,True,akshare:safe:currency_boc_safe,20,2026-09-08T01:44:36+00:00
USDCNY,2026-06-08,6.8198,,,,,2026-06-09T08:00:00+08:00,next_calendar_day_08_cn,False,True,akshare:safe:currency_boc_safe,20,2026-09-08T01:44:36+00:00
USDCNY,2026-06-09,6.8147,,,,,2026-06-10T08:00:00+08:00,next_calendar_day_08_cn,False,True,akshare:safe:currency_boc_safe,20,2026-09-08T01:44:36+00:00
USDCNY,2026-06-10,6.813,,,,,2026-06-11T08:00:00+08:00,next_calendar_day_08_cn,False,True,akshare:safe:currency_boc_safe,20,2026-09-08T01:44:36+00:00
USDCNY,2026-06-11,6.815,,,,,2026-06-12T08:00:00+08:00,next_calendar_day_08_cn,False,True,akshare:safe:currency_boc_safe,20,2026-09-08T01:44:36+00:00
USDCNY,2026-06-12,6.8109,,,,,2026-06-13T08:00:00+08:00,next_calendar_day_08_cn,False,True,akshare:safe:currency_boc_safe,20,2026-09-08T01:44:36+00:00
USDCNY,2026-06-15,6.8088,,,,,2026-06-16T08:00:00+08:00,next_calendar_day_08_cn,False,True,akshare:safe:currency_boc_safe,20,2026-09-08T01:44:36+00:00
USDCNY,2026-06-16,6.8108,,,,,2026-06-17T08:00:00+08:00,next_calendar_day_08_cn,False,True,akshare:safe:currency_boc_safe,20,2026-09-08T01:44:36+00:00
USDCNY,2026-06-17,6.8096000000000005,,,,,2026-06-18T08:00:00+08:00,next_calendar_day_08_cn,False,True,akshare:safe:currency_boc_safe,20,2026-09-08T01:44:36+00:00
USDCNY,2026-06-18,6.813,,,,,2026-06-19T08:00:00+08:00,next_calendar_day_08_cn,False,True,akshare:safe:currency_boc_safe,20,2026-09-08T01:44:36+00:00
USDCNY,2026-06-22,6.815,,,,,2026-06-23T08:00:00+08:00,next_calendar_day_08_cn,False,True,akshare:safe:currency_boc_safe,20,2026-09-08T01:44:36+00:00
USDCNY,2026-06-23,6.8171,,,,,2026-06-24T08:00:00+08:00,next_calendar_day_08_cn,False,True,akshare:safe:currency_boc_safe,20,2026-09-08T01:44:36+00:00
USDCNY,2026-06-24,6.819500000000001,,,,,2026-06-25T08:00:00+08:00,next_calendar_day_08_cn,False,True,akshare:safe:currency_boc_safe,20,2026-09-08T01:44:36+00:00
USDCNY,2026-06-25,6.8209,,,,,2026-06-26T08:00:00+08:00,next_calendar_day_08_cn,False,True,akshare:safe:currency_boc_safe,20,2026-09-08T01:44:36+00:00
USDCNY,2026-06-26,6.816599999999999,,,,,2026-06-27T08:00:00+08:00,next_calendar_day_08_cn,False,True,akshare:safe:currency_boc_safe,20,2026-09-08T01:44:36+00:00
USDCNY,2026-06-29,6.8175,,,,,2026-06-30T08:00:00+08:00,next_calendar_day_08_cn,False,True,akshare:safe:currency_boc_safe,20,2026-09-08T01:44:36+00:00
USDCNY,2026-06-30,6.8109,,,,,2026-07-01T08:00:00+08:00,next_calendar_day_08_cn,False,True,akshare:safe:currency_boc_safe,20,2026-09-08T01:44:36+00:00
USDCNY,2026-07-01,6.806699999999999,,,,,2026-07-02T08:00:00+08:00,next_calendar_day_08_cn,False,True,akshare:safe:currency_boc_safe,20,2026-09-08T01:44:36+00:00
USDCNY,2026-07-02,6.8088,,,,,2026-07-03T08:00:00+08:00,next_calendar_day_08_cn,False,True,akshare:safe:currency_boc_safe,20,2026-09-08T01:44:36+00:00
USDCNY,2026-07-03,6.8047,,,,,2026-07-04T08:00:00+08:00,next_calendar_day_08_cn,False,True,akshare:safe:currency_boc_safe,20,2026-09-08T01:44:36+00:00
USDCNY,2026-07-06,6.8066,,,,,2026-07-07T08:00:00+08:00,next_calendar_day_08_cn,False,True,akshare:safe:currency_boc_safe,20,2026-09-08T01:44:36+00:00
USDCNY,2026-07-07,6.8054,,,,,2026-07-08T08:00:00+08:00,next_calendar_day_08_cn,False,True,akshare:safe:currency_boc_safe,20,2026-09-08T01:44:36+00:00
USDCNY,2026-07-08,6.8077,,,,,2026-07-09T08:00:00+08:00,next_calendar_day_08_cn,False,True,akshare:safe:currency_boc_safe,20,2026-09-08T01:44:36+00:00
USDCNY,2026-07-09,6.8036,,,,,2026-07-10T08:00:00+08:00,next_calendar_day_08_cn,False,True,akshare:safe:currency_boc_safe,20,2026-09-08T01:44:36+00:00
USDCNY,2026-07-10,6.7989,,,,,2026-07-11T08:00:00+08:00,next_calendar_day_08_cn,False,True,akshare:safe:currency_boc_safe,20,2026-09-08T01:44:36+00:00
USDCNY,2026-07-13,6.7972,,,,,2026-07-14T08:00:00+08:00,next_calendar_day_08_cn,False,True,akshare:safe:currency_boc_safe,20,2026-09-08T01:44:36+00:00
USDCNY,2026-07-14,6.799,,,,,2026-07-15T08:00:00+08:00,next_calendar_day_08_cn,False,True,akshare:safe:currency_boc_safe,20,2026-09-08T01:44:36+00:00
USDCNY,2026-07-15,6.791,,,,,2026-07-16T08:00:00+08:00,next_calendar_day_08_cn,False,True,akshare:safe:currency_boc_safe,20,2026-09-08T01:44:36+00:00
USDCNY,2026-07-16,6.790900000000001,,,,,2026-07-17T08:00:00+08:00,next_calendar_day_08_cn,False,True,akshare:safe:currency_boc_safe,20,2026-09-08T01:44:36+00:00
USDCNY,2026-07-17,6.7934,,,,,2026-07-18T08:00:00+08:00,next_calendar_day_08_cn,False,True,akshare:safe:currency_boc_safe,20,2026-09-08T01:44:36+00:00
USDCNY,2026-07-20,6.7948,,,,,2026-07-21T08:00:00+08:00,next_calendar_day_08_cn,False,True,akshare:safe:currency_boc_safe,20,2026-09-08T01:44:36+00:00
USDCNY,2026-07-21,6.7917,,,,,2026-07-22T08:00:00+08:00,next_calendar_day_08_cn,False,True,akshare:safe:currency_boc_safe,20,2026-09-08T01:44:36+00:00
USDCNY,2026-07-22,6.7933,,,,,2026-07-23T08:00:00+08:00,next_calendar_day_08_cn,False,True,akshare:safe:currency_boc_safe,20,2026-09-08T01:44:36+00:00
USDCNY,2026-07-23,6.7906,,,,,2026-07-24T08:00:00+08:00,next_calendar_day_08_cn,False,True,akshare:safe:currency_boc_safe,20,2026-09-08T01:44:36+00:00
USDCNY,2026-07-24,6.7939,,,,,2026-07-25T08:00:00+08:00,next_calendar_day_08_cn,False,True,akshare:safe:currency_boc_safe,20,2026-09-08T01:44:36+00:00
USDCNY,2026-07-27,6.7911,,,,,2026-07-28T08:00:00+08:00,next_calendar_day_08_cn,False,True,akshare:safe:currency_boc_safe,20,2026-09-08T01:44:36+00:00
USDCNY,2026-07-28,6.7928,,,,,2026-07-29T08:00:00+08:00,next_calendar_day_08_cn,False,True,akshare:safe:currency_boc_safe,20,2026-09-08T01:44:36+00:00
USDCNY,2026-07-29,6.7899,,,,,2026-07-30T08:00:00+08:00,next_calendar_day_08_cn,False,True,akshare:safe:currency_boc_safe,20,2026-09-08T01:44:36+00:00
USDCNY,2026-07-30,6.789199999999999,,,,,2026-07-31T08:00:00+08:00,next_calendar_day_08_cn,False,True,akshare:safe:currency_boc_safe,20,2026-09-08T01:44:36+00:00
USDCNY,2026-07-31,6.7894000000000005,,,,,2026-08-01T08:00:00+08:00,next_calendar_day_08_cn,False,True,akshare:safe:currency_boc_safe,20,2026-09-08T01:44:36+00:00
USDCNY,2026-08-03,6.7898000000000005,,,,,2026-08-04T08:00:00+08:00,next_calendar_day_08_cn,False,True,akshare:safe:currency_boc_safe,20,2026-09-08T01:44:36+00:00
USDCNY,2026-08-04,6.7917,,,,,2026-08-05T08:00:00+08:00,next_calendar_day_08_cn,False,True,akshare:safe:currency_boc_safe,20,2026-09-08T01:44:36+00:00
USDCNY,2026-08-05,6.7889,,,,,2026-08-06T08:00:00+08:00,next_calendar_day_08_cn,False,True,akshare:safe:currency_boc_safe,20,2026-09-08T01:44:36+00:00
USDCNY,2026-08-06,6.7895,,,,,2026-08-07T08:00:00+08:00,next_calendar_day_08_cn,False,True,akshare:safe:currency_boc_safe,20,2026-09-08T01:44:36+00:00
USDCNY,2026-08-07,6.7904,,,,,2026-08-08T08:00:00+08:00,next_calendar_day_08_cn,False,True,akshare:safe:currency_boc_safe,20,2026-09-08T01:44:36+00:00
USDCNY,2026-08-10,6.7884,,,,,2026-08-11T08:00:00+08:00,next_calendar_day_08_cn,False,True,akshare:safe:currency_boc_safe,20,2026-09-08T01:44:36+00:00
USDCNY,2026-08-11,6.79,,,,,2026-08-12T08:00:00+08:00,next_calendar_day_08_cn,False,True,akshare:safe:currency_boc_safe,20,2026-09-08T01:44:36+00:00
USDCNY,2026-08-12,6.788200000000001,,,,,2026-08-13T08:00:00+08:00,next_calendar_day_08_cn,False,True,akshare:safe:currency_boc_safe,20,2026-09-08T01:44:36+00:00
USDCNY,2026-08-13,6.7888,,,,,2026-08-14T08:00:00+08:00,next_calendar_day_08_cn,False,True,akshare:safe:currency_boc_safe,20,2026-09-08T01:44:36+00:00
USDCNY,2026-08-14,6.7878,,,,,2026-08-15T08:00:00+08:00,next_calendar_day_08_cn,False,True,akshare:safe:currency_boc_safe,20,2026-09-08T01:44:36+00:00
USDCNY,2026-08-17,6.7873,,,,,2026-08-18T08:00:00+08:00,next_calendar_day_08_cn,False,True,akshare:safe:currency_boc_safe,20,2026-09-08T01:44:36+00:00
USDCNY,2026-08-18,6.7905,,,,,2026-08-19T08:00:00+08:00,next_calendar_day_08_cn,False,True,akshare:safe:currency_boc_safe,20,2026-09-08T01:44:36+00:00
USDCNY,2026-08-19,6.785399999999999,,,,,2026-08-20T08:00:00+08:00,next_calendar_day_08_cn,False,True,akshare:safe:currency_boc_safe,20,2026-09-08T01:44:36+00:00
USDCNY,2026-08-20,6.7808,,,,,2026-08-21T08:00:00+08:00,next_calendar_day_08_cn,False,True,akshare:safe:currency_boc_safe,20,2026-09-08T01:44:36+00:00
USDCNY,2026-08-21,6.7817,,,,,2026-08-22T08:00:00+08:00,next_calendar_day_08_cn,False,True,akshare:safe:currency_boc_safe,20,2026-09-08T01:44:36+00:00
USDCNY,2026-08-24,6.7841,,,,,2026-08-25T08:00:00+08:00,next_calendar_day_08_cn,False,True,akshare:safe:currency_boc_safe,20,2026-09-08T01:44:36+00:00
USDCNY,2026-08-25,6.7852,,,,,2026-08-26T08:00:00+08:00,next_calendar_day_08_cn,False,True,akshare:safe:currency_boc_safe,20,2026-09-08T01:44:36+00:00
USDCNY,2026-08-26,6.7829,,,,,2026-08-27T08:00:00+08:00,next_calendar_day_08_cn,False,True,akshare:safe:currency_boc_safe,20,2026-09-08T01:44:36+00:00
USDCNY,2026-08-27,6.784,,,,,2026-08-28T08:00:00+08:00,next_calendar_day_08_cn,False,True,akshare:safe:currency_boc_safe,20,2026-09-08T01:44:36+00:00
USDCNY,2026-08-28,6.7811,,,,,2026-08-29T08:00:00+08:00,next_calendar_day_08_cn,False,True,akshare:safe:currency_boc_safe,20,2026-09-08T01:44:36+00:00
USDCNY,2026-08-31,6.7828,,,,,2026-09-01T08:00:00+08:00,next_calendar_day_08_cn,False,True,akshare:safe:currency_boc_safe,20,2026-09-08T01:44:36+00:00
USDCNY,2026-09-01,6.7809,,,,,2026-09-02T08:00:00+08:00,next_calendar_day_08_cn,False,True,akshare:safe:currency_boc_safe,20,2026-09-08T01:44:36+00:00
USDCNY,2026-09-02,6.7829,,,,,2026-09-03T08:00:00+08:00,next_calendar_day_08_cn,False,True,akshare:safe:currency_boc_safe,20,2026-09-08T01:44:36+00:00
USDCNY,2026-09-03,6.7807,,,,,2026-09-04T08:00:00+08:00,next_calendar_day_08_cn,False,True,akshare:safe:currency_boc_safe,20,2026-09-08T01:44:36+00:00
USDCNY,2026-09-04,6.7787,,,,,2026-09-05T08:00:00+08:00,next_calendar_day_08_cn,False,True,akshare:safe:currency_boc_safe,20,2026-09-08T01:44:36+00:00
USDCNY,2026-09-07,6.7795000000000005,,,,,2026-09-08T08:00:00+08:00,next_calendar_day_08_cn,False,True,akshare:safe:currency_boc_safe,20,2026-09-08T01:44:36+00:00
USDCNY,2026-09-08,6.780399999999999,,,,,2026-09-09T08:00:00+08:00,next_calendar_day_08_cn,False,True,akshare:safe:currency_boc_safe,20,2026-09-08T01:44:36+00:00
