pair,signal_date,entry_date,exit_date,rotate_in,rotate_out,z,half_life,adf_p,expected_convergence_5d,realized_relative_return_5d,realized_net_alpha_5d,mae_5d,mfe_5d,cost
159941-159501,2024-04-10,2024-04-11,2024-04-17,159501,159941,2.0223811135338243,6.094391960978957,0.10703356812424214,0.0045955230787603565,0.004683166871702782,0.003183166871702782,-0.0001376175483225328,0.004683166871702782,0.0015
159941-159501,2024-04-30,2024-05-06,2024-05-10,159941,159501,-5.407158006956708,6.47211142790328,0.1138334201730471,0.004751119178761561,-0.007063388735775833,-0.008563388735775833,-0.007063388735775833,-0.00395059432223599,0.0015
159941-159501,2024-07-01,2024-07-02,2024-07-08,159941,159501,3.1141427767414274,9.706329284634421,0.26576004556443716,0.0004765931154899865,0.00024169633644155475,-0.0012583036635584453,-0.005258887320371164,0.00024169633644155475,0.0015
159941-159501,2024-07-11,2024-07-12,2024-07-18,159941,159501,-2.921427969407825,9.020697607021576,0.3100209224752296,0.005070522916051038,0.0032292318210249693,0.0017292318210249693,-0.0022982821068554538,0.00970224155235866,0.0015
159941-159501,2024-07-23,2024-07-24,2024-07-30,159941,159501,-3.8337227462148387,8.467369328403102,0.26979795336891804,0.005029542531580404,0.014233116869425744,0.012733116869425744,0.004562082270340828,0.014233116869425744,0.0015
159941-159501,2024-12-10,2024-12-11,2024-12-17,159501,159941,2.637225823986328,4.335316807990732,0.10217948962897483,0.00537557863035832,-0.004959633884053627,-0.0064596338840536265,-0.015679064319446434,-0.0009891774705810263,0.0015
159941-159501,2025-01-06,2025-01-07,2025-01-13,159501,159941,2.9696519082378114,5.580402827121474,0.073240412937479,0.005376388579257221,-0.00401673308352668,-0.00551673308352668,-0.009545193203671865,-0.0022234778643510644,0.0015
159941-159501,2025-04-09,2025-04-10,2025-04-16,159501,159941,3.0224318626825033,9.098508806231349,0.2109478703057419,0.009533912232173133,0.02202541399390401,0.020525413993904007,0.006781424866930674,0.02202541399390401,0.0015
159941-159501,2025-06-05,2025-06-06,2025-06-12,159941,159501,-2.043228545068329,4.69699423321569,0.04103097362906085,0.006868053420357944,-0.0031675079686841467,-0.004667507968684146,-0.0031675079686841467,0.0008250553756030676,0.0015
159941-159501,2025-08-21,2025-08-22,2025-08-28,159941,159501,3.0719062624859115,12.092175789725946,0.8395431226723702,0.0009786472153858012,-0.0010154727851774403,-0.0025154727851774404,-0.0010154727851774403,0.004358830787472678,0.0015
159941-159501,2025-09-23,2025-09-24,2025-09-30,159501,159941,3.5978088694893775,12.44781445386235,0.1394247879167102,0.0004113769301027654,-0.0014564933120020385,-0.0029564933120020385,-0.0052429193422312,0.00364077669902918,0.0015
159941-159501,2025-10-15,2025-10-16,2025-10-22,159501,159941,2.954926379899877,14.176481909357289,0.0003359112064606033,0.0013553155526742963,-0.013557987553061368,-0.015057987553061368,-0.01426385135942998,0.004073108714539697,0.0015
159941-159501,2025-11-03,2025-11-04,2025-11-10,159941,159501,-2.669194064505655,4.986478799656533,0.07848076322216528,0.003806309699980736,0.010290448618368364,0.008790448618368365,0.0006402108929999262,0.010290448618368364,0.0015
159941-159501,2025-11-14,2025-11-17,2025-11-21,159941,159501,-4.4126213958737965,3.6198864909139647,0.0008303828934345236,0.008861174461735634,0.0014155557876902591,-8.44442123097409e-05,-0.0006900500877242699,0.004990853977014265,0.0015
159941-159501,2025-12-15,2025-12-16,2025-12-22,159941,159501,-2.034635115627762,3.6546360843180086,0.003925376249930856,0.006059580761986424,0.004920676240473432,0.0034206762404734316,0.0010087205518678477,0.004920676240473432,0.0015
159941-159501,2025-12-26,2025-12-29,2026-01-06,159941,159501,-2.206428731088653,5.566310260749841,0.13967847012634116,0.00849555914024159,0.016455321073729268,0.014955321073729268,0.0038276168639745922,0.016455321073729268,0.0015
159941-159501,2026-03-24,2026-03-25,2026-03-31,159501,159941,2.2130998214037816,4.9516993202698405,0.37734035696830687,0.003265384415055858,0.006226708074534293,0.004726708074534293,0.0018167701863354146,0.006226708074534293,0.0015
159941-159501,2026-04-28,2026-04-29,2026-05-08,159501,159941,2.3858037211584664,2.8673388188192073,0.0026637314865419477,0.0067589993295966684,-0.003180076628352735,-0.0046800766283527345,-0.0038888888888890527,0.003831417624521105,0.0015
159941-159501,2026-05-26,2026-05-27,2026-06-02,159941,159501,-2.413128482704361,4.062339893841073,0.020384296005471803,0.002872569112651366,-0.003138098262053912,-0.004638098262053912,-0.003989550147611043,0.0072669876806295,0.0015
159941-159501,2026-06-23,2026-06-24,2026-06-30,159941,159501,-2.9262156065488942,3.8399658690012632,0.01628455256054833,0.0072007370528390235,0.008541842797954224,0.007041842797954225,0.0024376570191690927,0.012000911385725788,0.0015
159941-159501,2026-07-08,2026-07-09,2026-07-15,159941,159501,-2.3119009355299127,2.9053964063098654,0.004082718986247166,0.009737533704335836,0.0006480483949360405,-0.0008519516050639595,-0.004057930156614709,0.0006480483949360405,0.0015
159941-159513,2026-02-02,2026-02-03,2026-02-09,159941,159513,-2.325328017900908,3.060395405686576,0.0048727330239968485,0.00351954435591777,0.0019955230629665754,0.0004955230629665754,-0.003970917697195486,0.0019955230629665754,0.0015
159941-159513,2026-03-03,2026-03-04,2026-03-10,159513,159941,2.4934116208372012,3.0705460400523843,0.005357288713740949,0.0041002312086441065,0.006352846977386584,0.004852846977386584,0.0028421990624152293,0.006352846977386584,0.0015
159941-159513,2026-04-21,2026-04-22,2026-04-28,159941,159513,-2.694271841108168,1.881664836516822,4.296301418730053e-06,0.004564132998524453,0.010528030094504093,0.009028030094504093,0.0005041746949261405,0.010528030094504093,0.0015
159941-159513,2026-05-18,2026-05-19,2026-05-25,159941,159513,-4.97113588653417,1.404558974159001,4.649765159452908e-06,0.010896294163740418,0.023034028506200954,0.021534028506200953,0.008206330597889777,0.024221015610538688,0.0015
159941-159513,2026-05-29,2026-06-01,2026-06-05,159513,159941,2.387759357928752,1.2882719646675997,1.1702909465607527e-05,0.006875359867312039,-0.004417671308185711,-0.005917671308185711,-0.00964393563026511,-0.004417671308185711,0.0015
159941-159513,2026-06-10,2026-06-11,2026-06-17,159941,159513,-4.668365769119099,1.6023274894759432,9.138313908654082e-06,0.01402688289148743,0.013629846328179873,0.012129846328179874,-0.010528080663251727,0.013629846328179873,0.0015
159941-159513,2026-07-07,2026-07-08,2026-07-14,159513,159941,2.0793629604669324,1.8692103175509789,2.4786090107514857e-06,0.008770896350252752,0.00483913582860751,0.0033391358286075103,0.00483913582860751,0.007932011331444722,0.0015
159941-159513,2026-08-06,2026-08-07,2026-08-13,159513,159941,2.2915712718555694,2.9680784152328528,0.0063278435881734575,0.01007203275259437,0.007918283892890177,0.006418283892890177,-0.0053750839236126335,0.007918283892890177,0.0015
159941-159632,2024-04-30,2024-05-06,2024-05-10,159941,159632,-2.0163422291561357,2.4228435329780162,0.30198012633728066,0.002545936617608353,0.0004813246053139153,-0.0010186753946860847,-0.0012514439738160466,0.0004813246053139153,0.0015
159941-159632,2024-06-20,2024-06-21,2024-06-27,159941,159632,-2.380557520435113,2.3787857514251205,0.25961473995058876,0.003891182507020734,-0.002429620327070725,-0.003929620327070725,-0.003928923553161323,-0.0015163783179382717,0.0015
159941-159632,2024-07-15,2024-07-16,2024-07-22,159632,159941,2.056335938143118,2.3114872147825234,0.01357650125982424,0.0009622031055456001,-0.0054660963144028685,-0.006966096314402868,-0.0054660963144028685,0.0034602076124568004,0.0015
159941-159632,2024-09-30,2024-10-08,2024-10-14,159941,159632,-2.3908116579454433,6.29727085871177,0.5379507902393249,0.0021738547944739933,-0.0086601037599221,-0.0101601037599221,-0.010883181482092441,-0.0045103179404448746,0.0015
159941-159632,2024-12-09,2024-12-10,2024-12-16,159632,159941,2.3818919568113315,4.620989218257025,0.039667620836781124,0.003387393565484339,-0.012477947905168874,-0.013977947905168873,-0.012477947905168874,-0.005037783375314797,0.0015
159941-159632,2024-12-25,2024-12-26,2025-01-02,159941,159632,-2.3852653962174224,4.2895018352042005,0.021658700436600568,0.006439644908449428,0.003656166737301403,0.002156166737301403,-0.017556417408330804,0.003656166737301403,0.0015
159941-159632,2025-03-21,2025-03-24,2025-03-28,159632,159941,2.264864983611455,3.814115975885696,0.003575032299094428,0.00684181863903071,0.014068988487593082,0.012568988487593082,0.006390111041273849,0.014068988487593082,0.0015
159941-159632,2025-04-09,2025-04-10,2025-04-16,159632,159941,4.654651948557113,4.120868187420457,0.00826624963514917,0.01376305545519883,0.008110607793933133,0.006610607793933134,0.002698538637537773,0.008110607793933133,0.0015
159941-159632,2025-08-21,2025-08-22,2025-08-28,159941,159632,2.1601832224143034,9.323108408129665,0.25757667251141897,0.00018593736030855703,-0.0015885590201258903,-0.0030885590201258904,-0.0015885590201258903,0.0013189065782197584,0.0015
159941-159632,2025-09-23,2025-09-24,2025-09-30,159632,159941,3.3526058503338256,13.46630584138556,0.4169328183211689,0.0007138662826247626,0.0005117082552448249,-0.0009882917447551751,-0.0022497778755341535,0.0050226017076844265,0.0015
159941-159632,2025-12-30,2025-12-31,2026-01-08,159632,159941,2.1860806837328,5.018644116817248,0.06188646170145581,0.00436002495160312,0.002459831758320208,0.0009598317583202078,0.00024598317583190976,0.0049047964016173395,0.0015
159941-159632,2026-02-10,2026-02-11,2026-02-25,159632,159941,2.2057104716968023,3.639714387001266,0.01401179579463561,0.0034754135762904946,0.0004213804594973558,-0.0010786195405026442,-0.0004962450081388292,0.0021956702623039392,0.0015
159941-159632,2026-04-21,2026-04-22,2026-04-28,159941,159632,-2.142426445448866,2.233101963137281,3.2514756347291134e-05,0.0037394522689830805,0.00937525437525455,0.00787525437525455,0.0014611314611314707,0.00937525437525455,0.0015
159941-159632,2026-05-07,2026-05-08,2026-05-14,159632,159941,2.782961115383435,1.8684351900223999,9.920697165274154e-05,0.005842788922989691,-0.0013154987906682791,-0.002815498790668279,-0.0017830917913104205,0.0004381180440533594,0.0015
159941-159632,2026-05-21,2026-05-22,2026-05-28,159632,159941,2.686588817552659,2.1129496784096453,0.0003427289077979193,0.006095342262321765,-0.002998651852943679,-0.004498651852943679,-0.0033443583730337068,0.005350323165154602,0.0015
159941-159632,2026-08-06,2026-08-07,2026-08-13,159632,159941,2.1401931710113686,2.942662790260988,0.2754503239186967,0.0076316425802131944,0.005234676029557184,0.0037346760295571837,-0.00713733316520182,0.005234676029557184,0.0015
159941-159659,2024-06-28,2024-07-01,2024-07-05,159941,159659,2.98003040172204,9.166743438711386,0.7032464204494608,0.000238939021678531,0.004239156595814864,0.0027391565958148636,-0.0007115036971840905,0.007260851309781602,0.0015
159941-159659,2024-09-04,2024-09-05,2024-09-11,159941,159659,-2.0330338733401043,8.397476014719407,0.3597509054798963,0.002305615163964275,0.013352666204986208,0.011852666204986208,0.0031785621537394615,0.013352666204986208,0.0015
159941-159659,2024-09-26,2024-09-27,2024-10-10,159941,159659,-2.3727856902760225,7.5302183752436544,0.15987244519243476,0.0006055458584754269,-0.007253678704266298,-0.008753678704266297,-0.009678980879135102,-0.003992363508834362,0.0015
159941-159659,2024-12-10,2024-12-11,2024-12-17,159659,159941,2.318466395123816,6.113238238375272,0.07496445345802603,0.002224642568392393,-0.013508667065152524,-0.015008667065152524,-0.01649731022115941,-0.0016736401673640433,0.0015
159941-159659,2024-12-27,2024-12-30,2025-01-06,159659,159941,2.347288265482064,6.206406980489316,0.11035249064181957,0.0020609591707049305,-0.0022559644765562936,-0.0037559644765562936,-0.0026548506058554633,0.0029558967411755788,0.0015
159941-159659,2025-04-09,2025-04-10,2025-04-16,159659,159941,3.051063227460954,8.93550417991848,0.20883783720363663,0.009310391296358363,0.022517763835009252,0.02101776383500925,0.006942245269574987,0.022517763835009252,0.0015
159941-159659,2025-06-06,2025-06-09,2025-06-13,159941,159659,-2.130507223889296,4.4589032721406525,0.18134176171287192,0.007717395916061795,-0.0038554508097654594,-0.005355450809765459,-0.0038554508097654594,-0.0002507855934251735,0.0015
159941-159659,2025-08-21,2025-08-22,2025-08-28,159941,159659,2.6955093459736084,10.862267423314833,0.8002743960405625,0.0008205079361500662,-0.0032242755663158817,-0.004724275566315881,-0.0032242755663158817,0.0013595916448361223,0.0015
159941-159659,2025-09-23,2025-09-24,2025-09-30,159659,159941,2.6517788706510705,13.301870791629279,0.14391247165167986,0.00012727625493037364,0.002009443828034252,0.0005094438280342519,-0.0019209677213656295,0.005826271186440746,0.0015
159941-159659,2025-10-15,2025-10-16,2025-10-22,159659,159941,4.167554108013557,13.209041093166558,0.00013275471818082743,0.0016780756426488692,-0.015991123092803594,-0.017491123092803595,-0.015991123092803594,0.00490930419347213,0.0015
159941-159659,2025-11-05,2025-11-06,2025-11-12,159659,159941,2.9322031201463905,5.3674401647281815,0.030368148886679276,0.003425161393031959,0.0028758007938229913,0.0013758007938229912,-0.0021535802928125403,0.0028758007938229913,0.0015
159941-159659,2025-11-18,2025-11-19,2025-11-25,159659,159941,2.6145025494999095,4.660250389077204,0.03694239352278516,0.004615194638211695,0.011392024010639545,0.009892024010639546,0.007212776919113928,0.011392024010639545,0.0015
159941-159659,2025-12-15,2025-12-16,2025-12-22,159941,159659,-2.1633857119757733,3.7424833396615655,0.014247175451415574,0.002972399241195462,0.010472383053028445,0.008972383053028445,0.003625585883650473,0.011589008363202091,0.0015
159941-159659,2026-04-28,2026-04-29,2026-05-08,159659,159941,4.838897109453445,2.7271043904426038,0.002381689886610869,0.005186111483297886,0.0020524245953379427,0.0005524245953379427,0.0020524245953379427,0.010370820463483366,0.0015
159941-159659,2026-05-21,2026-05-22,2026-05-28,159659,159941,5.081690466854372,3.0626936744113675,0.04921571202598976,0.007296335300950222,-0.001700416316692932,-0.003200416316692932,-0.002218529744732134,0.009161706168060446,0.0015
159941-159659,2026-06-15,2026-06-16,2026-06-23,159659,159941,2.149606870357412,3.5222699815803025,0.011135726334124048,0.005079930003211049,0.0040711645331568125,0.0025711645331568125,-0.008213473698874152,0.0040711645331568125,0.0015
159941-159659,2026-07-20,2026-07-21,2026-07-27,159941,159659,-2.080846687381759,2.673172955899646,0.10096761871632876,0.0040321550880434535,0.009692535652621848,0.008192535652621848,0.005802244339147666,0.010446626249249968,0.0015
159941-159659,2026-08-07,2026-08-10,2026-08-14,159659,159941,3.1447225474455753,3.034753690752735,0.007833790276211491,0.011281304373735472,0.0026802855033225548,0.0011802855033225547,0.0026802855033225548,0.009212404627122694,0.0015
159941-159660,2024-06-28,2024-07-01,2024-07-05,159660,159941,2.9174780577578545,4.131791245325335,0.020792547230578287,0.0011830211026418336,-0.004791444787157095,-0.006291444787157095,-0.010750494474335737,0.00021035330133645225,0.0015
159941-159660,2024-09-27,2024-09-30,2024-10-11,159941,159660,-2.343962282987231,6.304364612366363,0.10374103994900286,0.0025103379351265223,-0.0048154670370552655,-0.006315467037055265,-0.005459100153777263,-0.0025571704945681617,0.0015
159941-159660,2024-12-10,2024-12-11,2024-12-17,159660,159941,2.943509550687356,4.942889529689201,0.040370020763006435,0.003315216644975052,-0.008209017746696912,-0.009709017746696911,-0.009202063959075524,9.314428493278903e-05,0.0015
159941-159660,2024-12-25,2024-12-26,2025-01-02,159941,159660,-7.647231243882478,4.76403059844241,0.04837091332414886,0.0202317038227953,-9.81772463228836e-05,-0.0015981772463228836,-9.81772463228836e-05,0.009859196055306163,0.0015
159941-159660,2025-03-24,2025-03-25,2025-03-31,159660,159941,2.3507162226743477,6.2256317742373195,0.0013090051292793713,0.008667772157010947,0.011335596142449167,0.009835596142449167,0.0031086687139699754,0.011335596142449167,0.0015
159941-159660,2025-04-09,2025-04-10,2025-04-16,159660,159941,3.0981753160639536,6.898384479047549,0.057412217334498465,0.009455631520834822,0.027553588003248808,0.026053588003248807,0.006548033414549237,0.027553588003248808,0.0015
159941-159660,2025-06-13,2025-06-16,2025-06-20,159941,159660,-2.109085640865649,5.468558604274806,0.07481708079815173,0.004477762130904376,-0.0003260675451426387,-0.0018260675451426387,-0.0003260675451426387,0.0007253748773485835,0.0015
159941-159660,2025-08-21,2025-08-22,2025-08-28,159941,159660,2.3487181801081607,6.7252210155203045,0.6912146137804053,0.0006905099925922789,-0.0025265828022156267,-0.004026582802215626,-0.0025265828022156267,0.0025392397207273376,0.0015
159941-159660,2025-09-23,2025-09-24,2025-09-30,159660,159941,3.0805655450485756,5.848306072723424,0.014191329259057596,0.0012802568043516266,0.02165741107792596,0.020157411077925957,-0.00046032879395840887,0.02165741107792596,0.0015
159941-159660,2025-10-16,2025-10-17,2025-10-23,159660,159941,2.9312538876326606,3.53954006581428,0.5577153954923266,0.0027650792255874464,-0.007495416730770366,-0.008995416730770365,-0.007495416730770366,0.007175971012669535,0.0015
159941-159660,2025-12-04,2025-12-05,2025-12-11,159941,159660,-2.002665283747424,10.228098418095692,0.14161636505400677,0.009243162274154317,0.008662731006160329,0.0071627310061603295,-0.019031968871826788,0.008662731006160329,0.0015
159941-159660,2026-03-31,2026-04-01,2026-04-08,159660,159941,2.5957472751893262,11.178109787223322,0.19233515910177928,0.006368755693934629,0.007134716206975256,0.005634716206975256,0.0005420054200542257,0.007588075880758716,0.0015
159941-159660,2026-04-17,2026-04-20,2026-04-24,159660,159941,-3.8199869330147105,12.190471800686641,0.22418216022855558,0.0015273160505431642,0.009814723734211217,0.008314723734211217,0.007120620536732347,0.01383321014554495,0.0015
159941-159660,2026-05-07,2026-05-08,2026-05-14,159660,159941,3.041293968942891,15.712529649552607,0.3804734503694117,0.0034513538450734876,0.0010673406225272242,-0.00043265937747277586,-0.0006785427464137683,0.001976018496221199,0.0015
159941-159660,2026-05-21,2026-05-22,2026-05-28,159660,159941,4.26263467443318,8.344292722775156,0.3591143200985314,0.005781520548932412,0.0031604571010690474,0.0016604571010690474,-5.529812460358663e-05,0.011039029190638594,0.0015
159941-159660,2026-08-07,2026-08-10,2026-08-14,159660,159941,2.882463952010111,6.015798782054776,0.12762059846803464,0.008038133442697784,0.003487986743993199,0.001987986743993199,0.003487986743993199,0.008094449047224339,0.0015
159941-159696,2024-04-29,2024-04-30,2024-05-09,159941,159696,-2.1011669170046834,0.5066620570316775,3.237636399006777e-13,0.0034644536161251033,0.0024455543498802523,0.0009455543498802523,-0.0006473023226782892,0.0036572153686842412,0.0015
159941-159696,2024-06-28,2024-07-01,2024-07-05,159696,159941,3.1031432739765266,0.48800134986851207,1.586221422226309e-13,0.0045336672954015625,0.001333526263266549,-0.00016647373673345104,-0.003953704968013838,0.0020284816210462964,0.0015
159941-159696,2024-07-15,2024-07-16,2024-07-22,159696,159941,6.378857442943377,0.5630009844318927,0.022395008686235014,0.00956637842152345,-0.001212805243278936,-0.002712805243278936,-0.001212805243278936,0.0030951284831024495,0.0015
159941-159696,2024-09-04,2024-09-05,2024-09-11,159941,159696,-2.691618374418704,4.081395340648517,0.9593577455913175,0.004672092927501169,0.01340802358113502,0.01190802358113502,0.003020240057953427,0.013589128697042319,0.0015
159941-159696,2024-09-27,2024-09-30,2024-10-11,159941,159696,-2.311895111408659,4.225063684699116,0.9043272879716177,0.0028682352045972313,0.0008323062422967986,-0.0006676937577032014,0.0008323062422967986,0.005620967157253798,0.0015
159941-159696,2024-12-09,2024-12-10,2024-12-16,159696,159941,2.4084991003381524,3.170761293652857,0.005637098334836808,0.004040087716918973,-0.01822102839066142,-0.01972102839066142,-0.01822102839066142,-0.005729346307541516,0.0015
159941-159696,2025-01-02,2025-01-03,2025-01-09,159696,159941,2.059884966402808,4.449938783841338,0.03257505044118287,0.001946603165931149,-0.018850503921174933,-0.020350503921174934,-0.018884839016685584,-0.008615426543818527,0.0015
159941-159696,2025-04-09,2025-04-10,2025-04-16,159696,159941,2.7461567630770944,8.694845174074445,0.20061461418324644,0.009261494993790517,0.022610294117647145,0.021110294117647144,0.005882352941176561,0.022610294117647145,0.0015
159941-159696,2025-06-05,2025-06-06,2025-06-12,159941,159696,-2.056181702279114,4.073545451503153,0.013505167756525096,0.007808753198660801,-0.00399367282521168,-0.00549367282521168,-0.00399367282521168,0.0007867404837060832,0.0015
159941-159696,2025-08-21,2025-08-22,2025-08-28,159941,159696,3.4111224098332147,10.658651345234553,0.8390880318946023,0.0010842272376741739,-0.0017722438402343332,-0.0032722438402343333,-0.0017722438402343332,0.0028396937480574813,0.0015
159941-159696,2025-09-09,2025-09-10,2025-09-16,159941,159696,-2.153366571473818,14.25294921724962,0.7171184321523123,0.0021840146908137237,0.0023297673494522275,0.0008297673494522275,0.0014643828291107663,0.0036098049894780493,0.0015
159941-159696,2025-09-22,2025-09-23,2025-09-29,159941,159696,2.246296487779987,12.579149645580674,0.08137295311409903,0.0002966155463551652,0.00586181343870773,0.004361813438707731,-0.0017797489665456467,0.00586181343870773,0.0015
159941-159696,2025-10-13,2025-10-14,2025-10-20,159696,159941,2.395627923579797,10.897384712169773,3.085705631732039e-05,0.0010037281337662947,-0.0051395007342143195,-0.006639500734214319,-0.0051395007342143195,0.004468595847951784,0.0015
159941-159696,2025-11-05,2025-11-06,2025-11-12,159696,159941,2.2958404638454937,5.574804726910265,0.030708735322588054,0.0029322709956297946,0.005043738608386361,0.003543738608386361,-0.001674594651114747,0.005043738608386361,0.0015
159941-159696,2026-01-21,2026-01-22,2026-01-28,159941,159696,-2.1367974874755142,3.612845898878325,0.014677179343863303,0.004678415372425825,0.003169562898348577,0.0016695628983485768,-0.0011024566602951813,0.003666415542314505,0.0015
159941-159696,2026-02-02,2026-02-03,2026-02-09,159941,159696,-3.3564308680339225,3.4654845959543006,0.01204106242941619,0.006988184275718988,0.0015590390399430332,5.9039039943033136e-05,-0.004224331043063634,0.0015590390399430332,0.0015
159941-159696,2026-03-23,2026-03-24,2026-03-30,159696,159941,2.0213197344077,3.480377120352147,0.01044666987160439,0.0017938443314465665,0.001412089893041757,-8.791010695824312e-05,-0.004527700997476236,0.001412089893041757,0.0015
159941-159696,2026-04-21,2026-04-22,2026-04-28,159941,159696,-2.080982777981967,2.5888084096662114,6.646949248079148e-05,0.00617002504246527,0.01315975069706421,0.01165975069706421,0.0015556831228473733,0.01315975069706421,0.0015
159941-159696,2026-05-07,2026-05-08,2026-05-14,159696,159941,2.8971961274887335,1.9678836754352071,0.00015722339879266502,0.008303939212209108,0.005182719041451955,0.0036827190414519552,-0.0015005073408262959,0.005182719041451955,0.0015
159941-159696,2026-05-22,2026-05-25,2026-05-29,159696,159941,2.7076416820354474,1.6130982132662908,5.359585780142542e-05,0.010435499198224913,0.0011795817958177857,-0.00032041820418221437,-0.0016851168511686776,0.013880073800737858,0.0015
159941-159696,2026-06-23,2026-06-24,2026-06-30,159941,159696,-2.27687181475359,1.5001239238649684,1.2453455144852543e-05,0.010251201608008102,0.006872448386247898,0.005372448386247898,-0.0018322652515350146,0.007164411147223548,0.0015
159941-159696,2026-08-05,2026-08-06,2026-08-12,159696,159941,2.2473236281535898,1.2192589671097962,1.0480707425223886e-06,0.012203975799011063,0.0015781136951585895,7.811369515858943e-05,-0.005890138534392575,0.003054754181150643,0.0015
159941-513100,2024-03-27,2024-03-28,2024-04-03,159941,513100,-2.426655319169822,1.972729022165145,0.00012047391205043773,0.002777504240113935,0.001992991289342827,0.000492991289342827,0.0012417414223071521,0.0029784065524943726,0.0015
159941-513100,2024-06-26,2024-06-27,2024-07-03,159941,513100,-3.2342552242840847,1.6724074170277907,3.63681773319532e-05,0.0031056655250876926,0.0033950793198442852,0.0018950793198442852,-0.0011696906367753002,0.0033950793198442852,0.0015
159941-513100,2024-07-31,2024-08-01,2024-08-07,159941,513100,-2.361792318245901,3.6320062518367613,0.08809388804207136,0.0018024600940894945,-0.00016745788963234975,-0.0016674578896323498,-0.006116259351807263,0.002732240437158362,0.0015
159941-513100,2024-09-27,2024-09-30,2024-10-11,513100,159941,2.3930282182843547,3.9872566725849925,0.17314814077246365,0.0036046870431974414,0.005958447614838214,0.004458447614838214,0.002882685788594408,0.005958447614838214,0.0015
159941-513100,2024-12-17,2024-12-18,2024-12-24,513100,159941,3.177714912224,3.05429015300863,0.06015196743597708,0.005626306096000037,-0.0004625484500310195,-0.0019625484500310196,-0.0004625484500310195,0.0029859325773256007,0.0015
159941-513100,2025-01-02,2025-01-03,2025-01-09,513100,159941,3.293983573477976,3.799131918477444,0.018079308818400204,0.004912423264439515,-0.010694203881122744,-0.012194203881122743,-0.011062443983502313,-0.0028549669886759332,0.0015
159941-513100,2025-07-30,2025-07-31,2025-08-06,159941,513100,-2.2479396472022817,2.722062024789939,0.006857999948161689,0.00217918648508553,0.0005835204445976405,-0.0009164795554023595,0.0005835204445976405,0.0015624920967237665,0.0015
159941-513100,2025-08-22,2025-08-25,2025-08-29,159941,513100,-2.847347168900633,1.7212346263612166,0.1013102928362582,0.002552714651338138,0.002351094283867372,0.000851094283867372,0.0011727768030288521,0.0031415643180348063,0.0015
159941-513100,2025-09-03,2025-09-04,2025-09-10,159941,513100,-2.439622170101708,1.4511070337164595,0.2811547238981614,0.00252229905874733,-0.0003986214926943177,-0.0018986214926943177,-0.0003986214926943177,0.0015804004056643173,0.0015
159941-513100,2025-09-15,2025-09-16,2025-09-22,159941,513100,-2.504519073783167,1.4723864988429454,0.2116036859338276,0.0031225038911642145,-0.003251221145024852,-0.004751221145024851,-0.003251221145024852,0.0017263395403039894,0.0015
159941-513100,2025-10-27,2025-10-28,2025-11-03,159941,513100,-3.368296168539111,7.843518479550047,0.001244386873849625,0.0018832117595216453,-0.008849557522124019,-0.010349557522124018,-0.010524524381068434,-0.0012584644047151095,0.0015
159941-513100,2026-03-05,2026-03-06,2026-03-12,513100,159941,2.032151707318371,3.360483393221099,0.005964263843887695,0.00217851624547131,0.0026470897010963945,0.0011470897010963945,-0.00025496048112549907,0.0026470897010963945,0.0015
159941-513100,2026-03-23,2026-03-24,2026-03-30,513100,159941,2.263982897719452,2.4000973765882887,0.0005553960746145676,0.005297668797258671,0.004733639099581355,0.003233639099581355,0.0021525795788124302,0.004877082708659497,0.0015
159941-513100,2026-04-08,2026-04-09,2026-04-15,159941,513100,-2.618248568718624,2.1683126478100636,0.003832087945508163,0.0074180691024708575,0.022937458211814032,0.02143745821181403,0.019786782832695526,0.026168941174540272,0.0015
159941-513100,2026-05-07,2026-05-08,2026-05-14,513100,159941,2.071196945101388,1.7170896229754093,4.218824388495841e-05,0.006567890046417342,-0.002042963070567394,-0.003542963070567394,-0.003983029357758294,0.002586755049587941,0.0015
159941-513100,2026-05-18,2026-05-19,2026-05-25,159941,513100,-2.775319794985457,2.029849328972567,0.0002573116447060995,0.005763260033986663,-0.0018253542018311641,-0.003325354201831164,-0.0018253542018311641,0.008552631578947256,0.0015
159941-513100,2026-06-22,2026-06-23,2026-06-29,513100,159941,2.117125094544933,1.5038524664250756,1.7475199845664575e-05,0.00883415571432891,0.000334992031742809,-0.001165007968257191,-0.004034539955117711,0.00396136208410558,0.0015
159941-513110,2024-06-25,2024-06-26,2024-07-02,159941,513110,-2.8847617083727424,2.4866927888861325,0.0008868114418492146,0.005265393362351081,0.012865804474302411,0.011365804474302412,0.002749770852429112,0.012865804474302411,0.0015
159941-513110,2024-09-30,2024-10-08,2024-10-14,159941,513110,-2.242918773500664,7.342983892672144,0.15369577278387375,0.0024710292214158176,-0.0010431104094101862,-0.002543110409410186,-0.0014137128945559407,0.002889494172803264,0.0015
159941-513110,2024-12-10,2024-12-11,2024-12-17,513110,159941,2.9844991735776,5.389969344369131,0.05782718522703449,0.0033538436391408293,-0.00726535317494581,-0.00876535317494581,-0.015348857831595009,0.0005572577690553526,0.0015
159941-513110,2024-12-30,2024-12-31,2025-01-07,513110,159941,2.03176713040117,5.303932953179255,0.06403584019426294,0.0009234874285308746,-0.010386810019678006,-0.011886810019678005,-0.010386810019678006,-5.5492624766007026e-05,0.0015
159941-513110,2025-04-09,2025-04-10,2025-04-16,513110,159941,2.7599990456381,8.660743748984402,0.19459819535660033,0.008698187394551936,0.019444201443883924,0.017944201443883923,0.005232697336918557,0.019444201443883924,0.0015
159941-513110,2025-06-05,2025-06-06,2025-06-12,159941,513110,-2.15678697168778,3.9876262034339653,0.020318759318987554,0.007544259649874384,-0.0037925067637976095,-0.005292506763797609,-0.0037925067637976095,0.00034464297664471566,0.0015
159941-513110,2025-08-21,2025-08-22,2025-08-28,159941,513110,2.173357926174027,10.10303739054376,0.8185790776458278,0.0010234357657566053,-0.001965619217552339,-0.003465619217552339,-0.001965619217552339,0.0025203211736719577,0.0015
159941-513110,2025-09-23,2025-09-24,2025-09-30,513110,159941,4.174769400637422,11.295510421108268,0.19405506416654694,0.0007074303944269982,0.0003963376021574039,-0.0011036623978425962,-0.0038214543802010947,0.004455445544554459,0.0015
159941-513110,2025-12-30,2025-12-31,2026-01-08,513110,159941,2.3782369721957455,4.137821155560999,0.025487237401406373,0.004725220410984617,-0.0023851121102487216,-0.0038851121102487216,-0.0023851121102487216,0.0001799645260311955,0.0015
159941-513110,2026-02-02,2026-02-03,2026-02-09,159941,513110,-2.627998950903365,3.3750559802718643,0.00867440887560462,0.002757175899570051,-0.0011050040605571354,-0.0026050040605571354,-0.00498736772466446,-0.00015463912246904687,0.0015
159941-513110,2026-02-11,2026-02-12,2026-02-26,159941,513110,-2.396389924797988,3.259349906961288,0.001878255179506674,0.0032875256180150136,0.004456999767649461,0.002956999767649461,0.0024386300840659736,0.005918988071742959,0.0015
159941-513110,2026-03-31,2026-04-01,2026-04-08,513110,159941,2.5824537070424083,2.240094693052291,0.0004639632122034877,0.0037277241935597914,0.004354455053821482,0.002854455053821482,0.0010325245224573898,0.0077439339184304234,0.0015
159941-513110,2026-04-28,2026-04-29,2026-05-08,513110,159941,3.3585643479565244,1.621776930926037,2.6398096659635574e-05,0.005481570558169384,-0.0016847020222734432,-0.0031847020222734433,-0.0016847020222734432,0.0067022115657633385,0.0015
159941-513110,2026-05-21,2026-05-22,2026-05-28,513110,159941,3.223984698360699,2.197882994361332,0.00039961838296577896,0.0072937770607025,-0.0004230118443315778,-0.0019230118443315778,-0.0012690355329947334,0.008883248730964688,0.0015
159941-513110,2026-08-05,2026-08-06,2026-08-12,513110,159941,2.2878010861014832,3.883419271542179,0.5553362722978724,0.0060998407586417315,0.0030087997285727086,0.0015087997285727086,-0.005162411178566861,0.003581973189342058,0.0015
159941-513300,2024-06-18,2024-06-19,2024-06-25,159941,513300,-2.0945485575426392,2.6723079099548785,0.08063192743570913,0.005444963059016799,-0.0026380987002218026,-0.004138098700221802,-0.003734508287308924,0.0017772249498634318,0.0015
159941-513300,2024-07-29,2024-07-30,2024-08-05,159941,513300,-4.281409197288587,8.94023105320954,0.19635622266847186,0.010261164893868253,0.01494949819866176,0.01344949819866176,-0.0044550952135875566,0.01494949819866176,0.0015
159941-513300,2024-10-08,2024-10-09,2024-10-15,513300,159941,2.267362986384562,10.103988020272562,0.5003560013047788,0.0029310168022410018,0.022810310407758827,0.021310310407758826,0.015942243440471682,0.022810310407758827,0.0015
159941-513300,2025-01-08,2025-01-09,2025-01-15,513300,159941,2.2273639517528223,3.0863035213581314,0.7573663349458839,0.01588649375736663,0.0031702169942554592,0.0016702169942554592,0.0019153788645891456,0.004474264462340449,0.0015
159941-513300,2025-04-01,2025-04-02,2025-04-09,513300,159941,2.3680901628230187,6.2592449174546285,0.39171218371100935,0.0068514964112249225,-0.005954407990037769,-0.0074544079900377685,-0.005954407990037769,-0.0011232814048640627,0.0015
159941-513300,2025-08-11,2025-08-12,2025-08-18,513300,159941,2.220622890957281,5.544079648087453,0.24249927482382905,0.0005691481832319047,-0.00013877816163221368,-0.0016387781616322137,-0.0018425015501815079,-0.00013877816163221368,0.0015
159941-513300,2025-09-29,2025-09-30,2025-10-14,513300,159941,2.950120366220298,5.141468595410594,0.07073688446005995,0.00220746676516936,0.003581451416398318,0.002081451416398318,-0.00013657503035657825,0.004301266216590438,0.0015
159941-513300,2025-10-16,2025-10-17,2025-10-23,513300,159941,2.1938803883225226,4.131850753799729,0.015473444954397324,0.003193109441446674,-0.00019562552252150311,-0.0016956255225215031,-0.00019562552252150311,0.007725555897019065,0.0015
159941-513300,2025-11-20,2025-11-21,2025-11-27,159941,513300,-2.7474030407401533,2.607495693941518,0.0030789041455085804,0.006603696305279675,0.007056809576235112,0.005556809576235113,0.0005173763356007832,0.007056809576235112,0.0015
159941-513300,2025-12-31,2026-01-05,2026-01-09,513300,159941,2.4627682443545225,2.3623700227336446,0.001246469489588055,0.005485599175472292,0.00505866639368624,0.0035586663936862397,0.002192373125088354,0.00505866639368624,0.0015
159941-513300,2026-03-23,2026-03-24,2026-03-30,513300,159941,2.9269498143379997,1.5699891063973188,2.0406273829984045e-05,0.0052943363559852675,0.004131859426760864,0.0026318594267608643,0.000975202842190992,0.004131859426760864,0.0015
159941-513300,2026-04-16,2026-04-17,2026-04-23,159941,513300,-2.647378456538674,1.6352012236104174,2.647968064346294e-05,0.005857958619455276,0.005962860905189382,0.004462860905189383,-0.0009607881388997708,0.005962860905189382,0.0015
159941-513300,2026-04-30,2026-05-06,2026-05-12,513300,159941,2.1513757822963298,1.5180401467345639,0.01591561363099263,0.005836454812552598,-0.000638670697485022,-0.002138670697485022,-0.0006663211266626501,0.007252002758536991,0.0015
159941-513300,2026-05-21,2026-05-22,2026-05-28,513300,159941,2.2382996839367437,1.8010064368299088,0.005009786410964833,0.0064540230659537725,-0.00044737205949152425,-0.0019473720594915243,-0.0017776373224831499,0.00935135989255187,0.0015
159941-513300,2026-08-06,2026-08-07,2026-08-13,513300,159941,2.113117661086881,2.4432486987460296,0.0392583220511226,0.008736328500040969,0.0009245938422934863,-0.0005754061577065137,-0.007204090155420229,0.0009245938422934863,0.0015
159941-513390,2024-03-13,2024-03-14,2024-03-20,159941,513390,-2.3456255016199297,2.061573175128516,0.03341719413387474,0.006741691265508905,5.2878631338404425e-05,-0.0014471213686615956,-0.0039984380465818425,5.2878631338404425e-05,0.0015
159941-513390,2024-06-28,2024-07-01,2024-07-05,159941,513390,-4.478770566077304,2.55866725612932,0.001642500004192294,0.006642003294694851,0.012307683813278292,0.010807683813278292,-0.009747977108403694,0.012307683813278292,0.0015
159941-513390,2024-07-11,2024-07-12,2024-07-18,513390,159941,2.6282088282755396,2.5799796390619663,0.0015127260801812423,0.004100213974029449,-0.01910998114330975,-0.020609981143309752,-0.01978577615427146,-0.006886446344097075,0.0015
159941-513390,2024-09-30,2024-10-08,2024-10-14,159941,513390,-2.091559782583262,7.93997335896228,0.1840557040285279,0.0014634650297125724,-0.013242238206023549,-0.014742238206023548,-0.013242238206023549,-0.008353452438435438,0.0015
159941-513390,2024-12-13,2024-12-16,2024-12-20,513390,159941,2.1345969700923533,6.810663508184311,0.12317256067558535,0.0019133748899562882,0.0011324045355853851,-0.0003675954644146149,-0.008001873327103892,0.0011324045355853851,0.0015
159941-513390,2025-01-06,2025-01-07,2025-01-13,159941,513390,-2.3165187630219206,4.128497826958872,0.01623539613034664,0.008446164699564704,0.004647123219053806,0.003147123219053806,-0.006528755690746513,0.004647123219053806,0.0015
159941-513390,2025-01-20,2025-01-21,2025-01-27,159941,513390,-2.2984589770189414,5.509316601214339,0.09251974550363268,0.006757765138297544,-0.0006924413406877994,-0.0021924413406877994,-0.010109137526778333,0.006113894371067463,0.0015
159941-513390,2025-02-11,2025-02-12,2025-02-18,159941,513390,-2.145864219546814,4.9700940265050955,0.0646963460870516,0.007833862555534747,0.006831010272812632,0.0053310102728126325,0.0035362935863563205,0.011177611615659333,0.0015
159941-513390,2025-03-28,2025-03-31,2025-04-07,513390,159941,2.6062944388997646,2.049965608717123,0.00020310395535081012,0.013113126411780387,-0.006252862079014321,-0.00775286207901432,-0.0064996699316670625,0.0005066994950846393,0.0015
159941-513390,2025-07-29,2025-07-30,2025-08-05,159941,513390,-2.3882287148302885,8.305548235800417,0.4924396018742607,0.009952179247369665,0.003399804885801938,0.001899804885801938,0.0007644801100654686,0.003399804885801938,0.0015
159941-513390,2025-08-14,2025-08-15,2025-08-21,159941,513390,-2.7893523618091276,11.978248447325688,0.6030856450061517,0.007470697201296984,-0.013760907809259204,-0.015260907809259204,-0.01379938228831279,-0.00801368435144778,0.0015
159941-513390,2025-09-24,2025-09-25,2025-10-09,159941,513390,-2.24217207212216,37.684663811106276,0.775615804522488,0.0012391118507904877,-0.0033751500545236013,-0.004875150054523601,-0.02974479276439368,0.002644991615274095,0.0015
159941-513390,2026-03-17,2026-03-18,2026-03-24,513390,159941,2.2829042540911813,8.491421917765612,0.20340491464873967,0.004263627841142491,0.0023295113311845306,0.0008295113311845305,-0.00027883660787608733,0.0023295113311845306,0.0015
159941-513390,2026-03-31,2026-04-01,2026-04-08,513390,159941,2.3453104139050134,7.523341345755901,0.004667381392399427,0.004267417699956113,-0.0009286830390045075,-0.0024286830390045076,-0.003154574132492094,0.002103049421661396,0.0015
159941-513390,2026-04-28,2026-04-29,2026-05-08,513390,159941,3.5462230320913104,5.846688925907647,0.07199200519858748,0.005431433430513031,0.006379229513231888,0.004879229513231888,0.0009648059233391404,0.02640994551950482,0.0015
159941-513390,2026-05-21,2026-05-22,2026-05-28,513390,159941,3.1425129056838887,2.6573687587989734,0.04296493099665918,0.00975288533240797,0.00011466858036990324,-0.0013853314196300968,-0.0006967899381338238,0.009178424311055755,0.0015
159941-513390,2026-08-06,2026-08-07,2026-08-13,513390,159941,2.037903525146858,2.832219967004699,0.8254340471356916,0.009926664663604203,0.00404020918539838,0.00254020918539838,-0.005024671849879425,0.00404020918539838,0.0015
159941-513870,2024-06-28,2024-07-01,2024-07-05,513870,159941,2.6825033926048762,1.8938313212504878,0.00022877539728407827,0.0029559497330368624,-0.0048237945640361435,-0.006323794564036143,-0.005397992819875741,0.0011655959986054398,0.0015
159941-513870,2024-09-27,2024-09-30,2024-10-11,159941,513870,-2.072484424201143,6.283504820500664,0.10416773376064487,0.0012368132630980987,-0.01666563226636142,-0.01816563226636142,-0.01666563226636142,-0.014191731629411342,0.0015
159941-513870,2024-12-10,2024-12-11,2024-12-17,513870,159941,2.2581140964696553,5.0716835867574925,0.046848744730260294,0.0036460855355238755,-0.00881072264378413,-0.01031072264378413,-0.013207573930926753,0.001038224239415575,0.0015
159941-513870,2024-12-30,2024-12-31,2025-01-07,513870,159941,2.3117052878351174,5.042327710218999,0.05469853745636284,0.003145754231074969,-0.006829188425279575,-0.008329188425279575,-0.006829188425279575,-0.00010771590576141854,0.0015
159941-513870,2025-04-09,2025-04-10,2025-04-16,513870,159941,2.2131398756207994,8.87565987100952,0.2034492325106269,0.007246572058286629,0.0170810831920023,0.0155810831920023,0.003966571454074752,0.0170810831920023,0.0015
159941-513870,2025-06-09,2025-06-10,2025-06-16,159941,513870,-2.052901546910081,4.8308111727854355,0.25829605934975036,0.00709191856648869,-0.0028809218950062165,-0.004380921895006216,-0.003920831385620049,-0.0023677418043615006,0.0015
159941-513870,2025-08-21,2025-08-22,2025-08-28,159941,513870,3.1816802531274084,11.454946483988493,0.6052422491018006,0.0007006938891280963,-0.0034477884126640213,-0.004947788412664021,-0.0034477884126640213,0.0017815411483874666,0.0015
159941-513870,2025-09-23,2025-09-24,2025-09-30,513870,159941,3.1427518893170636,13.143241732596428,0.18363174587400666,0.0003549999629668503,-0.0003302098727340219,-0.001830209872734022,-0.004679777622597303,0.004796163069544335,0.0015
159941-513870,2025-11-05,2025-11-06,2025-11-12,513870,159941,2.082555916462051,7.02986139331277,0.0827497519254542,0.002925643891104531,0.0037328501346705067,0.0022328501346705067,-0.0015626700940059024,0.0037328501346705067,0.0015
159941-513870,2025-12-30,2025-12-31,2026-01-08,513870,159941,2.066375394976326,5.307875301805909,0.06598535603521327,0.0037162992238085855,0.002593430406258479,0.001093430406258479,0.002137544520421031,0.005882177481897566,0.0015
159941-513870,2026-02-03,2026-02-04,2026-02-10,159941,513870,-2.870939682846625,3.749129833000396,0.015814473994283203,0.004512985961006025,0.010057609826662928,0.008557609826662928,0.0059779712204655056,0.010057609826662928,0.0015
159941-513870,2026-04-21,2026-04-22,2026-04-28,159941,513870,-3.099387558275611,2.5424889609152355,2.9709872218699653e-05,0.006221393187756113,0.013139721842591934,0.011639721842591934,0.0021862689926843704,0.013139721842591934,0.0015
159941-513870,2026-05-07,2026-05-08,2026-05-14,513870,159941,3.1623974127310817,2.2752874663798472,0.0006299039899830893,0.005145628621030143,-0.00023705180906530288,-0.001737051809065303,-0.0031407666622289554,0.002279501063676692,0.0015
159941-513870,2026-05-21,2026-05-22,2026-05-28,513870,159941,3.493681270519413,2.0148625099541406,0.00019080876755508085,0.007644776251808634,0.009445544963063712,0.007945544963063713,-0.001516652222359749,0.012623292476579673,0.0015
159941-513870,2026-08-06,2026-08-07,2026-08-13,513870,159941,2.2528640047940804,2.727363787204112,0.6211365399892264,0.008586001482584722,0.0014370561883774169,-6.294381162258314e-05,-0.00718528094188664,0.0014370561883774169,0.0015
159501-159513,2025-12-11,2025-12-12,2025-12-18,159513,159501,2.193416672589418,6.526349221717795,0.19793567766204634,0.005193686727046846,0.002320550639134722,0.0008205506391347219,-0.0014721168703469845,0.002320550639134722,0.0015
159501-159513,2026-03-04,2026-03-05,2026-03-11,159501,159513,-2.4123874082927106,8.076055673829343,0.17666705092440527,0.0009671533481376698,-0.0030169899447265447,-0.004516989944726544,-0.0030169899447265447,0.001152787125986765,0.0015
159501-159513,2026-03-24,2026-03-25,2026-03-31,159501,159513,-2.8319699090270425,5.475722714514482,0.05419616425795636,0.003907831355140393,0.00980337078651694,0.008303370786516941,0.0015589887640449218,0.00980337078651694,0.0015
159501-159513,2026-05-08,2026-05-11,2026-05-15,159501,159513,-2.015935075767669,3.8040003840673338,0.024260458122943786,0.006373253190097818,0.008341074284401007,0.006841074284401007,0.0033780872030106934,0.008341074284401007,0.0015
159501-159513,2026-05-28,2026-05-29,2026-06-04,159513,159501,3.439448492980782,4.269339825137394,0.02075113725716247,0.005138506052482894,-0.0061425151232710196,-0.007642515123271019,-0.006797574010688923,0.0035220184899440454,0.0015
159501-159513,2026-06-23,2026-06-24,2026-06-30,159513,159501,3.116103827924744,3.872097840953846,0.019155746683943275,0.007308899584938931,0.009225326206498519,0.007725326206498519,0.005297404282809448,0.010059232429953102,0.0015
159501-159632,2024-04-08,2024-04-09,2024-04-15,159501,159632,-2.2243806545439226,9.162372250171403,0.4871213859318769,0.002843734256445206,0.001322751322751281,-0.000177248677248719,-0.0001833516685001424,0.001322751322751281,0.0015
159501-159632,2024-04-30,2024-05-06,2024-05-10,159632,159501,2.3214217116803124,9.652621256147903,0.6135661297782025,0.002514619501836196,-0.007544713341089748,-0.009044713341089748,-0.007544713341089748,-0.003457481850034805,0.0015
159501-159632,2024-07-02,2024-07-03,2024-07-09,159501,159632,-3.0874056961957,12.21625610815809,0.3513697823347054,0.0008013317199793354,0.015655505322640817,0.014155505322640817,0.0021169958844744485,0.015655505322640817,0.0015
159501-159632,2024-07-11,2024-07-12,2024-07-18,159632,159501,2.6091194618220164,10.179127921636205,0.32539457647421927,0.004160524285253138,0.0032776022574303454,0.0017776022574303454,-0.0031372231167677844,0.007432991939062106,0.0015
159501-159632,2024-08-02,2024-08-05,2024-08-09,159632,159501,2.460751747026307,10.248127865899525,0.5090943291081714,0.0032869542322257767,0.008610247176297214,0.007110247176297215,0.006362197850166451,0.009548753205652849,0.0015
159501-159632,2024-08-22,2024-08-23,2024-08-29,159501,159632,-2.378661529352928,9.640285850883263,0.46268883836433733,0.001471199600685454,0.0028768225803431635,0.0013768225803431635,-0.0022488629344712407,0.0028768225803431635,0.0015
159501-159632,2024-12-13,2024-12-16,2024-12-20,159501,159632,-2.50655037848381,2.8043647140931283,0.0726491383351935,0.0015815349897494429,-0.010124745547705816,-0.011624745547705815,-0.010124745547705816,-0.0015746333918671418,0.0015
159501-159632,2025-06-10,2025-06-11,2025-06-17,159632,159501,2.104562349121961,5.8773249089142245,0.09071600966394089,0.004668936328311995,-0.0002057433522499874,-0.0017057433522499874,-0.0007622373640556734,0.00023611137472234756,0.0015
159501-159632,2025-08-20,2025-08-21,2025-08-27,159632,159501,2.651469111410256,4.830805279324097,0.23366811153187123,0.0029294391343232225,0.002879129197507213,0.001379129197507213,-0.0026241061543537114,0.002879129197507213,0.0015
159501-159632,2025-09-22,2025-09-23,2025-09-29,159501,159632,-2.6381625725772344,4.483820148067647,0.01163116817237621,0.00010461404143056693,0.00028705424511943356,-0.0012129457548805665,0.00028705424511943356,0.0029307846852191233,0.0015
159501-159632,2025-10-09,2025-10-10,2025-10-16,159632,159501,2.0705502065851498,3.956448157355214,0.12251950880126111,0.0017292243659578878,-0.0011235099211638344,-0.0026235099211638344,-0.007889959502862642,0.00018407789668772878,0.0015
159501-159632,2025-10-22,2025-10-23,2025-10-29,159632,159501,3.130677987662725,3.866572261698312,0.3011242405945566,0.002207903697607733,0.0011454384490123815,-0.0003545615509876186,-0.003445080736304007,0.0028535583380480123,0.0015
159501-159632,2025-11-14,2025-11-17,2025-11-21,159632,159501,6.664806318780788,3.1632403136175133,0.004827755157168309,0.0064059761974168,-0.003123594382527739,-0.004623594382527739,-0.004410389062295739,0.0016189684339018573,0.0015
159501-159632,2025-12-10,2025-12-11,2025-12-17,159632,159501,2.0618430757146937,4.782710125206432,0.9113729476989301,0.005218770352564146,-0.0009240482662409288,-0.002424048266240929,-0.002462930203793956,0.0005249457076700326,0.0015
159501-159632,2026-03-05,2026-03-06,2026-03-12,159501,159632,-2.3933318530736756,7.264849810281599,0.13083098491239714,0.0015295641120427195,0.0033719818473182395,0.0018719818473182394,0.0010853903230585438,0.006205308447460922,0.0015
159501-159632,2026-03-24,2026-03-25,2026-03-31,159501,159632,-2.231115531225581,5.115964138906904,0.03957200132813754,0.003786837728023393,0.009171858774662534,0.007671858774662534,0.0023650051921080273,0.009171858774662534,0.0015
159501-159632,2026-05-15,2026-05-18,2026-05-22,159632,159501,2.380385311853016,3.4102713443890336,0.006277777508150174,0.003890095172126743,0.0053007135575942055,0.0038007135575942055,0.0053007135575942055,0.009307744148793762,0.0015
159501-159632,2026-07-02,2026-07-03,2026-07-09,159632,159501,2.0354841637883796,6.279039110604873,0.1947039148310737,0.008101333262486111,0.00917753030704449,0.007677530307044491,0.0019446449180698933,0.011402939806144707,0.0015
159501-159659,2024-07-03,2024-07-04,2024-07-10,159659,159501,2.0909958589933346,11.099808666075946,0.42330404334107724,0.0021526414176448044,-0.003981582156173058,-0.005481582156173058,-0.013194906039943444,0.004419578203203822,0.0015
159501-159659,2024-12-05,2024-12-06,2024-12-12,159501,159659,-2.3995868012066315,4.952101108362336,0.35776403775989163,0.002912070480240286,0.0016791869200176723,0.0001791869200176723,-0.0005098116233777095,0.0019672345788120937,0.0015
159501-159659,2024-12-17,2024-12-18,2024-12-24,159659,159501,8.661902388307542,5.0335066465740095,0.2796550674204116,0.002124614493485843,0.007450224062624189,0.005950224062624189,0.0006878817100610668,0.007450224062624189,0.0015
159501-159659,2025-01-13,2025-01-14,2025-01-20,159659,159501,2.5947843547237754,3.5704790794875905,0.0030235095413782566,0.0003803209153803778,0.0055315055315057204,0.004031505531505721,0.0013380558835104361,0.0055315055315057204,0.0015
159501-159659,2025-01-27,2025-02-05,2025-02-11,159659,159501,2.139722872628058,2.054184473706497,0.00010039660945305316,0.0009506565347912833,0.0030035600057358725,0.0015035600057358724,0.0025854463723479215,0.004002668445630464,0.0015
159501-159659,2025-03-17,2025-03-18,2025-03-24,159501,159659,-3.0223326751085047,1.3175036262509354,0.193214063634907,0.004110467665841549,0.00165907391038278,0.00015907391038278004,0.0005099612429455558,0.00273679200380772,0.0015
159501-159659,2025-09-12,2025-09-15,2025-09-19,159659,159501,2.2116844161818117,1.21829661798497,0.00010307135767971753,0.00233933839239941,0.002062125449393326,0.0005621254493933261,0.0008484558676489229,0.002062125449393326,0.0015
159501-159659,2025-09-29,2025-09-30,2025-10-14,159501,159659,-2.153741177509015,0.7396493290129947,4.1704710619603813e-10,0.001812848867098898,0.006417802201089562,0.004917802201089562,-0.0007357543853285797,0.006417802201089562,0.0015
159501-159659,2025-10-22,2025-10-23,2025-10-29,159659,159501,4.2780012473209785,0.7343944399214681,1.346379947661241e-10,0.0046082796937679605,0.005496852770025873,0.003996852770025873,-0.0036517135250917487,0.005496852770025873,0.0015
159501-159659,2025-11-14,2025-11-17,2025-11-21,159659,159501,6.20355617962017,3.43102514050393,0.010446629004553749,0.007201434452148169,-0.0018867360028121949,-0.003386736002812195,-0.00862561312909682,0.002273539589400686,0.0015
159501-159659,2025-12-09,2025-12-10,2025-12-16,159659,159501,2.016514691039236,4.753286604576624,0.6436705169951957,0.0043283156715557105,0.0015578610812044813,5.786108120448127e-05,0.0015578610812044813,0.00589377181821138,0.0015
159501-159659,2026-03-04,2026-03-05,2026-03-11,159501,159659,-2.136138302921632,7.965584895993004,0.1573496487102536,0.003027315699149254,0.006071660334801221,0.004571660334801221,0.0030632367487604117,0.006071660334801221,0.0015
159501-159659,2026-05-14,2026-05-15,2026-05-21,159659,159501,2.3213591077586035,5.402686121582601,0.05586426633389557,0.0013103264641802694,-0.0005933598199349133,-0.0020933598199349133,-0.003267679988082861,0.0027279110282723007,0.0015
159501-159659,2026-06-23,2026-06-24,2026-06-30,159659,159501,2.088775642979219,8.574845727871379,0.21609525731711837,0.0030568107470877112,0.008214413919800823,0.006714413919800823,0.007488650041176714,0.010698101653398906,0.0015
159501-159660,2024-03-18,2024-03-19,2024-03-25,159501,159660,-2.1747879667493732,5.187398704416437,0.05839908494723905,0.004138247095343894,0.005598591549295984,0.004098591549295984,0.0034624413145540878,0.006948356807511713,0.0015
159501-159660,2024-04-30,2024-05-06,2024-05-10,159660,159501,2.15898753835382,7.918195351637549,0.8051043636818549,0.003376118190011954,-0.008913420533197325,-0.010413420533197324,-0.008913420533197325,-0.004971002485501197,0.0015
159501-159660,2024-07-03,2024-07-04,2024-07-10,159660,159501,3.4023096487542697,11.82677546619081,0.39879539013280707,0.0036878110548709967,-0.00034697613985334996,-0.00184697613985335,-0.008334809827545309,0.006341542641152942,0.0015
159501-159660,2024-12-16,2024-12-17,2024-12-23,159501,159660,-5.512322269274868,3.3438366958382755,0.1544840832001716,0.005281860317039049,-0.017311680505429194,-0.018811680505429196,-0.017311680505429194,0.006299651060220235,0.0015
159501-159660,2025-04-09,2025-04-10,2025-04-16,159501,159660,-2.9477489165371353,9.468991850614279,0.1703072952444013,0.0020071190554270812,-0.0055281740093447995,-0.007028174009344799,-0.008353278387188912,0.00023339145238143733,0.0015
159501-159660,2025-07-29,2025-07-30,2025-08-05,159660,159501,2.08092677337188,13.81153421222378,0.04029275916751371,0.0008801193730017284,-0.0002785904782572901,-0.0017785904782572901,-0.00190839694656475,0.0011352301136482446,0.0015
159501-159660,2025-08-07,2025-08-08,2025-08-14,159660,159501,-3.0170503014120538,14.413452593267008,0.03789304624587593,5.052057235357607e-05,-0.0007792917448889991,-0.002279291744888999,-0.0007792917448889991,0.00045501806618353235,0.0015
159501-159660,2025-08-20,2025-08-21,2025-08-27,159660,159501,2.184275532153603,13.887878930543947,0.028813042364711376,0.0009787021030530775,0.0017747395751146477,0.0002747395751146477,-0.0049938878263593445,0.0017747395751146477,0.0015
159501-159660,2025-09-25,2025-09-26,2025-10-10,159660,159501,-2.1279836654929554,13.093977383691724,0.00010943145315878039,0.00010438333901159743,0.0054288951700265375,0.003928895170026538,0.000349602458902476,0.02189788479337862,0.0015
159501-159660,2025-10-20,2025-10-21,2025-10-27,159501,159660,-3.646634578711239,3.452617294736629,0.0037099147946131226,0.0018667537839426383,-0.01770187831489789,-0.01920187831489789,-0.01770187831489789,-0.0015988471146142214,0.0015
159501-159660,2025-12-05,2025-12-08,2025-12-12,159501,159660,-2.755914464167508,11.797050115317813,0.46713950052249364,0.010926737156209884,0.031793727050362874,0.030293727050362873,0.005368092171404326,0.03257970027114998,0.0015
159501-159660,2026-01-19,2026-01-20,2026-01-26,159660,159501,2.1112140931047727,9.750092045390431,0.08964851973923482,0.006740656606830427,0.0022857142857143353,0.0007857142857143353,-0.0008849206349207384,0.00825000000000009,0.0015
159501-159660,2026-03-31,2026-04-01,2026-04-08,159660,159501,2.2502661584314185,11.529240955948937,0.30145952306470847,0.005987255276605791,0.0061675080591205855,0.004667508059120586,0.0011654468165630538,0.0061675080591205855,0.0015
159501-159660,2026-04-17,2026-04-20,2026-04-24,159660,159501,-3.37107365469894,13.316579209050186,0.6231769879259903,0.0007323256344732212,0.008964865377270703,0.007464865377270704,0.0054209038228513196,0.011956267877112792,0.0015
159501-159660,2026-05-15,2026-05-18,2026-05-22,159660,159501,2.5492016986971193,11.762219959386945,0.47518577318587246,0.0028125218596492373,-0.0005811040977856674,-0.0020811040977856674,-0.0005811040977856674,0.0059699475515107014,0.0015
159501-159696,2024-04-15,2024-04-16,2024-04-22,159501,159696,-2.720612566642137,1.3462603424923898,0.0015016064506448111,0.008918989445478606,0.007801426386468857,0.0063014263864688575,0.007801426386468857,0.01153966822228325,0.0015
159501-159696,2024-07-09,2024-07-10,2024-07-16,159696,159501,3.2074665126597948,2.0822226302247224,0.5631960552307036,0.013742800188208986,-0.004368463514470067,-0.005868463514470066,-0.004368463514470067,0.007551512331777421,0.0015
159501-159696,2024-10-28,2024-10-29,2024-11-05,159696,159501,2.0279803066528768,2.201324329217011,0.03175617306530638,0.0009194875640478562,-0.00028306751919515705,-0.001783067519195157,-0.000692485099640372,0.001999367707418709,0.0015
159501-159696,2024-11-08,2024-11-11,2024-11-15,159696,159501,2.0480651821694487,2.6921801215332137,0.12408550906196136,0.0007771906309567031,0.0012775528565002192,-0.00022244714349978082,0.0012775528565002192,0.002880491827860432,0.0015
159501-159696,2024-12-17,2024-12-18,2024-12-24,159696,159501,2.1700950777729107,2.678354450077126,0.12613145158381456,0.001462307498238713,0.003857639911434174,0.002357639911434174,-0.0016186206821330318,0.003857639911434174,0.0015
159501-159696,2025-01-03,2025-01-06,2025-01-10,159696,159501,5.251709799217155,2.626090586131646,0.12800652929442508,0.005192620023522472,0.005470026662079741,0.0039700266620797415,0.005470026662079741,0.008794185946504052,0.0015
159501-159696,2025-01-20,2025-01-21,2025-01-27,159501,159696,-2.0297599694321318,1.3681137536668484,0.00011570038307240719,0.0024160901070414127,0.0073572322796990886,0.005857232279699089,0.004612664381844156,0.0073572322796990886,0.0015
159501-159696,2025-03-05,2025-03-06,2025-03-12,159696,159501,3.0391702997717007,0.8918588591180433,3.766793756436001e-09,0.00510449011861633,0.005173480519057527,0.0036734805190575272,0.002782119539556205,0.006577769094254227,0.0015
159501-159696,2025-03-26,2025-03-27,2025-04-02,159696,159501,2.0683653141292453,0.828301431574191,2.2463579064873983e-09,0.002810671629220461,0.004051564367727689,0.002551564367727689,-0.000826872251527111,0.004051564367727689,0.0015
159501-159696,2025-04-08,2025-04-09,2025-04-15,159501,159696,-2.667806039596552,0.9019285070172849,9.092462502027426e-09,0.0031484654144071336,0.0033699818863472952,0.0018699818863472952,0.0007432013624355527,0.0033699818863472952,0.0015
159501-159696,2025-07-30,2025-07-31,2025-08-06,159696,159501,2.384263397943654,1.2294994229590854,8.86604109556142e-07,0.001739180247404113,0.0016101905757077706,0.00011019057570777055,0.0004040404040402956,0.0025476439269542794,0.0015
159501-159696,2025-08-25,2025-08-26,2025-09-01,159696,159501,6.343097974549817,1.0537778369980848,0.0001390214208776327,0.004910627400150108,0.004374537997715144,0.0028745379977151444,0.0037998733375553817,0.005183792908939555,0.0015
159501-159696,2025-09-08,2025-09-09,2025-09-15,159501,159696,-2.4201377393934846,0.7929643233481638,9.143761711275042e-10,0.0022938070133659183,-0.00015031481935756652,-0.0016503148193575666,-0.002562567040409247,0.0011700505538800865,0.0015
159501-159696,2025-10-13,2025-10-14,2025-10-20,159696,159501,4.011521186630272,0.5798365808475445,5.2744281454790746e-12,0.0037093017239186775,0.0,-0.0015,-0.004348505123718094,0.0,0.0015
159501-159696,2025-10-22,2025-10-23,2025-10-29,159696,159501,2.5095534283163015,0.6625424260943996,4.404320606860899e-11,0.002184716582954894,-0.00038595336868585406,-0.001885953368685854,-0.005222798313818666,0.002020559093845131,0.0015
159501-159696,2025-11-14,2025-11-17,2025-11-21,159696,159501,7.225090983913172,2.6651947178935984,0.0021229037753782323,0.006225539904331415,0.001881512869770341,0.0003815128697703409,0.0018694677282862227,0.003595320308108496,0.0015
159501-159696,2025-12-09,2025-12-10,2025-12-16,159696,159501,2.543748699615884,3.4506493020645643,0.012908675848737582,0.004879313193197374,0.004476755911864028,0.0029767559118640276,0.004476755911864028,0.007995197398275478,0.0015
159501-159696,2025-12-29,2025-12-30,2026-01-07,159696,159501,2.2056047916460444,7.2432035037778135,0.3164026254054967,0.005450791357285576,0.008709842299385206,0.007209842299385207,-0.0011514104778354017,0.008709842299385206,0.0015
159501-159696,2026-04-21,2026-04-22,2026-04-28,159501,159696,-2.264609043364285,3.3844257764133268,0.04485907668412497,0.00424578752202964,0.0031971734110243233,0.0016971734110243233,-2.7460385125355202e-05,0.0031971734110243233,0.0015
159501-159696,2026-05-22,2026-05-25,2026-05-29,159696,159501,3.24895038561886,3.839354928219515,0.2179255189608248,0.0031848696726087247,-0.004901234567901369,-0.006401234567901369,-0.01019135802469151,0.002549382716049431,0.0015
159501-159696,2026-08-20,2026-08-21,2026-08-27,159696,159501,2.5133022042494884,5.604515554719064,0.45898691371550104,0.005259026686265647,0.0008532447624889361,-0.0006467552375110639,-0.0014007713065566918,0.0034258564164100225,0.0015
159501-513100,2024-04-30,2024-05-06,2024-05-10,513100,159501,4.297750196586767,8.839753051204474,0.7306768365011549,0.0034099266674169288,-0.006996721023341257,-0.008496721023341256,-0.006996721023341257,-0.004152054343513845,0.0015
159501-513100,2024-07-01,2024-07-02,2024-07-08,159501,513100,-3.3199195692661148,11.155362728146326,0.30720620006047017,0.0007785090532425962,-0.0059963548840382686,-0.007496354884038268,-0.0059963548840382686,0.009270797930591712,0.0015
159501-513100,2024-07-12,2024-07-15,2024-07-19,513100,159501,2.238427872451998,8.478357026032015,0.24170183118136052,0.005283999700056951,0.01402835618361331,0.012528356183613311,0.012147302419166284,0.02047868606990777,0.0015
159501-513100,2024-07-30,2024-07-31,2024-08-06,513100,159501,-3.6932345077021993,7.3963669872956395,0.45822698257007505,0.00030743755998331734,0.005459340621143949,0.003959340621143949,0.002730756530353262,0.007073463216253351,0.0015
159501-513100,2024-12-10,2024-12-11,2024-12-17,159501,513100,-2.2733005928592394,6.322974950981401,0.09566278301689013,0.004304171721304078,0.004654604139517016,0.0031546041395170157,-0.009828678084690345,0.004654604139517016,0.0015
159501-513100,2025-03-24,2025-03-25,2025-03-31,159501,513100,-2.5831670586902438,4.623494824963064,0.029268756226641924,0.00834192191907113,0.010700694677044154,0.009200694677044154,0.006496867235503245,0.012661629264618668,0.0015
159501-513100,2025-06-05,2025-06-06,2025-06-12,513100,159501,2.3008635429230515,4.703467358569602,0.04356107173775564,0.004916200456936613,-0.004648649125593263,-0.006148649125593262,-0.004648649125593263,0.0010460232586868567,0.0015
159501-513100,2025-08-21,2025-08-22,2025-08-28,513100,159501,-3.3361242372935362,14.955613308773453,0.4910523197015916,0.0003284577994431253,-0.0018070789295130396,-0.0033070789295130396,-0.0026665247561070693,0.0021807345011810586,0.0015
159501-513100,2025-09-18,2025-09-19,2025-09-25,159501,513100,-2.0955003703785513,20.359010258578742,0.5662012799688843,0.00013992914505063774,-0.009874654413292827,-0.011374654413292827,-0.011470247669745914,-0.0024464831804281717,0.0015
159501-513100,2026-04-08,2026-04-09,2026-04-15,159501,513100,-3.6318993390569476,5.087560277218339,0.027253020174409878,0.005291701691706162,0.01965857755693956,0.01815857755693956,0.018273106555671936,0.02354908217452234,0.0015
159501-513100,2026-04-28,2026-04-29,2026-05-08,159501,513100,-3.862270144926108,2.453665161964783,0.00041155419393790687,0.008038216646245655,0.0004573153368643279,-0.0010426846631356721,-0.0028603565123297425,0.00531465345406934,0.0015
159501-513100,2026-05-14,2026-05-15,2026-05-21,513100,159501,2.7761205512806835,2.6001849474941103,0.001820838045671586,0.003714862646214779,0.012293152624502923,0.010793152624502924,0.0032666917000773177,0.012293152624502923,0.0015
159501-513100,2026-05-28,2026-05-29,2026-06-04,513100,159501,2.9931915649390985,1.8473615227231832,8.972115334095616e-05,0.005834417146233447,-0.004451826745377918,-0.005951826745377918,-0.004451826745377918,0.0070427578452090245,0.0015
159501-513100,2026-06-22,2026-06-23,2026-06-29,513100,159501,2.312189824902958,2.8085662877901187,0.002965326568482204,0.006419409958308919,0.004924667156426588,0.0034246671564265876,-0.007368312518527209,0.004924667156426588,0.0015
159501-513110,2024-04-08,2024-04-09,2024-04-15,159501,513110,-2.3449001471777766,9.321815709908634,0.4894509401928132,0.002619424327381558,-0.0013201320132012473,-0.0028201320132012473,-0.004125412541253981,-0.0013201320132012473,0.0015
159501-513110,2024-07-08,2024-07-09,2024-07-15,513110,159501,3.0959290917804196,14.155575173494995,0.6833525288220345,0.0025180454998489444,-0.006671613423937073,-0.008171613423937072,-0.013066598974198929,-0.0029550365799684286,0.0015
159501-513110,2024-08-16,2024-08-19,2024-08-23,513110,159501,2.4588775447279425,14.754025358863036,0.668778593122221,0.0022191091942787133,0.004535722024511468,0.003035722024511468,0.0026626708241059838,0.005528255528255643,0.0015
159501-513110,2024-12-05,2024-12-06,2024-12-12,159501,513110,-2.678477813027344,3.309212371330698,0.16141334932710155,0.003270208346293851,0.003363774733637692,0.0018637747336376922,0.0017960426179604028,0.003462709284627219,0.0015
159501-513110,2024-12-17,2024-12-18,2024-12-24,513110,159501,4.755336674720331,3.331645603848933,0.15766818190476312,0.00047513262262507787,0.002766645346137353,0.001266645346137353,-0.0027757576819621432,0.002766645346137353,0.0015
159501-513110,2024-12-30,2024-12-31,2025-01-07,513110,159501,4.587596105709866,3.2384347274337415,0.11360320813882124,0.0013991875523819285,0.00634636943542044,0.004846369435420441,-0.0015673408572380865,0.006864995934799056,0.0015
159501-513110,2025-01-15,2025-01-16,2025-01-22,513110,159501,2.3497029890688808,2.3859197836720547,0.00888461498846039,0.0008635436657548627,0.002276569367744896,0.0007765693677448961,-0.001083342725121006,0.0031345091851684437,0.0015
159501-513110,2025-02-26,2025-02-27,2025-03-05,513110,159501,2.429498595063483,0.955211742495968,0.004446573622631048,0.0020209171212604168,-0.002820800233929277,-0.004320800233929277,-0.002820800233929277,0.0029767532530825536,0.0015
159501-513110,2025-03-11,2025-03-12,2025-03-18,513110,159501,2.284343297009031,0.8059076611369718,3.738649582825899e-08,0.0023493030122131216,0.004121915820028965,0.002621915820028965,0.0010914368650216666,0.004121915820028965,0.0015
159501-513110,2025-04-08,2025-04-09,2025-04-15,159501,513110,-3.3223869543872886,0.9209039222055763,2.1850295174604515e-08,0.004573780011066763,0.0003019729301541041,-0.001198027069845896,-0.00283878760591727,0.0003019729301541041,0.0015
159501-513110,2025-07-17,2025-07-18,2025-07-24,159501,513110,-2.161568079134211,1.0460901775810043,3.5566937930879203e-08,0.0013854747410112147,0.0016501460796121137,0.00015014607961211365,-0.00016234818251037453,0.0016501460796121137,0.0015
159501-513110,2025-08-01,2025-08-04,2025-08-08,513110,159501,2.1150330561467268,1.1586792838578248,4.06471614426607e-07,0.0014483193152301935,0.003786632672643231,0.002286632672643231,0.0025728541272582728,0.004206075060997572,0.0015
159501-513110,2025-08-14,2025-08-15,2025-08-21,513110,159501,2.113479649854203,1.1719365279962484,4.615189845374968e-07,0.001599967840081542,0.0007436744928196459,-0.0007563255071803541,-0.0011254843856849384,0.0017057974318060998,0.0015
159501-513110,2025-08-25,2025-08-26,2025-09-01,513110,159501,5.9391658179954785,1.18836346919033,4.989907558789055e-07,0.004296400868681224,0.00615944562691173,0.004659445626911731,0.004836679973117763,0.006798010828358736,0.0015
159501-513110,2025-10-09,2025-10-10,2025-10-16,513110,159501,2.0839158050728663,0.6814643517162099,0.019764192626007513,0.0018170377537812268,-0.001478071761834343,-0.002978071761834343,-0.008457823486725413,-0.001478071761834343,0.0015
159501-513110,2025-10-30,2025-10-31,2025-11-06,513110,159501,3.874031672672464,1.6654447207498435,0.048988482341532795,0.004501875144132234,-0.0022161667990264755,-0.0037161667990264755,-0.004107092422618641,0.0025414079744611184,0.0015
159501-513110,2025-12-25,2025-12-26,2026-01-05,513110,159501,2.387594256081588,8.990198321304057,0.3630292373162456,0.005508929250663413,0.0021014890332129443,0.0006014890332129443,-0.0030967297411098604,0.0021014890332129443,0.0015
159501-513110,2026-03-06,2026-03-09,2026-03-13,159501,513110,-2.2327105834602934,6.592012217476933,0.09678549157933397,0.00235704484806631,0.009496955379615812,0.007996955379615813,0.0030354615301744214,0.009496955379615812,0.0015
159501-513110,2026-03-24,2026-03-25,2026-03-31,159501,513110,-2.242107143387585,4.888851011053417,0.0342352885296134,0.006332211028102791,0.01228260869565223,0.010782608695652231,0.0017599104859333803,0.01228260869565223,0.0015
159501-513110,2026-05-14,2026-05-15,2026-05-21,513110,159501,2.505405473014336,3.6339545527295423,0.01145692315749062,0.0030758828648004867,0.0036475121863418503,0.0021475121863418502,-0.00015925667109084607,0.006543845926759495,0.0015
159501-513300,2024-03-14,2024-03-15,2024-03-21,159501,513300,-2.14913883882913,5.999079153651648,0.9986475322979635,0.008604755926114531,0.006191410507957462,0.004691410507957463,-0.005039934994153339,0.006191410507957462,0.0015
159501-513300,2024-04-30,2024-05-06,2024-05-10,513300,159501,2.7751826941176176,8.077842474722429,0.7513489715777976,0.004338374650523488,-0.014461968605679942,-0.015961968605679944,-0.014461968605679942,-0.008620637521997598,0.0015
159501-513300,2024-06-28,2024-07-01,2024-07-05,159501,513300,-2.5196217902286118,8.26419788989731,0.20834979702765383,0.004344684266664848,0.0041752699157482365,0.0026752699157482364,-0.005614560115955847,0.0074949357222529045,0.0015
159501-513300,2024-07-15,2024-07-16,2024-07-22,159501,513300,-3.600731234146372,6.393619973090554,0.23344225801236412,0.00876641301041868,0.02139999304178386,0.01989999304178386,0.006871238214521624,0.02139999304178386,0.0015
159501-513300,2024-07-26,2024-07-29,2024-08-02,159501,513300,-2.1087784811562895,5.593603647554141,0.07510209379946792,0.0032456550469944605,-0.0040709598031172245,-0.005570959803117224,-0.022432321575061587,-0.0040709598031172245,0.0015
159501-513300,2024-10-08,2024-10-09,2024-10-15,513300,159501,2.046153082929942,10.13036879412238,0.29354939272010455,0.004277768045733754,0.020667122270594973,0.019167122270594972,0.010149843069758191,0.020667122270594973,0.0015
159501-513300,2024-12-18,2024-12-19,2024-12-25,159501,513300,-2.8041929954194194,3.461175364766609,0.007178624675130584,0.009200105538953632,0.011873117136274702,0.010373117136274703,-0.009675704412546837,0.011873117136274702,0.0015
159501-513300,2025-01-27,2025-02-05,2025-02-11,513300,159501,2.223628130913145,4.24587873670616,0.023398649601369927,0.009127638094618983,-0.006145540660521531,-0.007645540660521531,-0.00919087988910694,-0.00037689359816528434,0.0015
159501-513300,2025-05-21,2025-05-22,2025-05-28,513300,159501,2.218476171872119,6.683327449917949,0.15214375046373357,0.006825217138427146,0.001210185059312252,-0.00028981494068774797,-0.0010546637192725417,0.001746567448238423,0.0015
159501-513300,2025-08-05,2025-08-06,2025-08-12,513300,159501,2.0353561000002616,5.627353300324845,0.8196177855073432,0.004687039664877461,-0.00014878738283008452,-0.0016487873828300846,-0.00014878738283008452,0.0017760908969257638,0.0015
159501-513300,2025-08-14,2025-08-15,2025-08-21,513300,159501,2.0679003890867493,6.350034705084293,0.8852410780120501,0.004732368411656257,0.00136599110924418,-0.00013400889075581993,-0.0009713325632679792,0.00136599110924418,0.0015
159501-513300,2025-09-25,2025-09-26,2025-10-10,159501,513300,-2.3794815167060417,6.244047206395194,0.002367069107887142,0.00020358762853827012,-0.00032685435369983473,-0.0018268543536998348,-0.0015314662965668635,0.0008956368016772576,0.0015
159501-513300,2025-10-15,2025-10-16,2025-10-22,159501,513300,-2.7529284517680352,5.737170513674411,0.16179486925952258,0.0018944016154583924,-0.00710936052491995,-0.00860936052491995,-0.007935138864930025,0.003953194180898345,0.0015
159501-513300,2025-11-04,2025-11-05,2025-11-11,513300,159501,2.649814896477117,2.9592438181781686,0.0024178882229701475,0.0052872581607619805,0.012086806550055895,0.010586806550055896,0.006666154297439331,0.012086806550055895,0.0015
159501-513300,2025-11-14,2025-11-17,2025-11-21,513300,159501,5.0934687337999565,2.620791193940567,0.0018992540280979183,0.009454598797378602,0.004830951072017586,0.0033309510720175863,-0.0021877863294850197,0.011226406450430826,0.0015
159501-513300,2025-12-04,2025-12-05,2025-12-11,513300,159501,2.0125909167545317,2.2039607298499972,0.00045310939211996946,0.0032548059313888007,-0.00400090734253522,-0.00550090734253522,-0.00400090734253522,-0.0010841241675962898,0.0015
159501-513300,2026-05-15,2026-05-18,2026-05-22,513300,159501,2.324483912393377,2.987887131820835,0.0793118295466208,0.004825787032713642,0.007248108323377078,0.005748108323377079,0.005438396636196052,0.010761949746695976,0.0015
159501-513300,2026-08-24,2026-08-25,2026-08-31,513300,159501,2.50205063066427,6.608116814933825,0.7836461137955446,0.00660356572863869,0.007836111543854107,0.006336111543854108,0.007836111543854107,0.012485255825339658,0.0015
159501-513390,2024-03-25,2024-03-26,2024-04-01,159501,513390,-2.118096120822936,9.485036914265295,0.4865295994942751,0.0040966952892268135,-0.0038964662522547044,-0.005396466252254704,-0.02206267222099645,0.003107007366841219,0.0015
159501-513390,2024-04-30,2024-05-06,2024-05-10,513390,159501,2.2572247269125976,7.413263355703804,0.15708041371677678,0.0035854557120125717,-0.007217996033240359,-0.008717996033240359,-0.007217996033240359,-0.004971002485501197,0.0015
159501-513390,2024-06-28,2024-07-01,2024-07-05,159501,513390,-3.32882962759132,9.67575355143788,0.2637764440876373,0.0007529528662278753,0.012366670779169642,0.010866670779169642,-0.014459561008983934,0.012366670779169642,0.0015
159501-513390,2024-07-11,2024-07-12,2024-07-18,513390,159501,3.7122473858923426,7.574764311589369,0.17064720927823912,0.008028888711289723,-0.015880749322284782,-0.017380749322284783,-0.017690255089340967,-0.009184728450952528,0.0015
159501-513390,2024-11-29,2024-12-02,2024-12-06,159501,513390,-2.5496182318703076,4.953811507632738,0.006397275534987632,0.0014864139399433697,-0.0006609787418054847,-0.0021609787418054847,-0.0013729284811132558,0.0015176203449915882,0.0015
159501-513390,2024-12-20,2024-12-23,2024-12-27,159501,513390,-7.923652415703056,5.316782489082567,0.0013034247140721262,0.005325163391920875,-0.007000072165692428,-0.008500072165692428,-0.007000072165692428,0.0020341704553654694,0.0015
159501-513390,2025-03-24,2025-03-25,2025-03-31,159501,513390,-3.3082412565254256,9.22292624683835,0.2231790372291802,0.010625100784651814,0.04449203400919921,0.04299203400919921,0.01526988183083744,0.05045093194248462,0.0015
159501-513390,2025-07-03,2025-07-04,2025-07-10,513390,159501,-2.0311335951732725,5.6833475043879345,0.1600709762609791,0.0023295315118022075,0.0010869565217390686,-0.0004130434782609314,-0.0017419628947741295,0.0021703724684887238,0.0015
159501-513390,2025-09-24,2025-09-25,2025-10-09,159501,513390,-2.0502910928856672,38.5214681791183,0.6835939691724486,0.0012880982877680192,-0.0047485700948239895,-0.006248570094823989,-0.03424286933519416,0.001579320246891558,0.0015
159501-513390,2025-12-29,2025-12-30,2026-01-07,513390,159501,2.1400042871491967,10.030636788434348,0.431701091385818,0.009167718049881084,0.010083565683322915,0.008583565683322915,0.004976193886306213,0.012864001970345651,0.0015
159501-513390,2026-03-24,2026-03-25,2026-03-31,513390,159501,-2.0781212918019802,11.006766244085629,0.3530903659424145,0.0006727713153962312,-0.008979538300104895,-0.010479538300104894,-0.008979538300104895,-0.0016284102833157288,0.0015
159501-513390,2026-05-06,2026-05-07,2026-05-13,159501,513390,-8.378920561706849,4.439031481889089,0.2477275833085693,0.0103424295329754,0.027337009613716656,0.025837009613716655,0.0010035971551429768,0.027337009613716656,0.0015
159501-513390,2026-05-21,2026-05-22,2026-05-28,513390,159501,2.369560086571874,2.9692169893112634,0.001158186467490219,0.0048622100947788936,-0.015223939654491314,-0.016723939654491315,-0.015223939654491314,-0.002726517569345166,0.0015
159501-513390,2026-06-23,2026-06-24,2026-06-30,513390,159501,2.77958178325924,4.025919119512248,0.10384731923810508,0.008338745159993978,0.010086344063515496,0.008586344063515496,0.008390960392277158,0.012275325593729569,0.0015
159501-513870,2024-05-07,2024-05-08,2024-05-14,513870,159501,2.011430777104669,2.05489080991359,0.00017075803259762753,0.008745903943105808,-8.696866756086052e-05,-0.0015869686675608606,-0.0024865132679925406,-8.696866756086052e-05,0.0015
159501-513870,2024-07-08,2024-07-09,2024-07-15,513870,159501,2.393884519935241,2.132502632432707,0.0003720879976647524,0.010713026985456876,-0.010533998981392623,-0.012033998981392622,-0.014926743180660784,-0.004229885465894645,0.0015
159501-513870,2024-08-16,2024-08-19,2024-08-23,513870,159501,2.345864868964239,10.575621712836572,0.5798793900964284,0.0028946459793162092,0.00597571672797903,0.004475716727979031,0.005217144186962286,0.006736526946107713,0.0015
159501-513870,2024-12-17,2024-12-18,2024-12-24,513870,159501,6.2378269473155825,3.800831638384717,0.17767362627266126,0.0016583855082486793,-0.002538422131147522,-0.0040384221311475215,-0.003180071721311628,0.0007919228142074797,0.0015
159501-513870,2025-03-25,2025-03-26,2025-04-01,159501,513870,-2.0362686257089484,2.014273073341645,0.0003050742470344941,0.003764546765755793,-0.0028445540259798285,-0.004344554025979828,-0.0028445540259798285,0.0017487386708673336,0.0015
159501-513870,2025-04-23,2025-04-24,2025-04-30,159501,513870,-3.424926535760045,2.928169310251199,0.004929868669434794,0.005044320317032249,0.002914780275459883,0.0014147802754598828,0.002914780275459883,0.005225597070419141,0.0015
159501-513870,2025-07-25,2025-07-28,2025-08-01,159501,513870,-2.7255275202269873,1.669507715864024,0.19224636119517663,0.0013495810814806337,0.0043614798323541315,0.0028614798323541315,0.002579382691466625,0.004451444350348277,0.0015
159501-513870,2025-08-20,2025-08-21,2025-08-27,513870,159501,3.1478612927923715,1.8308756699970152,0.2539715939086692,0.0025393434971106126,0.0023935280869906705,0.0008935280869906705,-0.003930929733170441,0.0023935280869906705,0.0015
159501-513870,2025-10-10,2025-10-13,2025-10-17,513870,159501,3.248589055167125,1.1614277901373342,0.18677702760011045,0.0026883788478392744,3.7268932617795514e-05,-0.0014627310673822045,-0.002967538759689914,0.0023060152057243766,0.0015
159501-513870,2025-10-30,2025-10-31,2025-11-06,513870,159501,6.029647919265023,2.0341412727374806,0.5688321035157964,0.00565478407323432,-0.00430901614077428,-0.0058090161407742796,-0.005840454906178794,0.0005542037502214159,0.0015
159501-513870,2025-12-11,2025-12-12,2025-12-18,513870,159501,2.16159933720539,6.498158021166513,0.18189907076730638,0.0051223598449890925,0.001085156346557925,-0.000414843653442075,-0.0011395377580026844,0.0016654307254975187,0.0015
159501-513870,2025-12-25,2025-12-26,2026-01-05,513870,159501,2.087450294739646,9.188983723369704,0.3666830123858603,0.004995653428025739,0.0038322366898951854,0.0023322366898951854,-0.0027975975642484663,0.0038322366898951854,0.0015
159501-513870,2026-03-05,2026-03-06,2026-03-12,159501,513870,-2.229405829799989,7.2721499420969,0.12865140982499068,0.001979219893810901,-0.0024138356083626133,-0.003913835608362613,-0.004724772363082996,-0.0007492322780842109,0.0015
159501-513870,2026-03-23,2026-03-24,2026-03-30,159501,513870,-2.0064669161451283,5.743207537543294,0.061413686738665534,0.003452536402378103,-0.0032346896577651885,-0.004734689657765188,-0.008109437461622515,-0.0030279201493752517,0.0015
159501-513870,2026-05-14,2026-05-15,2026-05-21,513870,159501,2.1172907027603327,5.86004648714581,0.0844413544375579,0.00046796054456566677,-0.0019618714329464604,-0.0034618714329464604,-0.00401175587749103,0.003670705457548662,0.0015
159501-513870,2026-06-23,2026-06-24,2026-06-30,513870,159501,2.672534614331183,7.285722222162436,0.15067892547740963,0.004127369935693608,0.007482080971231042,0.0059820809712310425,0.006769570053147156,0.013447449693243074,0.0015
159501-513870,2026-09-01,2026-09-02,2026-09-08,513870,159501,2.1263413830850717,9.751949186268913,0.6275297952218227,0.004649158456012277,0.008134286494845933,0.006634286494845933,-0.0023858818240851676,0.008602622777224678,0.0015
159513-159632,2025-12-29,2025-12-30,2026-01-07,159632,159513,2.856006914660631,1.0071143883242932,0.003644319986690489,0.004121555724451751,0.0069456557551794695,0.00544565575517947,0.0034310376572281864,0.0069456557551794695,0.0015
159513-159632,2026-01-15,2026-01-16,2026-01-22,159513,159632,-2.5827824400067856,1.2531411136284059,0.01144723743246549,0.00435186615893519,0.002209718670076688,0.000709718670076688,-0.0008439897698210297,0.0038056265984653947,0.0015
159513-159632,2026-03-04,2026-03-05,2026-03-11,159632,159513,3.0170402398039005,1.2179507342075329,7.779064310288011e-07,0.0029319044719579284,-0.002919973180109281,-0.004419973180109281,-0.002919973180109281,0.00023085475671114075,0.0015
159513-159632,2026-04-29,2026-04-30,2026-05-11,159632,159513,2.463719932403594,1.208064444822814,6.461964280986127e-07,0.0025010300891313807,-0.000990708895847181,-0.002490708895847181,-0.0032350609425706445,0.0028118565667973883,0.0015
159513-159632,2026-06-04,2026-06-05,2026-06-11,159632,159513,2.294086825255817,3.098715655742051,0.006410228132955441,0.0032708803596779665,-0.022573985393075202,-0.024073985393075203,-0.022573985393075202,0.002180948906808977,0.0015
159513-159659,2025-12-15,2025-12-16,2025-12-22,159513,159659,-2.1081052531645583,1.7222142882382643,0.0033175016479109138,0.004042969586875504,0.009875706828534891,0.008375706828534892,0.004679967852184053,0.010905651272890782,0.0015
159513-159659,2025-12-29,2025-12-30,2026-01-07,159659,159513,3.1445448955237234,2.0595193942623027,2.234541874508887e-05,0.006332337070839578,0.01154057496174099,0.01004057496174099,0.004056661668190076,0.01154057496174099,0.0015
159513-159659,2026-02-25,2026-02-26,2026-03-04,159513,159659,-2.084764079976643,3.3211868537390425,0.010876130439348193,0.003675754628177278,0.0011982208422661733,-0.0003017791577338267,0.0,0.004189152559079368,0.0015
159513-159659,2026-04-29,2026-04-30,2026-05-11,159659,159513,2.207689016000991,3.9242370468842114,0.02008872470044996,0.0016781192380447315,0.0012903148259997277,-0.00020968517400027234,-0.00289254087449331,0.002044851511627588,0.0015
159513-159659,2026-05-27,2026-05-28,2026-06-03,159659,159513,2.2500818862162104,5.040252798886202,0.14993178193450046,0.00280414106814752,0.005776310376472749,0.004276310376472749,0.0024526229798325083,0.006534623990136046,0.0015
159513-159659,2026-06-10,2026-06-11,2026-06-17,159659,159513,4.328927944552737,5.071328558245315,0.20009459902162868,0.00731931689317853,0.010110304431253159,0.008610304431253159,-0.00836566230093827,0.011127608547292889,0.0015
159513-159659,2026-07-20,2026-07-21,2026-07-27,159513,159659,-2.4115244156800766,4.271915725278181,0.05384467703020601,0.0042201425357674864,0.004443974210267765,0.002943974210267765,0.0025233288399846288,0.004443974210267765,0.0015
159513-159660,2026-01-19,2026-01-20,2026-01-26,159660,159513,2.0852479830114423,13.13151170671044,0.2658097157890308,0.004001198992598789,0.0038885288399221896,0.0023885288399221895,0.00037644405353398636,0.008968433992737168,0.0015
159513-159660,2026-04-17,2026-04-20,2026-04-24,159660,159513,-3.509848320941575,13.059672936417167,0.624475700283208,0.0012798863753984008,0.007026267598248426,0.005526267598248426,0.007026267598248426,0.012010278922190087,0.0015
159513-159660,2026-05-13,2026-05-14,2026-05-20,159660,159513,2.1964749149154517,13.544690319269073,0.7859438777883856,0.002966617481205143,-0.0010387049395829129,-0.002538704939582913,-0.00722196027634503,-0.0010387049395829129,0.0015
159513-159660,2026-06-10,2026-06-11,2026-06-17,159660,159513,2.759028847334963,8.244779449767057,0.11064752189972743,0.004836690658203528,0.010439144340302908,0.008939144340302909,-0.010559442098513117,0.010439144340302908,0.0015
159513-159696,2025-12-25,2025-12-26,2026-01-05,159513,159696,-2.309829197678467,3.038767038976827,0.8529184991273604,0.005300870311698302,0.007421043878212297,0.005921043878212297,-0.0014717352281655716,0.007421043878212297,0.0015
159513-159696,2026-02-05,2026-02-06,2026-02-12,159513,159696,-2.3157759918839935,4.10461990452218,0.7985481480789869,0.00484837495732874,0.00782236427557459,0.00632236427557459,0.00782236427557459,0.011187101826045653,0.0015
159513-159696,2026-03-24,2026-03-25,2026-03-31,159696,159513,2.245542828864541,4.3497575464703795,0.02556001200330758,0.0027660083338644195,-0.013432105109651205,-0.014932105109651204,-0.020676796155609023,-0.013432105109651205,0.0015
159513-159696,2026-05-08,2026-05-11,2026-05-15,159696,159513,2.4345508824300652,2.1674583255676323,0.004862947353202752,0.005582409432040332,0.0016765322321095066,0.0001765322321095066,0.0013235939682276765,0.005097829414581256,0.0015
159513-159696,2026-05-26,2026-05-27,2026-06-02,159513,159696,-2.938419068321874,2.1263084332485063,0.00029564374729988707,0.005854859168498658,0.003857698040523605,0.002357698040523605,0.0037474392045031557,0.007827016137265552,0.0015
159513-159696,2026-06-08,2026-06-09,2026-06-15,159513,159696,-2.336388745467352,1.577689920617736,0.002680170862226494,0.00404774062659116,0.008646674170537327,0.007146674170537328,0.007526517371422514,0.019413196554689982,0.0015
159513-159696,2026-06-23,2026-06-24,2026-06-30,159513,159696,-4.07710278302429,1.945823911088011,0.00014711333279071592,0.009855360531737111,0.007555931794792192,0.006055931794792193,0.0010152335134512303,0.007555931794792192,0.0015
159513-513100,2026-04-08,2026-04-09,2026-04-15,159513,513100,-2.608575577992452,4.294800041176645,0.016939121242693186,0.00623230777734992,0.024528051542968,0.023028051542967998,0.019351591593728457,0.028141603809388238,0.0015
159513-513100,2026-04-29,2026-04-30,2026-05-11,159513,513100,-2.2063757636540497,3.0053430646177244,0.018670159046829622,0.005457138241678729,0.01216133343816339,0.010661333438163391,0.006237911785517691,0.01216133343816339,0.0015
159513-513100,2026-05-22,2026-05-25,2026-05-29,159513,513100,-3.265094571893519,2.6323292397153595,0.0007096308421316418,0.008430360289986966,0.014631045680179477,0.013131045680179478,0.0055528594585136926,0.01983929568633802,0.0015
159513-513100,2026-06-10,2026-06-11,2026-06-17,513100,159513,2.421399607429615,2.0913048562477297,0.0002158734111875887,0.010241897925089984,0.009699602037345212,0.008199602037345212,-0.006383872480276276,0.010740109678464504,0.0015
159513-513100,2026-08-07,2026-08-10,2026-08-14,159513,513100,-2.348481068184691,2.935030323596722,0.0015815800761665717,0.01178690750429602,0.009731984684839157,0.008231984684839157,0.0029044516829531686,0.012826447225555704,0.0015
159513-513110,2026-01-05,2026-01-06,2026-01-12,513110,159513,3.1639645605403546,1.439655425422994,1.0100089093057526e-05,0.005844914833513729,0.006487202662536884,0.004987202662536884,0.0028260383136092804,0.006487202662536884,0.0015
159513-513110,2026-02-09,2026-02-10,2026-02-24,159513,513110,-2.2984370602236157,1.4772747339790728,7.882068498001213e-06,0.0035217296855614174,-0.0018247229708787671,-0.003324722970878767,-0.004296310391940117,-0.0018247229708787671,0.0015
159513-513110,2026-04-29,2026-04-30,2026-05-11,513110,159513,2.171094091626541,2.3663975485883326,0.013601312263997743,0.0020192196980914076,-0.0020223624998942924,-0.0035223624998942924,-0.004363867648672803,0.0005952263689503745,0.0015
159513-513110,2026-06-04,2026-06-05,2026-06-11,513110,159513,2.8577043533471844,4.419472441482031,0.03627561245327237,0.003283206816712362,-0.020928739335825175,-0.022428739335825176,-0.020928739335825175,0.0009242962118756193,0.0015
159513-513300,2026-03-11,2026-03-12,2026-03-18,513300,159513,2.171660609120303,2.304387712746365,0.0004331365324768479,0.0036876732691909645,0.0007019481226908653,-0.0007980518773091348,-0.002035278154681297,0.001484985490595836,0.0015
159513-513300,2026-04-16,2026-04-17,2026-04-23,159513,513300,-3.830985546977593,1.3382256837239297,3.0542648427372006e-06,0.005053883945050044,0.004049382309249117,0.0025493823092491165,-0.0006079427973605389,0.004049382309249117,0.0015
159513-513300,2026-05-12,2026-05-13,2026-05-19,513300,159513,2.0715396174777734,1.0429811662153259,0.0006640732344273725,0.004908320548690181,-0.002918761371611067,-0.004418761371611067,-0.010109502955757299,-0.0016179340904987072,0.0015
159513-513300,2026-06-10,2026-06-11,2026-06-17,513300,159513,6.671543286366133,1.9193004191170535,0.0001486193024014764,0.013477036823606129,0.006373717575179461,0.004873717575179461,-0.009371192456428368,0.00694319365718421,0.0015
159513-513300,2026-07-07,2026-07-08,2026-07-14,159513,513300,-2.104882366519543,2.59327093236324,0.0021248416972854903,0.005252169084276765,0.001133144475920611,-0.00036685552407938896,0.001133144475920611,0.0035368165456134415,0.0015
159513-513390,2026-01-26,2026-01-27,2026-02-02,513390,159513,2.015533644538691,7.723486352939778,0.214579634327781,0.006363397305405749,0.0026611009328021407,0.0011611009328021406,-0.0006599032038161479,0.0031920754313894406,0.0015
159513-513390,2026-04-29,2026-04-30,2026-05-11,513390,159513,2.2796537756150967,5.494316678347544,0.3817637742985319,0.0036072976099240745,0.0035981014665769084,0.0020981014665769084,-0.002314918943234212,0.024741489183780718,0.0015
159513-513390,2026-06-10,2026-06-11,2026-06-17,513390,159513,6.43001309449714,2.76635918720334,0.016938595629421467,0.010904788458298995,0.013042713150253515,0.011542713150253516,-0.007105986097940109,0.013042713150253515,0.0015
159513-513870,2026-01-05,2026-01-06,2026-01-12,513870,159513,2.861297309014719,1.3395140804697505,0.12062117982927195,0.0039435009242251885,0.004951658082587906,0.0034516580825879064,0.003017981386102764,0.007120267461823371,0.0015
159513-513870,2026-02-03,2026-02-04,2026-02-10,159513,513870,-2.275275520858476,1.1978876373828216,5.775771260320837e-07,0.003229466749891561,0.0001725639969167858,-0.0013274360030832142,0.0001725639969167858,0.003858363728416192,0.0015
159513-513870,2026-03-06,2026-03-09,2026-03-13,159513,513870,-2.112943472195183,2.552047520028933,0.024204453037582965,0.0034886026770260363,-0.00030124930351838053,-0.0018012493035183806,-0.0027053697898136164,0.0010850009733962551,0.0015
159513-513870,2026-03-31,2026-04-01,2026-04-08,159513,513870,-2.02180077525857,2.737522536018813,0.032566072600390655,0.004468060757272749,-0.001476987608309388,-0.002976987608309388,-0.001476987608309388,0.005558987029030238,0.0015
159513-513870,2026-05-08,2026-05-11,2026-05-15,513870,159513,3.7251526375921036,2.677928701799978,0.1842962822459896,0.0037414669113431174,-0.001498075173441915,-0.002998075173441915,-0.001498075173441915,0.006858250378593667,0.0015
159513-513870,2026-06-10,2026-06-11,2026-06-17,513870,159513,4.236465410217523,2.625064836421566,0.0018191258535848157,0.007753784476673372,0.010274094432618064,0.008774094432618064,-0.003832559687404924,0.010274094432618064,0.0015
159513-513870,2026-07-20,2026-07-21,2026-07-27,159513,513870,-2.527020817306589,2.3410819019593774,0.0007743377736545377,0.004692562901022166,0.0014980664628458928,-1.933537154107188e-06,0.0014980664628458928,0.004211668013813341,0.0015
159632-159659,2024-03-25,2024-03-26,2024-04-01,159632,159659,-2.3449853067780526,7.888746037486546,0.5589815698349768,0.003309241594912943,-0.004687434703268378,-0.006187434703268378,-0.004748262236317191,-9.936711505686979e-05,0.0015
159632-159659,2024-06-19,2024-06-20,2024-06-26,159632,159659,-2.102046708792368,9.619009207050844,0.7918103034945285,0.0022395373593367754,0.010450542874241298,0.008950542874241298,0.008239149639508558,0.010450542874241298,0.0015
159632-159659,2024-07-15,2024-07-16,2024-07-22,159659,159632,5.108341477272841,6.498148283611538,0.191857757216922,0.0026824314107975426,0.004944592059573094,0.003444592059573094,-0.00412566070440934,0.004944592059573094,0.0015
159632-159659,2024-07-29,2024-07-30,2024-08-05,159659,159632,2.0802694206502017,5.9616985356402195,0.3511177282592295,0.001595979712398268,0.0015162050205855815,1.6205020585581455e-05,-0.0037749206710406824,0.0015162050205855815,0.0015
159632-159659,2024-08-22,2024-08-23,2024-08-29,159659,159632,2.0131178738457844,5.393396776802383,0.0802803579069094,0.0053043225505292994,0.004768490761152044,0.0032684907611520444,-0.002845539662872598,0.004768490761152044,0.0015
159632-159659,2024-09-27,2024-09-30,2024-10-11,159632,159659,-2.227697913088694,3.5115785479846884,0.010857652585649632,0.00483905177248593,0.00590802420848946,0.00440802420848946,0.003428947848232111,0.007187262899725377,0.0015
159632-159659,2024-12-13,2024-12-16,2024-12-20,159632,159659,2.4520790951360762,4.028449229684084,0.021069044986963936,0.0005336715319487553,0.014665349813048234,0.013165349813048234,0.004753961393763495,0.014665349813048234,0.0015
159632-159659,2025-08-28,2025-08-29,2025-09-04,159632,159659,-2.3264004230118833,3.801514299213991,0.7194905624723105,0.002736599834051885,0.0010458218083846393,-0.0004541781916153607,0.0010458218083846393,0.0017884902185659746,0.0015
159632-159659,2025-09-09,2025-09-10,2025-09-16,159632,159659,3.1439927582195795,4.452690753515023,0.12863570709969557,0.00026855889303958706,-0.0020674972370540168,-0.003567497237054017,-0.0020674972370540168,-0.0007831772506141643,0.0015
159632-159659,2025-09-22,2025-09-23,2025-09-29,159659,159632,2.431578578842461,4.146165157043754,0.26517820182794083,1.971703093574641e-05,0.0025492542393891204,0.0010492542393891204,0.0025492542393891204,0.003704376858885805,0.0015
159632-159659,2025-10-23,2025-10-24,2025-10-30,159659,159632,2.3275006951820068,4.6957616892804515,0.24447296121247536,0.001004310979842435,0.002212021397695718,0.0007120213976957181,-0.0013282223452859565,0.003953420400879981,0.0015
159632-159659,2025-11-06,2025-11-07,2025-11-13,159659,159632,2.2030404459667716,2.618405146233612,0.00023642341875863376,0.0019137089431971125,9.269352037444278e-05,-0.0014073064796255572,-0.0008453927835656572,0.0033462593169766297,0.0015
159632-159659,2025-11-18,2025-11-19,2025-11-25,159659,159632,4.968544030110929,1.6168592899991556,0.0019314814743556705,0.006819429243041066,0.010472958068537208,0.008972958068537209,0.0033424334261289435,0.010472958068537208,0.0015
159632-159659,2025-12-15,2025-12-16,2025-12-22,159632,159659,-2.0576969907352387,1.8004256108282524,0.00015825465061039074,0.004639848727346801,0.008763656462785097,0.007263656462785097,0.0034022085543262692,0.008763656462785097,0.0015
159632-159659,2026-02-06,2026-02-09,2026-02-13,159632,159659,-2.016666322880549,2.3328319562641817,0.0008755037864801534,0.0038741759303593847,-0.001704396140706499,-0.003204396140706499,-0.0029034801216354378,-0.0010256410256410664,0.0015
159632-159659,2026-03-04,2026-03-05,2026-03-11,159632,159659,-2.1689441035806896,3.4637887812207366,0.011364053006132456,0.005672024989907304,0.006168677099418485,0.004668677099418485,0.001321878105115637,0.006168677099418485,0.0015
159632-159659,2026-05-21,2026-05-22,2026-05-28,159659,159632,2.2757722664040108,2.87022467166941,0.06895108795182733,0.002282479054539199,0.001298235536250747,-0.00020176446374925308,-0.00036439678317123914,0.0038113830029058438,0.0015
159632-159659,2026-06-08,2026-06-09,2026-06-15,159632,159659,-2.524503225907944,2.8888233567208865,0.24886344675772787,0.002531793678912227,0.0015742555337805442,7.425553378054414e-05,-0.00013609477973752782,0.0025469165922313852,0.0015
159632-159659,2026-07-17,2026-07-20,2026-07-24,159632,159659,-2.2407509885400017,1.9189225131941077,0.0028736057095875285,0.0031586911660782292,0.0013477088948787852,-0.00015229110512121483,-0.0012875536480687622,0.0013477088948787852,0.0015
159632-159660,2024-06-07,2024-06-11,2024-06-17,159632,159660,-2.9224087087052815,1.4118614190602374,0.009117472888916945,0.003516933166719391,0.0016402831019390884,0.0001402831019390884,0.0016402831019390884,0.004459054164101195,0.0015
159632-159660,2024-06-26,2024-06-27,2024-07-03,159660,159632,2.5830230223112998,1.1986477029587583,0.12105225299155875,0.0023660439215104543,-0.0177520691831472,-0.019252069183147202,-0.0177520691831472,-0.0025103200341713983,0.0015
159632-159660,2024-07-15,2024-07-16,2024-07-22,159660,159632,4.597561013224925,2.209701296767058,0.11941103971962191,0.004720701229163303,0.005227679570373733,0.0037276795703737333,-0.0029285074960840873,0.005227679570373733,0.0015
159632-159660,2024-07-26,2024-07-29,2024-08-02,159660,159632,2.0981846874597028,2.5465548938094362,0.09253852336249946,0.0014756877085019284,0.0027906510132473805,0.0012906510132473805,-0.0052791140386507784,0.0027906510132473805,0.0015
159632-159660,2024-08-21,2024-08-22,2024-08-28,159660,159632,2.527728967983131,2.430811792615172,0.06749434179238575,0.00733976707860123,0.005101398087287712,0.003601398087287712,-0.00011466445242058754,0.005101398087287712,0.0015
159632-159660,2024-12-13,2024-12-16,2024-12-20,159632,159660,2.8274169601095416,2.5672909339184815,0.026441865821257477,0.0002682271483088819,0.0033475230730729555,0.0018475230730729555,-0.0015369409314165416,0.00984634382480909,0.0015
159632-159660,2024-12-31,2025-01-02,2025-01-08,159632,159660,2.661441152565808,2.431255928222474,0.027203340293157758,9.072134606762094e-05,-0.008001698390491696,-0.009501698390491696,-0.02449448153246203,-0.008001698390491696,0.0015
159632-159660,2025-01-21,2025-01-22,2025-02-05,159660,159632,2.8520013226572853,1.8433141153893484,9.950911587066267e-05,0.002121254192490961,-0.0018594722552922605,-0.0033594722552922605,-0.0051958720867308905,-0.0007656650462968262,0.0015
159632-159660,2025-03-05,2025-03-06,2025-03-12,159660,159632,4.053825845622041,1.5547212466972669,1.1788720922017348e-05,0.009668343107387532,0.00590181941080381,0.004401819410803811,-0.006141215569199554,0.00590181941080381,0.0015
159632-159660,2025-03-24,2025-03-25,2025-03-31,159660,159632,4.407579288338179,1.6358217397871802,2.2462389100065745e-05,0.013029679017115955,0.013635023795827927,0.012135023795827928,0.006843983504611795,0.013635023795827927,0.0015
159632-159660,2025-04-14,2025-04-15,2025-04-21,159632,159660,-3.4909893743168343,2.116669381405251,0.0003554505445359647,0.007694440197741155,-0.010824149954398732,-0.012324149954398731,-0.010824149954398732,-0.004355176989256582,0.0015
159632-159660,2025-08-18,2025-08-19,2025-08-25,159632,159660,-2.760500584890121,6.484860372684325,0.07482447856847058,0.0013213961289467962,0.0036211668142307474,0.0021211668142307473,0.0011109069343979705,0.0036211668142307474,0.0015
159632-159660,2025-09-04,2025-09-05,2025-09-11,159632,159660,-2.4093384794150787,7.270425321638821,9.528852932889527e-10,0.0008934145356174722,0.0024465455071014386,0.0009465455071014386,-6.012624818407808e-05,0.0024465455071014386,0.0015
159632-159660,2025-09-22,2025-09-23,2025-09-29,159660,159632,2.9258169055664807,4.967688107701162,3.1551433241188714e-06,0.0017064776933431909,0.0061708381349455665,0.004670838134945567,0.0026603306962229567,0.0061708381349455665,0.0015
159632-159660,2025-12-05,2025-12-08,2025-12-12,159632,159660,-2.2343114158509767,17.74693097495882,0.6459675408220709,0.00827760229676651,0.02928770196096353,0.02778770196096353,0.004355681153136115,0.02928770196096353,0.0015
159632-159660,2026-01-16,2026-01-19,2026-01-23,159660,159632,2.095755742124972,12.860950622530277,0.3151790724203997,0.004210925514577283,0.006419753086419622,0.004919753086419622,-0.003967345207803175,0.006419753086419622,0.0015
159632-159660,2026-04-17,2026-04-20,2026-04-24,159660,159632,-3.221474270151207,12.926596267781946,0.6680997638711926,0.0014631451097602242,0.0064954251688664755,0.004995425168866476,0.006185267125908389,0.011758476812015806,0.0015
159632-159660,2026-05-21,2026-05-22,2026-05-28,159660,159632,2.256802680863342,8.329448425174634,0.31127675797334137,0.003376176946207181,0.006159108954012726,0.004659108954012727,0.00328906024843012,0.006159108954012726,0.0015
159632-159660,2026-06-04,2026-06-05,2026-06-11,159632,159660,-2.819954085307221,19.720567176429576,0.023828935511007027,5.3420166915693276e-05,-0.0006122468502768319,-0.002112246850276832,-0.0012991112854313647,0.004274248323496099,0.0015
159632-159660,2026-07-15,2026-07-16,2026-07-22,159660,159632,2.0355885141006853,5.503900337031157,0.002185983673238324,0.004024691946779981,0.003931140432741342,0.0024311404327413424,0.002109865181122661,0.005460595270571189,0.0015
159632-159696,2024-06-24,2024-06-25,2024-07-01,159696,159632,2.4361991129682887,0.7712475955987962,6.820794846693078e-10,0.004385095103877348,-0.007486232778725066,-0.008986232778725066,-0.007486232778725066,-0.0015435339087521704,0.0015
159632-159696,2024-07-15,2024-07-16,2024-07-22,159696,159632,3.5503761317254154,0.9230168387751743,3.2874501768277227e-06,0.0081702394278401,0.0042532910711239325,0.0027532910711239324,-0.003576537911301747,0.0042532910711239325,0.0015
159632-159696,2024-08-06,2024-08-07,2024-08-13,159632,159696,-2.21370459056891,1.9853575242275716,0.291212205121822,0.004974106858329606,0.004990553832599831,0.003490553832599831,0.0017531375663051296,0.004990553832599831,0.0015
159632-159696,2024-08-22,2024-08-23,2024-08-29,159696,159632,2.527559136355271,1.7246198884044417,0.047883936087311396,0.006688438071255164,0.007178874614908626,0.005678874614908626,0.003966635633064097,0.007178874614908626,0.0015
159632-159696,2024-09-04,2024-09-05,2024-09-11,159632,159696,-2.0202443804861,1.7359265397291945,0.04041161695242755,0.005043397220846842,0.004298506719915829,0.002798506719915829,-0.0005427564563137421,0.0051585190991174645,0.0015
159632-159696,2024-09-13,2024-09-18,2024-09-24,159696,159632,2.2467051356536945,1.6987618874635544,0.004924941572083315,0.00853201987802551,0.008691016964865073,0.007191016964865073,0.0024798368406413474,0.008691016964865073,0.0015
159632-159696,2024-12-16,2024-12-17,2024-12-23,159696,159632,3.4211311062559124,1.8006611989666517,0.0064069094124279986,0.0024483741049817587,-0.01585858244345295,-0.017358582443452952,-0.01585858244345295,-0.0014983086195450301,0.0015
159632-159696,2025-08-25,2025-08-26,2025-09-01,159632,159696,2.2008693150820586,4.467171341355713,0.1503369412887018,0.001222451789201376,-0.001918790024048156,-0.003418790024048156,-0.0023470642276204323,0.00016110945986103076,0.0015
159632-159696,2025-09-09,2025-09-10,2025-09-16,159632,159696,-2.0404560409020087,5.680148452507232,0.06842028510512023,0.0024376881071562313,0.0006546983444641885,-0.0008453016555358115,0.00035779264524982146,0.0012642225031606058,0.0015
159632-159696,2025-09-22,2025-09-23,2025-09-29,159696,159632,3.36422763478437,3.768300584392953,0.0694650189394405,0.000554217454956595,0.000885012849120459,-0.0006149871508795411,0.000885012849120459,0.0028680746527206535,0.0015
159632-159696,2025-10-09,2025-10-10,2025-10-16,159632,159696,-2.4871698071788355,4.1867485266623845,0.0014116385527318644,0.0023436550529864833,0.001315374000603775,-0.00018462599939622496,-0.0011955830880816531,0.0013601502154783063,0.0015
159632-159696,2025-10-24,2025-10-27,2025-10-31,159632,159696,-2.881172768893937,5.918216382115313,0.1653724561686591,0.001799212982212208,0.002901376902299191,0.0014013769022991908,0.0020304367876671225,0.005091244482508861,0.0015
159632-159696,2025-11-17,2025-11-18,2025-11-24,159632,159696,-3.3446725764141063,1.6534000938549742,0.0006864993574600693,0.003671175010264289,0.0022803312441335155,0.0007803312441335155,-0.00047228674374644175,0.0041289269818203245,0.0015
159632-159696,2025-11-26,2025-11-27,2025-12-03,159632,159696,-2.640231021152636,1.202665050398768,0.00040089434057343295,0.003735703069471211,0.004365808823529216,0.002865808823529216,-0.0008534663865548131,0.004365808823529216,0.0015
159632-159696,2025-12-10,2025-12-11,2025-12-17,159632,159696,-2.4122760491394977,1.8586187171820119,0.1495638605853769,0.004876015595353355,0.0032712609802465487,0.0017712609802465486,0.0018920491698135589,0.0032712609802465487,0.0015
159632-159696,2026-02-05,2026-02-06,2026-02-12,159632,159696,-2.305641878263262,4.094578557591082,0.7841878952077415,0.005104296353391716,0.009617785548767133,0.008117785548767133,0.009036246406527337,0.013107316954549697,0.0015
159632-159696,2026-03-24,2026-03-25,2026-03-31,159696,159632,2.0159826271014087,3.6952873098257535,0.21683656242393723,0.0026491372172064596,-0.014063617121505612,-0.015563617121505611,-0.019851309322561517,-0.014063617121505612,0.0015
159632-159696,2026-05-26,2026-05-27,2026-06-02,159632,159696,-3.5105253963955514,1.6766476852332906,2.9900178093659782e-05,0.009263830017493415,0.005159705159705208,0.003659705159705208,0.001719901719901773,0.005323505323505451,0.0015
159632-159696,2026-06-08,2026-06-09,2026-06-15,159632,159696,-3.293710573011039,1.7432474778917562,7.28638527497955e-05,0.009069304773443032,0.0016610493460016418,0.00016104934600164175,-0.0028258173074477977,0.006869779831531364,0.0015
159632-159696,2026-06-23,2026-06-24,2026-06-30,159632,159696,-3.2414892973611815,2.2885197854223676,0.0006236361496716923,0.011045532098458224,0.01244801564095055,0.01094801564095055,0.003894989018941475,0.01244801564095055,0.0015
159632-159696,2026-07-02,2026-07-03,2026-07-09,159632,159696,-2.075163484362034,2.2570618418837234,0.013666747194130245,0.007312581426048358,0.0072528471534690775,0.005752847153469078,0.0011892975672326278,0.0072528471534690775,0.0015
159632-513100,2024-06-24,2024-06-25,2024-07-01,513100,159632,2.507864969871612,2.3103635516307937,0.2847891150445577,0.003781072661563788,0.007208253826845423,0.005708253826845424,-0.0009618171077034887,0.007208253826845423,0.0015
159632-513100,2024-09-27,2024-09-30,2024-10-11,513100,159632,2.304662843978361,8.557127427826174,0.6023870061968735,0.0014638799992393852,-0.0032068256558628327,-0.004706825655862832,-0.0059855654663643065,-0.0014877443020335779,0.0015
159632-513100,2024-12-10,2024-12-11,2024-12-17,159632,513100,-2.700267772653051,5.804654907272742,0.2282068091394091,0.004813718949767277,0.01058276672076075,0.00908276672076075,-0.002551212143346193,0.01058276672076075,0.0015
159632-513100,2024-12-25,2024-12-26,2025-01-02,513100,159632,2.672534288136479,4.975413903185157,0.0686718472250846,0.008868468972769166,0.0015379920393605584,3.799203936055836e-05,-0.01618636398668427,0.0015379920393605584,0.0015
159632-513100,2025-04-14,2025-04-15,2025-04-21,159632,513100,-2.005667110575762,8.192822411379044,0.2657202667716888,0.0052511179336610855,-0.005468463087099917,-0.006968463087099917,-0.005468463087099917,-1.8141191566622972e-05,0.0015
159632-513100,2025-06-12,2025-06-13,2025-06-19,513100,159632,2.1883941943472975,7.895974718074179,0.1403294830140902,0.0009880367436203132,-4.549937768594248e-05,-0.0015454993776859425,-0.0012754502970668824,0.00014970762980537344,0.0015
159632-513100,2025-08-21,2025-08-22,2025-08-28,159632,513100,-3.083627338413556,9.94649456064399,0.3961410087762423,0.00040774192260067607,0.0023801651644614896,0.0008801651644614896,0.0003303163392393005,0.0023801651644614896,0.0015
159632-513100,2025-09-22,2025-09-23,2025-09-29,159632,513100,-2.1280934033020977,16.66791546573043,0.5040057308986843,0.00028147832208710866,-0.008206922855594212,-0.009706922855594212,-0.008206922855594212,-0.0008146700837085019,0.0015
159632-513100,2026-04-08,2026-04-09,2026-04-15,159632,513100,-2.7010676163268323,4.511109351604133,0.028465359301218962,0.006201115560750592,0.021645670906796255,0.020145670906796254,0.016277006890586754,0.024895226090636102,0.0015
159632-513100,2026-04-29,2026-04-30,2026-05-11,159632,513100,-2.9699536520572196,2.996917092830732,0.004324904740073986,0.007269503261628275,0.01117062454231621,0.00967062454231621,0.003050760772279726,0.013040648138461952,0.0015
159632-513100,2026-05-18,2026-05-19,2026-05-25,159632,513100,-2.0055486744855333,2.582306321593051,0.0016957362123987175,0.0050257399714240154,-0.012163906083508147,-0.013663906083508147,-0.012163906083508147,0.00394563787812352,0.0015
159632-513100,2026-06-11,2026-06-12,2026-06-18,159632,513100,-2.332774210082397,2.274667249278695,0.0009516091762801827,0.009326107176302476,0.008558938568908436,0.007058938568908437,0.0026707868888644626,0.008558938568908436,0.0015
159632-513100,2026-08-07,2026-08-10,2026-08-14,159632,513100,-2.2101991025892094,2.7747851591775046,0.10244797647431608,0.010048694507511606,0.009811955037293929,0.00831195503729393,0.004341317365269437,0.01210736421893055,0.0015
159632-513110,2024-06-14,2024-06-17,2024-06-21,513110,159632,2.047808866721538,1.2657537327577792,0.0018481043315903942,0.0017408331802996537,-0.0018690342328373521,-0.003369034232837352,-0.003159268390810377,0.0011277574978743043,0.0015
159632-513110,2024-08-01,2024-08-02,2024-08-08,513110,159632,3.901889140027539,2.8429205599430056,0.03884102350615607,0.006484620259858218,0.00790743915392611,0.006407439153926111,0.00434919155286273,0.011772942675566944,0.0015
159632-513110,2024-08-16,2024-08-19,2024-08-23,513110,159632,2.7244668953761644,2.5737062217509474,0.0017931819528919156,0.006616750617071929,-0.0006255281653078093,-0.0021255281653078093,-0.0030396759282926844,0.0024028702119277545,0.0015
159632-513110,2024-12-13,2024-12-16,2024-12-20,159632,513110,3.4510334141699754,2.634462262793062,0.032000439830000386,8.876408169874311e-06,0.011962921620152112,0.010462921620152112,0.0038586882316447024,0.012059935276321432,0.0015
159632-513110,2025-06-09,2025-06-10,2025-06-16,159632,513110,-2.128172927445986,5.395462390548916,0.14447635647950274,0.004610714396597669,0.0015756683343651767,7.56683343651767e-05,0.00033651441713278274,0.0015756683343651767,0.0015
159632-513110,2025-08-18,2025-08-19,2025-08-25,159632,513110,-2.0362747314415266,3.8139281340601854,0.10972511685538044,0.0032282984704468764,0.0028809613962774705,0.0013809613962774705,0.0009922256758365666,0.0028809613962774705,0.0015
159632-513110,2025-09-03,2025-09-04,2025-09-10,159632,513110,-2.2308598736750747,4.845302325935028,0.6184162795460914,0.0027210136152823706,0.0018110938664779308,0.00031109386647793077,-5.2141253915616304e-05,0.0018110938664779308,0.0015
159632-513110,2025-09-22,2025-09-23,2025-09-29,513110,159632,2.4000254914289387,3.4274034537671487,0.4942551810536607,0.00033933086005218213,0.0005107768766567933,-0.0009892231233432068,0.0005107768766567933,0.002572292968460177,0.0015
159632-513110,2025-10-10,2025-10-13,2025-10-17,513110,159632,2.6363153309658856,3.603401658600019,0.08884172876127044,0.0008529754618052808,6.65024630541744e-05,-0.0014334975369458256,-0.0015738916256156088,6.65024630541744e-05,0.0015
159632-513110,2025-11-11,2025-11-12,2025-11-18,513110,159632,4.1756592560806585,1.9190652648167914,2.954134593255174e-05,0.0029153006454080382,-0.005588130964323534,-0.007088130964323534,-0.006427468641722167,-3.1711474369977566e-05,0.0015
159632-513110,2026-01-15,2026-01-16,2026-01-22,513110,159632,2.7098633842733753,1.8333802220375546,0.007257140526696952,0.0034573260643044655,0.003355546414369859,0.0018555464143698588,-0.00044426162073230024,0.0039797065679418875,0.0015
159632-513110,2026-02-09,2026-02-10,2026-02-24,159632,513110,-4.399925528910209,1.768817852759571,7.863502113837674e-05,0.005089052978061049,0.001629696821881521,0.00012969682188152106,-0.0010095920563226723,0.0017536245962157526,0.0015
159632-513110,2026-03-04,2026-03-05,2026-03-11,159632,513110,-2.4609584671629774,2.7582575063291,0.0029956975338188857,0.003289208078102448,0.0015185339585730429,1.853395857304282e-05,0.001502253380070151,0.00405485074902967,0.0015
159632-513110,2026-03-24,2026-03-25,2026-03-31,159632,513110,-2.234311989316237,2.6015136460448014,0.0018989068980175502,0.00355866843068873,0.003110749920989697,0.0016107499209896971,-0.0009614031173894588,0.003110749920989697,0.0015
159632-513110,2026-06-01,2026-06-02,2026-06-08,159632,513110,-3.5478840302182473,2.3251517597205473,0.000735947954333627,0.003643966424531034,0.013482165858685335,0.011982165858685336,0.013482165858685335,0.015212885547670862,0.0015
159632-513110,2026-06-30,2026-07-01,2026-07-07,513110,159632,3.174656740676251,2.209470198340019,0.0004527300359671135,0.0029423718625494933,0.002623665339615666,0.0011236653396156661,0.0020514506251749776,0.00463554792602594,0.0015
159632-513110,2026-07-14,2026-07-15,2026-07-21,159632,513110,-4.066041672146161,2.068279538322674,0.00029043516620983845,0.002266800824686635,0.00135411129734464,-0.00014588870265535995,0.0011447247897129476,0.0045782258903386275,0.0015
159632-513110,2026-08-05,2026-08-06,2026-08-12,513110,159632,2.3444610110556408,1.5534104256032688,0.004758530945251493,0.002158045541908422,0.0011950636554314276,-0.00030493634456857247,0.0011690486642930153,0.002043802741329648,0.0015
159632-513110,2026-08-24,2026-08-25,2026-08-31,159632,513110,-2.4971467802519083,0.8526680661342787,0.00012028728432362027,0.0018811536195057414,0.0007208007813173101,-0.00077919921868269,0.0007208007813173101,0.0020256306104762256,0.0015
159632-513300,2024-05-06,2024-05-07,2024-05-13,513300,159632,2.3183233036772966,5.090320282323948,0.08771208925461865,0.0024640237782517834,-0.002814048543446246,-0.0043140485434462455,-0.003690086014618177,-0.002814048543446246,0.0015
159632-513300,2024-06-18,2024-06-19,2024-06-25,159632,513300,-2.2675800053339676,2.235725827725515,0.2833772778174286,0.004988406473625086,0.0017493251775391183,0.0002493251775391183,-0.00034175558104254655,0.0026838432635533094,0.0015
159632-513300,2024-09-30,2024-10-08,2024-10-14,513300,159632,2.080508905365288,12.722092893940466,0.6753962512453952,0.0026412694765233346,0.014427681992337238,0.012927681992337238,-0.004110791826309024,0.014427681992337238,0.0015
159632-513300,2024-12-25,2024-12-26,2025-01-02,513300,159632,2.1683859288166003,2.7313071036846224,0.027533351652366124,0.015317200075592105,-0.0019891296361463917,-0.0034891296361463917,-0.01645104469185177,-0.0019891296361463917,0.0015
159632-513300,2025-03-28,2025-03-31,2025-04-07,513300,159632,2.058155278308732,4.921170829637998,0.03589720793245087,0.008206850399541653,-0.0006063099168202024,-0.0021063099168202024,-0.0006063099168202024,0.0016544539020941773,0.0015
159632-513300,2025-09-23,2025-09-24,2025-09-30,159632,513300,-2.583186284279607,3.9381551551945386,0.4405802962664264,0.000993003892591935,0.00028422474779921103,-0.001215775252200789,-0.0024187732163636344,0.0013746308914508454,0.0015
159632-513300,2025-11-06,2025-11-07,2025-11-13,159632,513300,-2.1236395164605555,3.4809340081899953,0.4798642196282731,0.0038786371751623945,0.01100398883756104,0.009503988837561041,0.0036254276569913646,0.01100398883756104,0.0015
159632-513300,2025-11-24,2025-11-25,2025-12-01,159632,513300,-2.2467414189448407,4.095450910975223,0.5397298641513012,0.005553492176289169,0.005615628583206744,0.004115628583206745,0.0023723705198592793,0.006332392336111159,0.0015
159632-513300,2026-01-15,2026-01-16,2026-01-22,513300,159632,2.133310096882365,4.683902528252444,0.3657826383474869,0.0024796449202619136,0.004283731063484897,0.002783731063484897,0.004283731063484897,0.006796372295688302,0.0015
159632-513300,2026-01-27,2026-01-28,2026-02-03,513300,159632,2.0097153680457933,3.8968601688477498,0.017481703454890488,0.0020345058468212375,0.005699368933269056,0.004199368933269056,0.0017673923511670742,0.007841042147147426,0.0015
159632-513300,2026-04-01,2026-04-02,2026-04-09,513300,159632,2.19517529386945,1.4181507228176593,5.885324894209292e-06,0.003810841364618484,0.003010663550833126,0.0015106635508331258,-0.0002546563373626576,0.004117269976531057,0.0015
159632-513300,2026-04-16,2026-04-17,2026-04-23,159632,513300,-2.2565582263295387,1.3423593841940555,2.8419750548754903e-06,0.0038963019826178695,0.004301184419423398,0.0028011844194233983,0.0004198456234952852,0.004301184419423398,0.0015
159632-513300,2026-05-26,2026-05-27,2026-06-02,159632,513300,-2.5496413027305405,0.9400751673155916,0.0036957644034505874,0.003612475310395228,0.00038970306727836856,-0.0011102969327216315,0.00038970306727836856,0.002983611760108529,0.0015
159632-513390,2024-03-25,2024-03-26,2024-04-01,159632,513390,-3.0515834921495757,3.619989786000868,0.0015492767475431685,0.006600834745356259,-0.00205485547952744,-0.00355485547952744,-0.02387646086700068,0.0019780710709506044,0.0015
159632-513390,2024-06-28,2024-07-01,2024-07-05,159632,513390,-6.188789321113359,2.9820930899650953,0.004152293473444238,0.0038378583702064414,0.00971372613854582,0.00821372613854582,-0.011013467970647728,0.00971372613854582,0.0015
159632-513390,2024-07-25,2024-07-26,2024-08-01,513390,159632,2.053265946435306,2.806962186027431,0.0031207137450234733,0.0045125745849931825,-0.0053532400023628135,-0.006853240002362813,-0.0053532400023628135,0.0009266643038572386,0.0015
159632-513390,2024-08-16,2024-08-19,2024-08-23,513390,159632,2.456329821176607,2.987385892676175,0.004509882746670504,0.006311587877771613,-0.005739521651394464,-0.007239521651394463,-0.008567931456548328,-0.0016540408217277092,0.0015
159632-513390,2024-09-13,2024-09-18,2024-09-24,513390,159632,2.161331922713058,3.487702082056689,0.011355907116725877,0.009405002349816099,0.011126537853368701,0.009626537853368701,0.004020594700913982,0.011126537853368701,0.0015
159632-513390,2024-12-04,2024-12-05,2024-12-11,159632,513390,-2.0846746013960664,3.282286360951136,0.008019808074243708,0.0030260698231495227,-0.0050041637844130404,-0.00650416378441304,-0.0050041637844130404,3.144276559141623e-05,0.0015
159632-513390,2024-12-18,2024-12-19,2024-12-25,513390,159632,4.984537680064642,3.541221433672811,0.025253703959871227,0.003001230633012407,-0.014552907083642541,-0.016052907083642542,-0.015549927475356107,-0.0018200806902439748,0.0015
159632-513390,2025-02-10,2025-02-11,2025-02-17,159632,513390,-3.2046916237362373,4.909631606595589,0.2279365846009162,0.011863976583402254,0.017943754543788826,0.016443754543788824,0.0010686400255338624,0.017943754543788826,0.0015
159632-513390,2025-03-05,2025-03-06,2025-03-12,513390,159632,2.022895382355582,5.180936700380576,0.05607855133140024,0.004378279144162595,0.011868331562603696,0.010368331562603696,0.0011000400636094199,0.011868331562603696,0.0015
159632-513390,2025-03-24,2025-03-25,2025-03-31,159632,513390,-2.978460336780637,4.229589969901335,0.01872575740759304,0.01301562628923666,0.031725849827812014,0.030225849827812012,0.007907721486764885,0.043065460449521975,0.0015
159632-513390,2025-07-23,2025-07-24,2025-07-30,159632,513390,-2.0044078950480118,3.4096554365154006,0.003727431922534174,0.006042093403382251,-0.00528708395304478,-0.0067870839530447796,-0.009518767803574413,0.005291005291005346,0.0015
159632-513390,2025-09-23,2025-09-24,2025-09-30,159632,513390,-2.094456591527281,29.635281609710752,0.6394584662828965,0.0025306868663036164,-0.04351022902028201,-0.04501022902028201,-0.04351022902028201,-0.005777594659522434,0.0015
159632-513390,2026-01-15,2026-01-16,2026-01-22,513390,159632,2.3052605740587304,6.641119316463092,0.13015654632929885,0.00836896357651266,0.00131907986791302,-0.00018092013208698002,0.0004499916046342145,0.005891084121564916,0.0015
159632-513390,2026-05-06,2026-05-07,2026-05-13,159632,513390,-6.581134343861636,4.897048578100622,0.20697442433896907,0.005627306047306281,0.02024692126547345,0.01874692126547345,0.0017864707248820277,0.02163218099360642,0.0015
159632-513390,2026-06-08,2026-06-09,2026-06-15,159632,513390,-2.6820592266467815,2.9693514014267977,0.0038566975714329293,0.0012168378539712853,-0.0013184946813264986,-0.0028184946813264986,-0.0013184946813264986,0.0008156789130242537,0.0015
159632-513870,2024-06-28,2024-07-01,2024-07-05,513870,159632,3.5162202838288166,2.003150717561376,0.00016364787965942486,0.005639828670293752,-0.0022298368893036713,-0.0037298368893036713,-0.005047824820670455,0.0051488248515800805,0.0015
159632-513870,2024-07-15,2024-07-16,2024-07-22,513870,159632,6.729378176138339,2.0256848218779187,0.0021893381828715476,0.00929054339089908,0.0036897915632434497,0.0021897915632434497,-0.0007027406886859211,0.003867088525985163,0.0015
159632-513870,2024-08-01,2024-08-02,2024-08-08,513870,159632,3.934441081672412,2.041424099733145,0.20124691413895684,0.005674299851765812,0.006969690346614654,0.005469690346614655,0.0014993333867596714,0.010378767457617233,0.0015
159632-513870,2024-08-16,2024-08-19,2024-08-23,513870,159632,2.6302231655678154,2.6246784411574633,0.021952658600889338,0.005820745772908189,0.0008144665381597527,-0.0006855334618402474,-0.0018314045104406151,0.004957343574784057,0.0015
159632-513870,2024-12-16,2024-12-17,2024-12-23,513870,159632,4.717028812886601,2.75564954875873,0.04369947316236408,0.0019647198423029194,-0.020205402952837237,-0.02170540295283724,-0.020205402952837237,-0.0022180954070265546,0.0015
159632-513870,2025-09-09,2025-09-10,2025-09-16,159632,513870,2.3339680845516315,4.275827230693912,0.15064642238787906,0.00040505869984321183,-0.001486260507637338,-0.002986260507637338,-0.0018575851393189957,-0.0006868543705198515,0.0015
159632-513870,2025-09-22,2025-09-23,2025-09-29,513870,159632,3.310163766663911,3.2661518410693704,0.036084505183429906,0.0005489278076998801,-0.00029339530603211816,-0.0017933953060321182,-0.00029339530603211816,0.0026786069935689216,0.0015
159632-513870,2025-10-13,2025-10-14,2025-10-20,159632,513870,-3.3597968268795655,4.509756075614093,0.20428462361858535,0.001923682442359848,0.003842279398173609,0.002342279398173609,-0.00012938523529626433,0.003842279398173609,0.0015
159632-513870,2025-11-04,2025-11-05,2025-11-11,513870,159632,2.0268327668934503,3.2620469866023676,0.00057855641324875,0.0012969280514310818,0.0039568836130439156,0.0024568836130439155,0.0039568836130439156,0.007321599126756784,0.0015
159632-513870,2025-11-18,2025-11-19,2025-11-25,513870,159632,2.3205297505224576,1.8455562808279335,0.00576377581380745,0.0033773946597514992,0.005185585220688349,0.003685585220688349,0.0029154149930805673,0.005185585220688349,0.0015
159632-513870,2026-01-26,2026-01-27,2026-02-02,159632,513870,-2.168729085798737,1.3527776404834948,0.0014453621131940945,0.00404455556118805,0.002858280202820418,0.001358280202820418,0.0027342908789536047,0.005052564947565563,0.0015
159632-513870,2026-02-06,2026-02-09,2026-02-13,159632,513870,-2.8190349827877674,1.204952174911566,0.0006587231105008347,0.004955686364709786,-0.002194920109491294,-0.003694920109491294,-0.0026235491331932925,0.0,0.0015
159632-513870,2026-03-06,2026-03-09,2026-03-13,159632,513870,-2.262769466421376,2.4769411180750747,0.16746065653391717,0.004103316511398539,0.0038969374084805164,0.0023969374084805164,0.0006860454248061032,0.004377356139203092,0.0015
159632-513870,2026-05-21,2026-05-22,2026-05-28,513870,159632,2.0809963636973676,2.3028314808856316,0.03498801532932154,0.0013801083246092168,0.012444196816007391,0.010944196816007392,0.00175220262023279,0.012444196816007391,0.0015
159632-513870,2026-06-09,2026-06-10,2026-06-16,159632,513870,-2.7127977716519767,2.9356054336446453,0.05981214658861519,0.0049827794058521545,0.003666003811417573,0.002166003811417573,-0.0068752589278316956,0.003666003811417573,0.0015
159659-159660,2024-03-28,2024-03-29,2024-04-08,159660,159659,2.0985840634574635,3.813702708423641,0.15360730259584215,0.00409807569604522,0.00218610523843088,0.0006861052384308799,-0.00011304909560716503,0.00218610523843088,0.0015
159659-159660,2024-07-15,2024-07-16,2024-07-22,159659,159660,-2.306702564803086,5.9313798146589765,0.489137085640902,0.0002196324381120449,-0.0002830875108006392,-0.0017830875108006392,-0.0011971532083252523,0.0012077642529065846,0.0015
159659-159660,2024-10-09,2024-10-10,2024-10-16,159660,159659,3.6774348785323334,0.6202401702583359,0.022680664177320252,0.005143393825331402,0.00179090373108437,0.00029090373108437003,0.000593762152262256,0.0018486073768675393,0.0015
159659-159660,2024-12-12,2024-12-13,2024-12-19,159659,159660,-2.2335921527695213,1.1319143676558612,0.5396680984514063,0.0006747467007620035,-0.003443627450980369,-0.004943627450980368,-0.005653594771241721,4.765795206962409e-05,0.0015
159659-159660,2025-04-09,2025-04-10,2025-04-16,159659,159660,-3.1337876049616753,17.093588093466902,0.11637220458749853,0.0009464256950704776,-0.0050358241682395555,-0.006535824168239555,-0.007951487607766872,0.00039421185502575007,0.0015
159659-159660,2025-08-07,2025-08-08,2025-08-14,159660,159659,-2.1285674602410922,12.746911115471153,0.013025236193209075,4.909676172503612e-05,0.000308874967293038,-0.001191125032706962,0.0002763934712193272,0.0010887316276537717,0.0015
159659-159660,2025-08-25,2025-08-26,2025-09-01,159660,159659,3.9137632318702296,12.73334517714075,0.010217271449254188,0.0013850779255602866,0.002811519510195537,0.001311519510195537,0.0010559470282720529,0.002811519510195537,0.0015
159659-159660,2025-09-05,2025-09-08,2025-09-12,159660,159659,-2.0252959370107253,11.631681706121093,0.0035627542002786335,0.00032797495718392194,-0.0001366936341269387,-0.0016366936341269387,-0.0006382014334072039,0.0016010130219297203,0.0015
159659-159660,2025-09-29,2025-09-30,2025-10-14,159659,159660,-3.3975037031803152,12.667295094770775,1.1572895359458732e-06,0.00021065854485849368,-0.002606394415603286,-0.0041063944156032855,-0.012793969890018575,0.004731916228638999,0.0015
159659-159660,2025-10-20,2025-10-21,2025-10-27,159659,159660,-4.676707807993186,3.056582010859796,0.03644667875118172,0.00280956010026739,-0.016554960887562586,-0.018054960887562588,-0.016554960887562586,-0.0010528295371866614,0.0015
159659-159660,2025-12-05,2025-12-08,2025-12-12,159659,159660,-2.1983180342286506,19.011830497258767,0.581426987112807,0.007213324598789719,0.030775375585405773,0.029275375585405772,0.004190408601265849,0.030775375585405773,0.0015
159659-159660,2026-01-16,2026-01-19,2026-01-23,159660,159659,2.065241600175322,13.370067970567062,0.1392098412906338,0.00364430510172439,0.0013717975084286405,-0.00012820249157135958,-0.005958831117841679,0.0023265466375008703,0.0015
159659-159660,2026-04-17,2026-04-20,2026-04-24,159660,159659,-4.004273477924915,15.70609348111822,0.6639460090799096,0.001290230904214762,0.0065864482208080055,0.005086448220808006,0.004445925076371093,0.010008287455770315,0.0015
159659-159660,2026-07-06,2026-07-07,2026-07-13,159660,159659,2.348366114341702,4.501679524220544,0.007068384087889849,0.0022844226276332743,-0.0033305637496817697,-0.004830563749681769,-0.0033305637496817697,0.000493134592471578,0.0015
159659-159696,2024-04-01,2024-04-02,2024-04-10,159696,159659,2.1457369040619825,1.2832004536962056,0.0015773904495068975,0.010606592507348498,0.0002798844964467806,-0.0012201155035532194,-0.00028045336737470006,0.0019324545415241312,0.0015
159659-159696,2024-06-13,2024-06-14,2024-06-20,159696,159659,2.458180442036702,1.6167646988331041,0.17529098532895876,0.009025214170283267,0.0027449576321756375,0.0012449576321756375,-0.0008752038827228859,0.0027449576321756375,0.0015
159659-159696,2024-07-03,2024-07-04,2024-07-10,159696,159659,-3.10804334238676,1.7211268697631208,0.18928941582316067,0.0010475865331441995,-0.002390282479851402,-0.0038902824798514022,-0.005949048774202659,0.005345702378730888,0.0015
159659-159696,2024-08-20,2024-08-21,2024-08-27,159659,159696,-2.1203125569813017,5.800977252873302,0.21750668436616083,0.003286744826360764,0.0033197730649199286,0.0018197730649199286,0.0008569890221652443,0.0048109040511303824,0.0015
159659-159696,2024-10-08,2024-10-09,2024-10-15,159696,159659,3.138907268600333,3.0205338491125695,0.18491726127760794,0.004137780191123984,0.0019080946161456058,0.0004080946161456058,-7.39298652012721e-05,0.003298680175882751,0.0015
159659-159696,2024-12-17,2024-12-18,2024-12-24,159659,159696,-3.0843786664448904,4.028717400499231,0.5166610106549738,0.0012954460490028638,0.0035925841511900147,0.0020925841511900147,-0.0011545536378224641,0.005546001422759961,0.0015
159659-159696,2024-12-27,2024-12-30,2025-01-06,159659,159696,-5.281168945144229,3.46703206342403,0.38625259824366664,0.003035066886097236,0.009834141580031819,0.00833414158003182,-0.003585594100057321,0.00990851060533271,0.0015
159659-159696,2025-02-18,2025-02-19,2025-02-25,159696,159659,2.330779898746751,3.1418175123839496,0.16154950808536472,0.0029016374051373524,-0.0004427143256496846,-0.0019427143256496846,-0.0006241359178620343,0.000621473546488005,0.0015
159659-159696,2025-03-05,2025-03-06,2025-03-12,159696,159659,2.94677054282254,2.0400345393648878,0.009377753606333427,0.0036078658588709163,0.007237399463331795,0.0057373994633317955,0.005833696665496935,0.008099648719830266,0.0015
159659-159696,2025-03-19,2025-03-20,2025-03-26,159696,159659,2.3604008236250964,1.793773766129775,0.015596963741564301,0.0037363885602091623,-0.0036224281634320565,-0.005122428163432056,-0.0039400827650522,-0.00031765460162025416,0.0015
159659-159696,2025-07-30,2025-07-31,2025-08-06,159696,159659,2.6166820201119028,2.0071154451102236,0.03143836036729414,0.0008178828322024784,-0.0002408319649699342,-0.0017408319649699342,-0.0008100711548988393,0.0012698412698413097,0.0015
159659-159696,2025-08-25,2025-08-26,2025-09-01,159696,159659,4.002882010302104,2.042202650667696,0.03693431875182002,0.00229640383755563,0.0027823202728937124,0.0012823202728937124,0.0005381003137139295,0.0027823202728937124,0.0015
159659-159696,2025-09-09,2025-09-10,2025-09-16,159659,159696,-4.480554031773085,2.037202326199889,0.021583414249016414,0.004143511313266769,0.0027221955815182053,0.0012221955815182053,0.0015572702481461143,0.0027221955815182053,0.0015
159659-159696,2025-10-24,2025-10-27,2025-10-31,159659,159696,-4.653175664685337,0.8687759623598057,2.7789841621483444e-05,0.00654342207015552,0.005588969982835312,0.004088969982835313,0.005588969982835312,0.009799187820092703,0.0015
159659-159696,2025-11-10,2025-11-11,2025-11-17,159696,159659,2.6786658536867916,0.8558095939312437,0.00034277768680673795,0.002923951236983976,0.007104220300251596,0.005604220300251596,0.0014615508005921818,0.007104220300251596,0.0015
159659-159696,2025-12-19,2025-12-22,2025-12-26,159659,159696,-2.8559922189537037,1.6891210322194394,3.6664841550695625e-05,0.0059324567300821,-0.009103363788020902,-0.010603363788020901,-0.009103363788020902,-0.002443761009558232,0.0015
159659-159696,2026-01-21,2026-01-22,2026-01-28,159659,159696,-2.153543130571925,6.368289570597107,0.49787890904870646,0.003639908970186425,0.001284323209775895,-0.00021567679022410505,-0.002341229369920539,0.0014854998306037537,0.0015
159659-159696,2026-03-09,2026-03-10,2026-03-16,159696,159659,2.806250633282626,4.844936839529966,0.04470994384855933,0.0038235547423136735,0.001566141631450968,6.614163145096793e-05,-0.0009706748623383721,0.0036842105263157343,0.0015
159659-159696,2026-03-24,2026-03-25,2026-03-31,159696,159659,2.514216823581792,4.337630933255489,0.027774140848103198,0.003131608325597959,-0.016789544711023452,-0.018289544711023453,-0.021847335984645833,-0.016789544711023452,0.0015
159659-159696,2026-05-12,2026-05-13,2026-05-19,159659,159696,-2.059098088258451,2.8761433685734534,0.0031433305638793566,0.002631797906332759,-0.005542105451466273,-0.007042105451466272,-0.005542105451466273,-0.0029028372431394445,0.0015
159659-159696,2026-05-26,2026-05-27,2026-06-02,159659,159696,-3.629761003908515,3.36865224193147,0.009122908946762294,0.004956908823023274,0.0026783864133261837,0.0011783864133261836,-0.00010445432132155652,0.003118828420033415,0.0015
159659-159696,2026-06-08,2026-06-09,2026-06-15,159659,159696,-2.48479821817813,3.403494797148186,0.009456333490322943,0.004305368344274196,8.679381222109761e-05,-0.0014132061877789024,-0.002766331351762852,0.004322863239299979,0.0015
159659-159696,2026-06-23,2026-06-24,2026-06-30,159659,159696,-2.410750215199287,2.6756841313992705,0.027188775770770095,0.006390124561147636,0.006545019508094496,0.005045019508094497,0.002014183785647994,0.006545019508094496,0.0015
159659-159696,2026-08-05,2026-08-06,2026-08-12,159696,159659,2.402033924017538,3.553891471496725,0.6346888741919497,0.0020819831822216387,-0.0002976432238783744,-0.0017976432238783744,-0.001913748034284124,4.186584184706632e-05,0.0015
159659-513100,2024-06-27,2024-06-28,2024-07-04,513100,159659,-2.7648658250969667,11.594624503348756,0.3275587253696985,1.4964341017770569e-05,0.0023964299764911434,0.0008964299764911434,0.0023964299764911434,0.010595111983814576,0.0015
159659-513100,2024-09-27,2024-09-30,2024-10-11,513100,159659,3.168088669653671,9.419506612517004,0.5776812232729353,0.0037722762520942766,0.002701198552626627,0.0012011985526266269,0.0007599950064278715,0.002701198552626627,0.0015
159659-513100,2024-12-10,2024-12-11,2024-12-17,159659,513100,-2.0348985987753485,7.198446042060823,0.15582997418152422,0.0022089854380504224,-0.0038944290415818816,-0.005394429041581881,-0.010646923986403323,0.001670488302642159,0.0015
159659-513100,2025-04-09,2025-04-10,2025-04-16,159659,513100,-2.948128008970286,4.5003574584146815,0.3707299845627169,0.011712292499191215,0.009828798388690663,0.008328798388690663,0.000448004216510256,0.009828798388690663,0.0015
159659-513100,2025-06-10,2025-06-11,2025-06-17,513100,159659,2.4104586208753336,3.997279041411269,0.29479428244830497,0.007262819279247086,-0.0007634119906276826,-0.0022634119906276826,-0.0007634119906276826,0.0,0.0015
159659-513100,2025-08-21,2025-08-22,2025-08-28,513100,159659,-3.2369488530581076,13.173391849094473,0.7882647250126347,0.00017925387756661214,-0.004015881710651481,-0.005515881710651481,-0.004015881710651481,0.00037192691652665477,0.0015
159659-513100,2025-09-22,2025-09-23,2025-09-29,159659,513100,-2.649106179656581,20.74944248779732,0.06950103839110162,0.0005297081209005589,-0.0056576686162050915,-0.007157668616205091,-0.0056576686162050915,0.002204722738877507,0.0015
159659-513100,2026-04-08,2026-04-09,2026-04-15,159659,513100,-2.2309898564715676,4.5311947534504124,0.11032663536647275,0.004787206908489352,0.020456255204295504,0.018956255204295502,0.01685445200562785,0.024364429896344797,0.0015
159659-513100,2026-04-28,2026-04-29,2026-05-08,159659,513100,-3.259601401548961,3.750819747733267,0.056787079553913586,0.0049873753715760985,0.0056898165605550055,0.004189816560555006,-0.0012328479464951414,0.0118540562930316,0.0015
159659-513100,2026-05-15,2026-05-18,2026-05-22,159659,513100,-2.2304930675558263,3.3035972522570543,0.007743604164421289,0.0030448570866679348,-0.011651652186298156,-0.013151652186298156,-0.011651652186298156,0.0038493893320040717,0.0015
159659-513100,2026-08-07,2026-08-10,2026-08-14,159659,513100,-2.4837407980092823,2.75373933476827,0.004059167264620694,0.010321588775828137,0.009109594068854143,0.007609594068854144,0.002057182705718086,0.011131909271085538,0.0015
159659-513110,2024-03-25,2024-03-26,2024-04-01,513110,159659,2.306006175854524,6.206859066073712,0.5078253654423552,0.0037832287919102627,-0.004714506582976341,-0.006214506582976341,-0.004714506582976341,0.0012026613851867651,0.0015
159659-513110,2024-06-13,2024-06-14,2024-06-20,513110,159659,2.6287875711480524,6.221259892848015,0.803182772449479,0.003408928093056608,0.002844086536925028,0.0013440865369250279,-0.00025564822803825216,0.002844086536925028,0.0015
159659-513110,2024-06-25,2024-06-26,2024-07-02,159659,513110,-3.206466739841555,6.976204576576224,0.790308605684548,0.0004001572526262046,-0.0011536452399443231,-0.002653645239944323,-0.0011536452399443231,0.002215060863796303,0.0015
159659-513110,2024-07-09,2024-07-10,2024-07-16,159659,513110,-2.598741025976676,6.3312188200857635,0.7369647369849709,6.142160662667498e-05,0.003081633464551259,0.0015816334645512588,0.002024363365768611,0.004872744159097442,0.0015
159659-513110,2024-07-19,2024-07-22,2024-07-26,159659,513110,-3.374971524913326,6.016330807571576,0.6196872068939756,0.0008668912583331282,0.0035910402597182367,0.0020910402597182367,-0.002928389014609456,0.0035910402597182367,0.0015
159659-513110,2024-10-09,2024-10-10,2024-10-16,513110,159659,4.894945560637068,0.851193710973598,3.489580453109653e-09,0.005898184772598596,0.0018217280674832637,0.0003217280674832636,0.00039008742314594613,0.0018217280674832637,0.0015
159659-513110,2024-12-17,2024-12-18,2024-12-24,159659,513110,-5.868087636580459,1.2463870025444321,1.171459054262311e-06,0.0032560881962507733,0.004683578716486836,0.003183578716486836,0.0024889699332432125,0.006189289939259934,0.0015
159659-513110,2025-01-16,2025-01-17,2025-01-23,513110,159659,2.2938058936624035,1.3005572888639954,5.405748595255143e-07,0.0025511478474698197,0.003173803270009934,0.0016738032700099339,-0.001136409911836056,0.003173803270009934,0.0015
159659-513110,2025-03-05,2025-03-06,2025-03-12,513110,159659,3.029049641253583,1.1818665416007954,5.700477806458648e-07,0.003221406263425353,0.005834746569174598,0.0043347465691745985,0.0045294563800141185,0.006613801703836963,0.0015
159659-513110,2025-03-14,2025-03-17,2025-03-21,513110,159659,2.2671794503385057,1.2524793445646654,1.1455754960683165e-06,0.0029680132578347924,0.00140734080077487,-9.265919922513003e-05,0.00016832510564979142,0.002668191120453578,0.0015
159659-513110,2025-04-08,2025-04-09,2025-04-15,159659,513110,-2.1902286443535353,1.4628672893089711,3.6897279399062056e-06,0.0032678613324847424,-0.0018795787810370612,-0.0033795787810370613,-0.005188015662806356,-0.0018795787810370612,0.0015
159659-513110,2025-07-17,2025-07-18,2025-07-24,159659,513110,-2.1093138439150168,1.2215777633479594,7.870456627001539e-07,0.002038997316980047,0.0017954999620795054,0.0002954999620795053,0.000111998278577774,0.0017954999620795054,0.0015
159659-513110,2025-07-30,2025-07-31,2025-08-06,513110,159659,2.69580216423375,1.2324061920445242,0.0008161558040452553,0.0016143395292075831,-0.00264536294530493,-0.0041453629453049295,-0.00264536294530493,-0.00030259062840787276,0.0015
159659-513110,2025-08-25,2025-08-26,2025-09-01,513110,159659,3.436316098341619,1.2025731221719334,0.0003793241611998038,0.0021404940742511783,0.004567227902090298,0.0030672279020902984,0.0018636125912048218,0.004567227902090298,0.0015
159659-513110,2025-09-26,2025-09-29,2025-10-13,513110,159659,2.1686540265322494,0.8574223289085533,0.00015880811962829612,0.0023160029667958337,-0.0016177357018758443,-0.0031177357018758443,-0.004358891732419101,0.0011518382483297618,0.0015
159659-513110,2025-10-27,2025-10-28,2025-11-03,159659,513110,-3.8855758236662123,1.660275780763904,0.03195627324722322,0.005665012023986529,0.012898779152084927,0.011398779152084927,0.012898779152084927,0.017831325301204792,0.0015
159659-513110,2025-11-17,2025-11-18,2025-11-24,513110,159659,3.7915745003155097,1.4244292468700013,0.00035959679560824585,0.0069216191154815,0.005880476440172977,0.004380476440172977,0.004497109467779259,0.007657290901678437,0.0015
159659-513110,2025-12-23,2025-12-24,2025-12-30,159659,513110,-2.0143590677538943,1.5631805116242787,0.03685921892259941,0.0024240867157759253,-0.00051412339050938,-0.00201412339050938,-0.0014286181321645497,0.0016043963819685203,0.0015
159659-513110,2026-03-04,2026-03-05,2026-03-11,513110,159659,2.213068477492948,1.7890806664668206,0.006363428626122187,0.003751294640603241,0.004650143140845442,0.003150143140845442,-0.0008562659582699306,0.004650143140845442,0.0015
159659-513110,2026-03-31,2026-04-01,2026-04-08,513110,159659,3.285155441173906,1.4303863028450248,0.0030944258128615893,0.004344036828615196,0.006575996343847645,0.005075996343847646,0.0039822721745925715,0.007197485830998884,0.0015
159659-513110,2026-06-01,2026-06-02,2026-06-08,159659,513110,-3.444856324504422,1.5103006366517768,0.0027838131895116442,0.004796676122774086,0.01053256758426857,0.009032567584268571,0.00603097747415382,0.01053256758426857,0.0015
159659-513300,2024-06-21,2024-06-24,2024-06-28,159659,513300,-2.241962167783659,6.910754836355714,0.3527009397253419,0.0008966910362002032,-0.021323752781011507,-0.022823752781011508,-0.021323752781011507,-0.001988456277316253,0.0015
159659-513300,2024-09-30,2024-10-08,2024-10-14,513300,159659,2.2297219396348593,11.256971640731056,0.31786183415536384,0.0036521988594670537,0.021668543543543528,0.020168543543543527,0.0022084584584582956,0.023019894894894977,0.0015
159659-513300,2024-12-17,2024-12-18,2024-12-24,159659,513300,-2.0108453849022565,3.703729038000331,0.009961994742931834,0.00369127899230038,-0.0017301038062282892,-0.0032301038062282892,-0.019220117425501337,-0.0017301038062282892,0.0015
159659-513300,2025-01-27,2025-02-05,2025-02-11,513300,159659,2.4014361134953015,4.57118303654936,0.18999753532878244,0.008095913571741373,-0.009149100666257404,-0.010649100666257403,-0.011776326261454861,-0.004379562043795748,0.0015
159659-513300,2025-05-19,2025-05-20,2025-05-26,513300,159659,2.09918776487407,7.0528186245879985,0.4346835198376521,0.0064700763450096475,-0.0002174856595392738,-0.0017174856595392738,-0.0002174856595392738,0.0013255375973646455,0.0015
159659-513300,2025-06-04,2025-06-05,2025-06-11,513300,159659,2.0272102943707035,7.9408413020476365,0.5139355132527352,0.005345999496579677,-0.00029204066482191315,-0.0017920406648219132,-0.0013773766649692876,0.0005141388174807471,0.0015
159659-513300,2025-09-25,2025-09-26,2025-10-10,159659,513300,-2.1391535005223,6.558772238635316,0.0005586880320553906,2.230910842034858e-05,0.0031155015197570357,0.0016155015197570357,0.00037019717870778734,0.0031155015197570357,0.0015
159659-513300,2025-10-15,2025-10-16,2025-10-22,159659,513300,-4.462017774633005,5.828910277059984,0.0061028568274646275,0.002672985584813121,-0.009542496064662176,-0.011042496064662176,-0.009542496064662176,0.004789389659830778,0.0015
159659-513300,2025-10-30,2025-10-31,2025-11-06,159659,513300,-2.06716637831696,3.854869956267682,0.4774969355981205,0.0024136092971561076,-0.00857023084994557,-0.01007023084994557,-0.00857023084994557,0.0003446908030603213,0.0015
159659-513300,2025-11-18,2025-11-19,2025-11-25,159659,513300,-4.399195668747353,3.1223548715542284,0.0060237567433648505,0.008295932601971511,0.006814392872842134,0.005314392872842135,0.0022437799758674437,0.006814392872842134,0.0015
159659-513300,2026-01-05,2026-01-06,2026-01-12,159659,513300,-2.3782264693090083,4.3510798548543175,0.039068196935898615,0.007121503815064774,0.006105093150728158,0.0046050931507281585,0.0012760141172059036,0.006105093150728158,0.0015
159659-513300,2026-04-16,2026-04-17,2026-04-23,159659,513300,-2.166850821539324,2.6127734615005043,0.0018759297665432897,0.0017648325425988856,0.0030499406991526534,0.0015499406991526534,-0.0008140001194548718,0.0030499406991526534,0.0015
159659-513300,2026-04-28,2026-04-29,2026-05-08,159659,513300,-2.2961659090480837,2.2897693115201885,0.0005805401519028198,0.0022189103630568326,0.004877692633587838,0.003377692633587838,0.0023044460074779227,0.006800840747458903,0.0015
159659-513300,2026-06-23,2026-06-24,2026-06-30,513300,159659,2.3337020690722867,2.1116128911071224,0.21414812906943348,0.006363651360147184,0.00961902875441556,0.00811902875441556,0.003930540424548656,0.011168994090654083,0.0015
159659-513300,2026-07-20,2026-07-21,2026-07-27,513300,159659,2.5674442014393977,1.4165321776097985,0.001256595158551394,0.005157847112028752,0.0050350055088352885,0.0035350055088352885,0.0009793871943994947,0.0050350055088352885,0.0015
159659-513300,2026-08-20,2026-08-21,2026-08-27,513300,159659,2.181496324117506,1.4171665331374121,0.001634814828756191,0.0058164788502494975,0.0031369641675209614,0.0016369641675209614,-0.004558388382022827,0.0038603299027941684,0.0015
159659-513390,2024-03-29,2024-04-01,2024-04-09,159659,513390,-2.7859051401800343,7.144651903359724,0.618316665540653,0.009878307970670134,0.03169213355970568,0.03019213355970568,0.02415393322014714,0.03920769666100743,0.0015
159659-513390,2024-06-21,2024-06-24,2024-06-28,513390,159659,-2.1517062037063526,5.794273330768378,0.09132060144393966,0.0011505966578735259,0.011965103782024533,0.010465103782024534,-0.00250253676051182,0.011965103782024533,0.0015
159659-513390,2024-07-17,2024-07-18,2024-07-24,513390,159659,-2.202788891924334,4.423452874009389,0.03359958237042951,0.0011460641618936014,-0.00242290433682002,-0.003922904336820019,-0.00242290433682002,0.0015491481871348078,0.0015
159659-513390,2024-10-09,2024-10-10,2024-10-16,513390,159659,3.089320915938848,3.3100665473438946,0.043430387416719,0.004652427583596231,0.0034108071481635527,0.0019108071481635527,0.0011286359220525899,0.0034108071481635527,0.0015
159659-513390,2024-11-28,2024-11-29,2024-12-05,159659,513390,-2.6144517611679787,3.9584589420926095,0.05629760632997681,0.0002746842339968669,0.0021968847614599607,0.0006968847614599607,0.0006165228113439447,0.0021968847614599607,0.0015
159659-513390,2024-12-09,2024-12-10,2024-12-16,159659,513390,-3.0070166905625544,4.02637996119523,0.1462903440476378,0.0005619664587092361,-0.006373555442290346,-0.007873555442290346,-0.006373555442290346,-0.002855511136493405,0.0015
159659-513390,2024-12-26,2024-12-27,2025-01-03,159659,513390,-3.41334011451735,3.0029421367884015,6.077065045904572e-11,0.0032707859949253812,-0.007264894992805138,-0.008764894992805137,-0.014200105644705752,-0.0057032962362554285,0.0015
159659-513390,2025-03-24,2025-03-25,2025-03-31,159659,513390,-2.5417560047097463,10.884893183250977,0.5521440363475187,0.008402331480607074,0.042231187042054974,0.04073118704205497,0.01473929790879358,0.04733465375408563,0.0015
159659-513390,2025-07-02,2025-07-03,2025-07-09,513390,159659,-2.032050161572122,6.483436913652389,0.2896580208783974,0.0018683705845669433,0.00045139650794645547,-0.0010486034920535446,-0.0007410426005454163,0.00254662863233146,0.0015
159659-513390,2025-09-29,2025-09-30,2025-10-14,159659,513390,-3.6857980524153673,58.41221098705163,0.7145825081687284,0.0018556067576968593,0.040049572648731435,0.038549572648731434,0.0007592872443187293,0.04559537125111146,0.0015
159659-513390,2026-05-06,2026-05-07,2026-05-13,159659,513390,-10.988898947840088,6.592092807176835,0.10131771064046285,0.00543692701258866,0.022526592336280737,0.021026592336280736,0.002929962834806732,0.025176214276560138,0.0015
159659-513390,2026-06-09,2026-06-10,2026-06-16,159659,513390,-2.0390381838275276,3.9875563768286035,0.05734898939423955,0.00033179314912365303,0.013330308314973616,0.011830308314973616,0.011009426759020946,0.013330308314973616,0.0015
159659-513390,2026-07-02,2026-07-03,2026-07-09,513390,159659,2.016018787351054,2.8050870468361677,0.0006102034286956269,0.003751845619159506,0.005029770363999209,0.0035297703639992086,0.001153901523401113,0.005029770363999209,0.0015
159659-513870,2024-07-17,2024-07-18,2024-07-24,159659,513870,-2.853728174158723,2.2073388801301994,0.26020741340016673,0.0007341388186036515,0.002548927320541794,0.001048927320541794,-0.0022842075121181082,0.003509065595499572,0.0015
159659-513870,2024-09-27,2024-09-30,2024-10-11,513870,159659,3.153782174026398,1.2210216035572152,7.145348146397157e-07,0.002393296278874392,0.013408383204149832,0.011908383204149832,0.010974305710319099,0.013408383204149832,0.0015
159659-513870,2024-12-17,2024-12-18,2024-12-24,159659,513870,-2.1014134791571535,1.3505157256491338,2.782424648661812e-06,0.0013754270516410148,0.00998864619377171,0.008488646193771711,0.0010024690023069383,0.00998864619377171,0.0015
159659-513870,2025-01-07,2025-01-08,2025-01-14,159659,513870,-3.1936994848635956,0.8585301248129531,1.713620301799165e-05,0.002967399837151682,-0.0014028054574350968,-0.002902805457435097,-0.0014028054574350968,0.001241267958096981,0.0015
159659-513870,2025-03-26,2025-03-27,2025-04-02,513870,159659,2.139284991900839,0.8390398031659467,2.0201921976097436e-05,0.002643790956261433,0.004185765703007105,0.002685765703007105,0.0017206548241031072,0.005161035643794332,0.0015
159659-513870,2025-04-23,2025-04-24,2025-04-30,159659,513870,-2.1453332515001637,1.248533780325865,0.04743054299246002,0.004501750575493055,0.0037973158016126884,0.0022973158016126884,0.0037973158016126884,0.006268947618859766,0.0015
159659-513870,2025-07-22,2025-07-23,2025-07-29,513870,159659,2.2843061434010346,1.4135910056434593,5.445777093102713e-06,0.0017941887793781913,0.0012361574080841375,-0.0002638425919158625,-0.00026135084514744555,0.0030670395224516867,0.0015
159659-513870,2025-08-25,2025-08-26,2025-09-01,513870,159659,4.428716679621029,1.4682473688873225,0.04697634767793634,0.002913090793808034,0.002246616440007565,0.000746616440007565,0.0004790604717443969,0.002246616440007565,0.0015
159659-513870,2025-09-11,2025-09-12,2025-09-18,159659,513870,-2.4384902861137316,1.448352090592911,0.013237318534202519,0.0011801218312620164,0.0006067131299427597,-0.0008932868700572403,7.139773297126784e-05,0.0011778949937117922,0.0015
159659-513870,2025-09-26,2025-09-29,2025-10-13,513870,159659,3.447846921028545,1.5626844256467458,1.724830311977753e-05,0.002423219593420785,0.0019549508577780816,0.0004549508577780816,-0.003117183354809372,0.0019549508577780816,0.0015
159659-513870,2025-10-29,2025-10-30,2025-11-05,513870,159659,2.49034816073759,1.240432158394669,0.009204805196722433,0.002272342249850734,0.002822577034324203,0.001322577034324203,0.0016870987096022638,0.003456582281881726,0.0015
159659-513870,2025-11-10,2025-11-11,2025-11-17,513870,159659,2.966410780542941,1.0575653317997753,0.0013044474516124432,0.0027671639770106677,0.002224423376255724,0.0007244233762557241,-1.6723053372302843e-05,0.0027912062467035925,0.0015
159659-513870,2025-12-10,2025-12-11,2025-12-17,513870,159659,2.196184404593923,0.9610222605312951,4.8971741571523626e-08,0.0032662228716726226,0.002872678772955717,0.0013726787729557168,-0.00228788345131814,0.002872678772955717,0.0015
159659-513870,2025-12-22,2025-12-23,2025-12-29,159659,513870,-2.7762305909042495,1.324612548290508,2.9921450327786105e-06,0.003525690346179239,0.00029160542235429077,-0.0012083945776457093,0.00029160542235429077,0.002166326998357837,0.0015
159659-513870,2026-03-04,2026-03-05,2026-03-11,513870,159659,2.1348592115442515,2.5617879020451904,0.019528374218637193,0.0028765319196479818,0.006045873846920902,0.004545873846920902,0.003967215158314552,0.00788145100972315,0.0015
159659-513870,2026-04-08,2026-04-09,2026-04-15,159659,513870,-2.9421691971545307,2.0466569016515668,0.00023913276981430171,0.003969329709740007,-0.002512531328320744,-0.004012531328320744,-0.003984962406015091,-0.0013972431077693415,0.0015
159659-513870,2026-04-17,2026-04-20,2026-04-24,159659,513870,-2.4468531145613803,2.0252406385466646,0.0002225777614853311,0.0031295676051197726,0.0018690423401697132,0.0003690423401697131,0.0008725925420598468,0.0019937383586763335,0.0015
159659-513870,2026-05-12,2026-05-13,2026-05-19,159659,513870,-2.2189243044440414,2.339117668460958,0.0445242632848084,0.004049636827328448,-0.0016293798206675758,-0.003129379820667576,-0.0016293798206675758,0.0006735487130076212,0.0015
159659-513870,2026-05-27,2026-05-28,2026-06-03,159659,513870,-2.982313134766398,2.6504907780379856,0.13428573561376644,0.0044337322987266364,0.001560698402240046,6.069840224004605e-05,-0.003967633009388849,0.001560698402240046,0.0015
159659-513870,2026-06-10,2026-06-11,2026-06-17,159659,513870,-2.0281555922216272,3.4631912037960904,0.011022550204516235,0.0027599279237131287,-0.00016379000136490518,-0.0016637900013649052,-0.005709412623335908,0.0022991513827961274,0.0015
159659-513870,2026-07-02,2026-07-03,2026-07-09,513870,159659,3.1731131040271365,2.716209668631686,0.3696242752283311,0.003355341323863526,0.004660105585609031,0.003160105585609031,0.0016467878945883863,0.004660105585609031,0.0015
159660-159696,2024-06-07,2024-06-11,2024-06-17,159696,159660,2.638334854245409,0.9245761115535632,7.263939988164802e-05,0.004579929569123522,0.0012097816851981413,-0.0002902183148018587,0.0011482151872235224,0.004075702165909467,0.0015
159660-159696,2024-06-24,2024-06-25,2024-07-01,159696,159660,3.665072069343763,0.9378340924137161,0.0001058962669545139,0.004809376454012635,0.0053948273126356305,0.0038948273126356305,0.002165570658721472,0.0053948273126356305,0.0015
159660-159696,2024-07-17,2024-07-18,2024-07-24,159660,159696,-3.0328111224142895,0.8829865494432165,0.006199934468062121,0.0010015573965753738,0.000611822645192106,-0.000888177354807894,-0.003895050194043348,0.000611822645192106,0.0015
159660-159696,2024-07-26,2024-07-29,2024-08-02,159660,159696,-3.0401015149042045,0.810965597482158,0.0017190360972266078,0.0034644886782125113,0.0012416717141127132,-0.0002583282858872869,-0.0018332323844134635,0.001742378356551555,0.0015
159660-159696,2024-08-19,2024-08-20,2024-08-26,159660,159696,-2.4020382869971346,1.225007779012022,0.025187595047161875,0.006229585126057823,-0.0009493504239163064,-0.0024493504239163064,-0.0028860838002880973,0.0021561518102508614,0.0015
159660-159696,2024-10-08,2024-10-09,2024-10-15,159696,159660,2.532774100424381,1.8348659403299592,0.10578266787377721,0.0037653912275036876,0.0017412727183609977,0.0002412727183609977,0.00014110398769751065,0.0031716215620756216,0.0015
159660-159696,2024-12-16,2024-12-17,2024-12-23,159696,159660,2.3637921026941116,1.681101231089388,0.07501166075532685,0.004434758166587541,-0.020695179441387657,-0.022195179441387658,-0.020695179441387657,0.0010636481819497057,0.0015
159660-159696,2025-04-09,2025-04-10,2025-04-16,159696,159660,2.741124753023504,13.397298988693677,0.1417431440905117,0.0010556843488726472,-0.004943293885601663,-0.006443293885601662,-0.009947197567389932,0.0,0.0015
159660-159696,2025-08-08,2025-08-11,2025-08-15,159660,159696,2.2175501270175686,12.326927815809936,0.3341696063748748,0.0003224528874101679,-0.0011859838274930201,-0.00268598382749302,-0.0024198861934712212,-0.0011859838274930201,0.0015
159660-159696,2025-09-03,2025-09-04,2025-09-10,159660,159696,-2.212120053696641,13.248569195625702,0.34793697133224527,0.0010593778982446094,-0.0009318238420268354,-0.0024318238420268355,-0.0010978566292809688,0.002475365940484364,0.0015
159660-159696,2025-09-24,2025-09-25,2025-10-09,159696,159660,2.3285319062914436,13.931161745986945,2.8429379042275306e-06,4.9910631724439485e-05,-0.005579959256429623,-0.007079959256429623,-0.019233829895594523,0.0011853832442068057,0.0015
159660-159696,2025-10-20,2025-10-21,2025-10-27,159696,159660,3.1550603856429404,3.72571424023641,0.006365075245735766,0.001832263008175657,-0.01586916385922832,-0.01736916385922832,-0.01586916385922832,-0.0008636441500600167,0.0015
159660-159696,2025-12-05,2025-12-08,2025-12-12,159696,159660,2.326907091395755,14.960244280675568,0.5978380121527043,0.009083851833962098,0.029892445846444127,0.028392445846444125,0.004778313214815144,0.029892445846444127,0.0015
159660-159696,2026-04-17,2026-04-20,2026-04-24,159660,159696,2.6744629523768206,14.855569729477129,0.6263102584470249,0.0018634009554334688,0.011208504382420381,0.009708504382420382,0.006594818202817043,0.013633334644302053,0.0015
159660-159696,2026-05-19,2026-05-20,2026-05-26,159660,159696,-2.1460367969617793,7.62496480466295,0.5142345680601409,0.0039041234004975186,-0.0041355139283199005,-0.0056355139283199,-0.0041355139283199005,0.005629249858821517,0.0015
159660-159696,2026-06-23,2026-06-24,2026-06-30,159660,159696,-2.060600864700958,6.6714511159856436,0.0013506520956592899,0.004252542495807565,0.0053869606212268994,0.0038869606212268994,-0.0012242226302729975,0.0053869606212268994,0.0015
159660-159696,2026-07-08,2026-07-09,2026-07-15,159660,159696,-2.263646632588572,4.268583965856764,0.010850607635950698,0.008162427736423276,0.005319485371523491,0.0038194853715234913,0.0028653046866402576,0.005319485371523491,0.0015
159660-513100,2024-06-24,2024-06-25,2024-07-01,513100,159660,2.2427644220228036,4.448830351622765,0.03529936317908063,0.002887545573760098,0.02008931391820612,0.01858931391820612,0.0027472874597701535,0.02008931391820612,0.0015
159660-513100,2024-09-27,2024-09-30,2024-10-11,513100,159660,3.4816392524474624,9.328330102518153,0.4982870327474195,0.0038546479745303727,0.0011429805777829483,-0.00035701942221705177,-0.0012040271986173412,0.0027686990495510155,0.0015
159660-513100,2024-12-10,2024-12-11,2024-12-17,159660,513100,-2.140641573508014,6.679570988342494,0.1763221972254757,0.0029005596074355017,0.001405220276873731,-9.477972312626906e-05,-0.003351677724319435,0.004368715604267104,0.0015
159660-513100,2024-12-24,2024-12-25,2024-12-31,513100,159660,2.5827055964162633,5.743832646523922,0.08687641420144804,0.010890899882135867,-0.007635722449446214,-0.009135722449446214,-0.013535462912831697,-0.0005540851764676002,0.0015
159660-513100,2025-06-13,2025-06-16,2025-06-20,513100,159660,2.2823689777367178,7.2792013014532335,0.14089170332885415,0.0023311967101760393,-0.0005372413111404128,-0.002037241311140413,-0.0011465423767949012,0.00031012103775096556,0.0015
159660-513100,2025-08-21,2025-08-22,2025-08-28,159660,513100,-3.136803634073099,7.280603197059625,0.1538369052980595,8.668703833642193e-05,0.003318188946551226,0.001818188946551226,-0.0007569465066032954,0.003318188946551226,0.0015
159660-513100,2025-09-03,2025-09-04,2025-09-10,513100,159660,-2.202470639290192,9.507667716442727,0.24784884787121797,0.0001671840548692462,-0.0009900941856328949,-0.002490094185632895,-0.004188085411865217,-0.0009900941856328949,0.0015
159660-513100,2025-09-18,2025-09-19,2025-09-25,159660,513100,-2.42804540308987,8.054470492052792,0.13939049821784139,0.0005717681328080955,-0.005453454566681337,-0.006953454566681337,-0.009543545491692562,0.0005268703898841931,0.0015
159660-513100,2025-10-09,2025-10-10,2025-10-16,159660,513100,-4.450012938683718,3.658816431453846,0.0019386342871405566,0.006083424456132636,-0.005505931384785723,-0.007005931384785722,-0.005505931384785723,0.0023687552232002362,0.0015
159660-513100,2025-10-28,2025-10-29,2025-11-04,513100,159660,7.590085972592161,4.714852493981218,0.27228158522932344,0.01649308497085004,0.009847840004656105,0.008347840004656106,0.0031028562282653382,0.02395915178896213,0.0015
159660-513100,2025-12-05,2025-12-08,2025-12-12,513100,159660,2.4976183065422513,10.698176871234427,0.33314902637113447,0.01162159908856649,0.025757202190706097,0.024257202190706095,0.0019586097247478174,0.025757202190706097,0.0015
159660-513100,2026-01-19,2026-01-20,2026-01-26,159660,513100,-2.2020642755296853,10.770705306463055,0.11765293371493235,0.006666640993271477,0.00264970853206159,0.0011497085320615898,-0.0025692709516238477,0.00879293158704919,0.0015
159660-513100,2026-04-01,2026-04-02,2026-04-09,159660,513100,-2.1458017452605462,12.787900698506904,0.32371590064130795,0.004701260447466268,-0.0007480758845728186,-0.0022480758845728186,-0.0077175730521341634,-2.4782882065532696e-05,0.0015
159660-513100,2026-04-17,2026-04-20,2026-04-24,159660,513100,2.872810042867445,11.922127609859979,0.62616653371668,0.00217452271140928,0.01037980499259783,0.00887980499259783,0.006718056051865817,0.013857266833426918,0.0015
159660-513100,2026-05-18,2026-05-19,2026-05-25,159660,513100,-2.7183023502783796,10.3824601936019,0.5580323081357251,0.0035694985271943654,-0.014125774872035146,-0.015625774872035147,-0.014125774872035146,0.0035284647140286785,0.0015
159660-513100,2026-08-07,2026-08-10,2026-08-14,159660,513100,-2.2567071726925483,4.704381702062819,0.05791353157538538,0.008631732370120795,0.009917295309524787,0.008417295309524788,0.0033623308478319958,0.010013953691187183,0.0015
159660-513110,2024-05-28,2024-05-29,2024-06-04,513110,159660,2.00139132860125,1.5286671667971576,1.4473765987701353e-05,0.002070035258847747,0.0021652231845434855,0.0006652231845434855,0.0021652231845434855,0.004297135243170991,0.0015
159660-513110,2024-06-07,2024-06-11,2024-06-17,513110,159660,3.2995197888764536,1.4058529126629111,0.0002647307257288415,0.0037425828597855903,0.002138707640149562,0.0006387076401495619,0.002138707640149562,0.005368205645726265,0.0015
159660-513110,2024-06-25,2024-06-26,2024-07-02,159660,513110,-2.563320220034247,1.332232935769459,0.0010512604344443336,0.002740236173532685,-0.005592307581467226,-0.007092307581467226,-0.006856530084627721,-0.0027862948270016563,0.0015
159660-513110,2024-07-08,2024-07-09,2024-07-15,159660,513110,-2.1220183362597984,1.1076856316854888,0.00039647145441473936,0.0024087411511138374,0.004170113041080725,0.002670113041080725,0.00024124620898802185,0.005538816022687243,0.0015
159660-513110,2024-07-22,2024-07-23,2024-07-29,159660,513110,-2.287897873318825,1.095986099671165,0.0007981841298348913,0.0035406383272424567,0.004555015120124795,0.0030550151201247946,0.0038015454958487682,0.005192363989337978,0.0015
159660-513110,2024-08-02,2024-08-05,2024-08-09,513110,159660,2.7616741425749733,0.8321047960621104,2.1086875470957137e-05,0.004577454555428682,-0.0003282634861581091,-0.001828263486158109,-0.0003282634861581091,0.002115475799686184,0.0015
159660-513110,2024-12-16,2024-12-17,2024-12-23,513110,159660,7.231499584431187,0.8043257673512214,1.2778052460877429e-09,0.006308440654933275,-0.019312093019874355,-0.020812093019874356,-0.019312093019874355,0.004179157286080093,0.0015
159660-513110,2025-04-09,2025-04-10,2025-04-16,513110,159660,2.308776528486133,13.618105974437945,0.3633840046122443,0.0006560281511779906,-0.008109386559364884,-0.009609386559364884,-0.010895264254929038,0.0,0.0015
159660-513110,2025-08-06,2025-08-07,2025-08-13,159660,513110,2.088570388246985,13.571117510553515,0.16092119658623777,0.0002130517781108376,4.851873979916377e-05,-0.0014514812602008363,-0.0003788410904077555,0.0010056355080447776,0.0015
159660-513110,2025-09-03,2025-09-04,2025-09-10,159660,513110,-2.6510505622562723,13.792166710111648,0.17800387798269413,0.0011461578738121416,0.0024668728758545644,0.0009668728758545644,0.002069729254974062,0.003803413907664366,0.0015
159660-513110,2025-09-24,2025-09-25,2025-10-09,513110,159660,2.997250010254114,13.945359683513685,6.566318902546874e-05,6.439702644257155e-05,-0.009074875741542199,-0.010574875741542198,-0.020541927208593824,0.00017957351290676105,0.0015
159660-513110,2025-12-05,2025-12-08,2025-12-12,513110,159660,2.1376205251483635,18.47466978442434,0.5896081432803233,0.007859349947262173,0.029078013614150078,0.027578013614150076,0.003947275320694943,0.029078013614150078,0.0015
159660-513110,2026-01-19,2026-01-20,2026-01-26,159660,513110,-2.11780743939567,13.217387002409131,0.15811643233175848,0.004330579769009624,0.0066006600660064585,0.005100660066006459,0.00208726229765821,0.0094982712556968,0.0015
159660-513110,2026-04-17,2026-04-20,2026-04-24,159660,513110,4.651624173856676,13.817744019373768,0.6545481893782433,0.0011357065996003002,0.0051772054160137415,0.0036772054160137415,0.0051772054160137415,0.010876123610542798,0.0015
159660-513110,2026-06-04,2026-06-05,2026-06-11,513110,159660,2.8242038634184445,21.32009299361324,0.0707070206910913,0.0003022538110121556,0.0010329992069731952,-0.0004670007930268048,-0.0001646261850246633,0.0051059920834931605,0.0015
159660-513300,2024-04-29,2024-04-30,2024-05-09,513300,159660,2.083006508265925,5.918508786648364,0.31477596396153185,0.001991838564706092,-0.006904392854735875,-0.008404392854735874,-0.006904392854735875,-0.001524357767550777,0.0015
159660-513300,2024-06-20,2024-06-21,2024-06-27,159660,513300,-2.29628457026548,3.086097663474207,0.0034480073831631743,0.00349279502720377,-0.015796298398455533,-0.017296298398455534,-0.015796298398455533,-0.001697947750124995,0.0015
159660-513300,2024-09-30,2024-10-08,2024-10-14,513300,159660,2.1152398050014996,11.566522116900098,0.3313981725100515,0.0029789258114459056,0.025163263428992,0.023663263428992,0.005774773117488419,0.027150018395879272,0.0015
159660-513300,2024-12-18,2024-12-19,2024-12-25,159660,513300,-2.486273227862097,3.368485177226069,0.005641165446166233,0.00630091467998465,0.056243604281328574,0.05474360428132857,-0.0026523218187350928,0.056243604281328574,0.0015
159660-513300,2025-04-15,2025-04-16,2025-04-22,513300,159660,2.270492920446469,4.554398911752983,0.02260264842350813,0.008010189164180753,-0.008837376805609809,-0.010337376805609809,-0.008837376805609809,-0.005347678279511436,0.0015
159660-513300,2025-04-24,2025-04-25,2025-05-06,513300,159660,2.5294344337080217,5.1167455746628505,0.0321617329649797,0.010305454028027454,-0.0013802303656456072,-0.0028802303656456072,-0.0013802303656456072,0.005082019756351697,0.0015
159660-513300,2025-08-07,2025-08-08,2025-08-14,513300,159660,2.248547431348841,4.935594369462914,0.29505640012187623,0.004344319035510181,-0.0020859601697924557,-0.0035859601697924557,-0.0020859601697924557,-0.0003714404912011915,0.0015
159660-513300,2025-09-22,2025-09-23,2025-09-29,159660,513300,-2.02118117647642,2.04485582239506,0.13252264696039734,0.0019027950827672896,0.005128428436085741,0.0036284284360857413,0.0018008814927709116,0.005128428436085741,0.0015
159660-513300,2025-10-21,2025-10-22,2025-10-28,159660,513300,-3.6661115320710227,1.3370692864775635,0.009015156716828863,0.007193730402295453,0.05123644501803093,0.04973644501803093,-0.001755841164784,0.05123644501803093,0.0015
159660-513300,2025-12-04,2025-12-05,2025-12-11,513300,159660,2.164856437609216,9.31362371863837,0.09712470349205737,0.010265277326746244,0.011341248444629026,0.009841248444629027,-0.019736871765278496,0.011341248444629026,0.0015
159660-513300,2026-01-19,2026-01-20,2026-01-26,159660,513300,-2.1160989458898203,9.670721835784219,0.04995621519445189,0.006586237409001187,0.011265164644713943,0.009765164644713943,0.004942264311848299,0.014812178482022431,0.0015
159660-513300,2026-04-20,2026-04-21,2026-04-27,159660,513300,3.4984442465932184,10.515775365697888,0.7009751024966724,0.001762179908367148,0.0038865819977000893,0.0023865819977000892,0.0038865819977000893,0.010095829194390227,0.0015
159660-513300,2026-05-21,2026-05-22,2026-05-28,159660,513300,-2.710763120811652,7.259170107757985,0.5950166488895855,0.004076012792226275,0.0036078291605605717,0.0021078291605605716,0.001219045905400007,0.005607853382307404,0.0015
159660-513300,2026-06-09,2026-06-10,2026-06-16,159660,513300,-2.065327114095067,7.533335776483201,0.03263536387757707,0.003139587776678351,0.008783730147015056,0.007283730147015057,0.003297978634976495,0.008783730147015056,0.0015
159660-513300,2026-06-23,2026-06-24,2026-06-30,513300,159660,2.0703286915522816,5.491732810583369,0.00483416126906139,0.0025701663256592804,0.010777087641283156,0.009277087641283157,0.007168946840469648,0.014616066455411136,0.0015
159660-513300,2026-07-08,2026-07-09,2026-07-15,159660,513300,-2.054912252442318,2.552645887597228,0.009823247237951527,0.006111302286900352,0.0018857955673519111,0.0003857955673519111,0.001095883969529421,0.0021009885160765407,0.0015
159660-513390,2024-03-27,2024-03-28,2024-04-03,159660,513390,-2.2896221360729743,7.0733920839467705,0.13284639954024824,0.0047103234438948885,0.015410327724110329,0.013910327724110329,-0.020669973338643954,0.015410327724110329,0.0015
159660-513390,2024-06-27,2024-06-28,2024-07-04,159660,513390,-3.3052150704360246,3.9303330923975626,0.01844676775738771,0.0015963853967788239,0.0010207674992590565,-0.0004792325007409435,-0.027018536703417695,0.0010207674992590565,0.0015
159660-513390,2024-08-02,2024-08-05,2024-08-09,513390,159660,2.3435693494468812,3.270988520029751,0.007760550980544501,0.005724729690447234,-0.00361089834774031,-0.00511089834774031,-0.00361089834774031,-0.0007294744136850939,0.0015
159660-513390,2024-11-27,2024-11-28,2024-12-04,513390,159660,-2.0844709302697186,3.6501695001799837,0.005615095176703724,0.0001231821908159311,0.00589096493840624,0.0043909649384062405,0.0035829496808179595,0.00589096493840624,0.0015
159660-513390,2025-01-07,2025-01-08,2025-01-14,513390,159660,3.8821594724987722,4.090188286151972,0.0043622474381585135,0.0019754817018579974,0.020058877613853943,0.01855887761385394,0.016206406645964178,0.025268208860080743,0.0015
159660-513390,2025-03-24,2025-03-25,2025-03-31,159660,513390,-5.262916221653909,6.026279075859587,0.06162076506995169,0.01667404742665783,0.04536087362363994,0.04386087362363994,0.01475170499137668,0.050699299462088177,0.0015
159660-513390,2025-07-16,2025-07-17,2025-07-23,159660,513390,-2.027381988568893,6.175525400712397,0.26758490257159206,0.0013680560234907869,-0.00234337123044015,-0.00384337123044015,-0.00234337123044015,0.0009693487525173072,0.0015
159660-513390,2025-09-29,2025-09-30,2025-10-14,159660,513390,-3.378728550036198,99.08456943817599,0.6988679886164304,0.0003818675375185515,0.04265596706433472,0.04115596706433472,0.013553257134337304,0.04265596706433472,0.0015
159660-513390,2025-10-27,2025-10-28,2025-11-03,513390,159660,2.0682381180454574,12.020889371901601,0.09699801904706845,0.005591753781835157,-0.001006239269712328,-0.002506239269712328,-0.02514572254093217,0.013636363636363447,0.0015
159660-513390,2025-12-05,2025-12-08,2025-12-12,513390,159660,2.0890113383412285,18.29403327663104,0.6148052317179148,0.009674607183782498,0.029254906508095146,0.027754906508095145,0.01123368648323797,0.03380190887131962,0.0015
159660-513390,2026-04-17,2026-04-20,2026-04-24,513390,159660,4.7879195055203665,6.109817554922661,0.46757774027297827,0.00016677425223439978,-0.0068904143711376875,-0.008390414371137687,-0.011228204939093045,-0.006715538998831594,0.0015
159660-513390,2026-06-01,2026-06-02,2026-06-08,159660,513390,2.164673690102862,9.234227732505046,0.1023696413058976,0.0005066192820815316,-0.0012757742015384599,-0.00277577420153846,-0.0032657783749489022,0.0009585271594005906,0.0015
159660-513390,2026-08-21,2026-08-24,2026-08-28,513390,159660,2.0239526019886513,3.304603299490429,0.0007239319499595474,0.0011188841630302942,0.0018414468490837166,0.00034144684908371655,-0.00027111167758975263,0.0018414468490837166,0.0015
159660-513870,2024-07-01,2024-07-02,2024-07-08,159660,513870,-2.038900065033101,2.0084077962681643,0.0001423278665873312,0.000725503008276059,-0.005008446548811607,-0.006508446548811607,-0.00805396274001291,-0.002736205953032478,0.0015
159660-513870,2024-07-11,2024-07-12,2024-07-18,513870,159660,2.1511667333435023,2.0032364957670876,0.14829632335305765,0.004103823716474303,0.004437459923870901,0.002937459923870901,8.881136643879017e-07,0.00649033465899107,0.0015
159660-513870,2024-07-22,2024-07-23,2024-07-29,513870,159660,2.201561355022595,2.0015678615121093,0.00042322421515874313,0.003815473569746384,-0.0008729780153194922,-0.002372978015319492,-0.0008729780153194922,0.0019945890096856322,0.0015
159660-513870,2024-08-02,2024-08-05,2024-08-09,513870,159660,3.516183679758795,2.741324914893501,0.21216699222499608,0.0024194154048601648,-0.0015438347548362152,-0.0030438347548362153,-0.0015438347548362152,0.0026349046684954747,0.0015
159660-513870,2024-09-27,2024-09-30,2024-10-11,513870,159660,2.029255473544632,0.7648025606175459,0.002900985468363606,0.0028966287816154634,0.011850165229306153,0.010350165229306154,0.011150963165954764,0.012541307326509044,0.0015
159660-513870,2024-10-24,2024-10-25,2024-10-31,159660,513870,-2.3751236741854003,0.5488518547596234,2.414287082805943e-06,0.002542492599611022,0.0014566642388929019,-4.333576110709817e-05,-0.0003410883626557837,0.0014566642388929019,0.0015
159660-513870,2024-12-12,2024-12-13,2024-12-19,513870,159660,2.696895980974541,0.6490096196049829,1.1036319249022665e-05,0.0013370175140294384,-0.0018794385264093716,-0.0033794385264093716,-0.008091063766829443,0.0011011552497903754,0.0015
159660-513870,2025-04-11,2025-04-14,2025-04-18,513870,159660,2.783288745591082,15.642378343589819,0.15492601678567375,0.00014080132361562938,-0.01175999370302827,-0.01325999370302827,-0.01175999370302827,-0.0059532290413957245,0.0015
159660-513870,2025-07-25,2025-07-28,2025-08-01,159660,513870,-3.0122143280245472,7.134661131650372,0.11142854022825038,0.001395261100573638,0.004629690105017126,0.0031296901050171257,0.002501503927399007,0.004629690105017126,0.0015
159660-513870,2025-08-07,2025-08-08,2025-08-14,513870,159660,2.196535968205293,10.406014996548915,0.10753112558252564,4.91937922458721e-05,-7.08118131806934e-05,-0.0015708118131806934,-0.0017141224969470237,-7.08118131806934e-05,0.0015
159660-513870,2025-09-25,2025-09-26,2025-10-10,513870,159660,2.232646290971433,9.813472729344154,5.605998567249641e-05,3.448343662082335e-05,-0.006437556928682087,-0.007937556928682086,-0.020221320410877652,0.00023955021370158924,0.0015
159660-513870,2025-12-05,2025-12-08,2025-12-12,513870,159660,2.039109817114926,19.33903654357562,0.6079754318366934,0.007110906137623246,0.026967536640437495,0.025467536640437494,0.0037434014207696764,0.026967536640437495,0.0015
159660-513870,2026-01-19,2026-01-20,2026-01-26,159660,513870,-2.204471035543231,13.989696959453132,0.2797430859638419,0.003991218563434594,0.0005717552887364308,-0.0009282447112635693,-0.0020258174739308243,0.0053882831005473975,0.0015
159660-513870,2026-03-31,2026-04-01,2026-04-08,159660,513870,-2.3170293512274815,14.18250933322991,0.3340620838115189,0.005705391562409373,0.004799710751894448,0.003299710751894448,0.004799710751894448,0.007588075880758716,0.0015
159660-513870,2026-04-17,2026-04-20,2026-04-24,159660,513870,2.496450159132028,16.291288550878267,0.6705832310880411,0.0019113174334740683,0.008455490560977719,0.006955490560977719,0.005941718123477768,0.012002025814446649,0.0015
159660-513870,2026-05-26,2026-05-27,2026-06-02,159660,513870,-2.4658819475566425,21.075406674932026,0.3499070014564354,0.0012621211477552323,0.0061861163888428106,0.004686116388842811,-0.002356635287221409,0.0061861163888428106,0.0015
159660-513870,2026-06-11,2026-06-12,2026-06-18,159660,513870,-2.8584181524937846,10.071722754283654,0.18826250882532775,0.0025041527795862323,0.009630791878880274,0.008130791878880274,0.004512071910346416,0.01225181217314697,0.0015
159660-513870,2026-07-28,2026-07-29,2026-08-04,159660,513870,-2.9575414527215576,5.468399799875172,0.009243123868622393,0.004878585178725735,0.007657912031399761,0.006157912031399761,0.001875125821900303,0.007657912031399761,0.0015
159696-513100,2024-03-18,2024-03-19,2024-03-25,159696,513100,-2.155460676635231,0.6091046192674542,9.530557917511744e-12,0.006776189362939395,0.004900030625191176,0.0034000306251911762,-0.0014570743241060224,0.004900030625191176,0.0015
159696-513100,2024-04-30,2024-05-06,2024-05-10,513100,159696,2.0513875064243376,0.5451997931263632,1.1413086800046367e-12,0.003919535745147317,0.005389429096522402,0.0038894290965224023,0.0024325330188861294,0.005389429096522402,0.0015
159696-513100,2024-06-27,2024-06-28,2024-07-04,159696,513100,-3.2965468933522923,0.5364253318102329,9.67706831192129e-13,0.005534584373358027,-0.0009525397332075247,-0.0024525397332075248,-0.007755523612209658,-0.0009525397332075247,0.0015
159696-513100,2024-09-27,2024-09-30,2024-10-11,513100,159696,3.112426612275691,7.4918471171245224,0.6545153178118285,0.004298809971620456,0.006790753857135012,0.005290753857135013,0.005710206995003464,0.00920935595453809,0.0015
159696-513100,2024-12-09,2024-12-10,2024-12-16,159696,513100,-2.363968888139986,5.222440203233749,0.12126179394250453,0.0031961242743375196,-0.013443181084837885,-0.014943181084837885,-0.013443181084837885,-0.004331643233758786,0.0015
159696-513100,2025-01-03,2025-01-06,2025-01-10,159696,513100,-2.1200142288457955,4.80777348500668,0.042320009159535134,0.0021317304491320355,-0.0011330088566184893,-0.0026330088566184893,-0.0011330088566184893,0.007161094709965621,0.0015
159696-513100,2025-03-05,2025-03-06,2025-03-12,159696,513100,-2.4457717157795766,4.904274895073691,0.04259439738034758,0.006679575793003725,0.007910062439961618,0.006410062439961619,-0.0024990994236310238,0.013396073487031868,0.0015
159696-513100,2025-03-21,2025-03-24,2025-03-28,159696,513100,-2.0044221934573123,4.150793456202026,0.01695901859610281,0.007311872342103995,2.25973380336697e-05,-0.0014774026619663303,-0.002042799358235481,0.005391724854812097,0.0015
159696-513100,2025-04-09,2025-04-10,2025-04-16,159696,513100,-2.4554651012591258,4.8754441596033615,0.04275200606070995,0.010543845437920273,0.009921328671328555,0.008421328671328556,-0.0006118881118881703,0.009921328671328555,0.0015
159696-513100,2025-06-09,2025-06-10,2025-06-16,513100,159696,2.091336720730257,4.129057680883624,0.02878630440187387,0.005976828392106942,-0.0033644205794878257,-0.004864420579487825,-0.004952427093006029,-0.002893401698359499,0.0015
159696-513100,2025-08-21,2025-08-22,2025-08-28,513100,159696,-3.052062461397058,12.276475262492463,0.3931527698842271,0.00042733769538615476,-0.0025638499845699325,-0.004063849984569932,-0.0025638499845699325,0.0010574005339334391,0.0015
159696-513100,2025-09-22,2025-09-23,2025-09-29,159696,513100,-3.790196959121664,17.125686539238714,0.14156258878623024,0.0008377124732903921,-0.007321910006473753,-0.008821910006473753,-0.007321910006473753,0.00045685112799209726,0.0015
159696-513100,2026-04-08,2026-04-09,2026-04-15,159696,513100,-3.916018539004788,4.479254052990226,0.09230033599000687,0.005454774026210311,0.020663591727421382,0.01916359172742138,0.017699747061449167,0.026182611714526516,0.0015
159696-513100,2026-04-28,2026-04-29,2026-05-08,159696,513100,-3.3716244129464523,2.3351834812013514,0.0038175680325063964,0.005916339677347719,0.0022425837513462277,0.0007425837513462276,-0.0011437522676356338,0.00852314284233402,0.0015
159696-513100,2026-05-21,2026-05-22,2026-05-28,159696,513100,-2.978646108183637,1.5716277572595223,0.2109615284813396,0.007863581022285425,0.003697567441135252,0.002197567441135252,-0.009164977389677142,0.009112349914236706,0.0015
159696-513100,2026-06-02,2026-06-03,2026-06-09,159696,513100,-2.8122626995784565,1.2254936809316115,0.4094478685134571,0.00873863784321334,0.094107962758327,0.092607962758327,0.09330285869411148,0.09927135619259686,0.0015
159696-513100,2026-06-23,2026-06-24,2026-06-30,513100,159696,4.587282018487056,1.183277489068577,7.299721793641203e-07,0.01914500360888777,0.012801125438416161,0.011301125438416161,0.003421474569225591,0.012801125438416161,0.0015
159696-513100,2026-08-07,2026-08-10,2026-08-14,159696,513100,-2.527540407221458,2.0848084590899547,0.00018624085189169115,0.01264989593455321,0.007981399281335788,0.0064813992813357885,0.0015863453815258,0.010195518917776258,0.0015
159696-513110,2024-06-25,2024-06-26,2024-07-02,159696,513110,-3.8195838685732784,0.7165929705366249,1.796315096592724e-10,0.006001983936579197,0.0019484858650458126,0.00044848586504581253,0.0011988606776396349,0.003299789817149068,0.0015
159696-513110,2024-07-05,2024-07-08,2024-07-12,513110,159696,3.4981787116579413,0.7191214675149569,1.8987735084293192e-10,0.0023460404145120017,0.004852762990745996,0.0033527629907459957,-0.001346518485804138,0.004852762990745996,0.0015
159696-513110,2024-07-23,2024-07-24,2024-07-30,513110,159696,2.267245873997435,0.6761626110709671,2.089456386319556e-06,0.0012742410229993667,0.00029588654555168237,-0.0012041134544483177,0.00029588654555168237,0.003680991003425338,0.0015
159696-513110,2024-08-14,2024-08-15,2024-08-21,513110,159696,2.13446179746268,1.6255559081642128,0.001973786474842432,0.004354803780757789,-8.077456364397051e-05,-0.0015807745636439705,-0.0014232180784377046,0.002049097059310556,0.0015
159696-513110,2024-10-08,2024-10-09,2024-10-15,159696,513110,-2.5858008284301994,2.558096317543351,0.12252378074352877,0.0036645758417107738,0.0015611598794567083,6.115987945670828e-05,0.0008675193446032736,0.004433206634577913,0.0015
159696-513110,2024-12-16,2024-12-17,2024-12-23,513110,159696,2.0440062023596655,2.4713444953551056,0.1563867671735062,0.000967766176746473,0.001383086421513302,-0.00011691357848669795,0.001383086421513302,0.005099240015399187,0.0015
159696-513110,2024-12-30,2024-12-31,2025-01-07,513110,159696,5.224669223838383,2.208472352097554,0.16498814171915704,0.0032132815216008386,0.009564602397390987,0.008064602397390987,-0.0002561268768619396,0.009564602397390987,0.0015
159696-513110,2025-01-17,2025-01-20,2025-01-24,513110,159696,2.956374110505426,2.435014565199001,0.6352152325842737,0.0021271401048790837,0.0038721261563682274,0.0023721261563682274,0.0020297435497089733,0.005109489051094762,0.0015
159696-513110,2025-02-18,2025-02-19,2025-02-25,159696,513110,-2.0205686767181863,2.516481569271319,0.1518890819849652,0.0027567243803559814,0.00021016207954316357,-0.0012898379204568365,0.00021016207954316357,0.0019979549885188463,0.0015
159696-513110,2025-03-27,2025-03-28,2025-04-03,159696,513110,-2.0599516100680764,0.9855180523064324,0.1356127952513777,0.003807820714940812,0.0021212817026222686,0.0006212817026222685,0.0006009550700875055,0.0025585437872007732,0.0015
159696-513110,2025-07-08,2025-07-09,2025-07-15,513110,159696,2.282686479211577,1.108324582183494,2.9013038205087526e-05,0.0019212437663648544,0.002224983476536657,0.0007249834765366571,0.002224983476536657,0.0032229125358007593,0.0015
159696-513110,2025-07-28,2025-07-29,2025-08-04,513110,159696,2.4390838742863474,0.8046604241301369,0.00043732716504169846,0.0018819047462796032,0.0018773367273885455,0.0003773367273885455,0.0005170630816959676,0.0018773367273885455,0.0015
159696-513110,2025-08-14,2025-08-15,2025-08-21,513110,159696,2.7750840805645147,0.9926934159974933,0.00915209680937216,0.00239438981480284,0.0015800319268139962,8.003192681399615e-05,0.000321378685781859,0.002372766018408967,0.0015
159696-513110,2025-09-09,2025-09-10,2025-09-16,513110,159696,2.8551626361897005,1.2612694326217926,0.001341974740096496,0.0025485605465154896,-0.00012500467156639772,-0.0016250046715663977,-0.0006321112515801364,-0.00012500467156639772,0.0015
159696-513110,2025-10-09,2025-10-10,2025-10-16,513110,159696,2.9722023101695276,0.8107037246148172,4.612428765515792e-06,0.0030230729366828375,0.0009608121599332664,-0.0005391878400667336,-0.0018740565242957308,0.0009608121599332664,0.0015
159696-513110,2025-10-24,2025-10-27,2025-10-31,513110,159696,4.99620703858998,2.348826042703848,0.12751217215621913,0.004626527968619352,0.006804076715183571,0.005304076715183572,0.0049975578782848196,0.010918563381199231,0.0015
159696-513110,2025-11-17,2025-11-18,2025-11-24,513110,159696,7.13699512414164,1.1710245319266885,0.05058344556332191,0.012147124025324406,0.00891812582527951,0.007418125825279511,-0.00035027333686021844,0.00891812582527951,0.0015
159696-513110,2025-11-27,2025-11-28,2025-12-04,513110,159696,2.3768861394929264,2.171855727400715,0.018443992741152455,0.004436538699665918,-0.0012258148824790815,-0.0027258148824790816,-0.003616461381962588,-0.0012258148824790815,0.0015
159696-513110,2025-12-25,2025-12-26,2026-01-05,513110,159696,2.3477233946156826,3.604624908785258,0.1594415703188779,0.00585821746110986,0.0017064989079660364,0.0002064989079660364,-0.0010745300074195274,0.002847386956203568,0.0015
159696-513110,2026-03-09,2026-03-10,2026-03-16,159696,513110,-2.239122671501756,3.3101442260394176,0.006481430219649366,0.0017876775879721377,-0.000987127354161732,-0.002487127354161732,-0.0028519351063738263,0.000988630746416308,0.0015
159696-513110,2026-03-24,2026-03-25,2026-03-31,159696,513110,-4.377111000075088,2.69295383972916,0.0015431346198314588,0.006590277033441547,-0.010952867200515914,-0.012452867200515914,-0.01994821683174275,-0.010952867200515914,0.0015
159696-513110,2026-05-13,2026-05-14,2026-05-20,513110,159696,2.2987006360126876,1.3417769667681045,1.1520693183551474e-06,0.005424920411262352,0.005585161713636766,0.004085161713636766,0.0037991902315682724,0.005585161713636766,0.0015
159696-513110,2026-05-26,2026-05-27,2026-06-02,513110,159696,3.9076402633427945,1.6840122958747679,3.738156356180411e-05,0.008786815091217886,0.004072228324451421,0.002572228324451421,0.0005231806363577007,0.009310589342925724,0.0015
159696-513110,2026-06-04,2026-06-05,2026-06-11,513110,159696,2.4731515602123832,1.601915263706284,2.3481287847642092e-05,0.006137842469652731,-0.00588010056844257,-0.00738010056844257,-0.00588010056844257,0.0026465379623346053,0.0015
159696-513110,2026-06-23,2026-06-24,2026-06-30,513110,159696,3.744992544571484,2.3399575239137125,0.22974667942087562,0.01202333549561534,0.00973652408475334,0.00823652408475334,0.0033149560968608327,0.00973652408475334,0.0015
159696-513300,2024-06-18,2024-06-19,2024-06-25,159696,513300,-2.5395120544465057,0.8751827299446537,5.725700801799601e-09,0.007658542314082281,-0.0013542840598852468,-0.002854284059885247,-0.0038355430176607586,0.0026838432635533094,0.0015
159696-513300,2024-09-30,2024-10-08,2024-10-14,513300,159696,2.1178335656361313,10.621679087294554,0.2964167350037366,0.0029401559873069878,0.012185637924991166,0.010685637924991167,-0.0030925049655332604,0.013762924991237213,0.0015
159696-513300,2024-12-18,2024-12-19,2024-12-25,159696,513300,-3.302827828236089,2.9259737787993334,0.0023995619835404077,0.011744322773128417,0.022826147554692477,0.021326147554692476,-0.004589890827761289,0.022826147554692477,0.0015
159696-513300,2025-01-27,2025-02-05,2025-02-11,513300,159696,2.1975935315265147,3.810664818778344,0.08924622186288272,0.0089686878544295,-0.0102001859434655,-0.0117001859434655,-0.012547227662057625,-0.004379562043795748,0.0015
159696-513300,2025-08-14,2025-08-15,2025-08-21,513300,159696,2.40605855626296,6.235666188364177,0.8777394783281265,0.005054280463802262,0.0022023485432385304,0.0007023485432385303,0.00047553050819881815,0.0022023485432385304,0.0015
159696-513300,2025-09-09,2025-09-10,2025-09-16,513300,159696,2.008494101904859,7.492841200094368,0.29708702231449047,0.0029387278618334565,0.0014643067052619863,-3.569329473801378e-05,0.0014643067052619863,0.002677317180503791,0.0015
159696-513300,2025-09-22,2025-09-23,2025-09-29,159696,513300,-2.4194561247005373,5.669708916075167,0.014935745984477616,0.000238266281995821,-0.0001573968497393663,-0.0016573968497393663,-0.000667760975871512,0.0014976213435660135,0.0015
159696-513300,2025-10-13,2025-10-14,2025-10-20,159696,513300,-4.145473905415953,5.608597699791606,0.0002041335125430461,0.0015724373545193426,-0.0022123893805310324,-0.0037123893805310324,-0.0022123893805310324,0.004575804143924445,0.0015
159696-513300,2025-11-06,2025-11-07,2025-11-13,159696,513300,-2.2004264620277683,3.049172409252149,0.0035979997763688223,0.004930103245030369,0.010011400095241152,0.008511400095241152,0.0033553318293544354,0.010011400095241152,0.0015
159696-513300,2025-11-20,2025-11-21,2025-11-27,159696,513300,-2.2434916529835673,2.891537805406743,0.0021689274822030173,0.005570650307255513,0.007235082701021911,0.005735082701021911,-0.0016253543942827964,0.007235082701021911,0.0015
159696-513300,2025-12-26,2025-12-29,2026-01-06,513300,159696,2.2662815439374757,3.019525191287523,0.00604656842018089,0.00470610537860399,0.00912497566673165,0.00762497566673165,0.0034979073389137527,0.00912497566673165,0.0015
159696-513300,2026-02-02,2026-02-03,2026-02-09,513300,159696,2.0939976078476934,2.6796178348574164,0.002600210410186625,0.006181610218752333,0.004447949783475957,0.0029479497834759573,-0.00020696416621390767,0.004673220362426234,0.0015
159696-513300,2026-03-24,2026-03-25,2026-03-31,159696,513300,-2.4720917262610156,2.7580010010434775,0.03048623496423032,0.002285173786612839,-0.012323711190285636,-0.013823711190285635,-0.019250490802006914,-0.012323711190285636,0.0015
159696-513300,2026-04-16,2026-04-17,2026-04-23,159696,513300,-2.000040093030347,2.3994562028998137,0.17288573047018724,0.002671087697709708,0.0007110663058318423,-0.0007889336941681578,-0.0016912905388540844,0.0007110663058318423,0.0015
159696-513300,2026-05-26,2026-05-27,2026-06-02,513300,159696,2.638618960771532,1.2437738003914596,0.029311100645487826,0.006482561875120676,0.004770002092426839,0.0032700020924268393,-0.0006904094669062388,0.004770002092426839,0.0015
159696-513300,2026-06-08,2026-06-09,2026-06-15,513300,159696,2.201357377603639,0.9093927964353309,0.008027761829147122,0.0058646807559894504,0.0003189368821798766,-0.0011810631178201234,-0.0017696100578983298,0.010586361905610353,0.0015
159696-513300,2026-06-23,2026-06-24,2026-06-30,513300,159696,4.616700624502137,0.9015876652324701,0.0025859325939653205,0.01639900380387871,0.016164048262510056,0.014664048262510056,0.00594472421019665,0.016164048262510056,0.0015
159696-513390,2024-03-25,2024-03-26,2024-04-01,159696,513390,-2.3088763584519665,1.0198044985281016,6.969012303996513e-08,0.00882336646076332,-0.005529103099795929,-0.0070291030997959286,-0.0245003724937648,0.0014770187542515467,0.0015
159696-513390,2024-06-27,2024-06-28,2024-07-04,159696,513390,-3.3154927056718932,1.3752023897445673,3.843026417223044e-06,0.004724619910917396,0.000297332941753492,-0.001202667058246508,-0.024267293193994344,0.000297332941753492,0.0015
159696-513390,2024-07-09,2024-07-10,2024-07-16,159696,513390,-5.684015143484821,1.6127144083387739,2.442078507764343e-05,0.007754042438436018,0.013539260671503905,0.012039260671503906,0.006769630335752064,0.013800633166598075,0.0015
159696-513390,2024-07-18,2024-07-19,2024-07-25,513390,159696,2.5024551517646088,1.5880975784905447,0.01653831130118296,0.005788999264039561,-0.0009259259259259967,-0.0024259259259259967,-0.0009259259259259967,0.0016479276895944306,0.0015
159696-513390,2024-10-23,2024-10-24,2024-10-30,159696,513390,-2.036474401296225,4.743074062360537,0.1494248503830699,0.00040499944394234183,-0.0001128476076306395,-0.0016128476076306395,-0.0017842871731119647,0.00023309505838464695,0.0015
159696-513390,2024-11-05,2024-11-06,2024-11-12,159696,513390,-2.120729565050331,4.7207584575235515,0.14238427901264172,0.0011312547012761233,-0.00020977467164051689,-0.001709774671640517,-0.0015250066589655997,0.0015052252754557127,0.0015
159696-513390,2024-12-09,2024-12-10,2024-12-16,159696,513390,-2.9327827212957285,4.754865181328386,0.04358335175789664,0.0031512399748384397,-0.0039890266222106785,-0.005489026622210678,-0.005916397901061243,-0.003547074068720124,0.0015
159696-513390,2024-12-26,2024-12-27,2025-01-03,159696,513390,-3.099356129377698,3.1886067244876783,8.947006447576815e-10,0.005234651428593891,-0.008405626210730155,-0.009905626210730155,-0.008405626210730155,-0.0008029422499227223,0.0015
159696-513390,2025-03-24,2025-03-25,2025-03-31,159696,513390,-3.286495328124972,10.294990510674879,0.2623850683593806,0.00962807559869238,0.04502683595579393,0.04352683595579393,0.015259333468971792,0.048639778210131324,0.0015
159696-513390,2025-07-08,2025-07-09,2025-07-15,513390,159696,-2.606788407313,6.32268691464087,0.06562589945731417,0.0015871038138172517,-0.0007657522182862309,-0.002265752218286231,-0.0020638571076104784,0.0026088162356758815,0.0015
159696-513390,2025-09-23,2025-09-24,2025-09-30,159696,513390,-2.0580021483931494,27.21075151920331,0.3294783628482141,0.002994166238741991,-0.043570931629877796,-0.0450709316298778,-0.043570931629877796,-0.007119214772114857,0.0015
159696-513390,2026-04-17,2026-04-20,2026-04-24,513390,159696,2.2273269035187164,6.866324538514685,0.03624225042559676,0.0037666818011997134,0.004318090011282694,0.0028180900112826936,-0.00012072079601455066,0.004318090011282694,0.0015
159696-513390,2026-05-06,2026-05-07,2026-05-13,159696,513390,-9.907120065800052,6.444028034309036,0.044017082052828026,0.005964937995473745,0.025993889420599325,0.024493889420599324,-0.0005668850769344758,0.025993889420599325,0.0015
159696-513390,2026-05-26,2026-05-27,2026-06-02,513390,159696,3.9224282194298303,3.5267833132658364,0.004157118203462693,0.008133847719766205,0.0031605986151441723,0.0016605986151441723,0.0009716327898148247,0.0031605986151441723,0.0015
159696-513390,2026-06-08,2026-06-09,2026-06-15,513390,159696,2.638046230785696,3.3154116857749223,0.020922107914418286,0.005561983296180952,0.0029795440273281404,0.0014795440273281404,-0.00200375343228687,0.00605410091850711,0.0015
159696-513390,2026-06-23,2026-06-24,2026-06-30,513390,159696,5.017755055925865,2.105268864576959,0.00013105684083149593,0.011414318643140391,0.008416949651809169,0.0069169496518091695,0.0027454917718221505,0.008416949651809169,0.0015
159696-513870,2024-07-05,2024-07-08,2024-07-12,513870,159696,2.2789778100829134,1.4835222255113927,5.202674534908398e-09,0.0031060554092945543,0.003998684415516873,0.0024986844155168732,-0.0026974427708384985,0.003998684415516873,0.0015
159696-513870,2024-07-18,2024-07-19,2024-07-25,513870,159696,2.8866921101368286,1.479854840879986,0.36881020316847396,0.0036051949497012104,0.0014325774201415786,-6.74225798584214e-05,0.00016274340753141825,0.0017009135402517028,0.0015
159696-513870,2024-08-19,2024-08-20,2024-08-26,513870,159696,2.0454050703685787,4.3102397884519945,0.3328797145291967,0.0028813999165304043,0.0023266441844026486,0.0008266441844026486,-6.078315721214089e-05,0.0037460434667111464,0.0015
159696-513870,2024-10-08,2024-10-09,2024-10-15,159696,513870,-2.4056803281742023,3.011166927232237,0.04410238567775323,0.0033480707786471275,0.0022524885123658134,0.0007524885123658133,-0.0004281495501863297,0.002680638062551921,0.0015
159696-513870,2024-12-18,2024-12-19,2024-12-25,513870,159696,2.0450385298314457,3.2110790605886472,0.13309812065629983,0.000830490953090849,-0.002385802132879533,-0.003885802132879533,-0.0065657826327396585,0.0025062414698378,0.0015
159696-513870,2025-02-27,2025-02-28,2025-03-06,159696,513870,-2.173827935930242,2.7939823984265546,0.002261867333836729,0.003155677427307962,-0.0016017151658215267,-0.0031017151658215268,-0.0016017151658215267,0.0012785708818987551,0.0015
159696-513870,2025-03-25,2025-03-26,2025-04-01,159696,513870,-2.8949338121439343,2.550032108353973,0.0018651249521736727,0.005144637631337907,-0.00011030649225873823,-0.0016103064922587383,-0.00011030649225873823,0.002040670106785991,0.0015
159696-513870,2025-04-09,2025-04-10,2025-04-16,159696,513870,-2.0343623905349912,3.4187789543075375,0.010144022386521238,0.0037079717588758255,0.005529210925644845,0.004029210925644846,0.0,0.005529210925644845,0.0015
159696-513870,2025-04-23,2025-04-24,2025-04-30,159696,513870,-3.0489428607188436,3.4823588558597205,0.012287312343394231,0.004286573302325437,0.00493623625281181,0.0034362362528118097,0.00493623625281181,0.006467629820958942,0.0015
159696-513870,2025-05-22,2025-05-23,2025-05-29,513870,159696,2.413413549715331,3.3845150516117037,0.2781788713244605,0.0006711690131797259,0.000717055071496997,-0.000782944928503003,-0.0010088798098970564,0.0007920957185141297,0.0015
159696-513870,2025-08-19,2025-08-20,2025-08-26,513870,159696,2.1308912049945246,1.7366819157380768,0.8849698381919522,0.002258070892367198,0.003172501377283754,0.001672501377283754,0.0018879798615483168,0.003737157311041406,0.0015
159696-513870,2025-09-09,2025-09-10,2025-09-16,513870,159696,5.2973071657870205,1.92929953467817,0.31769565613922324,0.004007607231286085,0.0021409588521015266,0.0006409588521015266,0.001044647015769673,0.0031218076424796015,0.0015
159696-513870,2025-10-09,2025-10-10,2025-10-16,513870,159696,2.6720993185192907,1.2409731656516392,0.006463773766399201,0.0026950559848011486,0.0013564605339786429,-0.00014353946602135717,0.0002889337338121134,0.0038248992117874137,0.0015
159696-513870,2025-11-14,2025-11-17,2025-11-21,513870,159696,2.733013009731759,1.3745616173499922,0.8576001037211745,0.0037257357495341717,-0.0041540860268276525,-0.005654086026827652,-0.00634559223877651,-0.00031678463594508877,0.0015
159696-513870,2025-12-02,2025-12-03,2025-12-09,513870,159696,2.0078716908890595,2.3004112544388446,0.24406760569372338,0.0033624508778504203,0.0002730473741792139,-0.0012269526258207862,0.0002730473741792139,0.002113282482984369,0.0015
159696-513870,2025-12-25,2025-12-26,2026-01-05,513870,159696,2.7864222781764414,3.65851871752723,0.5280178226925836,0.00496690833131626,0.0034372465646482775,0.0019372465646482775,-0.0016532511729081545,0.0034372465646482775,0.0015
159696-513870,2026-03-05,2026-03-06,2026-03-12,159696,513870,-2.923688409752368,3.349517839153999,0.05356024106643854,0.0018767483752594166,-0.0006317256295313989,-0.002131725629531399,-0.00456944593436337,-0.0006317256295313989,0.0015
159696-513870,2026-04-08,2026-04-09,2026-04-15,159696,513870,-2.309035284077621,2.3818993616698987,0.0008527646128415721,0.004540188994745864,-0.0023051948051948656,-0.0038051948051948657,-0.0040584415584417055,-0.0005519480519480258,0.0015
159696-513870,2026-05-26,2026-05-27,2026-06-02,513870,159696,3.0804335659805697,2.1181760339300704,0.014800847206990557,0.0038494177310936326,0.0025756982278721807,0.0010756982278721807,0.0008664791273489403,0.005241605241605551,0.0015
159696-513870,2026-06-04,2026-06-05,2026-06-11,513870,159696,2.290221127195697,1.936780757269592,0.012324833525209404,0.002220933671364349,0.006263819731623044,0.004763819731623044,-0.0010272114584712888,0.007362646636847048,0.0015
159696-513870,2026-06-17,2026-06-18,2026-06-25,159696,513870,-2.4069209784271726,1.572075794848044,0.009964589520515708,0.004297919675248973,0.0049839592546944145,0.0034839592546944144,-0.0009615384615385691,0.011852932646994718,0.0015
513100-513110,2024-03-12,2024-03-13,2024-03-19,513110,513100,2.0212254487163426,2.564941877378692,0.0019806050774087624,0.004785976980610007,0.004324140279196476,0.0028241402791964756,-0.0009193054136874546,0.004324140279196476,0.0015
513100-513110,2024-06-25,2024-06-26,2024-07-02,513100,513110,-2.734190323155971,2.5534773694631623,0.0012986975647402278,0.004613081585771563,0.016859655021310926,0.015359655021310927,0.006219765031098667,0.016859655021310926,0.0015
513100-513110,2024-09-27,2024-09-30,2024-10-11,513100,513110,-2.807428477756445,9.70278572511774,0.546130480371969,0.0031996453910159844,-0.003011884055640346,-0.0045118840556403455,-0.006081834984665857,-0.0008410763275650268,0.0015
513100-513110,2024-12-10,2024-12-11,2024-12-17,513110,513100,2.6035066064710404,6.8139947710639115,0.21373510895162984,0.0030532801390040776,0.0023488848486248326,0.0008488848486248326,-0.00949847159683892,0.0033389946044621865,0.0015
513100-513110,2025-03-05,2025-03-06,2025-03-12,513110,513100,2.0022554793445857,5.259958295001371,0.05452777424793338,0.005915825992839116,0.006507409545804421,0.005007409545804422,-0.0025440242494225718,0.010266310623556651,0.0015
513100-513110,2025-03-24,2025-03-25,2025-03-31,513110,513100,2.318318596680377,4.2098487441755195,0.018340104464630927,0.008118170981888245,0.008611580808104091,0.007111580808104092,0.0037070227251435606,0.009419792391369475,0.0015
513100-513110,2025-04-09,2025-04-10,2025-04-16,513110,513100,2.5830463226987685,4.418240701379976,0.028229281482425227,0.010285587154589812,0.006755235997565334,0.005255235997565335,-0.001261543716146174,0.006755235997565334,0.0015
513100-513110,2025-06-10,2025-06-11,2025-06-17,513100,513110,-2.393315456126189,3.8396145384208116,0.3311604030466365,0.007289268679325649,-0.00032895611725392016,-0.0018289561172539202,-0.0010453105555717768,0.0008332388459380002,0.0015
513100-513110,2025-08-21,2025-08-22,2025-08-28,513100,513110,2.746914768430306,11.707594503377702,0.3642717176066827,0.000367187798156636,-0.0027572253618879383,-0.004257225361887938,-0.0027572253618879383,0.0007380279595479156,0.0015
513100-513110,2025-09-22,2025-09-23,2025-09-29,513110,513100,3.387171796310964,16.943686716509646,0.4665491459701917,0.0007250716266579693,-0.007696145978937419,-0.009196145978937418,-0.007696145978937419,0.0006931157660291509,0.0015
513100-513110,2026-04-08,2026-04-09,2026-04-15,513110,513100,2.682792227377167,4.672254546142575,0.03316313100268122,0.005282261908834806,0.020637241266288298,0.019137241266288296,0.01626364692969673,0.02412727574614726,0.0015
513100-513110,2026-04-28,2026-04-29,2026-05-08,513110,513100,2.7436701014530516,3.080596081530222,0.005294681298540671,0.004873834894357321,0.0019526899429436195,0.0004526899429436195,-0.004723221206850425,0.008185447395311574,0.0015
513100-513110,2026-05-18,2026-05-19,2026-05-25,513110,513100,2.470363999698522,2.653344209255644,0.0022424653975672447,0.004604682174883239,-0.01223181984668753,-0.01373181984668753,-0.01333546956521392,0.0031814295848771046,0.0015
513100-513110,2026-06-11,2026-06-12,2026-06-18,513110,513100,2.201728699198095,2.922865581409028,0.005582437016603927,0.007926267854413013,0.008143687792043552,0.006643687792043553,0.002372008890876298,0.008143687792043552,0.0015
513100-513110,2026-08-07,2026-08-10,2026-08-14,513110,513100,2.384068942855342,3.5174978804324946,0.017307406530860846,0.010040346007397633,0.010573450615871893,0.009073450615871894,0.003987225075727463,0.011040986504190053,0.0015
513100-513300,2024-06-18,2024-06-19,2024-06-25,513100,513300,-2.808744326658453,2.1161255579203146,0.06796304692462739,0.006771616286040898,-0.0009688288413403079,-0.002468828841340308,-0.0035843360546513603,0.0033683059603363263,0.0015
513100-513300,2024-07-29,2024-07-30,2024-08-05,513100,513300,-4.4455773851772555,9.066896381667854,0.7987945246559418,0.010469209708620336,0.019826222173723207,0.018326222173723206,-0.0004652868713324043,0.019970203453125834,0.0015
513100-513300,2024-08-16,2024-08-19,2024-08-23,513100,513300,-2.2250061399058656,8.242361434876646,0.844848124893677,0.009871791163173264,0.0016938703827158452,0.0001938703827158452,-0.0013605442176870541,0.003841494448148186,0.0015
513100-513300,2024-10-08,2024-10-09,2024-10-15,513300,513100,2.066910375674476,9.045775619889447,0.22973959240741415,0.002287745519375938,0.019372784078666383,0.01787278407866638,0.016119174942704317,0.019762590350825615,0.0015
513100-513300,2024-10-29,2024-10-30,2024-11-05,513300,513100,2.070404011656397,6.286225257229666,0.07743527652589727,0.003814797828562611,0.012873007615496812,0.011373007615496812,0.012873007615496812,0.023946185748760618,0.0015
513100-513300,2024-11-07,2024-11-08,2024-11-14,513100,513300,-2.044672357222774,4.529511040925065,0.025917416768320607,0.010404341568410636,0.01634246301479414,0.01484246301479414,0.009146341463414642,0.017063507930161204,0.0015
513100-513300,2024-12-05,2024-12-06,2024-12-12,513300,513100,2.1023741746576103,2.2809685956568044,0.0003486859259137739,0.009858028601114371,-0.001874876093913569,-0.003374876093913569,-0.007895059805337556,-0.001874876093913569,0.0015
513100-513300,2025-01-27,2025-02-05,2025-02-11,513300,513100,2.2202232522831706,2.154607534672581,0.007128254244088229,0.011564686456575504,-0.000628360169549036,-0.002128360169549036,-0.006184291898577721,-0.000628360169549036,0.0015
513100-513300,2025-04-03,2025-04-07,2025-04-11,513300,513100,2.0700164181710874,6.333964581767487,0.43469695437605316,0.009029209422216413,0.009024760430926593,0.007524760430926593,0.0,0.009024760430926593,0.0015
513100-513300,2025-06-18,2025-06-19,2025-06-25,513100,513300,-2.1115007178574703,12.287096036575136,0.3952114197531404,0.0004824909725875057,0.000327928284226342,-0.001172071715773658,-0.0002603651703907417,0.0024438072638586217,0.0015
513100-513300,2025-08-05,2025-08-06,2025-08-12,513300,513100,2.0591535949182402,4.241741741263002,0.19363780161701255,0.0011809916746418365,-0.0015001082552350553,-0.0030001082552350553,-0.0015193665989126082,-0.0009483275295689708,0.0015
513100-513300,2025-09-23,2025-09-24,2025-09-30,513300,513100,2.9263233397865798,4.497349823592808,0.33127596893035427,0.004336133977863102,-0.008503667396669634,-0.010003667396669634,-0.008503667396669634,0.0037146832870178503,0.0015
513100-513300,2025-10-27,2025-10-28,2025-11-03,513300,513100,2.2393665549241106,8.218128621000378,0.24663120822461687,0.003330287654313915,-0.004934210526315819,-0.006434210526315818,-0.0055035425101214175,-0.00022140688259109087,0.0015
513100-513300,2026-04-08,2026-04-09,2026-04-15,513300,513100,3.122787713154581,3.521165519265615,0.007635183283179279,0.0072880763220962985,0.023325602784494137,0.021825602784494136,0.02121972045796594,0.029055787921036247,0.0015
513100-513300,2026-05-18,2026-05-19,2026-05-25,513300,513100,2.67186205651204,3.039020888807793,0.005801550875796632,0.005429848146878739,-0.005843183070030289,-0.0073431830700302885,-0.005856631805206236,0.00922583233052543,0.0015
513100-513300,2026-08-07,2026-08-10,2026-08-14,513300,513100,2.122438532863514,2.209998126199305,0.0009962567596664062,0.011295447840702789,0.007381180223285488,0.005881180223285489,0.0025151515151513593,0.008411483253588536,0.0015
513100-513390,2024-03-13,2024-03-14,2024-03-20,513100,513390,-2.748184408161877,1.5595372005767478,0.0006458701198426264,0.007460206814153441,-0.0007257460715547337,-0.0022257460715547337,-0.003970678225525326,-0.0007257460715547337,0.0015
513100-513390,2024-06-28,2024-07-01,2024-07-05,513100,513390,-2.6386487964663616,2.413703866502426,0.001025702281653236,0.003208852725810409,0.015515401652981486,0.014015401652981487,-0.0120818078787015,0.015515401652981486,0.0015
513100-513390,2024-09-27,2024-09-30,2024-10-11,513100,513390,-2.510540201663018,8.883815166482291,0.37637424072220493,0.003409704415014277,-0.013457320565191555,-0.014957320565191555,-0.013795644760523196,-0.010700604899528399,0.0015
513100-513390,2024-12-16,2024-12-17,2024-12-23,513390,513100,2.67835081099868,7.006001043060312,0.12394828296624899,0.003105957428847818,0.0012407899956429214,-0.00025921000435707867,0.0012407899956429214,0.00939144063001962,0.0015
513100-513390,2025-01-06,2025-01-07,2025-01-13,513100,513390,-4.248628908091559,6.3023728630480536,0.11903595356669738,0.011806104960384554,0.005698482680140171,0.0041984826801401715,-0.00730257095843434,0.005698482680140171,0.0015
513100-513390,2025-04-09,2025-04-10,2025-04-16,513390,513100,2.062670626546374,4.96802150656054,0.06504204361301798,0.012742746968812592,0.0023555391976443074,0.0008555391976443074,-0.0015907071106046056,0.0023555391976443074,0.0015
513100-513390,2025-07-29,2025-07-30,2025-08-05,513100,513390,-2.0338414160097575,7.599422878620579,0.14933436911824688,0.010248336730470039,0.002605523710265789,0.001105523710265789,-0.00022470508233862763,0.0032011163249172636,0.0015
513100-513390,2025-08-14,2025-08-15,2025-08-21,513100,513390,-2.8493286982773602,10.695725243554683,0.8959130096306658,0.00829586920734467,-0.011670362945778612,-0.013170362945778611,-0.011679513856397428,-0.0065485097151676275,0.0015
513100-513390,2025-09-29,2025-09-30,2025-10-14,513100,513390,-3.2168173831856937,43.07957257512392,0.48429084787155274,0.002154760677953012,0.04606720108309137,0.04456720108309137,0.004233421133778004,0.05042780654277679,0.0015
513100-513390,2026-03-19,2026-03-20,2026-03-26,513390,513100,2.123674759925038,6.822781068561234,0.2657142519027966,0.005293006614874921,0.009921880002561334,0.008421880002561334,0.0041749375680347756,0.011177213642475925,0.0015
513100-513390,2026-04-03,2026-04-07,2026-04-13,513390,513100,2.061554854490783,3.5330713350416816,0.20044205175425778,0.006672336939117328,0.005936906825121824,0.004436906825121824,-0.00955572870395982,0.005936906825121824,0.0015
513100-513390,2026-04-28,2026-04-29,2026-05-08,513390,513100,3.006705816581571,6.122796150100369,0.23958637352610168,0.005783791536288045,0.01001662147844895,0.00851662147844895,-0.0032940180219407367,0.033470039406625185,0.0015
513100-513390,2026-05-21,2026-05-22,2026-05-28,513390,513100,3.2757936483266135,2.7536529652400006,0.018020992017118424,0.0098393746370816,0.00019128959368286402,-0.001308710406317136,-0.007395239377105733,0.005889802510828934,0.0015
513100-513390,2026-08-07,2026-08-10,2026-08-14,513390,513100,2.1474350477821393,2.433521004609743,0.04868587287071409,0.012351291494803057,0.010653907496012804,0.009153907496012805,0.004696969696969644,0.010653907496012804,0.0015
513100-513870,2024-05-10,2024-05-13,2024-05-17,513100,513870,-2.1294724063838038,2.108921467446985,0.0002376664423552689,0.002882874013502278,-0.0032098075150910343,-0.004709807515091034,-0.004628335352405699,-0.0032098075150910343,0.0015
513100-513870,2024-06-28,2024-07-01,2024-07-05,513870,513100,2.7885654505020834,2.080622940876138,0.00020958874883104958,0.0067035068594347765,-0.008031512403739338,-0.009531512403739338,-0.008031512403739338,0.0027350931465783823,0.0015
513100-513870,2024-09-27,2024-09-30,2024-10-11,513100,513870,-2.608917557094863,8.5476801748287,0.48488987479307144,0.0031045346320959797,-0.010707184651523205,-0.012207184651523205,-0.012354990364572105,-0.009772608276958028,0.0015
513100-513870,2024-12-10,2024-12-11,2024-12-17,513870,513100,2.2452099611676926,6.475859451460808,0.13816385901874273,0.003253479886629801,0.0008035153797865124,-0.0006964846202134876,-0.007357187696170664,0.003917137476459498,0.0015
513100-513870,2025-04-09,2025-04-10,2025-04-16,513870,513100,2.0852037689304863,4.5980132384898225,0.03254516963505021,0.00791253134757178,0.00439211774568371,0.00289211774568371,-0.002527669598989979,0.00439211774568371,0.0015
513100-513870,2025-06-06,2025-06-09,2025-06-13,513100,513870,-2.0447046992858104,3.8026342039161714,0.23005156751350397,0.005298041967667681,-0.00600595576672136,-0.00750595576672136,-0.00600595576672136,-0.001946219649569092,0.0015
513100-513870,2025-08-21,2025-08-22,2025-08-28,513100,513870,3.6764583646306805,12.88084561198855,0.6478207220466615,0.00013960670348480211,-0.0042393945569996205,-0.00573939455699962,-0.0042393945569996205,0.00018613626979901987,0.0015
513100-513870,2025-09-03,2025-09-04,2025-09-10,513100,513870,2.1087846716104663,19.934501832708975,0.5899372458398671,0.0004021576003150184,-0.0009013912291426784,-0.0024013912291426785,-0.0028939206417843977,-0.0005241340232319258,0.0015
513100-513870,2025-09-18,2025-09-19,2025-09-25,513870,513100,2.1783147748266267,20.11006993666695,0.2262682478866025,0.00024982116683366484,-0.00812637355613588,-0.00962637355613588,-0.00923022813340113,-0.000604960677555999,0.0015
513100-513870,2026-03-06,2026-03-09,2026-03-13,513100,513870,-2.3396521071127108,7.3924525663225,0.0906550315985335,0.0029070214217888184,0.0029716308309999384,0.0014716308309999384,-0.0008911416901384861,0.0029716308309999384,0.0015
513100-513870,2026-04-28,2026-04-29,2026-05-08,513870,513100,2.294454364839659,3.862632168038701,0.03631039544585631,0.0035444563486763878,0.002141113672645023,0.000641113672645023,-0.002334169532398178,0.0077546926121701,0.0015
513100-513870,2026-05-21,2026-05-22,2026-05-28,513870,513100,3.5733017074187026,2.985286149137459,0.004235209000526655,0.006679859355558225,0.009522165976376673,0.008022165976376673,-0.006626783248964596,0.010358183770517115,0.0015
513100-513870,2026-06-02,2026-06-03,2026-06-09,513870,513100,2.8123054600010384,2.39419079212065,0.0007707208104973859,0.00589540023035803,0.08602016787067879,0.08452016787067879,0.08362330627627956,0.08602016787067879,0.0015
513100-513870,2026-07-13,2026-07-14,2026-07-20,513870,513100,2.1045574025461824,2.209472595581702,3.5321120670317335e-05,0.007800496068330966,0.00978001854427446,0.00828001854427446,0.0009731108020398782,0.00978001854427446,0.0015
513100-513870,2026-08-06,2026-08-07,2026-08-13,513870,513100,2.4174428072628666,2.0509974532319757,0.001846968501265086,0.00857948741771362,0.0070589264667283436,0.005558926466728344,-0.004991602030609998,0.0070589264667283436,0.0015
513100-513870,2026-09-01,2026-09-02,2026-09-08,513870,513100,2.1385111559833905,2.392613925953885,0.0036659455943201854,0.007787644912217104,0.004718114730095424,0.003218114730095424,0.001140865642654254,0.007526998484186365,0.0015
513110-513300,2024-03-14,2024-03-15,2024-03-21,513110,513300,-2.237288909834837,8.759789176923293,0.9686317088764059,0.006022084850673591,0.009300344155813267,0.0078003441558132675,-0.0029246064226461366,0.009300344155813267,0.0015
513110-513300,2024-05-06,2024-05-07,2024-05-13,513300,513110,2.1274157883293294,4.027943073239388,0.013859146611331993,0.00453776779764099,-0.002087215623887362,-0.003587215623887362,-0.004154384997065108,-0.002087215623887362,0.0015
513110-513300,2024-06-18,2024-06-19,2024-06-25,513110,513300,-2.3762246340989743,2.628205582053635,0.001749678235143926,0.00509023089051741,0.0036308748304182403,0.0021308748304182403,-0.0014950095888147663,0.004473819397205037,0.0015
513110-513300,2024-10-08,2024-10-09,2024-10-15,513300,513110,2.4596727644637073,11.618543677808825,0.33746853033823065,0.005047912903162283,0.02025227268821639,0.018752272688216387,0.012326648450791344,0.02025227268821639,0.0015
513110-513300,2024-12-18,2024-12-19,2024-12-25,513110,513300,-3.1368372657990844,3.3761836409653228,0.006066746492581698,0.009133468037131602,0.026096381083295705,0.024596381083295704,-0.00484284543604141,0.026096381083295705,0.0015
513110-513300,2025-01-27,2025-02-05,2025-02-11,513300,513110,2.36120024436623,4.112473682259381,0.016290261344009432,0.009182869405603936,-0.008443086850735249,-0.009943086850735248,-0.011735692372791706,-0.004379562043795748,0.0015
513110-513300,2025-09-22,2025-09-23,2025-09-29,513110,513300,-2.3885305057375543,5.648802600810612,0.00921650684024685,6.261844816286388e-05,-0.000531632822203032,-0.002031632822203032,-0.0009635426601319885,0.0017338859816030672,0.0015
513110-513300,2025-10-09,2025-10-10,2025-10-16,513110,513300,-2.3155250453634917,6.182466489272116,0.0038631407940626734,0.000535960153092618,-0.007378379879437236,-0.008878379879437235,-0.012462991681940094,-0.003585908428711204,0.0015
513110-513300,2025-11-17,2025-11-18,2025-11-24,513110,513300,-2.3728640858077994,3.8143001082336556,0.31291922098581926,0.006585118531054134,-0.0014462547619547017,-0.0029462547619547017,-0.0018433050739870005,0.0012473297566817365,0.0015
513110-513300,2026-02-11,2026-02-12,2026-02-26,513300,513110,2.0727228042334844,3.543819474035011,0.008711052876605407,0.003939992715906376,0.0015739588319770847,7.395883197708472e-05,0.001403542364767807,0.006907292165310386,0.0015
513110-513300,2026-04-16,2026-04-17,2026-04-23,513110,513300,-3.0561224712097648,1.9192276077032404,0.00014828273898616194,0.004569169098512962,0.004243712646905262,0.002743712646905262,-2.807749388311631e-05,0.004243712646905262,0.0015
513110-513300,2026-04-29,2026-04-30,2026-05-11,513110,513300,-2.3837461853185573,1.7410261528427955,0.0012382893528415186,0.0036141524796845454,0.005071254950342663,0.003571254950342663,0.001078360552556834,0.005071254950342663,0.0015
513110-513300,2026-06-03,2026-06-04,2026-06-10,513110,513300,-2.0514228557579526,1.2856242237191742,1.8851717636315496e-06,0.00507510056436175,0.00014213476575830608,-0.001357865234241694,-0.002361579264882452,0.0012548965571543835,0.0015
513110-513300,2026-08-24,2026-08-25,2026-08-31,513300,513110,2.017924239492792,2.050221009958058,0.015705719822966358,0.004036231988022827,0.004768162782801122,0.003268162782801122,0.004226769118553353,0.008043563011683075,0.0015
513110-513390,2024-03-25,2024-03-26,2024-04-01,513110,513390,-2.4847816173472475,4.993148450248879,0.6809295873456341,0.005173544478221839,-0.0020819273592354026,-0.0035819273592354027,-0.022556384446951627,0.0032800995711942393,0.0015
513110-513390,2024-06-27,2024-06-28,2024-07-04,513110,513390,-5.121063102502273,3.665912905622671,0.01386967775844215,0.002395120662143111,-5.563591854929051e-05,-0.0015556359185492905,-0.02322799599421388,-5.563591854929051e-05,0.0015
513110-513390,2024-11-12,2024-11-13,2024-11-19,513390,513110,2.3473430791029637,3.9949117303549815,0.029061621992600595,0.0021234453990893448,0.002811566367904361,0.0013115663679043612,0.002206039265898352,0.0028222364489970397,0.0015
513110-513390,2024-11-28,2024-11-29,2024-12-05,513110,513390,-2.335537419278496,4.06313946497154,0.030104038891396078,0.00022146174589087082,0.0008191702748363561,-0.000680829725163644,-0.0007153794063368135,0.0008191702748363561,0.0015
513110-513390,2024-12-26,2024-12-27,2025-01-03,513110,513390,-4.53700319693182,2.0430988030406896,1.8804217161997017e-09,0.005928949767127672,-0.004242342098129459,-0.005742342098129459,-0.005793123701093306,-0.002340290955091695,0.0015
513110-513390,2025-03-24,2025-03-25,2025-03-31,513110,513390,-4.227033704023357,11.452327953521284,0.3156585565606121,0.008443622031697177,0.04240292014025915,0.04090292014025915,0.012480037320477755,0.047326964212375144,0.0015
513110-513390,2025-07-08,2025-07-09,2025-07-15,513390,513110,-3.6450371197746465,6.463685332537238,0.0866691255551495,0.0007341940162108726,-0.002990735694822888,-0.004490735694822888,-0.0043247956403269505,6.97547683923272e-05,0.0015
513110-513390,2025-09-29,2025-09-30,2025-10-14,513110,513390,-4.0693623629702325,63.75276735938542,0.7095982528505304,0.0014502777420670881,0.03522690164010667,0.033726901640106666,0.000590934067325799,0.039905551878530066,0.0015
513110-513390,2026-01-23,2026-01-26,2026-01-30,513390,513110,2.1098822974995297,7.120404088452268,0.18177146011504264,0.006715088661899678,4.2859963277352975e-05,-0.001457140036722647,-0.002983554996856208,0.0007078733296583817,0.0015
513110-513390,2026-05-06,2026-05-07,2026-05-13,513110,513390,-10.574427111734314,6.694349978538649,0.09065837713328939,0.005193997899023771,0.02220801582153209,0.02070801582153209,0.004796917871618511,0.025279721437483804,0.0015
513110-513390,2026-06-01,2026-06-02,2026-06-08,513390,513110,4.025570423872877,3.2085898065153686,0.08674157900687329,0.006818680440903519,0.011323729979319186,0.009823729979319186,0.005328089164947314,0.011323729979319186,0.0015
513110-513870,2024-05-15,2024-05-16,2024-05-22,513870,513110,-2.000682054384513,1.9710197842663244,6.0443869581285475e-05,0.00015966072389797265,-0.001556583971776604,-0.003056583971776604,-0.001556583971776604,-0.0002775109187932445,0.0015
513110-513870,2024-06-07,2024-06-11,2024-06-17,513110,513870,-2.0541897521417627,1.960230275210829,6.827790077229837e-05,0.0015354165700141632,0.0010594175243692217,-0.0004405824756307784,0.0006020603844265615,0.002298646621392564,0.0015
513110-513870,2024-07-17,2024-07-18,2024-07-24,513110,513870,-3.501636846616457,1.9544081582333952,0.5216872502531297,0.003438610466594213,0.005940827936457893,0.0044408279364578935,0.0008696241762520263,0.010835307266479743,0.0015
513110-513870,2024-10-24,2024-10-25,2024-10-31,513110,513870,-2.0072807438987366,1.035769333993752,7.227799138023825e-08,0.002741115972721051,0.0002576234715068182,-0.0012423765284931818,-0.0015902791241151348,0.0007283321194463399,0.0015
513110-513870,2024-12-17,2024-12-18,2024-12-24,513870,513110,2.0573242633953805,0.7630560870694886,6.641856270821596e-10,0.0019678993345807775,-0.005305067477284875,-0.0068050674772848745,-0.005305067477284875,0.003567680496169623,0.0015
513110-513870,2024-12-26,2024-12-27,2025-01-03,513870,513110,2.0207015049298103,0.7813143743671012,0.02011355729917195,0.002205185669787192,0.0027020454484043555,0.0012020454484043554,-0.0011145937474668077,0.0027020454484043555,0.0015
513110-513870,2025-01-09,2025-01-10,2025-01-16,513870,513110,4.553810442342394,1.011442369988254,0.015071310637390985,0.004517384083726926,0.006424523854002828,0.004924523854002829,-0.0025744353411081278,0.006876428882780394,0.0015
513110-513870,2025-02-06,2025-02-07,2025-02-13,513110,513870,-2.7988967552444843,0.9658031056409585,0.04301431120392468,0.0028251121384476373,-0.000440458837695723,-0.001940458837695723,-0.0019361176246911471,-0.0003918710522424762,0.0015
513110-513870,2025-03-11,2025-03-12,2025-03-18,513110,513870,-2.74239777666033,1.2387325860560545,0.1678479565899635,0.00483007246381482,0.0043035652871719066,0.0028035652871719065,0.0006153846153844622,0.0043035652871719066,0.0015
513110-513870,2025-03-25,2025-03-26,2025-04-01,513110,513870,-2.626659140189801,1.516096429641165,0.6499230519420875,0.004710640460558948,-0.0005044476917489549,-0.002004447691748955,-0.0005044476917489549,0.002922574096177244,0.0015
513110-513870,2025-04-09,2025-04-10,2025-04-16,513110,513870,-2.1909663842084854,1.6500663794769972,0.17021710789240851,0.0034573803922916275,0.002363118251881624,0.000863118251881624,0.0,0.002363118251881624,0.0015
513110-513870,2025-04-23,2025-04-24,2025-04-30,513110,513870,-3.495394043163828,1.843940387369873,0.27538938046565953,0.005404555149910519,0.0006897559154066535,-0.0008102440845933465,0.0006897559154066535,0.002986846267627241,0.0015
513110-513870,2025-07-25,2025-07-28,2025-08-01,513110,513870,-2.1832683589218917,0.9392218411337161,0.00010268480841581222,0.0008456598119482364,0.001610313286222298,0.00011031328622229794,0.00019048114366704283,0.001610313286222298,0.0015
513110-513870,2025-08-18,2025-08-19,2025-08-25,513870,513110,2.0394837347873103,1.0225778785931938,0.5488558109874507,0.0018822601934975853,0.001488134598405244,-1.186540159475594e-05,0.0006905372776772056,0.002360044184309573,0.0015
513110-513870,2025-09-03,2025-09-04,2025-09-10,513870,513110,2.7471012252249074,0.9219754699449417,0.32280038170832726,0.0024576525911273175,0.002378169919364348,0.0008781699193643479,0.000970615350655013,0.0025210029475544182,0.0015
513110-513870,2025-09-23,2025-09-24,2025-09-30,513110,513870,-2.2105484432373976,0.9494281218518574,0.00016042664976150775,0.0010248269140939242,0.0007265474748914258,-0.0007734525251085742,-0.0003407175249898753,0.0008583232423962084,0.0015
513110-513870,2025-10-10,2025-10-13,2025-10-17,513110,513870,-2.3439768089455,0.9407225768704626,1.1814302975688495e-08,0.0013381653386370996,0.000336925838128721,-0.001163074161871279,-0.0028258296101117963,0.0007781312512669114,0.0015
513110-513870,2025-10-27,2025-10-28,2025-11-03,513870,513110,6.300462477884559,0.8703226136057478,5.574776895519412e-09,0.005587660522984455,0.009152433595757459,0.007652433595757459,0.009152433595757459,0.012513601741022784,0.0015
513110-513870,2025-11-17,2025-11-18,2025-11-24,513110,513870,-7.354796164492321,1.096921539995309,1.9878149197030472e-07,0.006889745999701217,0.006408837675302981,0.004908837675302981,0.0026868094078786875,0.006408837675302981,0.0015
513110-513870,2025-11-26,2025-11-27,2025-12-03,513110,513870,-3.007851283621741,1.081081908477296,1.5300143004974607e-07,0.003106543186027705,0.0027089616571260855,0.0012089616571260855,0.0018459164792113958,0.0035772059023773117,0.0015
513110-513870,2026-02-11,2026-02-12,2026-02-26,513870,513110,2.2050575057263373,1.3052916891760868,2.191412389268355e-06,0.0027091561402798375,0.003776857382701615,0.002276857382701615,0.0018093394662170859,0.004936277672556666,0.0015
513110-513870,2026-03-06,2026-03-09,2026-03-13,513110,513870,-2.134713302498074,1.2398526001600418,1.030370072678842e-06,0.0034593470664623927,-0.0013554079646500572,-0.0028554079646500572,-0.003957986939407521,0.0003769948162446468,0.0015
513110-513870,2026-03-23,2026-03-24,2026-03-30,513110,513870,-2.3328878457244,1.2203418837414441,0.003867607863982152,0.0036415635042506504,-0.004077190684096399,-0.0055771906840963986,-0.004077190684096399,0.0018258387124225894,0.0015
513110-513870,2026-04-08,2026-04-09,2026-04-15,513110,513870,-3.5135736666394677,1.249700963752034,1.0971656314380537e-06,0.00559442426553196,-0.00233154526632795,-0.00383154526632795,-0.005166572557876892,-0.0019880481837004638,0.0015
513110-513870,2026-05-27,2026-05-28,2026-06-03,513110,513870,-2.7126008133593675,1.6764482678728734,0.3962756947863602,0.006096776990804246,0.004621588089329887,0.0031215880893298866,-0.0019540942928039096,0.0066066997518610115,0.0015
513110-513870,2026-07-14,2026-07-15,2026-07-21,513870,513110,2.3755471869190563,4.077985580843373,0.02284198546234198,0.003964516931880975,0.008937050071924246,0.007437050071924247,0.0035566078166975323,0.009122790512925083,0.0015
513300-513390,2024-03-28,2024-03-29,2024-04-08,513300,513390,-3.026464156049064,6.124592801070528,0.2368021724642146,0.004820315920086299,0.018077149874067167,0.016577149874067165,-0.018461378014622665,0.02211742639286618,0.0015
513300-513390,2024-06-18,2024-06-19,2024-06-25,513390,513300,2.1815729465658977,1.7536141013626148,6.435186608150154e-05,0.007561380923600408,0.0013020756152258839,-0.00019792438477411614,-0.0025300573980222563,0.0014568493985226416,0.0015
513300-513390,2024-07-04,2024-07-05,2024-07-11,513390,513300,2.702521507565725,2.0897602893472293,0.00030939503642203484,0.008909921292904941,-0.024475113282919958,-0.02597511328291996,-0.03211673377686908,-0.005282554981569598,0.0015
513300-513390,2024-09-30,2024-10-08,2024-10-14,513300,513390,-2.2753385300572333,12.662673283459826,0.3708869811351565,0.002334304960552463,0.009845547546235789,0.00834554754623579,-0.007889483520217455,0.011258555409931592,0.0015
513300-513390,2024-12-18,2024-12-19,2024-12-25,513390,513300,2.108641556602737,4.046732107389509,0.015463758742057349,0.005396886557169744,0.014095187862282588,0.012595187862282588,-0.00727714059666007,0.014095187862282588,0.0015
513300-513390,2025-01-06,2025-01-07,2025-01-13,513300,513390,-2.548971671376072,3.66413799284885,0.5820153323841638,0.01770666658476442,-0.005870084670617892,-0.007370084670617892,-0.018529250119592833,-0.005870084670617892,0.0015
513300-513390,2025-03-24,2025-03-25,2025-03-31,513300,513390,-2.7291385255435587,5.894760041635251,0.03019762356187029,0.013905327795160806,0.03846463674892542,0.03696463674892542,0.01599086236436309,0.046348552706724,0.0015
513300-513390,2025-04-09,2025-04-10,2025-04-16,513390,513300,2.2455355698104604,5.92921566530909,0.0854987446529184,0.003446390430260309,0.007203763598941482,0.005703763598941482,-0.005098930730559892,0.007203763598941482,0.0015
513300-513390,2025-07-16,2025-07-17,2025-07-23,513300,513390,-2.032517836469784,2.8173154117125976,0.0034063341998683805,0.007414424943892878,-0.004675436185747728,-0.006175436185747727,-0.004675436185747728,-0.002029919638723676,0.0015
513300-513390,2025-09-24,2025-09-25,2025-10-09,513300,513390,-2.0150291347244034,30.347495488077687,0.7577758685690942,0.001788309045127584,-0.0042386178637623395,-0.005738617863762339,-0.03255889251574651,0.00431170130046421,0.0015
513300-513390,2026-01-08,2026-01-09,2026-01-15,513390,513300,2.01028657516929,7.666615972971859,0.21406845966827998,0.008024352927487608,0.006247019551740451,0.004747019551740452,0.003481163567000456,0.006247019551740451,0.0015
513300-513390,2026-04-16,2026-04-17,2026-04-23,513390,513300,3.110664476174097,4.018523196554652,0.006243326355939449,0.006391561698185434,0.005312442244902016,0.003812442244902016,0.0003655255970594906,0.005312442244902016,0.0015
513300-513390,2026-04-28,2026-04-29,2026-05-08,513390,513300,2.2056157549974365,4.388716201435721,0.2101017197078784,0.004492669106900764,0.009204497551481783,0.007704497551481783,0.00024327593203232745,0.028280285391231175,0.0015
513300-513390,2026-06-01,2026-06-02,2026-06-08,513390,513300,2.0049769136694158,2.2546552990558513,0.22035393199600573,0.0063117759398172,0.015205905205905257,0.013705905205905257,0.012094418990970746,0.015205905205905257,0.0015
513300-513870,2024-05-06,2024-05-07,2024-05-13,513300,513870,-2.232408648907041,2.1411199098341847,0.0010158918708002686,0.00312479391274795,-0.00430571614341968,-0.00580571614341968,-0.006296515316894791,-0.00424687478853869,0.0015
513300-513870,2024-06-26,2024-06-27,2024-07-03,513870,513300,2.3772612416635552,2.167009183977128,0.0011676553425023217,0.0077427424691154205,-0.014525174819674191,-0.016025174819674193,-0.016922308484948356,-0.004644815190629981,0.0015
513300-513870,2024-09-30,2024-10-08,2024-10-14,513300,513870,-2.0371837350563733,11.103311881740026,0.3165313493899552,0.003368877113590213,0.02454145462256152,0.02304145462256152,0.004359273395532881,0.02530481340118751,0.0015
513300-513870,2024-12-18,2024-12-19,2024-12-25,513870,513300,3.674847254975602,3.3184697946155377,0.005468064914597424,0.01154829421508017,0.020440345421812944,0.018940345421812943,-0.00974074109730183,0.020440345421812944,0.0015
513300-513870,2025-01-27,2025-02-05,2025-02-11,513300,513870,-2.7566821241810566,4.060926790373256,0.015509782322582598,0.009791162292253583,-0.011451485732805411,-0.01295148573280541,-0.013180285682498849,-0.005042252567321381,0.0015
513300-513870,2025-09-22,2025-09-23,2025-09-29,513870,513300,2.684531354931194,5.446154955595054,0.3000067291347247,0.00015765323658072333,-0.0013358050048919434,-0.0028358050048919435,-0.0013849790564472997,0.002122319642682835,0.0015
513300-513870,2025-10-30,2025-10-31,2025-11-06,513870,513300,2.288364380200637,4.0831471567495505,0.018817167096982595,0.003149180437235385,-0.00662405119772802,-0.00812405119772802,-0.00662405119772802,0.0009833994199557328,0.0015
513300-513870,2025-11-20,2025-11-21,2025-11-27,513870,513300,2.131838229223181,5.2766200840577655,0.0676488903739468,0.004989894625968657,0.00989588613369552,0.00839588613369552,0.00044098862553476614,0.00989588613369552,0.0015
513300-513870,2026-05-28,2026-05-29,2026-06-04,513300,513870,-2.9448691516292795,1.425545949332379,0.6128274270853479,0.007561430368064701,0.011317922704632277,0.009817922704632278,0.004910682789857734,0.011317922704632277,0.0015
513300-513870,2026-06-11,2026-06-12,2026-06-18,513300,513870,-3.091737981766113,1.6338124076055411,0.5059781633352127,0.007584527249158469,0.011602725024547844,0.010102725024547845,0.007896014391880035,0.012091788673458614,0.0015
513300-513870,2026-07-07,2026-07-08,2026-07-14,513870,513300,2.2035805236203507,1.95082359720195,0.00011244405539463794,0.005777042796364771,-0.0009920634920635996,-0.0024920634920635996,-0.0009920634920635996,-1.0442773600516375e-05,0.0015
513390-513870,2024-06-28,2024-07-01,2024-07-05,513870,513390,6.027302936081393,2.2957978520538167,0.004718164709300138,0.009703599425729273,0.007483889249242148,0.005983889249242149,-0.014469236269611274,0.01016211477540141,0.0015
513390-513870,2024-11-28,2024-11-29,2024-12-05,513870,513390,3.6348595394003853,3.6705389067590173,0.1283992913832881,0.000814061759819081,0.0014365640318276807,-6.343596817231937e-05,0.0001279780618441695,0.0020949720670391248,0.0015
513390-513870,2024-12-26,2024-12-27,2025-01-03,513870,513390,5.066248569436044,1.8954634200308749,0.037428748122843435,0.007910450527427993,-0.0015402966497251036,-0.0030402966497251036,-0.0063893786951561005,-0.0011392317532757934,0.0015
513390-513870,2025-03-24,2025-03-25,2025-03-31,513870,513390,2.9943236664862463,9.400887261105906,0.23054071367469936,0.009500830626993237,0.0433535090361018,0.0418535090361018,0.014571415948465338,0.045854361230873164,0.0015
513390-513870,2025-07-10,2025-07-11,2025-07-17,513390,513870,2.0958176276400784,5.543731702229785,0.040227833476418964,0.0005909732581756335,0.0021705025863318905,0.0006705025863318905,-0.003054664742931479,0.0021705025863318905,0.0015
513390-513870,2025-09-29,2025-09-30,2025-10-14,513870,513390,3.832524470692594,90.98025686194785,0.7463961271146295,0.00048529268388339264,0.038640831603805825,0.037140831603805824,0.0017133220005967065,0.042733581222974326,0.0015
513390-513870,2026-01-26,2026-01-27,2026-02-02,513390,513870,-2.120891799745802,7.842400823915439,0.20439851493935024,0.006950644501773809,0.0026655076071512296,0.0011655076071512296,-0.0007137106533043891,0.002821914786075963,0.0015
513390-513870,2026-03-31,2026-04-01,2026-04-08,513390,513870,-2.1202269711140116,8.920393604939031,1.2867876057399286e-05,0.004325802552389414,-0.003263688494085315,-0.004763688494085315,-0.003263688494085315,0.002404412896538144,0.0015
513390-513870,2026-04-17,2026-04-20,2026-04-24,513390,513870,-2.0579579510969634,6.81107695619313,0.22570792397084832,0.004198266813548703,0.0015650761898400312,6.507618984003113e-05,-0.0007738208753538256,0.0015650761898400312,0.0015
513390-513870,2026-05-06,2026-05-07,2026-05-13,513870,513390,7.808199789311601,7.220252068231897,0.13223457764169505,0.00502762971110815,0.024948133061533095,0.023448133061533094,0.0035875009270025515,0.027506208657935183,0.0015
513390-513870,2026-05-26,2026-05-27,2026-06-02,513390,513870,-2.2321999412704105,4.013450655091422,0.24221023537485975,0.004650367934670097,0.0005849003872719916,-0.0009150996127280085,-0.0035852597117418394,0.0010879546452666755,0.0015
513390-513870,2026-06-11,2026-06-12,2026-06-18,513390,513870,-3.046900717030988,3.518715757943236,0.11368140062532323,0.005550123600699912,0.01433485556036107,0.012834855560361071,0.008769336978214248,0.014346956670092004,0.0015
513390-513870,2026-07-20,2026-07-21,2026-07-27,513390,513870,-2.6579063855771143,1.8928714110179536,3.6108312971443528e-06,0.0049470033561548,0.0008503005478639469,-0.0006496994521360531,0.0008503005478639469,0.0026488443203351864,0.0015
